timestamp_utc,service,scenario,original_query,rewritten_query,excluded_terms,rewrite_error,use_llm,llm_model,llm_max_tokens,temperature,scoring_profile,min_score,limit,candidate_limit,rewrite_ms,search_ms,request_ms,rewrite_query_id,search_query_id,rewrite_total_elapsed_ms,search_total_elapsed_ms,request_total_elapsed_ms,rewrite_cost_total_credits,search_cost_total_credits,request_cost_total_credits,rewrite_cost_cloud_services_credits,search_cost_cloud_services_credits,rewrite_cost_compute_credits,search_cost_compute_credits,rewrite_cost_query_accel_credits,search_cost_query_accel_credits,include_tags_raw,include_tags_matched,include_tags_unknown,supported_languages_raw,supported_languages_matched,supported_languages_unknown,release_year_raw,release_year_from_raw,release_year_to_raw,release_year_matched,release_year_from_matched,release_year_to_matched,attribute_filters_enabled,attribute_filters_relaxed,attribute_filter_tags_requested,attribute_filter_supported_languages_requested,attribute_filter_release_year_requested,attribute_filter_release_year_from_requested,attribute_filter_release_year_to_requested,attribute_filter_tags,attribute_filter_supported_languages,attribute_filter_release_year,attribute_filter_release_year_from,attribute_filter_release_year_to,result_rank,result_name,result_score,release_year,supported_languages,categories,genres,tags,about_the_game,scores_json
2026-02-10T19:43:47+00:00,CORTEX_DB.RAW.CAT_GAMES_SVC_1_5,default,"a game where you are a cat and wreck things in a house (first-person), knocking objects over, sandbox","a game where you are a cat and wreck things in a house (first-person), knocking objects over, sandbox",[],,False,,,,balanced_default,0.3,10,100,0,1245,1245,,01c2535f-0005-0847-0001-397a0006c30a,,64,64,,1e-05,1e-05,,1e-05,,,,,[],[],[],[],[],[],,,,,,,True,False,[],[],,,,[],[],,,,1,Catlateral Damage: Remeowstered,0.8062138,2021,English;French;German;Italian;Japanese;Korean;Portuguese - Brazil;Russian;Simplified Chinese;Spanish - Spain,Camera Comfort;Color Alternatives;Custom Volume Controls;Family Sharing;Full controller support;Playable without Timed Input;Remote Play on TV;Single-player;Stats;Steam Achievements;Steam Cloud;Steam Trading Cards,Action;Adventure;Casual;Indie;Simulation,Action;Action-Adventure;Casual;Cats;Collectathon;Colorful;Comedy;Cute;Destruction;Exploration;Family Friendly;First-Person;Funny;Indie;Physics;Procedural Generation;Relaxing;Sandbox;Simulation;Singleplayer,"Catlateral Damage: Remeowstered is the definitive edition of your favorite destructive cat simulator, where you play as a house cat on a rampage and do all that fun stuff your owner hates! See the world through the eyes of a cat! Run around the house, topple neatly organized books, shatter vases, meow at nothing, tear up curtains, nap in obscure places, and more! Complete objectives, explore procedurally generated levels, or just relax in sandbox mode to unlock a clowder of cat friends and speci","{""text_match"": 0.03077473, ""cosine_similarity"": 0.6124276, ""reranker_score"": -3.042966}"
2026-02-10T19:43:47+00:00,CORTEX_DB.RAW.CAT_GAMES_SVC_1_5,default,"a game where you are a cat and wreck things in a house (first-person), knocking objects over, sandbox","a game where you are a cat and wreck things in a house (first-person), knocking objects over, sandbox",[],,False,,,,balanced_default,0.3,10,100,0,1245,1245,,01c2535f-0005-0847-0001-397a0006c30a,,64,64,,1e-05,1e-05,,1e-05,,,,,[],[],[],[],[],[],,,,,,,True,False,[],[],,,,[],[],,,,2,Curse That Magic Cat!,0.7768914,2021,English;French;Simplified Chinese;Traditional Chinese,Full controller support;Single-player;Steam Achievements,Casual;Simulation,3D;3D Platformer;Arcade;Cartoony;Casual;Cats;Character Customization;Colorful;Comedy;Cute;Destruction;Family Friendly;Funny;Magic;Platformer;Relaxing;Simulation;Singleplayer;Stealth;Third Person,"Curse That Magic Cat! is a lighthearted, single-player game in which you have been cursed and turned into a cat. Explore the mansion of Magnus the Wizard, collecting three spell books in each level in order to escape. Along the way, take your revenge by breaking the wizard's belongings, stealing and using his potions, and ducking under furniture to watch Magnus search for you in vain! Key Features: Magnus the Wizard, an AI opponent (whom you hate) to challenge you. Six levels in which to unleash","{""text_match"": 0.0018245834, ""cosine_similarity"": 0.5537828, ""reranker_score"": -3.6897702}"
2026-02-10T19:43:47+00:00,CORTEX_DB.RAW.CAT_GAMES_SVC_1_5,default,"a game where you are a cat and wreck things in a house (first-person), knocking objects over, sandbox","a game where you are a cat and wreck things in a house (first-person), knocking objects over, sandbox",[],,False,,,,balanced_default,0.3,10,100,0,1245,1245,,01c2535f-0005-0847-0001-397a0006c30a,,64,64,,1e-05,1e-05,,1e-05,,,,,[],[],[],[],[],[],,,,,,,True,False,[],[],,,,[],[],,,,3,Kitty's Last Adventure,0.788817885,2025,English;French,Family Sharing;Full controller support;Single-player;Steam Achievements;Steam Cloud,Action;Casual,2D;Action;Action Roguelike;Arcade;Arena Shooter;Bullet Hell;Casual;Cats;Combat;Controller;Cute;Early Access;Funny;Procedural Generation;PvE;Rogue-like;Rogue-lite;Shooter;Singleplayer;Top-Down Shooter,"Play as Kitty or her friends and survive the wave of cat nightmares in this roguelite survivor. The cat automatically throws its toys at enemies; all you have to do is control its path! As you progress, you'll unlock an array of hilarious yet powerful cat-based weaponry that evolves with you. Each weapon starts as a playful toy and transforms into more impressive and dangerous forms. Each weapon you acquire is associated with one or more families, each offering distinct bonuses that amplify with","{""text_match"": 0.0076268055, ""cosine_similarity"": 0.57763577, ""reranker_score"": -6.005237}"
2026-02-10T19:43:47+00:00,CORTEX_DB.RAW.CAT_GAMES_SVC_1_5,default,"a game where you are a cat and wreck things in a house (first-person), knocking objects over, sandbox","a game where you are a cat and wreck things in a house (first-person), knocking objects over, sandbox",[],,False,,,,balanced_default,0.3,10,100,0,1245,1245,,01c2535f-0005-0847-0001-397a0006c30a,,64,64,,1e-05,1e-05,,1e-05,,,,,[],[],[],[],[],[],,,,,,,True,False,[],[],,,,[],[],,,,4,Heist Kitty: Multiplayer Cat Simulator Game,0.78972945,2023,English;Japanese,Co-op;Family Sharing;LAN Co-op;Multi-player;Online Co-op;Partial Controller Support;Single-player,Action;Adventure;Casual;Indie;RPG;Racing;Simulation,Action;Adventure;Automobile Sim;Casual;Cats;Co-op;Cute;Exploration;Family Friendly;Funny;Multiplayer;Online Co-Op;Physics;RPG;Racing;Sandbox;Simulation;Singleplayer;Story Rich;Third Person,"An open-world sand-box game where you play as a cat, defying the rules and causing mayhem. Climb, scratch, and pounce your way through the cityscape filled with playful challenges and hidden secrets. Customise your cat, team up with friends and let the adventure begin! Multiplayer Cat Chaos Take your chaos to new heights as you collaborate on the city streets. Hijack cars, cause explosive distractions, and equip a variety of weapons to create the ultimate cat caper. Show off your agile moves wit","{""text_match"": 0.011525963, ""cosine_similarity"": 0.5794589, ""reranker_score"": -6.126096}"
2026-02-10T19:43:47+00:00,CORTEX_DB.RAW.CAT_GAMES_SVC_1_5,default,"a game where you are a cat and wreck things in a house (first-person), knocking objects over, sandbox","a game where you are a cat and wreck things in a house (first-person), knocking objects over, sandbox",[],,False,,,,balanced_default,0.3,10,100,0,1245,1245,,01c2535f-0005-0847-0001-397a0006c30a,,64,64,,1e-05,1e-05,,1e-05,,,,,[],[],[],[],[],[],,,,,,,True,False,[],[],,,,[],[],,,,5,Fisti-Fluffs,0.77673948,2021,English;French;German;Italian;Japanese;Korean;Polish;Portuguese - Brazil;Russian;Simplified Chinese;Spanish - Latin America,Family Sharing;Full controller support;Multi-player;PvP;Remote Play Together;Shared/Split Screen;Shared/Split Screen PvP;Single-player;Steam Achievements,Action;Casual;Indie;Simulation;Sports,Action;Arcade;Battle Royale;Beat 'em up;Cartoon;Cartoony;Casual;Cats;Colorful;Cute;Destruction;Dog;Family Friendly;Fighting;Funny;Hand-drawn;Memes;Simulation;Sports;Stylized,"With no humans in sight, the cats are bored—and you know what that means? That’s right. It’s time to tussle! Pounce, hiss, flail, and claw your way through the kitty kingdom to prove your wobbly cat “is best cat.” Fisti-Fluffs is an adorable (and yes, ridiculous) physics-based party game where you tussle with other cats and destroy the environments in frenetic over-the-top battles. Of course, you can play alone, but it’s even better with friends. So get your claws out and prepare for some kitty ","{""text_match"": 0.008114107, ""cosine_similarity"": 0.55347896, ""reranker_score"": -5.2779083}"
2026-02-10T19:43:47+00:00,CORTEX_DB.RAW.CAT_GAMES_SVC_1_5,default,"a game where you are a cat and wreck things in a house (first-person), knocking objects over, sandbox","a game where you are a cat and wreck things in a house (first-person), knocking objects over, sandbox",[],,False,,,,balanced_default,0.3,10,100,0,1245,1245,,01c2535f-0005-0847-0001-397a0006c30a,,64,64,,1e-05,1e-05,,1e-05,,,,,[],[],[],[],[],[],,,,,,,True,False,[],[],,,,[],[],,,,6,Messy Up,0.7861591,2024,English;French;German;Italian;Japanese;Korean;Portuguese - Brazil;Russian;Simplified Chinese;Traditional Chinese,Co-op;Custom Volume Controls;Family Sharing;LAN Co-op;LAN PvP;Multi-player;Online Co-op;Online PvP;Partial Controller Support;Playable without Timed Input;PvP;Remote Play Together;Save Anytime;Shared/Split Screen;Shared/Split Screen Co-op;Shared/Split Screen PvP;Single-player;Steam Achievements;Steam Cloud;Steam Trading Cards,Action;Casual;Indie;RPG;Simulation,3D;Cartoony;Casual;Co-op;Cute;Family Friendly;Funny;Indie;Local Multiplayer;Online Co-Op;Party;Party Game;Physics;PvP;RPG;Relaxing;Simulation;Singleplayer;Stylized;Top-Down,"'Messy UP' is a cute pet collaboration game featuring cats and dogs~ Due to the owner's busy life after graduation and starting work, there is less time to spend with the pets. The pets plan to create a big mess at home to grab the owner's attention and encourage them to spend more time together. After all, what mischief could a little dog possibly have in mind? Take on the role of cats and dogs and go wild, wreaking havoc at home! Each pet possesses unique abilities and skills, with various typ","{""text_match"": 0.0065502096, ""cosine_similarity"": 0.5723182, ""reranker_score"": -6.2458673}"
2026-02-10T19:43:47+00:00,CORTEX_DB.RAW.CAT_GAMES_SVC_1_5,default,"a game where you are a cat and wreck things in a house (first-person), knocking objects over, sandbox","a game where you are a cat and wreck things in a house (first-person), knocking objects over, sandbox",[],,False,,,,balanced_default,0.3,10,100,0,1245,1245,,01c2535f-0005-0847-0001-397a0006c30a,,64,64,,1e-05,1e-05,,1e-05,,,,,[],[],[],[],[],[],,,,,,,True,False,[],[],,,,[],[],,,,7,Bad Cat,0.784487875,2022,English;Russian;Simplified Chinese,Family Sharing;Full controller support;Single-player;Steam Achievements,Adventure;Casual;Indie,2.5D;2D Fighter;Adventure;Cartoon;Casual;Cats;Comedy;Comic Book;Cute;Dark Comedy;Dark Humor;Exploration;Family Friendly;Funny;Idler;Indie;Point & Click;Puzzle;Singleplayer;Stealth,"There are many different burgers in the world: a bacon burger, a chicken burger, a royal burger. But there is also a cat named Burger , and this guy is definitely too tough for you. Burger is a real menace of the neighborhood. Be careful! He is going to prove it again! The former tenants could not stand it and sold the house. And the new ones have no idea what they have to face! In the game Cat Burger you play as a cat whose task is to terrify the neighbors. In each level, you will need to figur","{""text_match"": 0.0049751014, ""cosine_similarity"": 0.56897575, ""reranker_score"": -6.0816927}"
2026-02-10T19:43:47+00:00,CORTEX_DB.RAW.CAT_GAMES_SVC_1_5,default,"a game where you are a cat and wreck things in a house (first-person), knocking objects over, sandbox","a game where you are a cat and wreck things in a house (first-person), knocking objects over, sandbox",[],,False,,,,balanced_default,0.3,10,100,0,1245,1245,,01c2535f-0005-0847-0001-397a0006c30a,,64,64,,1e-05,1e-05,,1e-05,,,,,[],[],[],[],[],[],,,,,,,True,False,[],[],,,,[],[],,,,8,Cats are Liquid - A Better Place,0.77985403,2019,English;Finnish;French;German;Spanish - Spain,Family Sharing;Includes level editor;Partial Controller Support;Single-player;Steam Achievements;Steam Cloud;Steam Workshop,Adventure;Indie,2D;Adventure;Cats;Female Protagonist;Indie;Platformer;Psychological Horror;Singleplayer;Story Rich,"A better place. Made just for us. Cats are Liquid - A Better Place is a 2D platformer about a liquid cat and her friends. You play as the cat, in a place created just for you and your friends. You get to go on a nice adventure with them where nothing goes wrong and everything is perfect, as long as your friends stay there, right by your side. Over the course of the game, you get to explore 120 rooms and discover new abilities like the hookshot and light burst. You can also create your own worlds","{""text_match"": 0.012749586, ""cosine_similarity"": 0.55970806, ""reranker_score"": -6.1080265}"
2026-02-10T19:43:47+00:00,CORTEX_DB.RAW.CAT_GAMES_SVC_1_5,default,"a game where you are a cat and wreck things in a house (first-person), knocking objects over, sandbox","a game where you are a cat and wreck things in a house (first-person), knocking objects over, sandbox",[],,False,,,,balanced_default,0.3,10,100,0,1245,1245,,01c2535f-0005-0847-0001-397a0006c30a,,64,64,,1e-05,1e-05,,1e-05,,,,,[],[],[],[],[],[],,,,,,,True,False,[],[],,,,[],[],,,,9,The Stray Cat,0.77704335,2018,English,Single-player;Tracked Controller Support;VR Only,Action;Casual;Free To Play;Indie;Simulation;Sports,Action;Casual;Free to Play;Indie;Simulation;Sports;VR,"Made by Student of Higher Diploma in Transmedia, Hong Kong Design Institute A hungry stray cat, risking his life to eat fish Can you help it... or look at it? This is a VR (Virtual Reality) game In the game you will be in a residential area and meet a starving stray cat It does not care for anything, only to eat the fish in front of it The residents of that household do not seem to like it and keep flying to attack it You can pick up objects to fight against stray cats to protect stray cats Or w","{""text_match"": 0.0022054058, ""cosine_similarity"": 0.5540867, ""reranker_score"": -6.0524197}"
2026-02-10T19:43:47+00:00,CORTEX_DB.RAW.CAT_GAMES_SVC_1_5,default,"a game where you are a cat and wreck things in a house (first-person), knocking objects over, sandbox","a game where you are a cat and wreck things in a house (first-person), knocking objects over, sandbox",[],,False,,,,balanced_default,0.3,10,100,0,1245,1245,,01c2535f-0005-0847-0001-397a0006c30a,,64,64,,1e-05,1e-05,,1e-05,,,,,[],[],[],[],[],[],,,,,,,True,False,[],[],,,,[],[],,,,10,nekowater,0.776055785,2023,English;Japanese;Russian;Simplified Chinese,Family Sharing;Remote Play Together;Single-player;Steam Achievements;Steam Cloud,Adventure;Casual;Indie,3D;3D Platformer;Action-Adventure;Adventure;Atmospheric;Casual;Cats;Conversation;Cute;Exploration;First-Person;Hidden Object;Indie;Multiple Endings;Relaxing;Singleplayer;Story Rich;Walking Simulator,"◆ Story You are a cat. Once, you lived in a place where small houses lined the shore, facing the advancing sea level rise. One day, a big wave swept away various things, and many were lost. This place may be just a memory, a place of memories. The witch, looking bored, waits for the cat's return. ◆ Game Introduction 'Nekowater' is an adventure game where you explore the map, interact with characters, and progress through the game. ◆ Features - Control the game from a cat's low perspective. - Eng","{""text_match"": 0.02489285, ""cosine_similarity"": 0.55211157, ""reranker_score"": -6.045827}"
2026-02-10T19:43:48+00:00,CORTEX_DB.RAW.CAT_GAMES_SVC_1_5,default,"a game where you are a cat and wreck things in a house (first-person), knocking objects over, sandbox","a game where you are a cat and wreck things in a house (first-person), knocking objects over, sandbox",[],,False,,,,balanced_default,0.65,10,100,0,1023,1023,,01c2535f-0005-0843-0001-397a0006d2c2,,54,54,,8e-06,8e-06,,8e-06,,,,,[],[],[],[],[],[],,,,,,,True,False,[],[],,,,[],[],,,,1,Catlateral Damage: Remeowstered,0.8062138,2021,English;French;German;Italian;Japanese;Korean;Portuguese - Brazil;Russian;Simplified Chinese;Spanish - Spain,Camera Comfort;Color Alternatives;Custom Volume Controls;Family Sharing;Full controller support;Playable without Timed Input;Remote Play on TV;Single-player;Stats;Steam Achievements;Steam Cloud;Steam Trading Cards,Action;Adventure;Casual;Indie;Simulation,Action;Action-Adventure;Casual;Cats;Collectathon;Colorful;Comedy;Cute;Destruction;Exploration;Family Friendly;First-Person;Funny;Indie;Physics;Procedural Generation;Relaxing;Sandbox;Simulation;Singleplayer,"Catlateral Damage: Remeowstered is the definitive edition of your favorite destructive cat simulator, where you play as a house cat on a rampage and do all that fun stuff your owner hates! See the world through the eyes of a cat! Run around the house, topple neatly organized books, shatter vases, meow at nothing, tear up curtains, nap in obscure places, and more! Complete objectives, explore procedurally generated levels, or just relax in sandbox mode to unlock a clowder of cat friends and speci","{""text_match"": 0.03077473, ""cosine_similarity"": 0.6124276, ""reranker_score"": -3.042966}"
2026-02-10T19:43:48+00:00,CORTEX_DB.RAW.CAT_GAMES_SVC_1_5,default,"a game where you are a cat and wreck things in a house (first-person), knocking objects over, sandbox","a game where you are a cat and wreck things in a house (first-person), knocking objects over, sandbox",[],,False,,,,balanced_default,0.65,10,100,0,1023,1023,,01c2535f-0005-0843-0001-397a0006d2c2,,54,54,,8e-06,8e-06,,8e-06,,,,,[],[],[],[],[],[],,,,,,,True,False,[],[],,,,[],[],,,,2,Curse That Magic Cat!,0.7768914,2021,English;French;Simplified Chinese;Traditional Chinese,Full controller support;Single-player;Steam Achievements,Casual;Simulation,3D;3D Platformer;Arcade;Cartoony;Casual;Cats;Character Customization;Colorful;Comedy;Cute;Destruction;Family Friendly;Funny;Magic;Platformer;Relaxing;Simulation;Singleplayer;Stealth;Third Person,"Curse That Magic Cat! is a lighthearted, single-player game in which you have been cursed and turned into a cat. Explore the mansion of Magnus the Wizard, collecting three spell books in each level in order to escape. Along the way, take your revenge by breaking the wizard's belongings, stealing and using his potions, and ducking under furniture to watch Magnus search for you in vain! Key Features: Magnus the Wizard, an AI opponent (whom you hate) to challenge you. Six levels in which to unleash","{""text_match"": 0.0018245834, ""cosine_similarity"": 0.5537828, ""reranker_score"": -3.6897702}"
2026-02-10T19:43:48+00:00,CORTEX_DB.RAW.CAT_GAMES_SVC_1_5,default,"a game where you are a cat and wreck things in a house (first-person), knocking objects over, sandbox","a game where you are a cat and wreck things in a house (first-person), knocking objects over, sandbox",[],,False,,,,balanced_default,0.65,10,100,0,1023,1023,,01c2535f-0005-0843-0001-397a0006d2c2,,54,54,,8e-06,8e-06,,8e-06,,,,,[],[],[],[],[],[],,,,,,,True,False,[],[],,,,[],[],,,,3,Kitty's Last Adventure,0.788817885,2025,English;French,Family Sharing;Full controller support;Single-player;Steam Achievements;Steam Cloud,Action;Casual,2D;Action;Action Roguelike;Arcade;Arena Shooter;Bullet Hell;Casual;Cats;Combat;Controller;Cute;Early Access;Funny;Procedural Generation;PvE;Rogue-like;Rogue-lite;Shooter;Singleplayer;Top-Down Shooter,"Play as Kitty or her friends and survive the wave of cat nightmares in this roguelite survivor. The cat automatically throws its toys at enemies; all you have to do is control its path! As you progress, you'll unlock an array of hilarious yet powerful cat-based weaponry that evolves with you. Each weapon starts as a playful toy and transforms into more impressive and dangerous forms. Each weapon you acquire is associated with one or more families, each offering distinct bonuses that amplify with","{""text_match"": 0.0076268055, ""cosine_similarity"": 0.57763577, ""reranker_score"": -6.005237}"
2026-02-10T19:43:48+00:00,CORTEX_DB.RAW.CAT_GAMES_SVC_1_5,default,"a game where you are a cat and wreck things in a house (first-person), knocking objects over, sandbox","a game where you are a cat and wreck things in a house (first-person), knocking objects over, sandbox",[],,False,,,,balanced_default,0.65,10,100,0,1023,1023,,01c2535f-0005-0843-0001-397a0006d2c2,,54,54,,8e-06,8e-06,,8e-06,,,,,[],[],[],[],[],[],,,,,,,True,False,[],[],,,,[],[],,,,4,Heist Kitty: Multiplayer Cat Simulator Game,0.78972945,2023,English;Japanese,Co-op;Family Sharing;LAN Co-op;Multi-player;Online Co-op;Partial Controller Support;Single-player,Action;Adventure;Casual;Indie;RPG;Racing;Simulation,Action;Adventure;Automobile Sim;Casual;Cats;Co-op;Cute;Exploration;Family Friendly;Funny;Multiplayer;Online Co-Op;Physics;RPG;Racing;Sandbox;Simulation;Singleplayer;Story Rich;Third Person,"An open-world sand-box game where you play as a cat, defying the rules and causing mayhem. Climb, scratch, and pounce your way through the cityscape filled with playful challenges and hidden secrets. Customise your cat, team up with friends and let the adventure begin! Multiplayer Cat Chaos Take your chaos to new heights as you collaborate on the city streets. Hijack cars, cause explosive distractions, and equip a variety of weapons to create the ultimate cat caper. Show off your agile moves wit","{""text_match"": 0.011525963, ""cosine_similarity"": 0.5794589, ""reranker_score"": -6.126096}"
2026-02-10T19:43:48+00:00,CORTEX_DB.RAW.CAT_GAMES_SVC_1_5,default,"a game where you are a cat and wreck things in a house (first-person), knocking objects over, sandbox","a game where you are a cat and wreck things in a house (first-person), knocking objects over, sandbox",[],,False,,,,balanced_default,0.65,10,100,0,1023,1023,,01c2535f-0005-0843-0001-397a0006d2c2,,54,54,,8e-06,8e-06,,8e-06,,,,,[],[],[],[],[],[],,,,,,,True,False,[],[],,,,[],[],,,,5,Fisti-Fluffs,0.77673948,2021,English;French;German;Italian;Japanese;Korean;Polish;Portuguese - Brazil;Russian;Simplified Chinese;Spanish - Latin America,Family Sharing;Full controller support;Multi-player;PvP;Remote Play Together;Shared/Split Screen;Shared/Split Screen PvP;Single-player;Steam Achievements,Action;Casual;Indie;Simulation;Sports,Action;Arcade;Battle Royale;Beat 'em up;Cartoon;Cartoony;Casual;Cats;Colorful;Cute;Destruction;Dog;Family Friendly;Fighting;Funny;Hand-drawn;Memes;Simulation;Sports;Stylized,"With no humans in sight, the cats are bored—and you know what that means? That’s right. It’s time to tussle! Pounce, hiss, flail, and claw your way through the kitty kingdom to prove your wobbly cat “is best cat.” Fisti-Fluffs is an adorable (and yes, ridiculous) physics-based party game where you tussle with other cats and destroy the environments in frenetic over-the-top battles. Of course, you can play alone, but it’s even better with friends. So get your claws out and prepare for some kitty ","{""text_match"": 0.008114107, ""cosine_similarity"": 0.55347896, ""reranker_score"": -5.2779083}"
2026-02-10T19:43:48+00:00,CORTEX_DB.RAW.CAT_GAMES_SVC_1_5,default,"a game where you are a cat and wreck things in a house (first-person), knocking objects over, sandbox","a game where you are a cat and wreck things in a house (first-person), knocking objects over, sandbox",[],,False,,,,balanced_default,0.65,10,100,0,1023,1023,,01c2535f-0005-0843-0001-397a0006d2c2,,54,54,,8e-06,8e-06,,8e-06,,,,,[],[],[],[],[],[],,,,,,,True,False,[],[],,,,[],[],,,,6,Messy Up,0.7861591,2024,English;French;German;Italian;Japanese;Korean;Portuguese - Brazil;Russian;Simplified Chinese;Traditional Chinese,Co-op;Custom Volume Controls;Family Sharing;LAN Co-op;LAN PvP;Multi-player;Online Co-op;Online PvP;Partial Controller Support;Playable without Timed Input;PvP;Remote Play Together;Save Anytime;Shared/Split Screen;Shared/Split Screen Co-op;Shared/Split Screen PvP;Single-player;Steam Achievements;Steam Cloud;Steam Trading Cards,Action;Casual;Indie;RPG;Simulation,3D;Cartoony;Casual;Co-op;Cute;Family Friendly;Funny;Indie;Local Multiplayer;Online Co-Op;Party;Party Game;Physics;PvP;RPG;Relaxing;Simulation;Singleplayer;Stylized;Top-Down,"'Messy UP' is a cute pet collaboration game featuring cats and dogs~ Due to the owner's busy life after graduation and starting work, there is less time to spend with the pets. The pets plan to create a big mess at home to grab the owner's attention and encourage them to spend more time together. After all, what mischief could a little dog possibly have in mind? Take on the role of cats and dogs and go wild, wreaking havoc at home! Each pet possesses unique abilities and skills, with various typ","{""text_match"": 0.0065502096, ""cosine_similarity"": 0.5723182, ""reranker_score"": -6.2458673}"
2026-02-10T19:43:48+00:00,CORTEX_DB.RAW.CAT_GAMES_SVC_1_5,default,"a game where you are a cat and wreck things in a house (first-person), knocking objects over, sandbox","a game where you are a cat and wreck things in a house (first-person), knocking objects over, sandbox",[],,False,,,,balanced_default,0.65,10,100,0,1023,1023,,01c2535f-0005-0843-0001-397a0006d2c2,,54,54,,8e-06,8e-06,,8e-06,,,,,[],[],[],[],[],[],,,,,,,True,False,[],[],,,,[],[],,,,7,Bad Cat,0.784487875,2022,English;Russian;Simplified Chinese,Family Sharing;Full controller support;Single-player;Steam Achievements,Adventure;Casual;Indie,2.5D;2D Fighter;Adventure;Cartoon;Casual;Cats;Comedy;Comic Book;Cute;Dark Comedy;Dark Humor;Exploration;Family Friendly;Funny;Idler;Indie;Point & Click;Puzzle;Singleplayer;Stealth,"There are many different burgers in the world: a bacon burger, a chicken burger, a royal burger. But there is also a cat named Burger , and this guy is definitely too tough for you. Burger is a real menace of the neighborhood. Be careful! He is going to prove it again! The former tenants could not stand it and sold the house. And the new ones have no idea what they have to face! In the game Cat Burger you play as a cat whose task is to terrify the neighbors. In each level, you will need to figur","{""text_match"": 0.0049751014, ""cosine_similarity"": 0.56897575, ""reranker_score"": -6.0816927}"
2026-02-10T19:43:48+00:00,CORTEX_DB.RAW.CAT_GAMES_SVC_1_5,default,"a game where you are a cat and wreck things in a house (first-person), knocking objects over, sandbox","a game where you are a cat and wreck things in a house (first-person), knocking objects over, sandbox",[],,False,,,,balanced_default,0.65,10,100,0,1023,1023,,01c2535f-0005-0843-0001-397a0006d2c2,,54,54,,8e-06,8e-06,,8e-06,,,,,[],[],[],[],[],[],,,,,,,True,False,[],[],,,,[],[],,,,8,Cats are Liquid - A Better Place,0.77985403,2019,English;Finnish;French;German;Spanish - Spain,Family Sharing;Includes level editor;Partial Controller Support;Single-player;Steam Achievements;Steam Cloud;Steam Workshop,Adventure;Indie,2D;Adventure;Cats;Female Protagonist;Indie;Platformer;Psychological Horror;Singleplayer;Story Rich,"A better place. Made just for us. Cats are Liquid - A Better Place is a 2D platformer about a liquid cat and her friends. You play as the cat, in a place created just for you and your friends. You get to go on a nice adventure with them where nothing goes wrong and everything is perfect, as long as your friends stay there, right by your side. Over the course of the game, you get to explore 120 rooms and discover new abilities like the hookshot and light burst. You can also create your own worlds","{""text_match"": 0.012749586, ""cosine_similarity"": 0.55970806, ""reranker_score"": -6.1080265}"
2026-02-10T19:43:48+00:00,CORTEX_DB.RAW.CAT_GAMES_SVC_1_5,default,"a game where you are a cat and wreck things in a house (first-person), knocking objects over, sandbox","a game where you are a cat and wreck things in a house (first-person), knocking objects over, sandbox",[],,False,,,,balanced_default,0.65,10,100,0,1023,1023,,01c2535f-0005-0843-0001-397a0006d2c2,,54,54,,8e-06,8e-06,,8e-06,,,,,[],[],[],[],[],[],,,,,,,True,False,[],[],,,,[],[],,,,9,The Stray Cat,0.77704335,2018,English,Single-player;Tracked Controller Support;VR Only,Action;Casual;Free To Play;Indie;Simulation;Sports,Action;Casual;Free to Play;Indie;Simulation;Sports;VR,"Made by Student of Higher Diploma in Transmedia, Hong Kong Design Institute A hungry stray cat, risking his life to eat fish Can you help it... or look at it? This is a VR (Virtual Reality) game In the game you will be in a residential area and meet a starving stray cat It does not care for anything, only to eat the fish in front of it The residents of that household do not seem to like it and keep flying to attack it You can pick up objects to fight against stray cats to protect stray cats Or w","{""text_match"": 0.0022054058, ""cosine_similarity"": 0.5540867, ""reranker_score"": -6.0524197}"
2026-02-10T19:43:48+00:00,CORTEX_DB.RAW.CAT_GAMES_SVC_1_5,default,"a game where you are a cat and wreck things in a house (first-person), knocking objects over, sandbox","a game where you are a cat and wreck things in a house (first-person), knocking objects over, sandbox",[],,False,,,,balanced_default,0.65,10,100,0,1023,1023,,01c2535f-0005-0843-0001-397a0006d2c2,,54,54,,8e-06,8e-06,,8e-06,,,,,[],[],[],[],[],[],,,,,,,True,False,[],[],,,,[],[],,,,10,nekowater,0.776055785,2023,English;Japanese;Russian;Simplified Chinese,Family Sharing;Remote Play Together;Single-player;Steam Achievements;Steam Cloud,Adventure;Casual;Indie,3D;3D Platformer;Action-Adventure;Adventure;Atmospheric;Casual;Cats;Conversation;Cute;Exploration;First-Person;Hidden Object;Indie;Multiple Endings;Relaxing;Singleplayer;Story Rich;Walking Simulator,"◆ Story You are a cat. Once, you lived in a place where small houses lined the shore, facing the advancing sea level rise. One day, a big wave swept away various things, and many were lost. This place may be just a memory, a place of memories. The witch, looking bored, waits for the cat's return. ◆ Game Introduction 'Nekowater' is an adventure game where you explore the map, interact with characters, and progress through the game. ◆ Features - Control the game from a cat's low perspective. - Eng","{""text_match"": 0.02489285, ""cosine_similarity"": 0.55211157, ""reranker_score"": -6.045827}"
2026-02-10T19:43:49+00:00,CORTEX_DB.RAW.CAT_GAMES_SVC_1_5,default,"a game where you are a cat and wreck things in a house (first-person), knocking objects over, sandbox","a game where you are a cat and wreck things in a house (first-person), knocking objects over, sandbox",[],,False,,,,balanced_default,0.75,10,100,0,1126,1126,,01c2535f-0005-0846-0001-397a00069002,,64,64,,1e-05,1e-05,,1e-05,,,,,[],[],[],[],[],[],,,,,,,True,False,[],[],,,,[],[],,,,1,Catlateral Damage: Remeowstered,0.8062138,2021,English;French;German;Italian;Japanese;Korean;Portuguese - Brazil;Russian;Simplified Chinese;Spanish - Spain,Camera Comfort;Color Alternatives;Custom Volume Controls;Family Sharing;Full controller support;Playable without Timed Input;Remote Play on TV;Single-player;Stats;Steam Achievements;Steam Cloud;Steam Trading Cards,Action;Adventure;Casual;Indie;Simulation,Action;Action-Adventure;Casual;Cats;Collectathon;Colorful;Comedy;Cute;Destruction;Exploration;Family Friendly;First-Person;Funny;Indie;Physics;Procedural Generation;Relaxing;Sandbox;Simulation;Singleplayer,"Catlateral Damage: Remeowstered is the definitive edition of your favorite destructive cat simulator, where you play as a house cat on a rampage and do all that fun stuff your owner hates! See the world through the eyes of a cat! Run around the house, topple neatly organized books, shatter vases, meow at nothing, tear up curtains, nap in obscure places, and more! Complete objectives, explore procedurally generated levels, or just relax in sandbox mode to unlock a clowder of cat friends and speci","{""text_match"": 0.03077473, ""cosine_similarity"": 0.6124276, ""reranker_score"": -3.042966}"
2026-02-10T19:43:49+00:00,CORTEX_DB.RAW.CAT_GAMES_SVC_1_5,default,"a game where you are a cat and wreck things in a house (first-person), knocking objects over, sandbox","a game where you are a cat and wreck things in a house (first-person), knocking objects over, sandbox",[],,False,,,,balanced_default,0.75,10,100,0,1126,1126,,01c2535f-0005-0846-0001-397a00069002,,64,64,,1e-05,1e-05,,1e-05,,,,,[],[],[],[],[],[],,,,,,,True,False,[],[],,,,[],[],,,,2,Curse That Magic Cat!,0.7768914,2021,English;French;Simplified Chinese;Traditional Chinese,Full controller support;Single-player;Steam Achievements,Casual;Simulation,3D;3D Platformer;Arcade;Cartoony;Casual;Cats;Character Customization;Colorful;Comedy;Cute;Destruction;Family Friendly;Funny;Magic;Platformer;Relaxing;Simulation;Singleplayer;Stealth;Third Person,"Curse That Magic Cat! is a lighthearted, single-player game in which you have been cursed and turned into a cat. Explore the mansion of Magnus the Wizard, collecting three spell books in each level in order to escape. Along the way, take your revenge by breaking the wizard's belongings, stealing and using his potions, and ducking under furniture to watch Magnus search for you in vain! Key Features: Magnus the Wizard, an AI opponent (whom you hate) to challenge you. Six levels in which to unleash","{""text_match"": 0.0018245834, ""cosine_similarity"": 0.5537828, ""reranker_score"": -3.6897702}"
2026-02-10T19:43:49+00:00,CORTEX_DB.RAW.CAT_GAMES_SVC_1_5,default,"a game where you are a cat and wreck things in a house (first-person), knocking objects over, sandbox","a game where you are a cat and wreck things in a house (first-person), knocking objects over, sandbox",[],,False,,,,balanced_default,0.75,10,100,0,1126,1126,,01c2535f-0005-0846-0001-397a00069002,,64,64,,1e-05,1e-05,,1e-05,,,,,[],[],[],[],[],[],,,,,,,True,False,[],[],,,,[],[],,,,3,Kitty's Last Adventure,0.788817885,2025,English;French,Family Sharing;Full controller support;Single-player;Steam Achievements;Steam Cloud,Action;Casual,2D;Action;Action Roguelike;Arcade;Arena Shooter;Bullet Hell;Casual;Cats;Combat;Controller;Cute;Early Access;Funny;Procedural Generation;PvE;Rogue-like;Rogue-lite;Shooter;Singleplayer;Top-Down Shooter,"Play as Kitty or her friends and survive the wave of cat nightmares in this roguelite survivor. The cat automatically throws its toys at enemies; all you have to do is control its path! As you progress, you'll unlock an array of hilarious yet powerful cat-based weaponry that evolves with you. Each weapon starts as a playful toy and transforms into more impressive and dangerous forms. Each weapon you acquire is associated with one or more families, each offering distinct bonuses that amplify with","{""text_match"": 0.0076268055, ""cosine_similarity"": 0.57763577, ""reranker_score"": -6.005237}"
2026-02-10T19:43:49+00:00,CORTEX_DB.RAW.CAT_GAMES_SVC_1_5,default,"a game where you are a cat and wreck things in a house (first-person), knocking objects over, sandbox","a game where you are a cat and wreck things in a house (first-person), knocking objects over, sandbox",[],,False,,,,balanced_default,0.75,10,100,0,1126,1126,,01c2535f-0005-0846-0001-397a00069002,,64,64,,1e-05,1e-05,,1e-05,,,,,[],[],[],[],[],[],,,,,,,True,False,[],[],,,,[],[],,,,4,Heist Kitty: Multiplayer Cat Simulator Game,0.78972945,2023,English;Japanese,Co-op;Family Sharing;LAN Co-op;Multi-player;Online Co-op;Partial Controller Support;Single-player,Action;Adventure;Casual;Indie;RPG;Racing;Simulation,Action;Adventure;Automobile Sim;Casual;Cats;Co-op;Cute;Exploration;Family Friendly;Funny;Multiplayer;Online Co-Op;Physics;RPG;Racing;Sandbox;Simulation;Singleplayer;Story Rich;Third Person,"An open-world sand-box game where you play as a cat, defying the rules and causing mayhem. Climb, scratch, and pounce your way through the cityscape filled with playful challenges and hidden secrets. Customise your cat, team up with friends and let the adventure begin! Multiplayer Cat Chaos Take your chaos to new heights as you collaborate on the city streets. Hijack cars, cause explosive distractions, and equip a variety of weapons to create the ultimate cat caper. Show off your agile moves wit","{""text_match"": 0.011525963, ""cosine_similarity"": 0.5794589, ""reranker_score"": -6.126096}"
2026-02-10T19:43:49+00:00,CORTEX_DB.RAW.CAT_GAMES_SVC_1_5,default,"a game where you are a cat and wreck things in a house (first-person), knocking objects over, sandbox","a game where you are a cat and wreck things in a house (first-person), knocking objects over, sandbox",[],,False,,,,balanced_default,0.75,10,100,0,1126,1126,,01c2535f-0005-0846-0001-397a00069002,,64,64,,1e-05,1e-05,,1e-05,,,,,[],[],[],[],[],[],,,,,,,True,False,[],[],,,,[],[],,,,5,Fisti-Fluffs,0.77673948,2021,English;French;German;Italian;Japanese;Korean;Polish;Portuguese - Brazil;Russian;Simplified Chinese;Spanish - Latin America,Family Sharing;Full controller support;Multi-player;PvP;Remote Play Together;Shared/Split Screen;Shared/Split Screen PvP;Single-player;Steam Achievements,Action;Casual;Indie;Simulation;Sports,Action;Arcade;Battle Royale;Beat 'em up;Cartoon;Cartoony;Casual;Cats;Colorful;Cute;Destruction;Dog;Family Friendly;Fighting;Funny;Hand-drawn;Memes;Simulation;Sports;Stylized,"With no humans in sight, the cats are bored—and you know what that means? That’s right. It’s time to tussle! Pounce, hiss, flail, and claw your way through the kitty kingdom to prove your wobbly cat “is best cat.” Fisti-Fluffs is an adorable (and yes, ridiculous) physics-based party game where you tussle with other cats and destroy the environments in frenetic over-the-top battles. Of course, you can play alone, but it’s even better with friends. So get your claws out and prepare for some kitty ","{""text_match"": 0.008114107, ""cosine_similarity"": 0.55347896, ""reranker_score"": -5.2779083}"
2026-02-10T19:43:49+00:00,CORTEX_DB.RAW.CAT_GAMES_SVC_1_5,default,"a game where you are a cat and wreck things in a house (first-person), knocking objects over, sandbox","a game where you are a cat and wreck things in a house (first-person), knocking objects over, sandbox",[],,False,,,,balanced_default,0.75,10,100,0,1126,1126,,01c2535f-0005-0846-0001-397a00069002,,64,64,,1e-05,1e-05,,1e-05,,,,,[],[],[],[],[],[],,,,,,,True,False,[],[],,,,[],[],,,,6,Messy Up,0.7861591,2024,English;French;German;Italian;Japanese;Korean;Portuguese - Brazil;Russian;Simplified Chinese;Traditional Chinese,Co-op;Custom Volume Controls;Family Sharing;LAN Co-op;LAN PvP;Multi-player;Online Co-op;Online PvP;Partial Controller Support;Playable without Timed Input;PvP;Remote Play Together;Save Anytime;Shared/Split Screen;Shared/Split Screen Co-op;Shared/Split Screen PvP;Single-player;Steam Achievements;Steam Cloud;Steam Trading Cards,Action;Casual;Indie;RPG;Simulation,3D;Cartoony;Casual;Co-op;Cute;Family Friendly;Funny;Indie;Local Multiplayer;Online Co-Op;Party;Party Game;Physics;PvP;RPG;Relaxing;Simulation;Singleplayer;Stylized;Top-Down,"'Messy UP' is a cute pet collaboration game featuring cats and dogs~ Due to the owner's busy life after graduation and starting work, there is less time to spend with the pets. The pets plan to create a big mess at home to grab the owner's attention and encourage them to spend more time together. After all, what mischief could a little dog possibly have in mind? Take on the role of cats and dogs and go wild, wreaking havoc at home! Each pet possesses unique abilities and skills, with various typ","{""text_match"": 0.0065502096, ""cosine_similarity"": 0.5723182, ""reranker_score"": -6.2458673}"
2026-02-10T19:43:49+00:00,CORTEX_DB.RAW.CAT_GAMES_SVC_1_5,default,"a game where you are a cat and wreck things in a house (first-person), knocking objects over, sandbox","a game where you are a cat and wreck things in a house (first-person), knocking objects over, sandbox",[],,False,,,,balanced_default,0.75,10,100,0,1126,1126,,01c2535f-0005-0846-0001-397a00069002,,64,64,,1e-05,1e-05,,1e-05,,,,,[],[],[],[],[],[],,,,,,,True,False,[],[],,,,[],[],,,,7,Bad Cat,0.784487875,2022,English;Russian;Simplified Chinese,Family Sharing;Full controller support;Single-player;Steam Achievements,Adventure;Casual;Indie,2.5D;2D Fighter;Adventure;Cartoon;Casual;Cats;Comedy;Comic Book;Cute;Dark Comedy;Dark Humor;Exploration;Family Friendly;Funny;Idler;Indie;Point & Click;Puzzle;Singleplayer;Stealth,"There are many different burgers in the world: a bacon burger, a chicken burger, a royal burger. But there is also a cat named Burger , and this guy is definitely too tough for you. Burger is a real menace of the neighborhood. Be careful! He is going to prove it again! The former tenants could not stand it and sold the house. And the new ones have no idea what they have to face! In the game Cat Burger you play as a cat whose task is to terrify the neighbors. In each level, you will need to figur","{""text_match"": 0.0049751014, ""cosine_similarity"": 0.56897575, ""reranker_score"": -6.0816927}"
2026-02-10T19:43:49+00:00,CORTEX_DB.RAW.CAT_GAMES_SVC_1_5,default,"a game where you are a cat and wreck things in a house (first-person), knocking objects over, sandbox","a game where you are a cat and wreck things in a house (first-person), knocking objects over, sandbox",[],,False,,,,balanced_default,0.75,10,100,0,1126,1126,,01c2535f-0005-0846-0001-397a00069002,,64,64,,1e-05,1e-05,,1e-05,,,,,[],[],[],[],[],[],,,,,,,True,False,[],[],,,,[],[],,,,8,Cats are Liquid - A Better Place,0.77985403,2019,English;Finnish;French;German;Spanish - Spain,Family Sharing;Includes level editor;Partial Controller Support;Single-player;Steam Achievements;Steam Cloud;Steam Workshop,Adventure;Indie,2D;Adventure;Cats;Female Protagonist;Indie;Platformer;Psychological Horror;Singleplayer;Story Rich,"A better place. Made just for us. Cats are Liquid - A Better Place is a 2D platformer about a liquid cat and her friends. You play as the cat, in a place created just for you and your friends. You get to go on a nice adventure with them where nothing goes wrong and everything is perfect, as long as your friends stay there, right by your side. Over the course of the game, you get to explore 120 rooms and discover new abilities like the hookshot and light burst. You can also create your own worlds","{""text_match"": 0.012749586, ""cosine_similarity"": 0.55970806, ""reranker_score"": -6.1080265}"
2026-02-10T19:43:49+00:00,CORTEX_DB.RAW.CAT_GAMES_SVC_1_5,default,"a game where you are a cat and wreck things in a house (first-person), knocking objects over, sandbox","a game where you are a cat and wreck things in a house (first-person), knocking objects over, sandbox",[],,False,,,,balanced_default,0.75,10,100,0,1126,1126,,01c2535f-0005-0846-0001-397a00069002,,64,64,,1e-05,1e-05,,1e-05,,,,,[],[],[],[],[],[],,,,,,,True,False,[],[],,,,[],[],,,,9,The Stray Cat,0.77704335,2018,English,Single-player;Tracked Controller Support;VR Only,Action;Casual;Free To Play;Indie;Simulation;Sports,Action;Casual;Free to Play;Indie;Simulation;Sports;VR,"Made by Student of Higher Diploma in Transmedia, Hong Kong Design Institute A hungry stray cat, risking his life to eat fish Can you help it... or look at it? This is a VR (Virtual Reality) game In the game you will be in a residential area and meet a starving stray cat It does not care for anything, only to eat the fish in front of it The residents of that household do not seem to like it and keep flying to attack it You can pick up objects to fight against stray cats to protect stray cats Or w","{""text_match"": 0.0022054058, ""cosine_similarity"": 0.5540867, ""reranker_score"": -6.0524197}"
2026-02-10T19:43:49+00:00,CORTEX_DB.RAW.CAT_GAMES_SVC_1_5,default,"a game where you are a cat and wreck things in a house (first-person), knocking objects over, sandbox","a game where you are a cat and wreck things in a house (first-person), knocking objects over, sandbox",[],,False,,,,balanced_default,0.75,10,100,0,1126,1126,,01c2535f-0005-0846-0001-397a00069002,,64,64,,1e-05,1e-05,,1e-05,,,,,[],[],[],[],[],[],,,,,,,True,False,[],[],,,,[],[],,,,10,nekowater,0.776055785,2023,English;Japanese;Russian;Simplified Chinese,Family Sharing;Remote Play Together;Single-player;Steam Achievements;Steam Cloud,Adventure;Casual;Indie,3D;3D Platformer;Action-Adventure;Adventure;Atmospheric;Casual;Cats;Conversation;Cute;Exploration;First-Person;Hidden Object;Indie;Multiple Endings;Relaxing;Singleplayer;Story Rich;Walking Simulator,"◆ Story You are a cat. Once, you lived in a place where small houses lined the shore, facing the advancing sea level rise. One day, a big wave swept away various things, and many were lost. This place may be just a memory, a place of memories. The witch, looking bored, waits for the cat's return. ◆ Game Introduction 'Nekowater' is an adventure game where you explore the map, interact with characters, and progress through the game. ◆ Features - Control the game from a cat's low perspective. - Eng","{""text_match"": 0.02489285, ""cosine_similarity"": 0.55211157, ""reranker_score"": -6.045827}"
2026-02-10T19:43:51+00:00,CORTEX_DB.RAW.CAT_GAMES_SVC_1_5,default,"a game where you are a cat and wreck things in a house (first-person), knocking objects over, sandbox","a game where you are a cat and wreck things in a house (first-person), knocking objects over, sandbox",[],,False,,,,keyword_focus,0.3,10,100,0,991,991,,01c2535f-0005-0843-0001-397a0006d2d2,,32,32,,5e-06,5e-06,,5e-06,,,,,[],[],[],[],[],[],,,,,,,True,False,[],[],,,,[],[],,,,1,Catlateral Damage: Remeowstered,0.8062138,2021,English;French;German;Italian;Japanese;Korean;Portuguese - Brazil;Russian;Simplified Chinese;Spanish - Spain,Camera Comfort;Color Alternatives;Custom Volume Controls;Family Sharing;Full controller support;Playable without Timed Input;Remote Play on TV;Single-player;Stats;Steam Achievements;Steam Cloud;Steam Trading Cards,Action;Adventure;Casual;Indie;Simulation,Action;Action-Adventure;Casual;Cats;Collectathon;Colorful;Comedy;Cute;Destruction;Exploration;Family Friendly;First-Person;Funny;Indie;Physics;Procedural Generation;Relaxing;Sandbox;Simulation;Singleplayer,"Catlateral Damage: Remeowstered is the definitive edition of your favorite destructive cat simulator, where you play as a house cat on a rampage and do all that fun stuff your owner hates! See the world through the eyes of a cat! Run around the house, topple neatly organized books, shatter vases, meow at nothing, tear up curtains, nap in obscure places, and more! Complete objectives, explore procedurally generated levels, or just relax in sandbox mode to unlock a clowder of cat friends and speci","{""text_match"": 0.03077473, ""cosine_similarity"": 0.6124276, ""reranker_score"": -3.042966}"
2026-02-10T19:43:51+00:00,CORTEX_DB.RAW.CAT_GAMES_SVC_1_5,default,"a game where you are a cat and wreck things in a house (first-person), knocking objects over, sandbox","a game where you are a cat and wreck things in a house (first-person), knocking objects over, sandbox",[],,False,,,,keyword_focus,0.3,10,100,0,991,991,,01c2535f-0005-0843-0001-397a0006d2d2,,32,32,,5e-06,5e-06,,5e-06,,,,,[],[],[],[],[],[],,,,,,,True,False,[],[],,,,[],[],,,,2,Curse That Magic Cat!,0.7768914,2021,English;French;Simplified Chinese;Traditional Chinese,Full controller support;Single-player;Steam Achievements,Casual;Simulation,3D;3D Platformer;Arcade;Cartoony;Casual;Cats;Character Customization;Colorful;Comedy;Cute;Destruction;Family Friendly;Funny;Magic;Platformer;Relaxing;Simulation;Singleplayer;Stealth;Third Person,"Curse That Magic Cat! is a lighthearted, single-player game in which you have been cursed and turned into a cat. Explore the mansion of Magnus the Wizard, collecting three spell books in each level in order to escape. Along the way, take your revenge by breaking the wizard's belongings, stealing and using his potions, and ducking under furniture to watch Magnus search for you in vain! Key Features: Magnus the Wizard, an AI opponent (whom you hate) to challenge you. Six levels in which to unleash","{""text_match"": 0.0018245834, ""cosine_similarity"": 0.5537828, ""reranker_score"": -3.6897702}"
2026-02-10T19:43:51+00:00,CORTEX_DB.RAW.CAT_GAMES_SVC_1_5,default,"a game where you are a cat and wreck things in a house (first-person), knocking objects over, sandbox","a game where you are a cat and wreck things in a house (first-person), knocking objects over, sandbox",[],,False,,,,keyword_focus,0.3,10,100,0,991,991,,01c2535f-0005-0843-0001-397a0006d2d2,,32,32,,5e-06,5e-06,,5e-06,,,,,[],[],[],[],[],[],,,,,,,True,False,[],[],,,,[],[],,,,3,Kitty's Last Adventure,0.788817885,2025,English;French,Family Sharing;Full controller support;Single-player;Steam Achievements;Steam Cloud,Action;Casual,2D;Action;Action Roguelike;Arcade;Arena Shooter;Bullet Hell;Casual;Cats;Combat;Controller;Cute;Early Access;Funny;Procedural Generation;PvE;Rogue-like;Rogue-lite;Shooter;Singleplayer;Top-Down Shooter,"Play as Kitty or her friends and survive the wave of cat nightmares in this roguelite survivor. The cat automatically throws its toys at enemies; all you have to do is control its path! As you progress, you'll unlock an array of hilarious yet powerful cat-based weaponry that evolves with you. Each weapon starts as a playful toy and transforms into more impressive and dangerous forms. Each weapon you acquire is associated with one or more families, each offering distinct bonuses that amplify with","{""text_match"": 0.0076268055, ""cosine_similarity"": 0.57763577, ""reranker_score"": -6.005237}"
2026-02-10T19:43:51+00:00,CORTEX_DB.RAW.CAT_GAMES_SVC_1_5,default,"a game where you are a cat and wreck things in a house (first-person), knocking objects over, sandbox","a game where you are a cat and wreck things in a house (first-person), knocking objects over, sandbox",[],,False,,,,keyword_focus,0.3,10,100,0,991,991,,01c2535f-0005-0843-0001-397a0006d2d2,,32,32,,5e-06,5e-06,,5e-06,,,,,[],[],[],[],[],[],,,,,,,True,False,[],[],,,,[],[],,,,4,Heist Kitty: Multiplayer Cat Simulator Game,0.78972945,2023,English;Japanese,Co-op;Family Sharing;LAN Co-op;Multi-player;Online Co-op;Partial Controller Support;Single-player,Action;Adventure;Casual;Indie;RPG;Racing;Simulation,Action;Adventure;Automobile Sim;Casual;Cats;Co-op;Cute;Exploration;Family Friendly;Funny;Multiplayer;Online Co-Op;Physics;RPG;Racing;Sandbox;Simulation;Singleplayer;Story Rich;Third Person,"An open-world sand-box game where you play as a cat, defying the rules and causing mayhem. Climb, scratch, and pounce your way through the cityscape filled with playful challenges and hidden secrets. Customise your cat, team up with friends and let the adventure begin! Multiplayer Cat Chaos Take your chaos to new heights as you collaborate on the city streets. Hijack cars, cause explosive distractions, and equip a variety of weapons to create the ultimate cat caper. Show off your agile moves wit","{""text_match"": 0.011525963, ""cosine_similarity"": 0.5794589, ""reranker_score"": -6.126096}"
2026-02-10T19:43:51+00:00,CORTEX_DB.RAW.CAT_GAMES_SVC_1_5,default,"a game where you are a cat and wreck things in a house (first-person), knocking objects over, sandbox","a game where you are a cat and wreck things in a house (first-person), knocking objects over, sandbox",[],,False,,,,keyword_focus,0.3,10,100,0,991,991,,01c2535f-0005-0843-0001-397a0006d2d2,,32,32,,5e-06,5e-06,,5e-06,,,,,[],[],[],[],[],[],,,,,,,True,False,[],[],,,,[],[],,,,5,Fisti-Fluffs,0.77673948,2021,English;French;German;Italian;Japanese;Korean;Polish;Portuguese - Brazil;Russian;Simplified Chinese;Spanish - Latin America,Family Sharing;Full controller support;Multi-player;PvP;Remote Play Together;Shared/Split Screen;Shared/Split Screen PvP;Single-player;Steam Achievements,Action;Casual;Indie;Simulation;Sports,Action;Arcade;Battle Royale;Beat 'em up;Cartoon;Cartoony;Casual;Cats;Colorful;Cute;Destruction;Dog;Family Friendly;Fighting;Funny;Hand-drawn;Memes;Simulation;Sports;Stylized,"With no humans in sight, the cats are bored—and you know what that means? That’s right. It’s time to tussle! Pounce, hiss, flail, and claw your way through the kitty kingdom to prove your wobbly cat “is best cat.” Fisti-Fluffs is an adorable (and yes, ridiculous) physics-based party game where you tussle with other cats and destroy the environments in frenetic over-the-top battles. Of course, you can play alone, but it’s even better with friends. So get your claws out and prepare for some kitty ","{""text_match"": 0.008114107, ""cosine_similarity"": 0.55347896, ""reranker_score"": -5.2779083}"
2026-02-10T19:43:51+00:00,CORTEX_DB.RAW.CAT_GAMES_SVC_1_5,default,"a game where you are a cat and wreck things in a house (first-person), knocking objects over, sandbox","a game where you are a cat and wreck things in a house (first-person), knocking objects over, sandbox",[],,False,,,,keyword_focus,0.3,10,100,0,991,991,,01c2535f-0005-0843-0001-397a0006d2d2,,32,32,,5e-06,5e-06,,5e-06,,,,,[],[],[],[],[],[],,,,,,,True,False,[],[],,,,[],[],,,,6,Messy Up,0.7861591,2024,English;French;German;Italian;Japanese;Korean;Portuguese - Brazil;Russian;Simplified Chinese;Traditional Chinese,Co-op;Custom Volume Controls;Family Sharing;LAN Co-op;LAN PvP;Multi-player;Online Co-op;Online PvP;Partial Controller Support;Playable without Timed Input;PvP;Remote Play Together;Save Anytime;Shared/Split Screen;Shared/Split Screen Co-op;Shared/Split Screen PvP;Single-player;Steam Achievements;Steam Cloud;Steam Trading Cards,Action;Casual;Indie;RPG;Simulation,3D;Cartoony;Casual;Co-op;Cute;Family Friendly;Funny;Indie;Local Multiplayer;Online Co-Op;Party;Party Game;Physics;PvP;RPG;Relaxing;Simulation;Singleplayer;Stylized;Top-Down,"'Messy UP' is a cute pet collaboration game featuring cats and dogs~ Due to the owner's busy life after graduation and starting work, there is less time to spend with the pets. The pets plan to create a big mess at home to grab the owner's attention and encourage them to spend more time together. After all, what mischief could a little dog possibly have in mind? Take on the role of cats and dogs and go wild, wreaking havoc at home! Each pet possesses unique abilities and skills, with various typ","{""text_match"": 0.0065502096, ""cosine_similarity"": 0.5723182, ""reranker_score"": -6.2458673}"
2026-02-10T19:43:51+00:00,CORTEX_DB.RAW.CAT_GAMES_SVC_1_5,default,"a game where you are a cat and wreck things in a house (first-person), knocking objects over, sandbox","a game where you are a cat and wreck things in a house (first-person), knocking objects over, sandbox",[],,False,,,,keyword_focus,0.3,10,100,0,991,991,,01c2535f-0005-0843-0001-397a0006d2d2,,32,32,,5e-06,5e-06,,5e-06,,,,,[],[],[],[],[],[],,,,,,,True,False,[],[],,,,[],[],,,,7,Bad Cat,0.784487875,2022,English;Russian;Simplified Chinese,Family Sharing;Full controller support;Single-player;Steam Achievements,Adventure;Casual;Indie,2.5D;2D Fighter;Adventure;Cartoon;Casual;Cats;Comedy;Comic Book;Cute;Dark Comedy;Dark Humor;Exploration;Family Friendly;Funny;Idler;Indie;Point & Click;Puzzle;Singleplayer;Stealth,"There are many different burgers in the world: a bacon burger, a chicken burger, a royal burger. But there is also a cat named Burger , and this guy is definitely too tough for you. Burger is a real menace of the neighborhood. Be careful! He is going to prove it again! The former tenants could not stand it and sold the house. And the new ones have no idea what they have to face! In the game Cat Burger you play as a cat whose task is to terrify the neighbors. In each level, you will need to figur","{""text_match"": 0.0049751014, ""cosine_similarity"": 0.56897575, ""reranker_score"": -6.0816927}"
2026-02-10T19:43:51+00:00,CORTEX_DB.RAW.CAT_GAMES_SVC_1_5,default,"a game where you are a cat and wreck things in a house (first-person), knocking objects over, sandbox","a game where you are a cat and wreck things in a house (first-person), knocking objects over, sandbox",[],,False,,,,keyword_focus,0.3,10,100,0,991,991,,01c2535f-0005-0843-0001-397a0006d2d2,,32,32,,5e-06,5e-06,,5e-06,,,,,[],[],[],[],[],[],,,,,,,True,False,[],[],,,,[],[],,,,8,Cats are Liquid - A Better Place,0.77985403,2019,English;Finnish;French;German;Spanish - Spain,Family Sharing;Includes level editor;Partial Controller Support;Single-player;Steam Achievements;Steam Cloud;Steam Workshop,Adventure;Indie,2D;Adventure;Cats;Female Protagonist;Indie;Platformer;Psychological Horror;Singleplayer;Story Rich,"A better place. Made just for us. Cats are Liquid - A Better Place is a 2D platformer about a liquid cat and her friends. You play as the cat, in a place created just for you and your friends. You get to go on a nice adventure with them where nothing goes wrong and everything is perfect, as long as your friends stay there, right by your side. Over the course of the game, you get to explore 120 rooms and discover new abilities like the hookshot and light burst. You can also create your own worlds","{""text_match"": 0.012749586, ""cosine_similarity"": 0.55970806, ""reranker_score"": -6.1080265}"
2026-02-10T19:43:51+00:00,CORTEX_DB.RAW.CAT_GAMES_SVC_1_5,default,"a game where you are a cat and wreck things in a house (first-person), knocking objects over, sandbox","a game where you are a cat and wreck things in a house (first-person), knocking objects over, sandbox",[],,False,,,,keyword_focus,0.3,10,100,0,991,991,,01c2535f-0005-0843-0001-397a0006d2d2,,32,32,,5e-06,5e-06,,5e-06,,,,,[],[],[],[],[],[],,,,,,,True,False,[],[],,,,[],[],,,,9,The Stray Cat,0.77704335,2018,English,Single-player;Tracked Controller Support;VR Only,Action;Casual;Free To Play;Indie;Simulation;Sports,Action;Casual;Free to Play;Indie;Simulation;Sports;VR,"Made by Student of Higher Diploma in Transmedia, Hong Kong Design Institute A hungry stray cat, risking his life to eat fish Can you help it... or look at it? This is a VR (Virtual Reality) game In the game you will be in a residential area and meet a starving stray cat It does not care for anything, only to eat the fish in front of it The residents of that household do not seem to like it and keep flying to attack it You can pick up objects to fight against stray cats to protect stray cats Or w","{""text_match"": 0.0022054058, ""cosine_similarity"": 0.5540867, ""reranker_score"": -6.0524197}"
2026-02-10T19:43:51+00:00,CORTEX_DB.RAW.CAT_GAMES_SVC_1_5,default,"a game where you are a cat and wreck things in a house (first-person), knocking objects over, sandbox","a game where you are a cat and wreck things in a house (first-person), knocking objects over, sandbox",[],,False,,,,keyword_focus,0.3,10,100,0,991,991,,01c2535f-0005-0843-0001-397a0006d2d2,,32,32,,5e-06,5e-06,,5e-06,,,,,[],[],[],[],[],[],,,,,,,True,False,[],[],,,,[],[],,,,10,nekowater,0.776055785,2023,English;Japanese;Russian;Simplified Chinese,Family Sharing;Remote Play Together;Single-player;Steam Achievements;Steam Cloud,Adventure;Casual;Indie,3D;3D Platformer;Action-Adventure;Adventure;Atmospheric;Casual;Cats;Conversation;Cute;Exploration;First-Person;Hidden Object;Indie;Multiple Endings;Relaxing;Singleplayer;Story Rich;Walking Simulator,"◆ Story You are a cat. Once, you lived in a place where small houses lined the shore, facing the advancing sea level rise. One day, a big wave swept away various things, and many were lost. This place may be just a memory, a place of memories. The witch, looking bored, waits for the cat's return. ◆ Game Introduction 'Nekowater' is an adventure game where you explore the map, interact with characters, and progress through the game. ◆ Features - Control the game from a cat's low perspective. - Eng","{""text_match"": 0.02489285, ""cosine_similarity"": 0.55211157, ""reranker_score"": -6.045827}"
2026-02-10T19:43:52+00:00,CORTEX_DB.RAW.CAT_GAMES_SVC_1_5,default,"a game where you are a cat and wreck things in a house (first-person), knocking objects over, sandbox","a game where you are a cat and wreck things in a house (first-person), knocking objects over, sandbox",[],,False,,,,keyword_focus,0.65,10,100,0,1025,1025,,01c2535f-0005-0846-0001-397a0006e00a,,34,34,,5e-06,5e-06,,5e-06,,,,,[],[],[],[],[],[],,,,,,,True,False,[],[],,,,[],[],,,,1,Catlateral Damage: Remeowstered,0.8062138,2021,English;French;German;Italian;Japanese;Korean;Portuguese - Brazil;Russian;Simplified Chinese;Spanish - Spain,Camera Comfort;Color Alternatives;Custom Volume Controls;Family Sharing;Full controller support;Playable without Timed Input;Remote Play on TV;Single-player;Stats;Steam Achievements;Steam Cloud;Steam Trading Cards,Action;Adventure;Casual;Indie;Simulation,Action;Action-Adventure;Casual;Cats;Collectathon;Colorful;Comedy;Cute;Destruction;Exploration;Family Friendly;First-Person;Funny;Indie;Physics;Procedural Generation;Relaxing;Sandbox;Simulation;Singleplayer,"Catlateral Damage: Remeowstered is the definitive edition of your favorite destructive cat simulator, where you play as a house cat on a rampage and do all that fun stuff your owner hates! See the world through the eyes of a cat! Run around the house, topple neatly organized books, shatter vases, meow at nothing, tear up curtains, nap in obscure places, and more! Complete objectives, explore procedurally generated levels, or just relax in sandbox mode to unlock a clowder of cat friends and speci","{""text_match"": 0.03077473, ""cosine_similarity"": 0.6124276, ""reranker_score"": -3.042966}"
2026-02-10T19:43:52+00:00,CORTEX_DB.RAW.CAT_GAMES_SVC_1_5,default,"a game where you are a cat and wreck things in a house (first-person), knocking objects over, sandbox","a game where you are a cat and wreck things in a house (first-person), knocking objects over, sandbox",[],,False,,,,keyword_focus,0.65,10,100,0,1025,1025,,01c2535f-0005-0846-0001-397a0006e00a,,34,34,,5e-06,5e-06,,5e-06,,,,,[],[],[],[],[],[],,,,,,,True,False,[],[],,,,[],[],,,,2,Curse That Magic Cat!,0.7768914,2021,English;French;Simplified Chinese;Traditional Chinese,Full controller support;Single-player;Steam Achievements,Casual;Simulation,3D;3D Platformer;Arcade;Cartoony;Casual;Cats;Character Customization;Colorful;Comedy;Cute;Destruction;Family Friendly;Funny;Magic;Platformer;Relaxing;Simulation;Singleplayer;Stealth;Third Person,"Curse That Magic Cat! is a lighthearted, single-player game in which you have been cursed and turned into a cat. Explore the mansion of Magnus the Wizard, collecting three spell books in each level in order to escape. Along the way, take your revenge by breaking the wizard's belongings, stealing and using his potions, and ducking under furniture to watch Magnus search for you in vain! Key Features: Magnus the Wizard, an AI opponent (whom you hate) to challenge you. Six levels in which to unleash","{""text_match"": 0.0018245834, ""cosine_similarity"": 0.5537828, ""reranker_score"": -3.6897702}"
2026-02-10T19:43:52+00:00,CORTEX_DB.RAW.CAT_GAMES_SVC_1_5,default,"a game where you are a cat and wreck things in a house (first-person), knocking objects over, sandbox","a game where you are a cat and wreck things in a house (first-person), knocking objects over, sandbox",[],,False,,,,keyword_focus,0.65,10,100,0,1025,1025,,01c2535f-0005-0846-0001-397a0006e00a,,34,34,,5e-06,5e-06,,5e-06,,,,,[],[],[],[],[],[],,,,,,,True,False,[],[],,,,[],[],,,,3,Kitty's Last Adventure,0.788817885,2025,English;French,Family Sharing;Full controller support;Single-player;Steam Achievements;Steam Cloud,Action;Casual,2D;Action;Action Roguelike;Arcade;Arena Shooter;Bullet Hell;Casual;Cats;Combat;Controller;Cute;Early Access;Funny;Procedural Generation;PvE;Rogue-like;Rogue-lite;Shooter;Singleplayer;Top-Down Shooter,"Play as Kitty or her friends and survive the wave of cat nightmares in this roguelite survivor. The cat automatically throws its toys at enemies; all you have to do is control its path! As you progress, you'll unlock an array of hilarious yet powerful cat-based weaponry that evolves with you. Each weapon starts as a playful toy and transforms into more impressive and dangerous forms. Each weapon you acquire is associated with one or more families, each offering distinct bonuses that amplify with","{""text_match"": 0.0076268055, ""cosine_similarity"": 0.57763577, ""reranker_score"": -6.005237}"
2026-02-10T19:43:52+00:00,CORTEX_DB.RAW.CAT_GAMES_SVC_1_5,default,"a game where you are a cat and wreck things in a house (first-person), knocking objects over, sandbox","a game where you are a cat and wreck things in a house (first-person), knocking objects over, sandbox",[],,False,,,,keyword_focus,0.65,10,100,0,1025,1025,,01c2535f-0005-0846-0001-397a0006e00a,,34,34,,5e-06,5e-06,,5e-06,,,,,[],[],[],[],[],[],,,,,,,True,False,[],[],,,,[],[],,,,4,Heist Kitty: Multiplayer Cat Simulator Game,0.78972945,2023,English;Japanese,Co-op;Family Sharing;LAN Co-op;Multi-player;Online Co-op;Partial Controller Support;Single-player,Action;Adventure;Casual;Indie;RPG;Racing;Simulation,Action;Adventure;Automobile Sim;Casual;Cats;Co-op;Cute;Exploration;Family Friendly;Funny;Multiplayer;Online Co-Op;Physics;RPG;Racing;Sandbox;Simulation;Singleplayer;Story Rich;Third Person,"An open-world sand-box game where you play as a cat, defying the rules and causing mayhem. Climb, scratch, and pounce your way through the cityscape filled with playful challenges and hidden secrets. Customise your cat, team up with friends and let the adventure begin! Multiplayer Cat Chaos Take your chaos to new heights as you collaborate on the city streets. Hijack cars, cause explosive distractions, and equip a variety of weapons to create the ultimate cat caper. Show off your agile moves wit","{""text_match"": 0.011525963, ""cosine_similarity"": 0.5794589, ""reranker_score"": -6.126096}"
2026-02-10T19:43:52+00:00,CORTEX_DB.RAW.CAT_GAMES_SVC_1_5,default,"a game where you are a cat and wreck things in a house (first-person), knocking objects over, sandbox","a game where you are a cat and wreck things in a house (first-person), knocking objects over, sandbox",[],,False,,,,keyword_focus,0.65,10,100,0,1025,1025,,01c2535f-0005-0846-0001-397a0006e00a,,34,34,,5e-06,5e-06,,5e-06,,,,,[],[],[],[],[],[],,,,,,,True,False,[],[],,,,[],[],,,,5,Fisti-Fluffs,0.77673948,2021,English;French;German;Italian;Japanese;Korean;Polish;Portuguese - Brazil;Russian;Simplified Chinese;Spanish - Latin America,Family Sharing;Full controller support;Multi-player;PvP;Remote Play Together;Shared/Split Screen;Shared/Split Screen PvP;Single-player;Steam Achievements,Action;Casual;Indie;Simulation;Sports,Action;Arcade;Battle Royale;Beat 'em up;Cartoon;Cartoony;Casual;Cats;Colorful;Cute;Destruction;Dog;Family Friendly;Fighting;Funny;Hand-drawn;Memes;Simulation;Sports;Stylized,"With no humans in sight, the cats are bored—and you know what that means? That’s right. It’s time to tussle! Pounce, hiss, flail, and claw your way through the kitty kingdom to prove your wobbly cat “is best cat.” Fisti-Fluffs is an adorable (and yes, ridiculous) physics-based party game where you tussle with other cats and destroy the environments in frenetic over-the-top battles. Of course, you can play alone, but it’s even better with friends. So get your claws out and prepare for some kitty ","{""text_match"": 0.008114107, ""cosine_similarity"": 0.55347896, ""reranker_score"": -5.2779083}"
2026-02-10T19:43:52+00:00,CORTEX_DB.RAW.CAT_GAMES_SVC_1_5,default,"a game where you are a cat and wreck things in a house (first-person), knocking objects over, sandbox","a game where you are a cat and wreck things in a house (first-person), knocking objects over, sandbox",[],,False,,,,keyword_focus,0.65,10,100,0,1025,1025,,01c2535f-0005-0846-0001-397a0006e00a,,34,34,,5e-06,5e-06,,5e-06,,,,,[],[],[],[],[],[],,,,,,,True,False,[],[],,,,[],[],,,,6,Messy Up,0.7861591,2024,English;French;German;Italian;Japanese;Korean;Portuguese - Brazil;Russian;Simplified Chinese;Traditional Chinese,Co-op;Custom Volume Controls;Family Sharing;LAN Co-op;LAN PvP;Multi-player;Online Co-op;Online PvP;Partial Controller Support;Playable without Timed Input;PvP;Remote Play Together;Save Anytime;Shared/Split Screen;Shared/Split Screen Co-op;Shared/Split Screen PvP;Single-player;Steam Achievements;Steam Cloud;Steam Trading Cards,Action;Casual;Indie;RPG;Simulation,3D;Cartoony;Casual;Co-op;Cute;Family Friendly;Funny;Indie;Local Multiplayer;Online Co-Op;Party;Party Game;Physics;PvP;RPG;Relaxing;Simulation;Singleplayer;Stylized;Top-Down,"'Messy UP' is a cute pet collaboration game featuring cats and dogs~ Due to the owner's busy life after graduation and starting work, there is less time to spend with the pets. The pets plan to create a big mess at home to grab the owner's attention and encourage them to spend more time together. After all, what mischief could a little dog possibly have in mind? Take on the role of cats and dogs and go wild, wreaking havoc at home! Each pet possesses unique abilities and skills, with various typ","{""text_match"": 0.0065502096, ""cosine_similarity"": 0.5723182, ""reranker_score"": -6.2458673}"
2026-02-10T19:43:52+00:00,CORTEX_DB.RAW.CAT_GAMES_SVC_1_5,default,"a game where you are a cat and wreck things in a house (first-person), knocking objects over, sandbox","a game where you are a cat and wreck things in a house (first-person), knocking objects over, sandbox",[],,False,,,,keyword_focus,0.65,10,100,0,1025,1025,,01c2535f-0005-0846-0001-397a0006e00a,,34,34,,5e-06,5e-06,,5e-06,,,,,[],[],[],[],[],[],,,,,,,True,False,[],[],,,,[],[],,,,7,Bad Cat,0.784487875,2022,English;Russian;Simplified Chinese,Family Sharing;Full controller support;Single-player;Steam Achievements,Adventure;Casual;Indie,2.5D;2D Fighter;Adventure;Cartoon;Casual;Cats;Comedy;Comic Book;Cute;Dark Comedy;Dark Humor;Exploration;Family Friendly;Funny;Idler;Indie;Point & Click;Puzzle;Singleplayer;Stealth,"There are many different burgers in the world: a bacon burger, a chicken burger, a royal burger. But there is also a cat named Burger , and this guy is definitely too tough for you. Burger is a real menace of the neighborhood. Be careful! He is going to prove it again! The former tenants could not stand it and sold the house. And the new ones have no idea what they have to face! In the game Cat Burger you play as a cat whose task is to terrify the neighbors. In each level, you will need to figur","{""text_match"": 0.0049751014, ""cosine_similarity"": 0.56897575, ""reranker_score"": -6.0816927}"
2026-02-10T19:43:52+00:00,CORTEX_DB.RAW.CAT_GAMES_SVC_1_5,default,"a game where you are a cat and wreck things in a house (first-person), knocking objects over, sandbox","a game where you are a cat and wreck things in a house (first-person), knocking objects over, sandbox",[],,False,,,,keyword_focus,0.65,10,100,0,1025,1025,,01c2535f-0005-0846-0001-397a0006e00a,,34,34,,5e-06,5e-06,,5e-06,,,,,[],[],[],[],[],[],,,,,,,True,False,[],[],,,,[],[],,,,8,Cats are Liquid - A Better Place,0.77985403,2019,English;Finnish;French;German;Spanish - Spain,Family Sharing;Includes level editor;Partial Controller Support;Single-player;Steam Achievements;Steam Cloud;Steam Workshop,Adventure;Indie,2D;Adventure;Cats;Female Protagonist;Indie;Platformer;Psychological Horror;Singleplayer;Story Rich,"A better place. Made just for us. Cats are Liquid - A Better Place is a 2D platformer about a liquid cat and her friends. You play as the cat, in a place created just for you and your friends. You get to go on a nice adventure with them where nothing goes wrong and everything is perfect, as long as your friends stay there, right by your side. Over the course of the game, you get to explore 120 rooms and discover new abilities like the hookshot and light burst. You can also create your own worlds","{""text_match"": 0.012749586, ""cosine_similarity"": 0.55970806, ""reranker_score"": -6.1080265}"
2026-02-10T19:43:52+00:00,CORTEX_DB.RAW.CAT_GAMES_SVC_1_5,default,"a game where you are a cat and wreck things in a house (first-person), knocking objects over, sandbox","a game where you are a cat and wreck things in a house (first-person), knocking objects over, sandbox",[],,False,,,,keyword_focus,0.65,10,100,0,1025,1025,,01c2535f-0005-0846-0001-397a0006e00a,,34,34,,5e-06,5e-06,,5e-06,,,,,[],[],[],[],[],[],,,,,,,True,False,[],[],,,,[],[],,,,9,The Stray Cat,0.77704335,2018,English,Single-player;Tracked Controller Support;VR Only,Action;Casual;Free To Play;Indie;Simulation;Sports,Action;Casual;Free to Play;Indie;Simulation;Sports;VR,"Made by Student of Higher Diploma in Transmedia, Hong Kong Design Institute A hungry stray cat, risking his life to eat fish Can you help it... or look at it? This is a VR (Virtual Reality) game In the game you will be in a residential area and meet a starving stray cat It does not care for anything, only to eat the fish in front of it The residents of that household do not seem to like it and keep flying to attack it You can pick up objects to fight against stray cats to protect stray cats Or w","{""text_match"": 0.0022054058, ""cosine_similarity"": 0.5540867, ""reranker_score"": -6.0524197}"
2026-02-10T19:43:52+00:00,CORTEX_DB.RAW.CAT_GAMES_SVC_1_5,default,"a game where you are a cat and wreck things in a house (first-person), knocking objects over, sandbox","a game where you are a cat and wreck things in a house (first-person), knocking objects over, sandbox",[],,False,,,,keyword_focus,0.65,10,100,0,1025,1025,,01c2535f-0005-0846-0001-397a0006e00a,,34,34,,5e-06,5e-06,,5e-06,,,,,[],[],[],[],[],[],,,,,,,True,False,[],[],,,,[],[],,,,10,nekowater,0.776055785,2023,English;Japanese;Russian;Simplified Chinese,Family Sharing;Remote Play Together;Single-player;Steam Achievements;Steam Cloud,Adventure;Casual;Indie,3D;3D Platformer;Action-Adventure;Adventure;Atmospheric;Casual;Cats;Conversation;Cute;Exploration;First-Person;Hidden Object;Indie;Multiple Endings;Relaxing;Singleplayer;Story Rich;Walking Simulator,"◆ Story You are a cat. Once, you lived in a place where small houses lined the shore, facing the advancing sea level rise. One day, a big wave swept away various things, and many were lost. This place may be just a memory, a place of memories. The witch, looking bored, waits for the cat's return. ◆ Game Introduction 'Nekowater' is an adventure game where you explore the map, interact with characters, and progress through the game. ◆ Features - Control the game from a cat's low perspective. - Eng","{""text_match"": 0.02489285, ""cosine_similarity"": 0.55211157, ""reranker_score"": -6.045827}"
2026-02-10T19:43:53+00:00,CORTEX_DB.RAW.CAT_GAMES_SVC_1_5,default,"a game where you are a cat and wreck things in a house (first-person), knocking objects over, sandbox","a game where you are a cat and wreck things in a house (first-person), knocking objects over, sandbox",[],,False,,,,keyword_focus,0.75,10,100,0,1023,1023,,01c2535f-0005-0843-0001-397a0006d2de,,36,36,,5e-06,5e-06,,5e-06,,,,,[],[],[],[],[],[],,,,,,,True,False,[],[],,,,[],[],,,,1,Catlateral Damage: Remeowstered,0.8062138,2021,English;French;German;Italian;Japanese;Korean;Portuguese - Brazil;Russian;Simplified Chinese;Spanish - Spain,Camera Comfort;Color Alternatives;Custom Volume Controls;Family Sharing;Full controller support;Playable without Timed Input;Remote Play on TV;Single-player;Stats;Steam Achievements;Steam Cloud;Steam Trading Cards,Action;Adventure;Casual;Indie;Simulation,Action;Action-Adventure;Casual;Cats;Collectathon;Colorful;Comedy;Cute;Destruction;Exploration;Family Friendly;First-Person;Funny;Indie;Physics;Procedural Generation;Relaxing;Sandbox;Simulation;Singleplayer,"Catlateral Damage: Remeowstered is the definitive edition of your favorite destructive cat simulator, where you play as a house cat on a rampage and do all that fun stuff your owner hates! See the world through the eyes of a cat! Run around the house, topple neatly organized books, shatter vases, meow at nothing, tear up curtains, nap in obscure places, and more! Complete objectives, explore procedurally generated levels, or just relax in sandbox mode to unlock a clowder of cat friends and speci","{""text_match"": 0.03077473, ""cosine_similarity"": 0.6124276, ""reranker_score"": -3.042966}"
2026-02-10T19:43:53+00:00,CORTEX_DB.RAW.CAT_GAMES_SVC_1_5,default,"a game where you are a cat and wreck things in a house (first-person), knocking objects over, sandbox","a game where you are a cat and wreck things in a house (first-person), knocking objects over, sandbox",[],,False,,,,keyword_focus,0.75,10,100,0,1023,1023,,01c2535f-0005-0843-0001-397a0006d2de,,36,36,,5e-06,5e-06,,5e-06,,,,,[],[],[],[],[],[],,,,,,,True,False,[],[],,,,[],[],,,,2,Curse That Magic Cat!,0.7768914,2021,English;French;Simplified Chinese;Traditional Chinese,Full controller support;Single-player;Steam Achievements,Casual;Simulation,3D;3D Platformer;Arcade;Cartoony;Casual;Cats;Character Customization;Colorful;Comedy;Cute;Destruction;Family Friendly;Funny;Magic;Platformer;Relaxing;Simulation;Singleplayer;Stealth;Third Person,"Curse That Magic Cat! is a lighthearted, single-player game in which you have been cursed and turned into a cat. Explore the mansion of Magnus the Wizard, collecting three spell books in each level in order to escape. Along the way, take your revenge by breaking the wizard's belongings, stealing and using his potions, and ducking under furniture to watch Magnus search for you in vain! Key Features: Magnus the Wizard, an AI opponent (whom you hate) to challenge you. Six levels in which to unleash","{""text_match"": 0.0018245834, ""cosine_similarity"": 0.5537828, ""reranker_score"": -3.6897702}"
2026-02-10T19:43:53+00:00,CORTEX_DB.RAW.CAT_GAMES_SVC_1_5,default,"a game where you are a cat and wreck things in a house (first-person), knocking objects over, sandbox","a game where you are a cat and wreck things in a house (first-person), knocking objects over, sandbox",[],,False,,,,keyword_focus,0.75,10,100,0,1023,1023,,01c2535f-0005-0843-0001-397a0006d2de,,36,36,,5e-06,5e-06,,5e-06,,,,,[],[],[],[],[],[],,,,,,,True,False,[],[],,,,[],[],,,,3,Kitty's Last Adventure,0.788817885,2025,English;French,Family Sharing;Full controller support;Single-player;Steam Achievements;Steam Cloud,Action;Casual,2D;Action;Action Roguelike;Arcade;Arena Shooter;Bullet Hell;Casual;Cats;Combat;Controller;Cute;Early Access;Funny;Procedural Generation;PvE;Rogue-like;Rogue-lite;Shooter;Singleplayer;Top-Down Shooter,"Play as Kitty or her friends and survive the wave of cat nightmares in this roguelite survivor. The cat automatically throws its toys at enemies; all you have to do is control its path! As you progress, you'll unlock an array of hilarious yet powerful cat-based weaponry that evolves with you. Each weapon starts as a playful toy and transforms into more impressive and dangerous forms. Each weapon you acquire is associated with one or more families, each offering distinct bonuses that amplify with","{""text_match"": 0.0076268055, ""cosine_similarity"": 0.57763577, ""reranker_score"": -6.005237}"
2026-02-10T19:43:53+00:00,CORTEX_DB.RAW.CAT_GAMES_SVC_1_5,default,"a game where you are a cat and wreck things in a house (first-person), knocking objects over, sandbox","a game where you are a cat and wreck things in a house (first-person), knocking objects over, sandbox",[],,False,,,,keyword_focus,0.75,10,100,0,1023,1023,,01c2535f-0005-0843-0001-397a0006d2de,,36,36,,5e-06,5e-06,,5e-06,,,,,[],[],[],[],[],[],,,,,,,True,False,[],[],,,,[],[],,,,4,Heist Kitty: Multiplayer Cat Simulator Game,0.78972945,2023,English;Japanese,Co-op;Family Sharing;LAN Co-op;Multi-player;Online Co-op;Partial Controller Support;Single-player,Action;Adventure;Casual;Indie;RPG;Racing;Simulation,Action;Adventure;Automobile Sim;Casual;Cats;Co-op;Cute;Exploration;Family Friendly;Funny;Multiplayer;Online Co-Op;Physics;RPG;Racing;Sandbox;Simulation;Singleplayer;Story Rich;Third Person,"An open-world sand-box game where you play as a cat, defying the rules and causing mayhem. Climb, scratch, and pounce your way through the cityscape filled with playful challenges and hidden secrets. Customise your cat, team up with friends and let the adventure begin! Multiplayer Cat Chaos Take your chaos to new heights as you collaborate on the city streets. Hijack cars, cause explosive distractions, and equip a variety of weapons to create the ultimate cat caper. Show off your agile moves wit","{""text_match"": 0.011525963, ""cosine_similarity"": 0.5794589, ""reranker_score"": -6.126096}"
2026-02-10T19:43:53+00:00,CORTEX_DB.RAW.CAT_GAMES_SVC_1_5,default,"a game where you are a cat and wreck things in a house (first-person), knocking objects over, sandbox","a game where you are a cat and wreck things in a house (first-person), knocking objects over, sandbox",[],,False,,,,keyword_focus,0.75,10,100,0,1023,1023,,01c2535f-0005-0843-0001-397a0006d2de,,36,36,,5e-06,5e-06,,5e-06,,,,,[],[],[],[],[],[],,,,,,,True,False,[],[],,,,[],[],,,,5,Fisti-Fluffs,0.77673948,2021,English;French;German;Italian;Japanese;Korean;Polish;Portuguese - Brazil;Russian;Simplified Chinese;Spanish - Latin America,Family Sharing;Full controller support;Multi-player;PvP;Remote Play Together;Shared/Split Screen;Shared/Split Screen PvP;Single-player;Steam Achievements,Action;Casual;Indie;Simulation;Sports,Action;Arcade;Battle Royale;Beat 'em up;Cartoon;Cartoony;Casual;Cats;Colorful;Cute;Destruction;Dog;Family Friendly;Fighting;Funny;Hand-drawn;Memes;Simulation;Sports;Stylized,"With no humans in sight, the cats are bored—and you know what that means? That’s right. It’s time to tussle! Pounce, hiss, flail, and claw your way through the kitty kingdom to prove your wobbly cat “is best cat.” Fisti-Fluffs is an adorable (and yes, ridiculous) physics-based party game where you tussle with other cats and destroy the environments in frenetic over-the-top battles. Of course, you can play alone, but it’s even better with friends. So get your claws out and prepare for some kitty ","{""text_match"": 0.008114107, ""cosine_similarity"": 0.55347896, ""reranker_score"": -5.2779083}"
2026-02-10T19:43:53+00:00,CORTEX_DB.RAW.CAT_GAMES_SVC_1_5,default,"a game where you are a cat and wreck things in a house (first-person), knocking objects over, sandbox","a game where you are a cat and wreck things in a house (first-person), knocking objects over, sandbox",[],,False,,,,keyword_focus,0.75,10,100,0,1023,1023,,01c2535f-0005-0843-0001-397a0006d2de,,36,36,,5e-06,5e-06,,5e-06,,,,,[],[],[],[],[],[],,,,,,,True,False,[],[],,,,[],[],,,,6,Messy Up,0.7861591,2024,English;French;German;Italian;Japanese;Korean;Portuguese - Brazil;Russian;Simplified Chinese;Traditional Chinese,Co-op;Custom Volume Controls;Family Sharing;LAN Co-op;LAN PvP;Multi-player;Online Co-op;Online PvP;Partial Controller Support;Playable without Timed Input;PvP;Remote Play Together;Save Anytime;Shared/Split Screen;Shared/Split Screen Co-op;Shared/Split Screen PvP;Single-player;Steam Achievements;Steam Cloud;Steam Trading Cards,Action;Casual;Indie;RPG;Simulation,3D;Cartoony;Casual;Co-op;Cute;Family Friendly;Funny;Indie;Local Multiplayer;Online Co-Op;Party;Party Game;Physics;PvP;RPG;Relaxing;Simulation;Singleplayer;Stylized;Top-Down,"'Messy UP' is a cute pet collaboration game featuring cats and dogs~ Due to the owner's busy life after graduation and starting work, there is less time to spend with the pets. The pets plan to create a big mess at home to grab the owner's attention and encourage them to spend more time together. After all, what mischief could a little dog possibly have in mind? Take on the role of cats and dogs and go wild, wreaking havoc at home! Each pet possesses unique abilities and skills, with various typ","{""text_match"": 0.0065502096, ""cosine_similarity"": 0.5723182, ""reranker_score"": -6.2458673}"
2026-02-10T19:43:53+00:00,CORTEX_DB.RAW.CAT_GAMES_SVC_1_5,default,"a game where you are a cat and wreck things in a house (first-person), knocking objects over, sandbox","a game where you are a cat and wreck things in a house (first-person), knocking objects over, sandbox",[],,False,,,,keyword_focus,0.75,10,100,0,1023,1023,,01c2535f-0005-0843-0001-397a0006d2de,,36,36,,5e-06,5e-06,,5e-06,,,,,[],[],[],[],[],[],,,,,,,True,False,[],[],,,,[],[],,,,7,Bad Cat,0.784487875,2022,English;Russian;Simplified Chinese,Family Sharing;Full controller support;Single-player;Steam Achievements,Adventure;Casual;Indie,2.5D;2D Fighter;Adventure;Cartoon;Casual;Cats;Comedy;Comic Book;Cute;Dark Comedy;Dark Humor;Exploration;Family Friendly;Funny;Idler;Indie;Point & Click;Puzzle;Singleplayer;Stealth,"There are many different burgers in the world: a bacon burger, a chicken burger, a royal burger. But there is also a cat named Burger , and this guy is definitely too tough for you. Burger is a real menace of the neighborhood. Be careful! He is going to prove it again! The former tenants could not stand it and sold the house. And the new ones have no idea what they have to face! In the game Cat Burger you play as a cat whose task is to terrify the neighbors. In each level, you will need to figur","{""text_match"": 0.0049751014, ""cosine_similarity"": 0.56897575, ""reranker_score"": -6.0816927}"
2026-02-10T19:43:53+00:00,CORTEX_DB.RAW.CAT_GAMES_SVC_1_5,default,"a game where you are a cat and wreck things in a house (first-person), knocking objects over, sandbox","a game where you are a cat and wreck things in a house (first-person), knocking objects over, sandbox",[],,False,,,,keyword_focus,0.75,10,100,0,1023,1023,,01c2535f-0005-0843-0001-397a0006d2de,,36,36,,5e-06,5e-06,,5e-06,,,,,[],[],[],[],[],[],,,,,,,True,False,[],[],,,,[],[],,,,8,Cats are Liquid - A Better Place,0.77985403,2019,English;Finnish;French;German;Spanish - Spain,Family Sharing;Includes level editor;Partial Controller Support;Single-player;Steam Achievements;Steam Cloud;Steam Workshop,Adventure;Indie,2D;Adventure;Cats;Female Protagonist;Indie;Platformer;Psychological Horror;Singleplayer;Story Rich,"A better place. Made just for us. Cats are Liquid - A Better Place is a 2D platformer about a liquid cat and her friends. You play as the cat, in a place created just for you and your friends. You get to go on a nice adventure with them where nothing goes wrong and everything is perfect, as long as your friends stay there, right by your side. Over the course of the game, you get to explore 120 rooms and discover new abilities like the hookshot and light burst. You can also create your own worlds","{""text_match"": 0.012749586, ""cosine_similarity"": 0.55970806, ""reranker_score"": -6.1080265}"
2026-02-10T19:43:53+00:00,CORTEX_DB.RAW.CAT_GAMES_SVC_1_5,default,"a game where you are a cat and wreck things in a house (first-person), knocking objects over, sandbox","a game where you are a cat and wreck things in a house (first-person), knocking objects over, sandbox",[],,False,,,,keyword_focus,0.75,10,100,0,1023,1023,,01c2535f-0005-0843-0001-397a0006d2de,,36,36,,5e-06,5e-06,,5e-06,,,,,[],[],[],[],[],[],,,,,,,True,False,[],[],,,,[],[],,,,9,The Stray Cat,0.77704335,2018,English,Single-player;Tracked Controller Support;VR Only,Action;Casual;Free To Play;Indie;Simulation;Sports,Action;Casual;Free to Play;Indie;Simulation;Sports;VR,"Made by Student of Higher Diploma in Transmedia, Hong Kong Design Institute A hungry stray cat, risking his life to eat fish Can you help it... or look at it? This is a VR (Virtual Reality) game In the game you will be in a residential area and meet a starving stray cat It does not care for anything, only to eat the fish in front of it The residents of that household do not seem to like it and keep flying to attack it You can pick up objects to fight against stray cats to protect stray cats Or w","{""text_match"": 0.0022054058, ""cosine_similarity"": 0.5540867, ""reranker_score"": -6.0524197}"
2026-02-10T19:43:53+00:00,CORTEX_DB.RAW.CAT_GAMES_SVC_1_5,default,"a game where you are a cat and wreck things in a house (first-person), knocking objects over, sandbox","a game where you are a cat and wreck things in a house (first-person), knocking objects over, sandbox",[],,False,,,,keyword_focus,0.75,10,100,0,1023,1023,,01c2535f-0005-0843-0001-397a0006d2de,,36,36,,5e-06,5e-06,,5e-06,,,,,[],[],[],[],[],[],,,,,,,True,False,[],[],,,,[],[],,,,10,nekowater,0.776055785,2023,English;Japanese;Russian;Simplified Chinese,Family Sharing;Remote Play Together;Single-player;Steam Achievements;Steam Cloud,Adventure;Casual;Indie,3D;3D Platformer;Action-Adventure;Adventure;Atmospheric;Casual;Cats;Conversation;Cute;Exploration;First-Person;Hidden Object;Indie;Multiple Endings;Relaxing;Singleplayer;Story Rich;Walking Simulator,"◆ Story You are a cat. Once, you lived in a place where small houses lined the shore, facing the advancing sea level rise. One day, a big wave swept away various things, and many were lost. This place may be just a memory, a place of memories. The witch, looking bored, waits for the cat's return. ◆ Game Introduction 'Nekowater' is an adventure game where you explore the map, interact with characters, and progress through the game. ◆ Features - Control the game from a cat's low perspective. - Eng","{""text_match"": 0.02489285, ""cosine_similarity"": 0.55211157, ""reranker_score"": -6.045827}"
2026-02-10T19:43:55+00:00,CORTEX_DB.RAW.CAT_GAMES_SVC_1_5,default,"a game where you are a cat and wreck things in a house (first-person), knocking objects over, sandbox","a game where you are a cat and wreck things in a house (first-person), knocking objects over, sandbox",[],,False,,,,semantic_focus,0.3,10,100,0,1071,1071,,01c2535f-0005-0843-0001-397a0006d2e6,,36,36,,5e-06,5e-06,,5e-06,,,,,[],[],[],[],[],[],,,,,,,True,False,[],[],,,,[],[],,,,1,Catlateral Damage: Remeowstered,0.8062138,2021,English;French;German;Italian;Japanese;Korean;Portuguese - Brazil;Russian;Simplified Chinese;Spanish - Spain,Camera Comfort;Color Alternatives;Custom Volume Controls;Family Sharing;Full controller support;Playable without Timed Input;Remote Play on TV;Single-player;Stats;Steam Achievements;Steam Cloud;Steam Trading Cards,Action;Adventure;Casual;Indie;Simulation,Action;Action-Adventure;Casual;Cats;Collectathon;Colorful;Comedy;Cute;Destruction;Exploration;Family Friendly;First-Person;Funny;Indie;Physics;Procedural Generation;Relaxing;Sandbox;Simulation;Singleplayer,"Catlateral Damage: Remeowstered is the definitive edition of your favorite destructive cat simulator, where you play as a house cat on a rampage and do all that fun stuff your owner hates! See the world through the eyes of a cat! Run around the house, topple neatly organized books, shatter vases, meow at nothing, tear up curtains, nap in obscure places, and more! Complete objectives, explore procedurally generated levels, or just relax in sandbox mode to unlock a clowder of cat friends and speci","{""text_match"": 0.03077473, ""cosine_similarity"": 0.6124276, ""reranker_score"": -3.042966}"
2026-02-10T19:43:55+00:00,CORTEX_DB.RAW.CAT_GAMES_SVC_1_5,default,"a game where you are a cat and wreck things in a house (first-person), knocking objects over, sandbox","a game where you are a cat and wreck things in a house (first-person), knocking objects over, sandbox",[],,False,,,,semantic_focus,0.3,10,100,0,1071,1071,,01c2535f-0005-0843-0001-397a0006d2e6,,36,36,,5e-06,5e-06,,5e-06,,,,,[],[],[],[],[],[],,,,,,,True,False,[],[],,,,[],[],,,,2,Curse That Magic Cat!,0.7768914,2021,English;French;Simplified Chinese;Traditional Chinese,Full controller support;Single-player;Steam Achievements,Casual;Simulation,3D;3D Platformer;Arcade;Cartoony;Casual;Cats;Character Customization;Colorful;Comedy;Cute;Destruction;Family Friendly;Funny;Magic;Platformer;Relaxing;Simulation;Singleplayer;Stealth;Third Person,"Curse That Magic Cat! is a lighthearted, single-player game in which you have been cursed and turned into a cat. Explore the mansion of Magnus the Wizard, collecting three spell books in each level in order to escape. Along the way, take your revenge by breaking the wizard's belongings, stealing and using his potions, and ducking under furniture to watch Magnus search for you in vain! Key Features: Magnus the Wizard, an AI opponent (whom you hate) to challenge you. Six levels in which to unleash","{""text_match"": 0.0018245834, ""cosine_similarity"": 0.5537828, ""reranker_score"": -3.6897702}"
2026-02-10T19:43:55+00:00,CORTEX_DB.RAW.CAT_GAMES_SVC_1_5,default,"a game where you are a cat and wreck things in a house (first-person), knocking objects over, sandbox","a game where you are a cat and wreck things in a house (first-person), knocking objects over, sandbox",[],,False,,,,semantic_focus,0.3,10,100,0,1071,1071,,01c2535f-0005-0843-0001-397a0006d2e6,,36,36,,5e-06,5e-06,,5e-06,,,,,[],[],[],[],[],[],,,,,,,True,False,[],[],,,,[],[],,,,3,Kitty's Last Adventure,0.788817885,2025,English;French,Family Sharing;Full controller support;Single-player;Steam Achievements;Steam Cloud,Action;Casual,2D;Action;Action Roguelike;Arcade;Arena Shooter;Bullet Hell;Casual;Cats;Combat;Controller;Cute;Early Access;Funny;Procedural Generation;PvE;Rogue-like;Rogue-lite;Shooter;Singleplayer;Top-Down Shooter,"Play as Kitty or her friends and survive the wave of cat nightmares in this roguelite survivor. The cat automatically throws its toys at enemies; all you have to do is control its path! As you progress, you'll unlock an array of hilarious yet powerful cat-based weaponry that evolves with you. Each weapon starts as a playful toy and transforms into more impressive and dangerous forms. Each weapon you acquire is associated with one or more families, each offering distinct bonuses that amplify with","{""text_match"": 0.0076268055, ""cosine_similarity"": 0.57763577, ""reranker_score"": -6.005237}"
2026-02-10T19:43:55+00:00,CORTEX_DB.RAW.CAT_GAMES_SVC_1_5,default,"a game where you are a cat and wreck things in a house (first-person), knocking objects over, sandbox","a game where you are a cat and wreck things in a house (first-person), knocking objects over, sandbox",[],,False,,,,semantic_focus,0.3,10,100,0,1071,1071,,01c2535f-0005-0843-0001-397a0006d2e6,,36,36,,5e-06,5e-06,,5e-06,,,,,[],[],[],[],[],[],,,,,,,True,False,[],[],,,,[],[],,,,4,Heist Kitty: Multiplayer Cat Simulator Game,0.78972945,2023,English;Japanese,Co-op;Family Sharing;LAN Co-op;Multi-player;Online Co-op;Partial Controller Support;Single-player,Action;Adventure;Casual;Indie;RPG;Racing;Simulation,Action;Adventure;Automobile Sim;Casual;Cats;Co-op;Cute;Exploration;Family Friendly;Funny;Multiplayer;Online Co-Op;Physics;RPG;Racing;Sandbox;Simulation;Singleplayer;Story Rich;Third Person,"An open-world sand-box game where you play as a cat, defying the rules and causing mayhem. Climb, scratch, and pounce your way through the cityscape filled with playful challenges and hidden secrets. Customise your cat, team up with friends and let the adventure begin! Multiplayer Cat Chaos Take your chaos to new heights as you collaborate on the city streets. Hijack cars, cause explosive distractions, and equip a variety of weapons to create the ultimate cat caper. Show off your agile moves wit","{""text_match"": 0.011525963, ""cosine_similarity"": 0.5794589, ""reranker_score"": -6.126096}"
2026-02-10T19:43:55+00:00,CORTEX_DB.RAW.CAT_GAMES_SVC_1_5,default,"a game where you are a cat and wreck things in a house (first-person), knocking objects over, sandbox","a game where you are a cat and wreck things in a house (first-person), knocking objects over, sandbox",[],,False,,,,semantic_focus,0.3,10,100,0,1071,1071,,01c2535f-0005-0843-0001-397a0006d2e6,,36,36,,5e-06,5e-06,,5e-06,,,,,[],[],[],[],[],[],,,,,,,True,False,[],[],,,,[],[],,,,5,Fisti-Fluffs,0.77673948,2021,English;French;German;Italian;Japanese;Korean;Polish;Portuguese - Brazil;Russian;Simplified Chinese;Spanish - Latin America,Family Sharing;Full controller support;Multi-player;PvP;Remote Play Together;Shared/Split Screen;Shared/Split Screen PvP;Single-player;Steam Achievements,Action;Casual;Indie;Simulation;Sports,Action;Arcade;Battle Royale;Beat 'em up;Cartoon;Cartoony;Casual;Cats;Colorful;Cute;Destruction;Dog;Family Friendly;Fighting;Funny;Hand-drawn;Memes;Simulation;Sports;Stylized,"With no humans in sight, the cats are bored—and you know what that means? That’s right. It’s time to tussle! Pounce, hiss, flail, and claw your way through the kitty kingdom to prove your wobbly cat “is best cat.” Fisti-Fluffs is an adorable (and yes, ridiculous) physics-based party game where you tussle with other cats and destroy the environments in frenetic over-the-top battles. Of course, you can play alone, but it’s even better with friends. So get your claws out and prepare for some kitty ","{""text_match"": 0.008114107, ""cosine_similarity"": 0.55347896, ""reranker_score"": -5.2779083}"
2026-02-10T19:43:55+00:00,CORTEX_DB.RAW.CAT_GAMES_SVC_1_5,default,"a game where you are a cat and wreck things in a house (first-person), knocking objects over, sandbox","a game where you are a cat and wreck things in a house (first-person), knocking objects over, sandbox",[],,False,,,,semantic_focus,0.3,10,100,0,1071,1071,,01c2535f-0005-0843-0001-397a0006d2e6,,36,36,,5e-06,5e-06,,5e-06,,,,,[],[],[],[],[],[],,,,,,,True,False,[],[],,,,[],[],,,,6,Messy Up,0.7861591,2024,English;French;German;Italian;Japanese;Korean;Portuguese - Brazil;Russian;Simplified Chinese;Traditional Chinese,Co-op;Custom Volume Controls;Family Sharing;LAN Co-op;LAN PvP;Multi-player;Online Co-op;Online PvP;Partial Controller Support;Playable without Timed Input;PvP;Remote Play Together;Save Anytime;Shared/Split Screen;Shared/Split Screen Co-op;Shared/Split Screen PvP;Single-player;Steam Achievements;Steam Cloud;Steam Trading Cards,Action;Casual;Indie;RPG;Simulation,3D;Cartoony;Casual;Co-op;Cute;Family Friendly;Funny;Indie;Local Multiplayer;Online Co-Op;Party;Party Game;Physics;PvP;RPG;Relaxing;Simulation;Singleplayer;Stylized;Top-Down,"'Messy UP' is a cute pet collaboration game featuring cats and dogs~ Due to the owner's busy life after graduation and starting work, there is less time to spend with the pets. The pets plan to create a big mess at home to grab the owner's attention and encourage them to spend more time together. After all, what mischief could a little dog possibly have in mind? Take on the role of cats and dogs and go wild, wreaking havoc at home! Each pet possesses unique abilities and skills, with various typ","{""text_match"": 0.0065502096, ""cosine_similarity"": 0.5723182, ""reranker_score"": -6.2458673}"
2026-02-10T19:43:55+00:00,CORTEX_DB.RAW.CAT_GAMES_SVC_1_5,default,"a game where you are a cat and wreck things in a house (first-person), knocking objects over, sandbox","a game where you are a cat and wreck things in a house (first-person), knocking objects over, sandbox",[],,False,,,,semantic_focus,0.3,10,100,0,1071,1071,,01c2535f-0005-0843-0001-397a0006d2e6,,36,36,,5e-06,5e-06,,5e-06,,,,,[],[],[],[],[],[],,,,,,,True,False,[],[],,,,[],[],,,,7,Bad Cat,0.784487875,2022,English;Russian;Simplified Chinese,Family Sharing;Full controller support;Single-player;Steam Achievements,Adventure;Casual;Indie,2.5D;2D Fighter;Adventure;Cartoon;Casual;Cats;Comedy;Comic Book;Cute;Dark Comedy;Dark Humor;Exploration;Family Friendly;Funny;Idler;Indie;Point & Click;Puzzle;Singleplayer;Stealth,"There are many different burgers in the world: a bacon burger, a chicken burger, a royal burger. But there is also a cat named Burger , and this guy is definitely too tough for you. Burger is a real menace of the neighborhood. Be careful! He is going to prove it again! The former tenants could not stand it and sold the house. And the new ones have no idea what they have to face! In the game Cat Burger you play as a cat whose task is to terrify the neighbors. In each level, you will need to figur","{""text_match"": 0.0049751014, ""cosine_similarity"": 0.56897575, ""reranker_score"": -6.0816927}"
2026-02-10T19:43:55+00:00,CORTEX_DB.RAW.CAT_GAMES_SVC_1_5,default,"a game where you are a cat and wreck things in a house (first-person), knocking objects over, sandbox","a game where you are a cat and wreck things in a house (first-person), knocking objects over, sandbox",[],,False,,,,semantic_focus,0.3,10,100,0,1071,1071,,01c2535f-0005-0843-0001-397a0006d2e6,,36,36,,5e-06,5e-06,,5e-06,,,,,[],[],[],[],[],[],,,,,,,True,False,[],[],,,,[],[],,,,8,Cats are Liquid - A Better Place,0.77985403,2019,English;Finnish;French;German;Spanish - Spain,Family Sharing;Includes level editor;Partial Controller Support;Single-player;Steam Achievements;Steam Cloud;Steam Workshop,Adventure;Indie,2D;Adventure;Cats;Female Protagonist;Indie;Platformer;Psychological Horror;Singleplayer;Story Rich,"A better place. Made just for us. Cats are Liquid - A Better Place is a 2D platformer about a liquid cat and her friends. You play as the cat, in a place created just for you and your friends. You get to go on a nice adventure with them where nothing goes wrong and everything is perfect, as long as your friends stay there, right by your side. Over the course of the game, you get to explore 120 rooms and discover new abilities like the hookshot and light burst. You can also create your own worlds","{""text_match"": 0.012749586, ""cosine_similarity"": 0.55970806, ""reranker_score"": -6.1080265}"
2026-02-10T19:43:55+00:00,CORTEX_DB.RAW.CAT_GAMES_SVC_1_5,default,"a game where you are a cat and wreck things in a house (first-person), knocking objects over, sandbox","a game where you are a cat and wreck things in a house (first-person), knocking objects over, sandbox",[],,False,,,,semantic_focus,0.3,10,100,0,1071,1071,,01c2535f-0005-0843-0001-397a0006d2e6,,36,36,,5e-06,5e-06,,5e-06,,,,,[],[],[],[],[],[],,,,,,,True,False,[],[],,,,[],[],,,,9,The Stray Cat,0.77704335,2018,English,Single-player;Tracked Controller Support;VR Only,Action;Casual;Free To Play;Indie;Simulation;Sports,Action;Casual;Free to Play;Indie;Simulation;Sports;VR,"Made by Student of Higher Diploma in Transmedia, Hong Kong Design Institute A hungry stray cat, risking his life to eat fish Can you help it... or look at it? This is a VR (Virtual Reality) game In the game you will be in a residential area and meet a starving stray cat It does not care for anything, only to eat the fish in front of it The residents of that household do not seem to like it and keep flying to attack it You can pick up objects to fight against stray cats to protect stray cats Or w","{""text_match"": 0.0022054058, ""cosine_similarity"": 0.5540867, ""reranker_score"": -6.0524197}"
2026-02-10T19:43:55+00:00,CORTEX_DB.RAW.CAT_GAMES_SVC_1_5,default,"a game where you are a cat and wreck things in a house (first-person), knocking objects over, sandbox","a game where you are a cat and wreck things in a house (first-person), knocking objects over, sandbox",[],,False,,,,semantic_focus,0.3,10,100,0,1071,1071,,01c2535f-0005-0843-0001-397a0006d2e6,,36,36,,5e-06,5e-06,,5e-06,,,,,[],[],[],[],[],[],,,,,,,True,False,[],[],,,,[],[],,,,10,nekowater,0.776055785,2023,English;Japanese;Russian;Simplified Chinese,Family Sharing;Remote Play Together;Single-player;Steam Achievements;Steam Cloud,Adventure;Casual;Indie,3D;3D Platformer;Action-Adventure;Adventure;Atmospheric;Casual;Cats;Conversation;Cute;Exploration;First-Person;Hidden Object;Indie;Multiple Endings;Relaxing;Singleplayer;Story Rich;Walking Simulator,"◆ Story You are a cat. Once, you lived in a place where small houses lined the shore, facing the advancing sea level rise. One day, a big wave swept away various things, and many were lost. This place may be just a memory, a place of memories. The witch, looking bored, waits for the cat's return. ◆ Game Introduction 'Nekowater' is an adventure game where you explore the map, interact with characters, and progress through the game. ◆ Features - Control the game from a cat's low perspective. - Eng","{""text_match"": 0.02489285, ""cosine_similarity"": 0.55211157, ""reranker_score"": -6.045827}"
2026-02-10T19:43:56+00:00,CORTEX_DB.RAW.CAT_GAMES_SVC_1_5,default,"a game where you are a cat and wreck things in a house (first-person), knocking objects over, sandbox","a game where you are a cat and wreck things in a house (first-person), knocking objects over, sandbox",[],,False,,,,semantic_focus,0.65,10,100,0,984,984,,01c2535f-0005-0846-0001-397a0006e01a,,36,36,,5e-06,5e-06,,5e-06,,,,,[],[],[],[],[],[],,,,,,,True,False,[],[],,,,[],[],,,,1,Catlateral Damage: Remeowstered,0.8062138,2021,English;French;German;Italian;Japanese;Korean;Portuguese - Brazil;Russian;Simplified Chinese;Spanish - Spain,Camera Comfort;Color Alternatives;Custom Volume Controls;Family Sharing;Full controller support;Playable without Timed Input;Remote Play on TV;Single-player;Stats;Steam Achievements;Steam Cloud;Steam Trading Cards,Action;Adventure;Casual;Indie;Simulation,Action;Action-Adventure;Casual;Cats;Collectathon;Colorful;Comedy;Cute;Destruction;Exploration;Family Friendly;First-Person;Funny;Indie;Physics;Procedural Generation;Relaxing;Sandbox;Simulation;Singleplayer,"Catlateral Damage: Remeowstered is the definitive edition of your favorite destructive cat simulator, where you play as a house cat on a rampage and do all that fun stuff your owner hates! See the world through the eyes of a cat! Run around the house, topple neatly organized books, shatter vases, meow at nothing, tear up curtains, nap in obscure places, and more! Complete objectives, explore procedurally generated levels, or just relax in sandbox mode to unlock a clowder of cat friends and speci","{""text_match"": 0.03077473, ""cosine_similarity"": 0.6124276, ""reranker_score"": -3.042966}"
2026-02-10T19:43:56+00:00,CORTEX_DB.RAW.CAT_GAMES_SVC_1_5,default,"a game where you are a cat and wreck things in a house (first-person), knocking objects over, sandbox","a game where you are a cat and wreck things in a house (first-person), knocking objects over, sandbox",[],,False,,,,semantic_focus,0.65,10,100,0,984,984,,01c2535f-0005-0846-0001-397a0006e01a,,36,36,,5e-06,5e-06,,5e-06,,,,,[],[],[],[],[],[],,,,,,,True,False,[],[],,,,[],[],,,,2,Curse That Magic Cat!,0.7768914,2021,English;French;Simplified Chinese;Traditional Chinese,Full controller support;Single-player;Steam Achievements,Casual;Simulation,3D;3D Platformer;Arcade;Cartoony;Casual;Cats;Character Customization;Colorful;Comedy;Cute;Destruction;Family Friendly;Funny;Magic;Platformer;Relaxing;Simulation;Singleplayer;Stealth;Third Person,"Curse That Magic Cat! is a lighthearted, single-player game in which you have been cursed and turned into a cat. Explore the mansion of Magnus the Wizard, collecting three spell books in each level in order to escape. Along the way, take your revenge by breaking the wizard's belongings, stealing and using his potions, and ducking under furniture to watch Magnus search for you in vain! Key Features: Magnus the Wizard, an AI opponent (whom you hate) to challenge you. Six levels in which to unleash","{""text_match"": 0.0018245834, ""cosine_similarity"": 0.5537828, ""reranker_score"": -3.6897702}"
2026-02-10T19:43:56+00:00,CORTEX_DB.RAW.CAT_GAMES_SVC_1_5,default,"a game where you are a cat and wreck things in a house (first-person), knocking objects over, sandbox","a game where you are a cat and wreck things in a house (first-person), knocking objects over, sandbox",[],,False,,,,semantic_focus,0.65,10,100,0,984,984,,01c2535f-0005-0846-0001-397a0006e01a,,36,36,,5e-06,5e-06,,5e-06,,,,,[],[],[],[],[],[],,,,,,,True,False,[],[],,,,[],[],,,,3,Kitty's Last Adventure,0.788817885,2025,English;French,Family Sharing;Full controller support;Single-player;Steam Achievements;Steam Cloud,Action;Casual,2D;Action;Action Roguelike;Arcade;Arena Shooter;Bullet Hell;Casual;Cats;Combat;Controller;Cute;Early Access;Funny;Procedural Generation;PvE;Rogue-like;Rogue-lite;Shooter;Singleplayer;Top-Down Shooter,"Play as Kitty or her friends and survive the wave of cat nightmares in this roguelite survivor. The cat automatically throws its toys at enemies; all you have to do is control its path! As you progress, you'll unlock an array of hilarious yet powerful cat-based weaponry that evolves with you. Each weapon starts as a playful toy and transforms into more impressive and dangerous forms. Each weapon you acquire is associated with one or more families, each offering distinct bonuses that amplify with","{""text_match"": 0.0076268055, ""cosine_similarity"": 0.57763577, ""reranker_score"": -6.005237}"
2026-02-10T19:43:56+00:00,CORTEX_DB.RAW.CAT_GAMES_SVC_1_5,default,"a game where you are a cat and wreck things in a house (first-person), knocking objects over, sandbox","a game where you are a cat and wreck things in a house (first-person), knocking objects over, sandbox",[],,False,,,,semantic_focus,0.65,10,100,0,984,984,,01c2535f-0005-0846-0001-397a0006e01a,,36,36,,5e-06,5e-06,,5e-06,,,,,[],[],[],[],[],[],,,,,,,True,False,[],[],,,,[],[],,,,4,Heist Kitty: Multiplayer Cat Simulator Game,0.78972945,2023,English;Japanese,Co-op;Family Sharing;LAN Co-op;Multi-player;Online Co-op;Partial Controller Support;Single-player,Action;Adventure;Casual;Indie;RPG;Racing;Simulation,Action;Adventure;Automobile Sim;Casual;Cats;Co-op;Cute;Exploration;Family Friendly;Funny;Multiplayer;Online Co-Op;Physics;RPG;Racing;Sandbox;Simulation;Singleplayer;Story Rich;Third Person,"An open-world sand-box game where you play as a cat, defying the rules and causing mayhem. Climb, scratch, and pounce your way through the cityscape filled with playful challenges and hidden secrets. Customise your cat, team up with friends and let the adventure begin! Multiplayer Cat Chaos Take your chaos to new heights as you collaborate on the city streets. Hijack cars, cause explosive distractions, and equip a variety of weapons to create the ultimate cat caper. Show off your agile moves wit","{""text_match"": 0.011525963, ""cosine_similarity"": 0.5794589, ""reranker_score"": -6.126096}"
2026-02-10T19:43:56+00:00,CORTEX_DB.RAW.CAT_GAMES_SVC_1_5,default,"a game where you are a cat and wreck things in a house (first-person), knocking objects over, sandbox","a game where you are a cat and wreck things in a house (first-person), knocking objects over, sandbox",[],,False,,,,semantic_focus,0.65,10,100,0,984,984,,01c2535f-0005-0846-0001-397a0006e01a,,36,36,,5e-06,5e-06,,5e-06,,,,,[],[],[],[],[],[],,,,,,,True,False,[],[],,,,[],[],,,,5,Fisti-Fluffs,0.77673948,2021,English;French;German;Italian;Japanese;Korean;Polish;Portuguese - Brazil;Russian;Simplified Chinese;Spanish - Latin America,Family Sharing;Full controller support;Multi-player;PvP;Remote Play Together;Shared/Split Screen;Shared/Split Screen PvP;Single-player;Steam Achievements,Action;Casual;Indie;Simulation;Sports,Action;Arcade;Battle Royale;Beat 'em up;Cartoon;Cartoony;Casual;Cats;Colorful;Cute;Destruction;Dog;Family Friendly;Fighting;Funny;Hand-drawn;Memes;Simulation;Sports;Stylized,"With no humans in sight, the cats are bored—and you know what that means? That’s right. It’s time to tussle! Pounce, hiss, flail, and claw your way through the kitty kingdom to prove your wobbly cat “is best cat.” Fisti-Fluffs is an adorable (and yes, ridiculous) physics-based party game where you tussle with other cats and destroy the environments in frenetic over-the-top battles. Of course, you can play alone, but it’s even better with friends. So get your claws out and prepare for some kitty ","{""text_match"": 0.008114107, ""cosine_similarity"": 0.55347896, ""reranker_score"": -5.2779083}"
2026-02-10T19:43:56+00:00,CORTEX_DB.RAW.CAT_GAMES_SVC_1_5,default,"a game where you are a cat and wreck things in a house (first-person), knocking objects over, sandbox","a game where you are a cat and wreck things in a house (first-person), knocking objects over, sandbox",[],,False,,,,semantic_focus,0.65,10,100,0,984,984,,01c2535f-0005-0846-0001-397a0006e01a,,36,36,,5e-06,5e-06,,5e-06,,,,,[],[],[],[],[],[],,,,,,,True,False,[],[],,,,[],[],,,,6,Messy Up,0.7861591,2024,English;French;German;Italian;Japanese;Korean;Portuguese - Brazil;Russian;Simplified Chinese;Traditional Chinese,Co-op;Custom Volume Controls;Family Sharing;LAN Co-op;LAN PvP;Multi-player;Online Co-op;Online PvP;Partial Controller Support;Playable without Timed Input;PvP;Remote Play Together;Save Anytime;Shared/Split Screen;Shared/Split Screen Co-op;Shared/Split Screen PvP;Single-player;Steam Achievements;Steam Cloud;Steam Trading Cards,Action;Casual;Indie;RPG;Simulation,3D;Cartoony;Casual;Co-op;Cute;Family Friendly;Funny;Indie;Local Multiplayer;Online Co-Op;Party;Party Game;Physics;PvP;RPG;Relaxing;Simulation;Singleplayer;Stylized;Top-Down,"'Messy UP' is a cute pet collaboration game featuring cats and dogs~ Due to the owner's busy life after graduation and starting work, there is less time to spend with the pets. The pets plan to create a big mess at home to grab the owner's attention and encourage them to spend more time together. After all, what mischief could a little dog possibly have in mind? Take on the role of cats and dogs and go wild, wreaking havoc at home! Each pet possesses unique abilities and skills, with various typ","{""text_match"": 0.0065502096, ""cosine_similarity"": 0.5723182, ""reranker_score"": -6.2458673}"
2026-02-10T19:43:56+00:00,CORTEX_DB.RAW.CAT_GAMES_SVC_1_5,default,"a game where you are a cat and wreck things in a house (first-person), knocking objects over, sandbox","a game where you are a cat and wreck things in a house (first-person), knocking objects over, sandbox",[],,False,,,,semantic_focus,0.65,10,100,0,984,984,,01c2535f-0005-0846-0001-397a0006e01a,,36,36,,5e-06,5e-06,,5e-06,,,,,[],[],[],[],[],[],,,,,,,True,False,[],[],,,,[],[],,,,7,Bad Cat,0.784487875,2022,English;Russian;Simplified Chinese,Family Sharing;Full controller support;Single-player;Steam Achievements,Adventure;Casual;Indie,2.5D;2D Fighter;Adventure;Cartoon;Casual;Cats;Comedy;Comic Book;Cute;Dark Comedy;Dark Humor;Exploration;Family Friendly;Funny;Idler;Indie;Point & Click;Puzzle;Singleplayer;Stealth,"There are many different burgers in the world: a bacon burger, a chicken burger, a royal burger. But there is also a cat named Burger , and this guy is definitely too tough for you. Burger is a real menace of the neighborhood. Be careful! He is going to prove it again! The former tenants could not stand it and sold the house. And the new ones have no idea what they have to face! In the game Cat Burger you play as a cat whose task is to terrify the neighbors. In each level, you will need to figur","{""text_match"": 0.0049751014, ""cosine_similarity"": 0.56897575, ""reranker_score"": -6.0816927}"
2026-02-10T19:43:56+00:00,CORTEX_DB.RAW.CAT_GAMES_SVC_1_5,default,"a game where you are a cat and wreck things in a house (first-person), knocking objects over, sandbox","a game where you are a cat and wreck things in a house (first-person), knocking objects over, sandbox",[],,False,,,,semantic_focus,0.65,10,100,0,984,984,,01c2535f-0005-0846-0001-397a0006e01a,,36,36,,5e-06,5e-06,,5e-06,,,,,[],[],[],[],[],[],,,,,,,True,False,[],[],,,,[],[],,,,8,Cats are Liquid - A Better Place,0.77985403,2019,English;Finnish;French;German;Spanish - Spain,Family Sharing;Includes level editor;Partial Controller Support;Single-player;Steam Achievements;Steam Cloud;Steam Workshop,Adventure;Indie,2D;Adventure;Cats;Female Protagonist;Indie;Platformer;Psychological Horror;Singleplayer;Story Rich,"A better place. Made just for us. Cats are Liquid - A Better Place is a 2D platformer about a liquid cat and her friends. You play as the cat, in a place created just for you and your friends. You get to go on a nice adventure with them where nothing goes wrong and everything is perfect, as long as your friends stay there, right by your side. Over the course of the game, you get to explore 120 rooms and discover new abilities like the hookshot and light burst. You can also create your own worlds","{""text_match"": 0.012749586, ""cosine_similarity"": 0.55970806, ""reranker_score"": -6.1080265}"
2026-02-10T19:43:56+00:00,CORTEX_DB.RAW.CAT_GAMES_SVC_1_5,default,"a game where you are a cat and wreck things in a house (first-person), knocking objects over, sandbox","a game where you are a cat and wreck things in a house (first-person), knocking objects over, sandbox",[],,False,,,,semantic_focus,0.65,10,100,0,984,984,,01c2535f-0005-0846-0001-397a0006e01a,,36,36,,5e-06,5e-06,,5e-06,,,,,[],[],[],[],[],[],,,,,,,True,False,[],[],,,,[],[],,,,9,The Stray Cat,0.77704335,2018,English,Single-player;Tracked Controller Support;VR Only,Action;Casual;Free To Play;Indie;Simulation;Sports,Action;Casual;Free to Play;Indie;Simulation;Sports;VR,"Made by Student of Higher Diploma in Transmedia, Hong Kong Design Institute A hungry stray cat, risking his life to eat fish Can you help it... or look at it? This is a VR (Virtual Reality) game In the game you will be in a residential area and meet a starving stray cat It does not care for anything, only to eat the fish in front of it The residents of that household do not seem to like it and keep flying to attack it You can pick up objects to fight against stray cats to protect stray cats Or w","{""text_match"": 0.0022054058, ""cosine_similarity"": 0.5540867, ""reranker_score"": -6.0524197}"
2026-02-10T19:43:56+00:00,CORTEX_DB.RAW.CAT_GAMES_SVC_1_5,default,"a game where you are a cat and wreck things in a house (first-person), knocking objects over, sandbox","a game where you are a cat and wreck things in a house (first-person), knocking objects over, sandbox",[],,False,,,,semantic_focus,0.65,10,100,0,984,984,,01c2535f-0005-0846-0001-397a0006e01a,,36,36,,5e-06,5e-06,,5e-06,,,,,[],[],[],[],[],[],,,,,,,True,False,[],[],,,,[],[],,,,10,nekowater,0.776055785,2023,English;Japanese;Russian;Simplified Chinese,Family Sharing;Remote Play Together;Single-player;Steam Achievements;Steam Cloud,Adventure;Casual;Indie,3D;3D Platformer;Action-Adventure;Adventure;Atmospheric;Casual;Cats;Conversation;Cute;Exploration;First-Person;Hidden Object;Indie;Multiple Endings;Relaxing;Singleplayer;Story Rich;Walking Simulator,"◆ Story You are a cat. Once, you lived in a place where small houses lined the shore, facing the advancing sea level rise. One day, a big wave swept away various things, and many were lost. This place may be just a memory, a place of memories. The witch, looking bored, waits for the cat's return. ◆ Game Introduction 'Nekowater' is an adventure game where you explore the map, interact with characters, and progress through the game. ◆ Features - Control the game from a cat's low perspective. - Eng","{""text_match"": 0.02489285, ""cosine_similarity"": 0.55211157, ""reranker_score"": -6.045827}"
2026-02-10T19:43:57+00:00,CORTEX_DB.RAW.CAT_GAMES_SVC_1_5,default,"a game where you are a cat and wreck things in a house (first-person), knocking objects over, sandbox","a game where you are a cat and wreck things in a house (first-person), knocking objects over, sandbox",[],,False,,,,semantic_focus,0.75,10,100,0,958,958,,01c2535f-0005-0847-0001-397a0006c336,,37,37,,6e-06,6e-06,,6e-06,,,,,[],[],[],[],[],[],,,,,,,True,False,[],[],,,,[],[],,,,1,Catlateral Damage: Remeowstered,0.8062138,2021,English;French;German;Italian;Japanese;Korean;Portuguese - Brazil;Russian;Simplified Chinese;Spanish - Spain,Camera Comfort;Color Alternatives;Custom Volume Controls;Family Sharing;Full controller support;Playable without Timed Input;Remote Play on TV;Single-player;Stats;Steam Achievements;Steam Cloud;Steam Trading Cards,Action;Adventure;Casual;Indie;Simulation,Action;Action-Adventure;Casual;Cats;Collectathon;Colorful;Comedy;Cute;Destruction;Exploration;Family Friendly;First-Person;Funny;Indie;Physics;Procedural Generation;Relaxing;Sandbox;Simulation;Singleplayer,"Catlateral Damage: Remeowstered is the definitive edition of your favorite destructive cat simulator, where you play as a house cat on a rampage and do all that fun stuff your owner hates! See the world through the eyes of a cat! Run around the house, topple neatly organized books, shatter vases, meow at nothing, tear up curtains, nap in obscure places, and more! Complete objectives, explore procedurally generated levels, or just relax in sandbox mode to unlock a clowder of cat friends and speci","{""text_match"": 0.03077473, ""cosine_similarity"": 0.6124276, ""reranker_score"": -3.042966}"
2026-02-10T19:43:57+00:00,CORTEX_DB.RAW.CAT_GAMES_SVC_1_5,default,"a game where you are a cat and wreck things in a house (first-person), knocking objects over, sandbox","a game where you are a cat and wreck things in a house (first-person), knocking objects over, sandbox",[],,False,,,,semantic_focus,0.75,10,100,0,958,958,,01c2535f-0005-0847-0001-397a0006c336,,37,37,,6e-06,6e-06,,6e-06,,,,,[],[],[],[],[],[],,,,,,,True,False,[],[],,,,[],[],,,,2,Curse That Magic Cat!,0.7768914,2021,English;French;Simplified Chinese;Traditional Chinese,Full controller support;Single-player;Steam Achievements,Casual;Simulation,3D;3D Platformer;Arcade;Cartoony;Casual;Cats;Character Customization;Colorful;Comedy;Cute;Destruction;Family Friendly;Funny;Magic;Platformer;Relaxing;Simulation;Singleplayer;Stealth;Third Person,"Curse That Magic Cat! is a lighthearted, single-player game in which you have been cursed and turned into a cat. Explore the mansion of Magnus the Wizard, collecting three spell books in each level in order to escape. Along the way, take your revenge by breaking the wizard's belongings, stealing and using his potions, and ducking under furniture to watch Magnus search for you in vain! Key Features: Magnus the Wizard, an AI opponent (whom you hate) to challenge you. Six levels in which to unleash","{""text_match"": 0.0018245834, ""cosine_similarity"": 0.5537828, ""reranker_score"": -3.6897702}"
2026-02-10T19:43:57+00:00,CORTEX_DB.RAW.CAT_GAMES_SVC_1_5,default,"a game where you are a cat and wreck things in a house (first-person), knocking objects over, sandbox","a game where you are a cat and wreck things in a house (first-person), knocking objects over, sandbox",[],,False,,,,semantic_focus,0.75,10,100,0,958,958,,01c2535f-0005-0847-0001-397a0006c336,,37,37,,6e-06,6e-06,,6e-06,,,,,[],[],[],[],[],[],,,,,,,True,False,[],[],,,,[],[],,,,3,Kitty's Last Adventure,0.788817885,2025,English;French,Family Sharing;Full controller support;Single-player;Steam Achievements;Steam Cloud,Action;Casual,2D;Action;Action Roguelike;Arcade;Arena Shooter;Bullet Hell;Casual;Cats;Combat;Controller;Cute;Early Access;Funny;Procedural Generation;PvE;Rogue-like;Rogue-lite;Shooter;Singleplayer;Top-Down Shooter,"Play as Kitty or her friends and survive the wave of cat nightmares in this roguelite survivor. The cat automatically throws its toys at enemies; all you have to do is control its path! As you progress, you'll unlock an array of hilarious yet powerful cat-based weaponry that evolves with you. Each weapon starts as a playful toy and transforms into more impressive and dangerous forms. Each weapon you acquire is associated with one or more families, each offering distinct bonuses that amplify with","{""text_match"": 0.0076268055, ""cosine_similarity"": 0.57763577, ""reranker_score"": -6.005237}"
2026-02-10T19:43:57+00:00,CORTEX_DB.RAW.CAT_GAMES_SVC_1_5,default,"a game where you are a cat and wreck things in a house (first-person), knocking objects over, sandbox","a game where you are a cat and wreck things in a house (first-person), knocking objects over, sandbox",[],,False,,,,semantic_focus,0.75,10,100,0,958,958,,01c2535f-0005-0847-0001-397a0006c336,,37,37,,6e-06,6e-06,,6e-06,,,,,[],[],[],[],[],[],,,,,,,True,False,[],[],,,,[],[],,,,4,Heist Kitty: Multiplayer Cat Simulator Game,0.78972945,2023,English;Japanese,Co-op;Family Sharing;LAN Co-op;Multi-player;Online Co-op;Partial Controller Support;Single-player,Action;Adventure;Casual;Indie;RPG;Racing;Simulation,Action;Adventure;Automobile Sim;Casual;Cats;Co-op;Cute;Exploration;Family Friendly;Funny;Multiplayer;Online Co-Op;Physics;RPG;Racing;Sandbox;Simulation;Singleplayer;Story Rich;Third Person,"An open-world sand-box game where you play as a cat, defying the rules and causing mayhem. Climb, scratch, and pounce your way through the cityscape filled with playful challenges and hidden secrets. Customise your cat, team up with friends and let the adventure begin! Multiplayer Cat Chaos Take your chaos to new heights as you collaborate on the city streets. Hijack cars, cause explosive distractions, and equip a variety of weapons to create the ultimate cat caper. Show off your agile moves wit","{""text_match"": 0.011525963, ""cosine_similarity"": 0.5794589, ""reranker_score"": -6.126096}"
2026-02-10T19:43:57+00:00,CORTEX_DB.RAW.CAT_GAMES_SVC_1_5,default,"a game where you are a cat and wreck things in a house (first-person), knocking objects over, sandbox","a game where you are a cat and wreck things in a house (first-person), knocking objects over, sandbox",[],,False,,,,semantic_focus,0.75,10,100,0,958,958,,01c2535f-0005-0847-0001-397a0006c336,,37,37,,6e-06,6e-06,,6e-06,,,,,[],[],[],[],[],[],,,,,,,True,False,[],[],,,,[],[],,,,5,Fisti-Fluffs,0.77673948,2021,English;French;German;Italian;Japanese;Korean;Polish;Portuguese - Brazil;Russian;Simplified Chinese;Spanish - Latin America,Family Sharing;Full controller support;Multi-player;PvP;Remote Play Together;Shared/Split Screen;Shared/Split Screen PvP;Single-player;Steam Achievements,Action;Casual;Indie;Simulation;Sports,Action;Arcade;Battle Royale;Beat 'em up;Cartoon;Cartoony;Casual;Cats;Colorful;Cute;Destruction;Dog;Family Friendly;Fighting;Funny;Hand-drawn;Memes;Simulation;Sports;Stylized,"With no humans in sight, the cats are bored—and you know what that means? That’s right. It’s time to tussle! Pounce, hiss, flail, and claw your way through the kitty kingdom to prove your wobbly cat “is best cat.” Fisti-Fluffs is an adorable (and yes, ridiculous) physics-based party game where you tussle with other cats and destroy the environments in frenetic over-the-top battles. Of course, you can play alone, but it’s even better with friends. So get your claws out and prepare for some kitty ","{""text_match"": 0.008114107, ""cosine_similarity"": 0.55347896, ""reranker_score"": -5.2779083}"
2026-02-10T19:43:57+00:00,CORTEX_DB.RAW.CAT_GAMES_SVC_1_5,default,"a game where you are a cat and wreck things in a house (first-person), knocking objects over, sandbox","a game where you are a cat and wreck things in a house (first-person), knocking objects over, sandbox",[],,False,,,,semantic_focus,0.75,10,100,0,958,958,,01c2535f-0005-0847-0001-397a0006c336,,37,37,,6e-06,6e-06,,6e-06,,,,,[],[],[],[],[],[],,,,,,,True,False,[],[],,,,[],[],,,,6,Messy Up,0.7861591,2024,English;French;German;Italian;Japanese;Korean;Portuguese - Brazil;Russian;Simplified Chinese;Traditional Chinese,Co-op;Custom Volume Controls;Family Sharing;LAN Co-op;LAN PvP;Multi-player;Online Co-op;Online PvP;Partial Controller Support;Playable without Timed Input;PvP;Remote Play Together;Save Anytime;Shared/Split Screen;Shared/Split Screen Co-op;Shared/Split Screen PvP;Single-player;Steam Achievements;Steam Cloud;Steam Trading Cards,Action;Casual;Indie;RPG;Simulation,3D;Cartoony;Casual;Co-op;Cute;Family Friendly;Funny;Indie;Local Multiplayer;Online Co-Op;Party;Party Game;Physics;PvP;RPG;Relaxing;Simulation;Singleplayer;Stylized;Top-Down,"'Messy UP' is a cute pet collaboration game featuring cats and dogs~ Due to the owner's busy life after graduation and starting work, there is less time to spend with the pets. The pets plan to create a big mess at home to grab the owner's attention and encourage them to spend more time together. After all, what mischief could a little dog possibly have in mind? Take on the role of cats and dogs and go wild, wreaking havoc at home! Each pet possesses unique abilities and skills, with various typ","{""text_match"": 0.0065502096, ""cosine_similarity"": 0.5723182, ""reranker_score"": -6.2458673}"
2026-02-10T19:43:57+00:00,CORTEX_DB.RAW.CAT_GAMES_SVC_1_5,default,"a game where you are a cat and wreck things in a house (first-person), knocking objects over, sandbox","a game where you are a cat and wreck things in a house (first-person), knocking objects over, sandbox",[],,False,,,,semantic_focus,0.75,10,100,0,958,958,,01c2535f-0005-0847-0001-397a0006c336,,37,37,,6e-06,6e-06,,6e-06,,,,,[],[],[],[],[],[],,,,,,,True,False,[],[],,,,[],[],,,,7,Bad Cat,0.784487875,2022,English;Russian;Simplified Chinese,Family Sharing;Full controller support;Single-player;Steam Achievements,Adventure;Casual;Indie,2.5D;2D Fighter;Adventure;Cartoon;Casual;Cats;Comedy;Comic Book;Cute;Dark Comedy;Dark Humor;Exploration;Family Friendly;Funny;Idler;Indie;Point & Click;Puzzle;Singleplayer;Stealth,"There are many different burgers in the world: a bacon burger, a chicken burger, a royal burger. But there is also a cat named Burger , and this guy is definitely too tough for you. Burger is a real menace of the neighborhood. Be careful! He is going to prove it again! The former tenants could not stand it and sold the house. And the new ones have no idea what they have to face! In the game Cat Burger you play as a cat whose task is to terrify the neighbors. In each level, you will need to figur","{""text_match"": 0.0049751014, ""cosine_similarity"": 0.56897575, ""reranker_score"": -6.0816927}"
2026-02-10T19:43:57+00:00,CORTEX_DB.RAW.CAT_GAMES_SVC_1_5,default,"a game where you are a cat and wreck things in a house (first-person), knocking objects over, sandbox","a game where you are a cat and wreck things in a house (first-person), knocking objects over, sandbox",[],,False,,,,semantic_focus,0.75,10,100,0,958,958,,01c2535f-0005-0847-0001-397a0006c336,,37,37,,6e-06,6e-06,,6e-06,,,,,[],[],[],[],[],[],,,,,,,True,False,[],[],,,,[],[],,,,8,Cats are Liquid - A Better Place,0.77985403,2019,English;Finnish;French;German;Spanish - Spain,Family Sharing;Includes level editor;Partial Controller Support;Single-player;Steam Achievements;Steam Cloud;Steam Workshop,Adventure;Indie,2D;Adventure;Cats;Female Protagonist;Indie;Platformer;Psychological Horror;Singleplayer;Story Rich,"A better place. Made just for us. Cats are Liquid - A Better Place is a 2D platformer about a liquid cat and her friends. You play as the cat, in a place created just for you and your friends. You get to go on a nice adventure with them where nothing goes wrong and everything is perfect, as long as your friends stay there, right by your side. Over the course of the game, you get to explore 120 rooms and discover new abilities like the hookshot and light burst. You can also create your own worlds","{""text_match"": 0.012749586, ""cosine_similarity"": 0.55970806, ""reranker_score"": -6.1080265}"
2026-02-10T19:43:57+00:00,CORTEX_DB.RAW.CAT_GAMES_SVC_1_5,default,"a game where you are a cat and wreck things in a house (first-person), knocking objects over, sandbox","a game where you are a cat and wreck things in a house (first-person), knocking objects over, sandbox",[],,False,,,,semantic_focus,0.75,10,100,0,958,958,,01c2535f-0005-0847-0001-397a0006c336,,37,37,,6e-06,6e-06,,6e-06,,,,,[],[],[],[],[],[],,,,,,,True,False,[],[],,,,[],[],,,,9,The Stray Cat,0.77704335,2018,English,Single-player;Tracked Controller Support;VR Only,Action;Casual;Free To Play;Indie;Simulation;Sports,Action;Casual;Free to Play;Indie;Simulation;Sports;VR,"Made by Student of Higher Diploma in Transmedia, Hong Kong Design Institute A hungry stray cat, risking his life to eat fish Can you help it... or look at it? This is a VR (Virtual Reality) game In the game you will be in a residential area and meet a starving stray cat It does not care for anything, only to eat the fish in front of it The residents of that household do not seem to like it and keep flying to attack it You can pick up objects to fight against stray cats to protect stray cats Or w","{""text_match"": 0.0022054058, ""cosine_similarity"": 0.5540867, ""reranker_score"": -6.0524197}"
2026-02-10T19:43:57+00:00,CORTEX_DB.RAW.CAT_GAMES_SVC_1_5,default,"a game where you are a cat and wreck things in a house (first-person), knocking objects over, sandbox","a game where you are a cat and wreck things in a house (first-person), knocking objects over, sandbox",[],,False,,,,semantic_focus,0.75,10,100,0,958,958,,01c2535f-0005-0847-0001-397a0006c336,,37,37,,6e-06,6e-06,,6e-06,,,,,[],[],[],[],[],[],,,,,,,True,False,[],[],,,,[],[],,,,10,nekowater,0.776055785,2023,English;Japanese;Russian;Simplified Chinese,Family Sharing;Remote Play Together;Single-player;Steam Achievements;Steam Cloud,Adventure;Casual;Indie,3D;3D Platformer;Action-Adventure;Adventure;Atmospheric;Casual;Cats;Conversation;Cute;Exploration;First-Person;Hidden Object;Indie;Multiple Endings;Relaxing;Singleplayer;Story Rich;Walking Simulator,"◆ Story You are a cat. Once, you lived in a place where small houses lined the shore, facing the advancing sea level rise. One day, a big wave swept away various things, and many were lost. This place may be just a memory, a place of memories. The witch, looking bored, waits for the cat's return. ◆ Game Introduction 'Nekowater' is an adventure game where you explore the map, interact with characters, and progress through the game. ◆ Features - Control the game from a cat's low perspective. - Eng","{""text_match"": 0.02489285, ""cosine_similarity"": 0.55211157, ""reranker_score"": -6.045827}"
2026-02-10T19:43:59+00:00,CORTEX_DB.RAW.CAT_GAMES_SVC_1_5,default,"a game where you are a cat and wreck things in a house (first-person), knocking objects over, sandbox","a game where you are a cat and wreck things in a house (first-person), knocking objects over, sandbox",[],,False,,,,keyword_extreme,0.3,10,100,0,912,912,,01c2535f-0005-0843-0001-397a0006d2f6,,36,36,,5e-06,5e-06,,5e-06,,,,,[],[],[],[],[],[],,,,,,,True,False,[],[],,,,[],[],,,,1,Catlateral Damage: Remeowstered,0.8062138,2021,English;French;German;Italian;Japanese;Korean;Portuguese - Brazil;Russian;Simplified Chinese;Spanish - Spain,Camera Comfort;Color Alternatives;Custom Volume Controls;Family Sharing;Full controller support;Playable without Timed Input;Remote Play on TV;Single-player;Stats;Steam Achievements;Steam Cloud;Steam Trading Cards,Action;Adventure;Casual;Indie;Simulation,Action;Action-Adventure;Casual;Cats;Collectathon;Colorful;Comedy;Cute;Destruction;Exploration;Family Friendly;First-Person;Funny;Indie;Physics;Procedural Generation;Relaxing;Sandbox;Simulation;Singleplayer,"Catlateral Damage: Remeowstered is the definitive edition of your favorite destructive cat simulator, where you play as a house cat on a rampage and do all that fun stuff your owner hates! See the world through the eyes of a cat! Run around the house, topple neatly organized books, shatter vases, meow at nothing, tear up curtains, nap in obscure places, and more! Complete objectives, explore procedurally generated levels, or just relax in sandbox mode to unlock a clowder of cat friends and speci","{""text_match"": 0.03077473, ""cosine_similarity"": 0.6124276, ""reranker_score"": -3.042966}"
2026-02-10T19:43:59+00:00,CORTEX_DB.RAW.CAT_GAMES_SVC_1_5,default,"a game where you are a cat and wreck things in a house (first-person), knocking objects over, sandbox","a game where you are a cat and wreck things in a house (first-person), knocking objects over, sandbox",[],,False,,,,keyword_extreme,0.3,10,100,0,912,912,,01c2535f-0005-0843-0001-397a0006d2f6,,36,36,,5e-06,5e-06,,5e-06,,,,,[],[],[],[],[],[],,,,,,,True,False,[],[],,,,[],[],,,,2,Curse That Magic Cat!,0.7768914,2021,English;French;Simplified Chinese;Traditional Chinese,Full controller support;Single-player;Steam Achievements,Casual;Simulation,3D;3D Platformer;Arcade;Cartoony;Casual;Cats;Character Customization;Colorful;Comedy;Cute;Destruction;Family Friendly;Funny;Magic;Platformer;Relaxing;Simulation;Singleplayer;Stealth;Third Person,"Curse That Magic Cat! is a lighthearted, single-player game in which you have been cursed and turned into a cat. Explore the mansion of Magnus the Wizard, collecting three spell books in each level in order to escape. Along the way, take your revenge by breaking the wizard's belongings, stealing and using his potions, and ducking under furniture to watch Magnus search for you in vain! Key Features: Magnus the Wizard, an AI opponent (whom you hate) to challenge you. Six levels in which to unleash","{""text_match"": 0.0018245834, ""cosine_similarity"": 0.5537828, ""reranker_score"": -3.6897702}"
2026-02-10T19:43:59+00:00,CORTEX_DB.RAW.CAT_GAMES_SVC_1_5,default,"a game where you are a cat and wreck things in a house (first-person), knocking objects over, sandbox","a game where you are a cat and wreck things in a house (first-person), knocking objects over, sandbox",[],,False,,,,keyword_extreme,0.3,10,100,0,912,912,,01c2535f-0005-0843-0001-397a0006d2f6,,36,36,,5e-06,5e-06,,5e-06,,,,,[],[],[],[],[],[],,,,,,,True,False,[],[],,,,[],[],,,,3,Kitty's Last Adventure,0.788817885,2025,English;French,Family Sharing;Full controller support;Single-player;Steam Achievements;Steam Cloud,Action;Casual,2D;Action;Action Roguelike;Arcade;Arena Shooter;Bullet Hell;Casual;Cats;Combat;Controller;Cute;Early Access;Funny;Procedural Generation;PvE;Rogue-like;Rogue-lite;Shooter;Singleplayer;Top-Down Shooter,"Play as Kitty or her friends and survive the wave of cat nightmares in this roguelite survivor. The cat automatically throws its toys at enemies; all you have to do is control its path! As you progress, you'll unlock an array of hilarious yet powerful cat-based weaponry that evolves with you. Each weapon starts as a playful toy and transforms into more impressive and dangerous forms. Each weapon you acquire is associated with one or more families, each offering distinct bonuses that amplify with","{""text_match"": 0.0076268055, ""cosine_similarity"": 0.57763577, ""reranker_score"": -6.005237}"
2026-02-10T19:43:59+00:00,CORTEX_DB.RAW.CAT_GAMES_SVC_1_5,default,"a game where you are a cat and wreck things in a house (first-person), knocking objects over, sandbox","a game where you are a cat and wreck things in a house (first-person), knocking objects over, sandbox",[],,False,,,,keyword_extreme,0.3,10,100,0,912,912,,01c2535f-0005-0843-0001-397a0006d2f6,,36,36,,5e-06,5e-06,,5e-06,,,,,[],[],[],[],[],[],,,,,,,True,False,[],[],,,,[],[],,,,4,Heist Kitty: Multiplayer Cat Simulator Game,0.78972945,2023,English;Japanese,Co-op;Family Sharing;LAN Co-op;Multi-player;Online Co-op;Partial Controller Support;Single-player,Action;Adventure;Casual;Indie;RPG;Racing;Simulation,Action;Adventure;Automobile Sim;Casual;Cats;Co-op;Cute;Exploration;Family Friendly;Funny;Multiplayer;Online Co-Op;Physics;RPG;Racing;Sandbox;Simulation;Singleplayer;Story Rich;Third Person,"An open-world sand-box game where you play as a cat, defying the rules and causing mayhem. Climb, scratch, and pounce your way through the cityscape filled with playful challenges and hidden secrets. Customise your cat, team up with friends and let the adventure begin! Multiplayer Cat Chaos Take your chaos to new heights as you collaborate on the city streets. Hijack cars, cause explosive distractions, and equip a variety of weapons to create the ultimate cat caper. Show off your agile moves wit","{""text_match"": 0.011525963, ""cosine_similarity"": 0.5794589, ""reranker_score"": -6.126096}"
2026-02-10T19:43:59+00:00,CORTEX_DB.RAW.CAT_GAMES_SVC_1_5,default,"a game where you are a cat and wreck things in a house (first-person), knocking objects over, sandbox","a game where you are a cat and wreck things in a house (first-person), knocking objects over, sandbox",[],,False,,,,keyword_extreme,0.3,10,100,0,912,912,,01c2535f-0005-0843-0001-397a0006d2f6,,36,36,,5e-06,5e-06,,5e-06,,,,,[],[],[],[],[],[],,,,,,,True,False,[],[],,,,[],[],,,,5,Fisti-Fluffs,0.77673948,2021,English;French;German;Italian;Japanese;Korean;Polish;Portuguese - Brazil;Russian;Simplified Chinese;Spanish - Latin America,Family Sharing;Full controller support;Multi-player;PvP;Remote Play Together;Shared/Split Screen;Shared/Split Screen PvP;Single-player;Steam Achievements,Action;Casual;Indie;Simulation;Sports,Action;Arcade;Battle Royale;Beat 'em up;Cartoon;Cartoony;Casual;Cats;Colorful;Cute;Destruction;Dog;Family Friendly;Fighting;Funny;Hand-drawn;Memes;Simulation;Sports;Stylized,"With no humans in sight, the cats are bored—and you know what that means? That’s right. It’s time to tussle! Pounce, hiss, flail, and claw your way through the kitty kingdom to prove your wobbly cat “is best cat.” Fisti-Fluffs is an adorable (and yes, ridiculous) physics-based party game where you tussle with other cats and destroy the environments in frenetic over-the-top battles. Of course, you can play alone, but it’s even better with friends. So get your claws out and prepare for some kitty ","{""text_match"": 0.008114107, ""cosine_similarity"": 0.55347896, ""reranker_score"": -5.2779083}"
2026-02-10T19:43:59+00:00,CORTEX_DB.RAW.CAT_GAMES_SVC_1_5,default,"a game where you are a cat and wreck things in a house (first-person), knocking objects over, sandbox","a game where you are a cat and wreck things in a house (first-person), knocking objects over, sandbox",[],,False,,,,keyword_extreme,0.3,10,100,0,912,912,,01c2535f-0005-0843-0001-397a0006d2f6,,36,36,,5e-06,5e-06,,5e-06,,,,,[],[],[],[],[],[],,,,,,,True,False,[],[],,,,[],[],,,,6,Messy Up,0.7861591,2024,English;French;German;Italian;Japanese;Korean;Portuguese - Brazil;Russian;Simplified Chinese;Traditional Chinese,Co-op;Custom Volume Controls;Family Sharing;LAN Co-op;LAN PvP;Multi-player;Online Co-op;Online PvP;Partial Controller Support;Playable without Timed Input;PvP;Remote Play Together;Save Anytime;Shared/Split Screen;Shared/Split Screen Co-op;Shared/Split Screen PvP;Single-player;Steam Achievements;Steam Cloud;Steam Trading Cards,Action;Casual;Indie;RPG;Simulation,3D;Cartoony;Casual;Co-op;Cute;Family Friendly;Funny;Indie;Local Multiplayer;Online Co-Op;Party;Party Game;Physics;PvP;RPG;Relaxing;Simulation;Singleplayer;Stylized;Top-Down,"'Messy UP' is a cute pet collaboration game featuring cats and dogs~ Due to the owner's busy life after graduation and starting work, there is less time to spend with the pets. The pets plan to create a big mess at home to grab the owner's attention and encourage them to spend more time together. After all, what mischief could a little dog possibly have in mind? Take on the role of cats and dogs and go wild, wreaking havoc at home! Each pet possesses unique abilities and skills, with various typ","{""text_match"": 0.0065502096, ""cosine_similarity"": 0.5723182, ""reranker_score"": -6.2458673}"
2026-02-10T19:43:59+00:00,CORTEX_DB.RAW.CAT_GAMES_SVC_1_5,default,"a game where you are a cat and wreck things in a house (first-person), knocking objects over, sandbox","a game where you are a cat and wreck things in a house (first-person), knocking objects over, sandbox",[],,False,,,,keyword_extreme,0.3,10,100,0,912,912,,01c2535f-0005-0843-0001-397a0006d2f6,,36,36,,5e-06,5e-06,,5e-06,,,,,[],[],[],[],[],[],,,,,,,True,False,[],[],,,,[],[],,,,7,Bad Cat,0.784487875,2022,English;Russian;Simplified Chinese,Family Sharing;Full controller support;Single-player;Steam Achievements,Adventure;Casual;Indie,2.5D;2D Fighter;Adventure;Cartoon;Casual;Cats;Comedy;Comic Book;Cute;Dark Comedy;Dark Humor;Exploration;Family Friendly;Funny;Idler;Indie;Point & Click;Puzzle;Singleplayer;Stealth,"There are many different burgers in the world: a bacon burger, a chicken burger, a royal burger. But there is also a cat named Burger , and this guy is definitely too tough for you. Burger is a real menace of the neighborhood. Be careful! He is going to prove it again! The former tenants could not stand it and sold the house. And the new ones have no idea what they have to face! In the game Cat Burger you play as a cat whose task is to terrify the neighbors. In each level, you will need to figur","{""text_match"": 0.0049751014, ""cosine_similarity"": 0.56897575, ""reranker_score"": -6.0816927}"
2026-02-10T19:43:59+00:00,CORTEX_DB.RAW.CAT_GAMES_SVC_1_5,default,"a game where you are a cat and wreck things in a house (first-person), knocking objects over, sandbox","a game where you are a cat and wreck things in a house (first-person), knocking objects over, sandbox",[],,False,,,,keyword_extreme,0.3,10,100,0,912,912,,01c2535f-0005-0843-0001-397a0006d2f6,,36,36,,5e-06,5e-06,,5e-06,,,,,[],[],[],[],[],[],,,,,,,True,False,[],[],,,,[],[],,,,8,Cats are Liquid - A Better Place,0.77985403,2019,English;Finnish;French;German;Spanish - Spain,Family Sharing;Includes level editor;Partial Controller Support;Single-player;Steam Achievements;Steam Cloud;Steam Workshop,Adventure;Indie,2D;Adventure;Cats;Female Protagonist;Indie;Platformer;Psychological Horror;Singleplayer;Story Rich,"A better place. Made just for us. Cats are Liquid - A Better Place is a 2D platformer about a liquid cat and her friends. You play as the cat, in a place created just for you and your friends. You get to go on a nice adventure with them where nothing goes wrong and everything is perfect, as long as your friends stay there, right by your side. Over the course of the game, you get to explore 120 rooms and discover new abilities like the hookshot and light burst. You can also create your own worlds","{""text_match"": 0.012749586, ""cosine_similarity"": 0.55970806, ""reranker_score"": -6.1080265}"
2026-02-10T19:43:59+00:00,CORTEX_DB.RAW.CAT_GAMES_SVC_1_5,default,"a game where you are a cat and wreck things in a house (first-person), knocking objects over, sandbox","a game where you are a cat and wreck things in a house (first-person), knocking objects over, sandbox",[],,False,,,,keyword_extreme,0.3,10,100,0,912,912,,01c2535f-0005-0843-0001-397a0006d2f6,,36,36,,5e-06,5e-06,,5e-06,,,,,[],[],[],[],[],[],,,,,,,True,False,[],[],,,,[],[],,,,9,The Stray Cat,0.77704335,2018,English,Single-player;Tracked Controller Support;VR Only,Action;Casual;Free To Play;Indie;Simulation;Sports,Action;Casual;Free to Play;Indie;Simulation;Sports;VR,"Made by Student of Higher Diploma in Transmedia, Hong Kong Design Institute A hungry stray cat, risking his life to eat fish Can you help it... or look at it? This is a VR (Virtual Reality) game In the game you will be in a residential area and meet a starving stray cat It does not care for anything, only to eat the fish in front of it The residents of that household do not seem to like it and keep flying to attack it You can pick up objects to fight against stray cats to protect stray cats Or w","{""text_match"": 0.0022054058, ""cosine_similarity"": 0.5540867, ""reranker_score"": -6.0524197}"
2026-02-10T19:43:59+00:00,CORTEX_DB.RAW.CAT_GAMES_SVC_1_5,default,"a game where you are a cat and wreck things in a house (first-person), knocking objects over, sandbox","a game where you are a cat and wreck things in a house (first-person), knocking objects over, sandbox",[],,False,,,,keyword_extreme,0.3,10,100,0,912,912,,01c2535f-0005-0843-0001-397a0006d2f6,,36,36,,5e-06,5e-06,,5e-06,,,,,[],[],[],[],[],[],,,,,,,True,False,[],[],,,,[],[],,,,10,nekowater,0.776055785,2023,English;Japanese;Russian;Simplified Chinese,Family Sharing;Remote Play Together;Single-player;Steam Achievements;Steam Cloud,Adventure;Casual;Indie,3D;3D Platformer;Action-Adventure;Adventure;Atmospheric;Casual;Cats;Conversation;Cute;Exploration;First-Person;Hidden Object;Indie;Multiple Endings;Relaxing;Singleplayer;Story Rich;Walking Simulator,"◆ Story You are a cat. Once, you lived in a place where small houses lined the shore, facing the advancing sea level rise. One day, a big wave swept away various things, and many were lost. This place may be just a memory, a place of memories. The witch, looking bored, waits for the cat's return. ◆ Game Introduction 'Nekowater' is an adventure game where you explore the map, interact with characters, and progress through the game. ◆ Features - Control the game from a cat's low perspective. - Eng","{""text_match"": 0.02489285, ""cosine_similarity"": 0.55211157, ""reranker_score"": -6.045827}"
2026-02-10T19:44:00+00:00,CORTEX_DB.RAW.CAT_GAMES_SVC_1_5,default,"a game where you are a cat and wreck things in a house (first-person), knocking objects over, sandbox","a game where you are a cat and wreck things in a house (first-person), knocking objects over, sandbox",[],,False,,,,keyword_extreme,0.65,10,100,0,1035,1035,,01c2535f-0005-0843-0001-397a0006d2fe,,34,34,,5e-06,5e-06,,5e-06,,,,,[],[],[],[],[],[],,,,,,,True,False,[],[],,,,[],[],,,,1,Catlateral Damage: Remeowstered,0.8062138,2021,English;French;German;Italian;Japanese;Korean;Portuguese - Brazil;Russian;Simplified Chinese;Spanish - Spain,Camera Comfort;Color Alternatives;Custom Volume Controls;Family Sharing;Full controller support;Playable without Timed Input;Remote Play on TV;Single-player;Stats;Steam Achievements;Steam Cloud;Steam Trading Cards,Action;Adventure;Casual;Indie;Simulation,Action;Action-Adventure;Casual;Cats;Collectathon;Colorful;Comedy;Cute;Destruction;Exploration;Family Friendly;First-Person;Funny;Indie;Physics;Procedural Generation;Relaxing;Sandbox;Simulation;Singleplayer,"Catlateral Damage: Remeowstered is the definitive edition of your favorite destructive cat simulator, where you play as a house cat on a rampage and do all that fun stuff your owner hates! See the world through the eyes of a cat! Run around the house, topple neatly organized books, shatter vases, meow at nothing, tear up curtains, nap in obscure places, and more! Complete objectives, explore procedurally generated levels, or just relax in sandbox mode to unlock a clowder of cat friends and speci","{""text_match"": 0.03077473, ""cosine_similarity"": 0.6124276, ""reranker_score"": -3.042966}"
2026-02-10T19:44:00+00:00,CORTEX_DB.RAW.CAT_GAMES_SVC_1_5,default,"a game where you are a cat and wreck things in a house (first-person), knocking objects over, sandbox","a game where you are a cat and wreck things in a house (first-person), knocking objects over, sandbox",[],,False,,,,keyword_extreme,0.65,10,100,0,1035,1035,,01c2535f-0005-0843-0001-397a0006d2fe,,34,34,,5e-06,5e-06,,5e-06,,,,,[],[],[],[],[],[],,,,,,,True,False,[],[],,,,[],[],,,,2,Curse That Magic Cat!,0.7768914,2021,English;French;Simplified Chinese;Traditional Chinese,Full controller support;Single-player;Steam Achievements,Casual;Simulation,3D;3D Platformer;Arcade;Cartoony;Casual;Cats;Character Customization;Colorful;Comedy;Cute;Destruction;Family Friendly;Funny;Magic;Platformer;Relaxing;Simulation;Singleplayer;Stealth;Third Person,"Curse That Magic Cat! is a lighthearted, single-player game in which you have been cursed and turned into a cat. Explore the mansion of Magnus the Wizard, collecting three spell books in each level in order to escape. Along the way, take your revenge by breaking the wizard's belongings, stealing and using his potions, and ducking under furniture to watch Magnus search for you in vain! Key Features: Magnus the Wizard, an AI opponent (whom you hate) to challenge you. Six levels in which to unleash","{""text_match"": 0.0018245834, ""cosine_similarity"": 0.5537828, ""reranker_score"": -3.6897702}"
2026-02-10T19:44:00+00:00,CORTEX_DB.RAW.CAT_GAMES_SVC_1_5,default,"a game where you are a cat and wreck things in a house (first-person), knocking objects over, sandbox","a game where you are a cat and wreck things in a house (first-person), knocking objects over, sandbox",[],,False,,,,keyword_extreme,0.65,10,100,0,1035,1035,,01c2535f-0005-0843-0001-397a0006d2fe,,34,34,,5e-06,5e-06,,5e-06,,,,,[],[],[],[],[],[],,,,,,,True,False,[],[],,,,[],[],,,,3,Kitty's Last Adventure,0.788817885,2025,English;French,Family Sharing;Full controller support;Single-player;Steam Achievements;Steam Cloud,Action;Casual,2D;Action;Action Roguelike;Arcade;Arena Shooter;Bullet Hell;Casual;Cats;Combat;Controller;Cute;Early Access;Funny;Procedural Generation;PvE;Rogue-like;Rogue-lite;Shooter;Singleplayer;Top-Down Shooter,"Play as Kitty or her friends and survive the wave of cat nightmares in this roguelite survivor. The cat automatically throws its toys at enemies; all you have to do is control its path! As you progress, you'll unlock an array of hilarious yet powerful cat-based weaponry that evolves with you. Each weapon starts as a playful toy and transforms into more impressive and dangerous forms. Each weapon you acquire is associated with one or more families, each offering distinct bonuses that amplify with","{""text_match"": 0.0076268055, ""cosine_similarity"": 0.57763577, ""reranker_score"": -6.005237}"
2026-02-10T19:44:00+00:00,CORTEX_DB.RAW.CAT_GAMES_SVC_1_5,default,"a game where you are a cat and wreck things in a house (first-person), knocking objects over, sandbox","a game where you are a cat and wreck things in a house (first-person), knocking objects over, sandbox",[],,False,,,,keyword_extreme,0.65,10,100,0,1035,1035,,01c2535f-0005-0843-0001-397a0006d2fe,,34,34,,5e-06,5e-06,,5e-06,,,,,[],[],[],[],[],[],,,,,,,True,False,[],[],,,,[],[],,,,4,Heist Kitty: Multiplayer Cat Simulator Game,0.78972945,2023,English;Japanese,Co-op;Family Sharing;LAN Co-op;Multi-player;Online Co-op;Partial Controller Support;Single-player,Action;Adventure;Casual;Indie;RPG;Racing;Simulation,Action;Adventure;Automobile Sim;Casual;Cats;Co-op;Cute;Exploration;Family Friendly;Funny;Multiplayer;Online Co-Op;Physics;RPG;Racing;Sandbox;Simulation;Singleplayer;Story Rich;Third Person,"An open-world sand-box game where you play as a cat, defying the rules and causing mayhem. Climb, scratch, and pounce your way through the cityscape filled with playful challenges and hidden secrets. Customise your cat, team up with friends and let the adventure begin! Multiplayer Cat Chaos Take your chaos to new heights as you collaborate on the city streets. Hijack cars, cause explosive distractions, and equip a variety of weapons to create the ultimate cat caper. Show off your agile moves wit","{""text_match"": 0.011525963, ""cosine_similarity"": 0.5794589, ""reranker_score"": -6.126096}"
2026-02-10T19:44:00+00:00,CORTEX_DB.RAW.CAT_GAMES_SVC_1_5,default,"a game where you are a cat and wreck things in a house (first-person), knocking objects over, sandbox","a game where you are a cat and wreck things in a house (first-person), knocking objects over, sandbox",[],,False,,,,keyword_extreme,0.65,10,100,0,1035,1035,,01c2535f-0005-0843-0001-397a0006d2fe,,34,34,,5e-06,5e-06,,5e-06,,,,,[],[],[],[],[],[],,,,,,,True,False,[],[],,,,[],[],,,,5,Fisti-Fluffs,0.77673948,2021,English;French;German;Italian;Japanese;Korean;Polish;Portuguese - Brazil;Russian;Simplified Chinese;Spanish - Latin America,Family Sharing;Full controller support;Multi-player;PvP;Remote Play Together;Shared/Split Screen;Shared/Split Screen PvP;Single-player;Steam Achievements,Action;Casual;Indie;Simulation;Sports,Action;Arcade;Battle Royale;Beat 'em up;Cartoon;Cartoony;Casual;Cats;Colorful;Cute;Destruction;Dog;Family Friendly;Fighting;Funny;Hand-drawn;Memes;Simulation;Sports;Stylized,"With no humans in sight, the cats are bored—and you know what that means? That’s right. It’s time to tussle! Pounce, hiss, flail, and claw your way through the kitty kingdom to prove your wobbly cat “is best cat.” Fisti-Fluffs is an adorable (and yes, ridiculous) physics-based party game where you tussle with other cats and destroy the environments in frenetic over-the-top battles. Of course, you can play alone, but it’s even better with friends. So get your claws out and prepare for some kitty ","{""text_match"": 0.008114107, ""cosine_similarity"": 0.55347896, ""reranker_score"": -5.2779083}"
2026-02-10T19:44:00+00:00,CORTEX_DB.RAW.CAT_GAMES_SVC_1_5,default,"a game where you are a cat and wreck things in a house (first-person), knocking objects over, sandbox","a game where you are a cat and wreck things in a house (first-person), knocking objects over, sandbox",[],,False,,,,keyword_extreme,0.65,10,100,0,1035,1035,,01c2535f-0005-0843-0001-397a0006d2fe,,34,34,,5e-06,5e-06,,5e-06,,,,,[],[],[],[],[],[],,,,,,,True,False,[],[],,,,[],[],,,,6,Messy Up,0.7861591,2024,English;French;German;Italian;Japanese;Korean;Portuguese - Brazil;Russian;Simplified Chinese;Traditional Chinese,Co-op;Custom Volume Controls;Family Sharing;LAN Co-op;LAN PvP;Multi-player;Online Co-op;Online PvP;Partial Controller Support;Playable without Timed Input;PvP;Remote Play Together;Save Anytime;Shared/Split Screen;Shared/Split Screen Co-op;Shared/Split Screen PvP;Single-player;Steam Achievements;Steam Cloud;Steam Trading Cards,Action;Casual;Indie;RPG;Simulation,3D;Cartoony;Casual;Co-op;Cute;Family Friendly;Funny;Indie;Local Multiplayer;Online Co-Op;Party;Party Game;Physics;PvP;RPG;Relaxing;Simulation;Singleplayer;Stylized;Top-Down,"'Messy UP' is a cute pet collaboration game featuring cats and dogs~ Due to the owner's busy life after graduation and starting work, there is less time to spend with the pets. The pets plan to create a big mess at home to grab the owner's attention and encourage them to spend more time together. After all, what mischief could a little dog possibly have in mind? Take on the role of cats and dogs and go wild, wreaking havoc at home! Each pet possesses unique abilities and skills, with various typ","{""text_match"": 0.0065502096, ""cosine_similarity"": 0.5723182, ""reranker_score"": -6.2458673}"
2026-02-10T19:44:00+00:00,CORTEX_DB.RAW.CAT_GAMES_SVC_1_5,default,"a game where you are a cat and wreck things in a house (first-person), knocking objects over, sandbox","a game where you are a cat and wreck things in a house (first-person), knocking objects over, sandbox",[],,False,,,,keyword_extreme,0.65,10,100,0,1035,1035,,01c2535f-0005-0843-0001-397a0006d2fe,,34,34,,5e-06,5e-06,,5e-06,,,,,[],[],[],[],[],[],,,,,,,True,False,[],[],,,,[],[],,,,7,Bad Cat,0.784487875,2022,English;Russian;Simplified Chinese,Family Sharing;Full controller support;Single-player;Steam Achievements,Adventure;Casual;Indie,2.5D;2D Fighter;Adventure;Cartoon;Casual;Cats;Comedy;Comic Book;Cute;Dark Comedy;Dark Humor;Exploration;Family Friendly;Funny;Idler;Indie;Point & Click;Puzzle;Singleplayer;Stealth,"There are many different burgers in the world: a bacon burger, a chicken burger, a royal burger. But there is also a cat named Burger , and this guy is definitely too tough for you. Burger is a real menace of the neighborhood. Be careful! He is going to prove it again! The former tenants could not stand it and sold the house. And the new ones have no idea what they have to face! In the game Cat Burger you play as a cat whose task is to terrify the neighbors. In each level, you will need to figur","{""text_match"": 0.0049751014, ""cosine_similarity"": 0.56897575, ""reranker_score"": -6.0816927}"
2026-02-10T19:44:00+00:00,CORTEX_DB.RAW.CAT_GAMES_SVC_1_5,default,"a game where you are a cat and wreck things in a house (first-person), knocking objects over, sandbox","a game where you are a cat and wreck things in a house (first-person), knocking objects over, sandbox",[],,False,,,,keyword_extreme,0.65,10,100,0,1035,1035,,01c2535f-0005-0843-0001-397a0006d2fe,,34,34,,5e-06,5e-06,,5e-06,,,,,[],[],[],[],[],[],,,,,,,True,False,[],[],,,,[],[],,,,8,Cats are Liquid - A Better Place,0.77985403,2019,English;Finnish;French;German;Spanish - Spain,Family Sharing;Includes level editor;Partial Controller Support;Single-player;Steam Achievements;Steam Cloud;Steam Workshop,Adventure;Indie,2D;Adventure;Cats;Female Protagonist;Indie;Platformer;Psychological Horror;Singleplayer;Story Rich,"A better place. Made just for us. Cats are Liquid - A Better Place is a 2D platformer about a liquid cat and her friends. You play as the cat, in a place created just for you and your friends. You get to go on a nice adventure with them where nothing goes wrong and everything is perfect, as long as your friends stay there, right by your side. Over the course of the game, you get to explore 120 rooms and discover new abilities like the hookshot and light burst. You can also create your own worlds","{""text_match"": 0.012749586, ""cosine_similarity"": 0.55970806, ""reranker_score"": -6.1080265}"
2026-02-10T19:44:00+00:00,CORTEX_DB.RAW.CAT_GAMES_SVC_1_5,default,"a game where you are a cat and wreck things in a house (first-person), knocking objects over, sandbox","a game where you are a cat and wreck things in a house (first-person), knocking objects over, sandbox",[],,False,,,,keyword_extreme,0.65,10,100,0,1035,1035,,01c2535f-0005-0843-0001-397a0006d2fe,,34,34,,5e-06,5e-06,,5e-06,,,,,[],[],[],[],[],[],,,,,,,True,False,[],[],,,,[],[],,,,9,The Stray Cat,0.77704335,2018,English,Single-player;Tracked Controller Support;VR Only,Action;Casual;Free To Play;Indie;Simulation;Sports,Action;Casual;Free to Play;Indie;Simulation;Sports;VR,"Made by Student of Higher Diploma in Transmedia, Hong Kong Design Institute A hungry stray cat, risking his life to eat fish Can you help it... or look at it? This is a VR (Virtual Reality) game In the game you will be in a residential area and meet a starving stray cat It does not care for anything, only to eat the fish in front of it The residents of that household do not seem to like it and keep flying to attack it You can pick up objects to fight against stray cats to protect stray cats Or w","{""text_match"": 0.0022054058, ""cosine_similarity"": 0.5540867, ""reranker_score"": -6.0524197}"
2026-02-10T19:44:00+00:00,CORTEX_DB.RAW.CAT_GAMES_SVC_1_5,default,"a game where you are a cat and wreck things in a house (first-person), knocking objects over, sandbox","a game where you are a cat and wreck things in a house (first-person), knocking objects over, sandbox",[],,False,,,,keyword_extreme,0.65,10,100,0,1035,1035,,01c2535f-0005-0843-0001-397a0006d2fe,,34,34,,5e-06,5e-06,,5e-06,,,,,[],[],[],[],[],[],,,,,,,True,False,[],[],,,,[],[],,,,10,nekowater,0.776055785,2023,English;Japanese;Russian;Simplified Chinese,Family Sharing;Remote Play Together;Single-player;Steam Achievements;Steam Cloud,Adventure;Casual;Indie,3D;3D Platformer;Action-Adventure;Adventure;Atmospheric;Casual;Cats;Conversation;Cute;Exploration;First-Person;Hidden Object;Indie;Multiple Endings;Relaxing;Singleplayer;Story Rich;Walking Simulator,"◆ Story You are a cat. Once, you lived in a place where small houses lined the shore, facing the advancing sea level rise. One day, a big wave swept away various things, and many were lost. This place may be just a memory, a place of memories. The witch, looking bored, waits for the cat's return. ◆ Game Introduction 'Nekowater' is an adventure game where you explore the map, interact with characters, and progress through the game. ◆ Features - Control the game from a cat's low perspective. - Eng","{""text_match"": 0.02489285, ""cosine_similarity"": 0.55211157, ""reranker_score"": -6.045827}"
2026-02-10T19:44:01+00:00,CORTEX_DB.RAW.CAT_GAMES_SVC_1_5,default,"a game where you are a cat and wreck things in a house (first-person), knocking objects over, sandbox","a game where you are a cat and wreck things in a house (first-person), knocking objects over, sandbox",[],,False,,,,keyword_extreme,0.75,10,100,0,1023,1023,,01c25360-0005-0846-0001-397a0006e026,,33,33,,5e-06,5e-06,,5e-06,,,,,[],[],[],[],[],[],,,,,,,True,False,[],[],,,,[],[],,,,1,Catlateral Damage: Remeowstered,0.8062138,2021,English;French;German;Italian;Japanese;Korean;Portuguese - Brazil;Russian;Simplified Chinese;Spanish - Spain,Camera Comfort;Color Alternatives;Custom Volume Controls;Family Sharing;Full controller support;Playable without Timed Input;Remote Play on TV;Single-player;Stats;Steam Achievements;Steam Cloud;Steam Trading Cards,Action;Adventure;Casual;Indie;Simulation,Action;Action-Adventure;Casual;Cats;Collectathon;Colorful;Comedy;Cute;Destruction;Exploration;Family Friendly;First-Person;Funny;Indie;Physics;Procedural Generation;Relaxing;Sandbox;Simulation;Singleplayer,"Catlateral Damage: Remeowstered is the definitive edition of your favorite destructive cat simulator, where you play as a house cat on a rampage and do all that fun stuff your owner hates! See the world through the eyes of a cat! Run around the house, topple neatly organized books, shatter vases, meow at nothing, tear up curtains, nap in obscure places, and more! Complete objectives, explore procedurally generated levels, or just relax in sandbox mode to unlock a clowder of cat friends and speci","{""text_match"": 0.03077473, ""cosine_similarity"": 0.6124276, ""reranker_score"": -3.042966}"
2026-02-10T19:44:01+00:00,CORTEX_DB.RAW.CAT_GAMES_SVC_1_5,default,"a game where you are a cat and wreck things in a house (first-person), knocking objects over, sandbox","a game where you are a cat and wreck things in a house (first-person), knocking objects over, sandbox",[],,False,,,,keyword_extreme,0.75,10,100,0,1023,1023,,01c25360-0005-0846-0001-397a0006e026,,33,33,,5e-06,5e-06,,5e-06,,,,,[],[],[],[],[],[],,,,,,,True,False,[],[],,,,[],[],,,,2,Curse That Magic Cat!,0.7768914,2021,English;French;Simplified Chinese;Traditional Chinese,Full controller support;Single-player;Steam Achievements,Casual;Simulation,3D;3D Platformer;Arcade;Cartoony;Casual;Cats;Character Customization;Colorful;Comedy;Cute;Destruction;Family Friendly;Funny;Magic;Platformer;Relaxing;Simulation;Singleplayer;Stealth;Third Person,"Curse That Magic Cat! is a lighthearted, single-player game in which you have been cursed and turned into a cat. Explore the mansion of Magnus the Wizard, collecting three spell books in each level in order to escape. Along the way, take your revenge by breaking the wizard's belongings, stealing and using his potions, and ducking under furniture to watch Magnus search for you in vain! Key Features: Magnus the Wizard, an AI opponent (whom you hate) to challenge you. Six levels in which to unleash","{""text_match"": 0.0018245834, ""cosine_similarity"": 0.5537828, ""reranker_score"": -3.6897702}"
2026-02-10T19:44:01+00:00,CORTEX_DB.RAW.CAT_GAMES_SVC_1_5,default,"a game where you are a cat and wreck things in a house (first-person), knocking objects over, sandbox","a game where you are a cat and wreck things in a house (first-person), knocking objects over, sandbox",[],,False,,,,keyword_extreme,0.75,10,100,0,1023,1023,,01c25360-0005-0846-0001-397a0006e026,,33,33,,5e-06,5e-06,,5e-06,,,,,[],[],[],[],[],[],,,,,,,True,False,[],[],,,,[],[],,,,3,Kitty's Last Adventure,0.788817885,2025,English;French,Family Sharing;Full controller support;Single-player;Steam Achievements;Steam Cloud,Action;Casual,2D;Action;Action Roguelike;Arcade;Arena Shooter;Bullet Hell;Casual;Cats;Combat;Controller;Cute;Early Access;Funny;Procedural Generation;PvE;Rogue-like;Rogue-lite;Shooter;Singleplayer;Top-Down Shooter,"Play as Kitty or her friends and survive the wave of cat nightmares in this roguelite survivor. The cat automatically throws its toys at enemies; all you have to do is control its path! As you progress, you'll unlock an array of hilarious yet powerful cat-based weaponry that evolves with you. Each weapon starts as a playful toy and transforms into more impressive and dangerous forms. Each weapon you acquire is associated with one or more families, each offering distinct bonuses that amplify with","{""text_match"": 0.0076268055, ""cosine_similarity"": 0.57763577, ""reranker_score"": -6.005237}"
2026-02-10T19:44:01+00:00,CORTEX_DB.RAW.CAT_GAMES_SVC_1_5,default,"a game where you are a cat and wreck things in a house (first-person), knocking objects over, sandbox","a game where you are a cat and wreck things in a house (first-person), knocking objects over, sandbox",[],,False,,,,keyword_extreme,0.75,10,100,0,1023,1023,,01c25360-0005-0846-0001-397a0006e026,,33,33,,5e-06,5e-06,,5e-06,,,,,[],[],[],[],[],[],,,,,,,True,False,[],[],,,,[],[],,,,4,Heist Kitty: Multiplayer Cat Simulator Game,0.78972945,2023,English;Japanese,Co-op;Family Sharing;LAN Co-op;Multi-player;Online Co-op;Partial Controller Support;Single-player,Action;Adventure;Casual;Indie;RPG;Racing;Simulation,Action;Adventure;Automobile Sim;Casual;Cats;Co-op;Cute;Exploration;Family Friendly;Funny;Multiplayer;Online Co-Op;Physics;RPG;Racing;Sandbox;Simulation;Singleplayer;Story Rich;Third Person,"An open-world sand-box game where you play as a cat, defying the rules and causing mayhem. Climb, scratch, and pounce your way through the cityscape filled with playful challenges and hidden secrets. Customise your cat, team up with friends and let the adventure begin! Multiplayer Cat Chaos Take your chaos to new heights as you collaborate on the city streets. Hijack cars, cause explosive distractions, and equip a variety of weapons to create the ultimate cat caper. Show off your agile moves wit","{""text_match"": 0.011525963, ""cosine_similarity"": 0.5794589, ""reranker_score"": -6.126096}"
2026-02-10T19:44:01+00:00,CORTEX_DB.RAW.CAT_GAMES_SVC_1_5,default,"a game where you are a cat and wreck things in a house (first-person), knocking objects over, sandbox","a game where you are a cat and wreck things in a house (first-person), knocking objects over, sandbox",[],,False,,,,keyword_extreme,0.75,10,100,0,1023,1023,,01c25360-0005-0846-0001-397a0006e026,,33,33,,5e-06,5e-06,,5e-06,,,,,[],[],[],[],[],[],,,,,,,True,False,[],[],,,,[],[],,,,5,Fisti-Fluffs,0.77673948,2021,English;French;German;Italian;Japanese;Korean;Polish;Portuguese - Brazil;Russian;Simplified Chinese;Spanish - Latin America,Family Sharing;Full controller support;Multi-player;PvP;Remote Play Together;Shared/Split Screen;Shared/Split Screen PvP;Single-player;Steam Achievements,Action;Casual;Indie;Simulation;Sports,Action;Arcade;Battle Royale;Beat 'em up;Cartoon;Cartoony;Casual;Cats;Colorful;Cute;Destruction;Dog;Family Friendly;Fighting;Funny;Hand-drawn;Memes;Simulation;Sports;Stylized,"With no humans in sight, the cats are bored—and you know what that means? That’s right. It’s time to tussle! Pounce, hiss, flail, and claw your way through the kitty kingdom to prove your wobbly cat “is best cat.” Fisti-Fluffs is an adorable (and yes, ridiculous) physics-based party game where you tussle with other cats and destroy the environments in frenetic over-the-top battles. Of course, you can play alone, but it’s even better with friends. So get your claws out and prepare for some kitty ","{""text_match"": 0.008114107, ""cosine_similarity"": 0.55347896, ""reranker_score"": -5.2779083}"
2026-02-10T19:44:01+00:00,CORTEX_DB.RAW.CAT_GAMES_SVC_1_5,default,"a game where you are a cat and wreck things in a house (first-person), knocking objects over, sandbox","a game where you are a cat and wreck things in a house (first-person), knocking objects over, sandbox",[],,False,,,,keyword_extreme,0.75,10,100,0,1023,1023,,01c25360-0005-0846-0001-397a0006e026,,33,33,,5e-06,5e-06,,5e-06,,,,,[],[],[],[],[],[],,,,,,,True,False,[],[],,,,[],[],,,,6,Messy Up,0.7861591,2024,English;French;German;Italian;Japanese;Korean;Portuguese - Brazil;Russian;Simplified Chinese;Traditional Chinese,Co-op;Custom Volume Controls;Family Sharing;LAN Co-op;LAN PvP;Multi-player;Online Co-op;Online PvP;Partial Controller Support;Playable without Timed Input;PvP;Remote Play Together;Save Anytime;Shared/Split Screen;Shared/Split Screen Co-op;Shared/Split Screen PvP;Single-player;Steam Achievements;Steam Cloud;Steam Trading Cards,Action;Casual;Indie;RPG;Simulation,3D;Cartoony;Casual;Co-op;Cute;Family Friendly;Funny;Indie;Local Multiplayer;Online Co-Op;Party;Party Game;Physics;PvP;RPG;Relaxing;Simulation;Singleplayer;Stylized;Top-Down,"'Messy UP' is a cute pet collaboration game featuring cats and dogs~ Due to the owner's busy life after graduation and starting work, there is less time to spend with the pets. The pets plan to create a big mess at home to grab the owner's attention and encourage them to spend more time together. After all, what mischief could a little dog possibly have in mind? Take on the role of cats and dogs and go wild, wreaking havoc at home! Each pet possesses unique abilities and skills, with various typ","{""text_match"": 0.0065502096, ""cosine_similarity"": 0.5723182, ""reranker_score"": -6.2458673}"
2026-02-10T19:44:01+00:00,CORTEX_DB.RAW.CAT_GAMES_SVC_1_5,default,"a game where you are a cat and wreck things in a house (first-person), knocking objects over, sandbox","a game where you are a cat and wreck things in a house (first-person), knocking objects over, sandbox",[],,False,,,,keyword_extreme,0.75,10,100,0,1023,1023,,01c25360-0005-0846-0001-397a0006e026,,33,33,,5e-06,5e-06,,5e-06,,,,,[],[],[],[],[],[],,,,,,,True,False,[],[],,,,[],[],,,,7,Bad Cat,0.784487875,2022,English;Russian;Simplified Chinese,Family Sharing;Full controller support;Single-player;Steam Achievements,Adventure;Casual;Indie,2.5D;2D Fighter;Adventure;Cartoon;Casual;Cats;Comedy;Comic Book;Cute;Dark Comedy;Dark Humor;Exploration;Family Friendly;Funny;Idler;Indie;Point & Click;Puzzle;Singleplayer;Stealth,"There are many different burgers in the world: a bacon burger, a chicken burger, a royal burger. But there is also a cat named Burger , and this guy is definitely too tough for you. Burger is a real menace of the neighborhood. Be careful! He is going to prove it again! The former tenants could not stand it and sold the house. And the new ones have no idea what they have to face! In the game Cat Burger you play as a cat whose task is to terrify the neighbors. In each level, you will need to figur","{""text_match"": 0.0049751014, ""cosine_similarity"": 0.56897575, ""reranker_score"": -6.0816927}"
2026-02-10T19:44:01+00:00,CORTEX_DB.RAW.CAT_GAMES_SVC_1_5,default,"a game where you are a cat and wreck things in a house (first-person), knocking objects over, sandbox","a game where you are a cat and wreck things in a house (first-person), knocking objects over, sandbox",[],,False,,,,keyword_extreme,0.75,10,100,0,1023,1023,,01c25360-0005-0846-0001-397a0006e026,,33,33,,5e-06,5e-06,,5e-06,,,,,[],[],[],[],[],[],,,,,,,True,False,[],[],,,,[],[],,,,8,Cats are Liquid - A Better Place,0.77985403,2019,English;Finnish;French;German;Spanish - Spain,Family Sharing;Includes level editor;Partial Controller Support;Single-player;Steam Achievements;Steam Cloud;Steam Workshop,Adventure;Indie,2D;Adventure;Cats;Female Protagonist;Indie;Platformer;Psychological Horror;Singleplayer;Story Rich,"A better place. Made just for us. Cats are Liquid - A Better Place is a 2D platformer about a liquid cat and her friends. You play as the cat, in a place created just for you and your friends. You get to go on a nice adventure with them where nothing goes wrong and everything is perfect, as long as your friends stay there, right by your side. Over the course of the game, you get to explore 120 rooms and discover new abilities like the hookshot and light burst. You can also create your own worlds","{""text_match"": 0.012749586, ""cosine_similarity"": 0.55970806, ""reranker_score"": -6.1080265}"
2026-02-10T19:44:01+00:00,CORTEX_DB.RAW.CAT_GAMES_SVC_1_5,default,"a game where you are a cat and wreck things in a house (first-person), knocking objects over, sandbox","a game where you are a cat and wreck things in a house (first-person), knocking objects over, sandbox",[],,False,,,,keyword_extreme,0.75,10,100,0,1023,1023,,01c25360-0005-0846-0001-397a0006e026,,33,33,,5e-06,5e-06,,5e-06,,,,,[],[],[],[],[],[],,,,,,,True,False,[],[],,,,[],[],,,,9,The Stray Cat,0.77704335,2018,English,Single-player;Tracked Controller Support;VR Only,Action;Casual;Free To Play;Indie;Simulation;Sports,Action;Casual;Free to Play;Indie;Simulation;Sports;VR,"Made by Student of Higher Diploma in Transmedia, Hong Kong Design Institute A hungry stray cat, risking his life to eat fish Can you help it... or look at it? This is a VR (Virtual Reality) game In the game you will be in a residential area and meet a starving stray cat It does not care for anything, only to eat the fish in front of it The residents of that household do not seem to like it and keep flying to attack it You can pick up objects to fight against stray cats to protect stray cats Or w","{""text_match"": 0.0022054058, ""cosine_similarity"": 0.5540867, ""reranker_score"": -6.0524197}"
2026-02-10T19:44:01+00:00,CORTEX_DB.RAW.CAT_GAMES_SVC_1_5,default,"a game where you are a cat and wreck things in a house (first-person), knocking objects over, sandbox","a game where you are a cat and wreck things in a house (first-person), knocking objects over, sandbox",[],,False,,,,keyword_extreme,0.75,10,100,0,1023,1023,,01c25360-0005-0846-0001-397a0006e026,,33,33,,5e-06,5e-06,,5e-06,,,,,[],[],[],[],[],[],,,,,,,True,False,[],[],,,,[],[],,,,10,nekowater,0.776055785,2023,English;Japanese;Russian;Simplified Chinese,Family Sharing;Remote Play Together;Single-player;Steam Achievements;Steam Cloud,Adventure;Casual;Indie,3D;3D Platformer;Action-Adventure;Adventure;Atmospheric;Casual;Cats;Conversation;Cute;Exploration;First-Person;Hidden Object;Indie;Multiple Endings;Relaxing;Singleplayer;Story Rich;Walking Simulator,"◆ Story You are a cat. Once, you lived in a place where small houses lined the shore, facing the advancing sea level rise. One day, a big wave swept away various things, and many were lost. This place may be just a memory, a place of memories. The witch, looking bored, waits for the cat's return. ◆ Game Introduction 'Nekowater' is an adventure game where you explore the map, interact with characters, and progress through the game. ◆ Features - Control the game from a cat's low perspective. - Eng","{""text_match"": 0.02489285, ""cosine_similarity"": 0.55211157, ""reranker_score"": -6.045827}"
2026-02-10T19:44:03+00:00,CORTEX_DB.RAW.CAT_GAMES_SVC_1_5,default,"a game where you are a cat and wreck things in a house (first-person), knocking objects over, sandbox","a game where you are a cat and wreck things in a house (first-person), knocking objects over, sandbox",[],,False,,,,no_reranker_balanced,0.3,10,100,0,818,818,,01c25360-0005-0843-0001-397a0006d30a,,34,34,,5e-06,5e-06,,5e-06,,,,,[],[],[],[],[],[],,,,,,,True,False,[],[],,,,[],[],,,,1,Catlateral Damage: Remeowstered,0.8062138,2021,English;French;German;Italian;Japanese;Korean;Portuguese - Brazil;Russian;Simplified Chinese;Spanish - Spain,Camera Comfort;Color Alternatives;Custom Volume Controls;Family Sharing;Full controller support;Playable without Timed Input;Remote Play on TV;Single-player;Stats;Steam Achievements;Steam Cloud;Steam Trading Cards,Action;Adventure;Casual;Indie;Simulation,Action;Action-Adventure;Casual;Cats;Collectathon;Colorful;Comedy;Cute;Destruction;Exploration;Family Friendly;First-Person;Funny;Indie;Physics;Procedural Generation;Relaxing;Sandbox;Simulation;Singleplayer,"Catlateral Damage: Remeowstered is the definitive edition of your favorite destructive cat simulator, where you play as a house cat on a rampage and do all that fun stuff your owner hates! See the world through the eyes of a cat! Run around the house, topple neatly organized books, shatter vases, meow at nothing, tear up curtains, nap in obscure places, and more! Complete objectives, explore procedurally generated levels, or just relax in sandbox mode to unlock a clowder of cat friends and speci","{""text_match"": 0.03077473, ""cosine_similarity"": 0.6124276}"
2026-02-10T19:44:03+00:00,CORTEX_DB.RAW.CAT_GAMES_SVC_1_5,default,"a game where you are a cat and wreck things in a house (first-person), knocking objects over, sandbox","a game where you are a cat and wreck things in a house (first-person), knocking objects over, sandbox",[],,False,,,,no_reranker_balanced,0.3,10,100,0,818,818,,01c25360-0005-0843-0001-397a0006d30a,,34,34,,5e-06,5e-06,,5e-06,,,,,[],[],[],[],[],[],,,,,,,True,False,[],[],,,,[],[],,,,2,Heist Kitty: Multiplayer Cat Simulator Game,0.78972945,2023,English;Japanese,Co-op;Family Sharing;LAN Co-op;Multi-player;Online Co-op;Partial Controller Support;Single-player,Action;Adventure;Casual;Indie;RPG;Racing;Simulation,Action;Adventure;Automobile Sim;Casual;Cats;Co-op;Cute;Exploration;Family Friendly;Funny;Multiplayer;Online Co-Op;Physics;RPG;Racing;Sandbox;Simulation;Singleplayer;Story Rich;Third Person,"An open-world sand-box game where you play as a cat, defying the rules and causing mayhem. Climb, scratch, and pounce your way through the cityscape filled with playful challenges and hidden secrets. Customise your cat, team up with friends and let the adventure begin! Multiplayer Cat Chaos Take your chaos to new heights as you collaborate on the city streets. Hijack cars, cause explosive distractions, and equip a variety of weapons to create the ultimate cat caper. Show off your agile moves wit","{""text_match"": 0.011525963, ""cosine_similarity"": 0.5794589}"
2026-02-10T19:44:03+00:00,CORTEX_DB.RAW.CAT_GAMES_SVC_1_5,default,"a game where you are a cat and wreck things in a house (first-person), knocking objects over, sandbox","a game where you are a cat and wreck things in a house (first-person), knocking objects over, sandbox",[],,False,,,,no_reranker_balanced,0.3,10,100,0,818,818,,01c25360-0005-0843-0001-397a0006d30a,,34,34,,5e-06,5e-06,,5e-06,,,,,[],[],[],[],[],[],,,,,,,True,False,[],[],,,,[],[],,,,3,Kitty's Last Adventure,0.788817885,2025,English;French,Family Sharing;Full controller support;Single-player;Steam Achievements;Steam Cloud,Action;Casual,2D;Action;Action Roguelike;Arcade;Arena Shooter;Bullet Hell;Casual;Cats;Combat;Controller;Cute;Early Access;Funny;Procedural Generation;PvE;Rogue-like;Rogue-lite;Shooter;Singleplayer;Top-Down Shooter,"Play as Kitty or her friends and survive the wave of cat nightmares in this roguelite survivor. The cat automatically throws its toys at enemies; all you have to do is control its path! As you progress, you'll unlock an array of hilarious yet powerful cat-based weaponry that evolves with you. Each weapon starts as a playful toy and transforms into more impressive and dangerous forms. Each weapon you acquire is associated with one or more families, each offering distinct bonuses that amplify with","{""text_match"": 0.0076268055, ""cosine_similarity"": 0.57763577}"
2026-02-10T19:44:03+00:00,CORTEX_DB.RAW.CAT_GAMES_SVC_1_5,default,"a game where you are a cat and wreck things in a house (first-person), knocking objects over, sandbox","a game where you are a cat and wreck things in a house (first-person), knocking objects over, sandbox",[],,False,,,,no_reranker_balanced,0.3,10,100,0,818,818,,01c25360-0005-0843-0001-397a0006d30a,,34,34,,5e-06,5e-06,,5e-06,,,,,[],[],[],[],[],[],,,,,,,True,False,[],[],,,,[],[],,,,4,Messy Up,0.7861591,2024,English;French;German;Italian;Japanese;Korean;Portuguese - Brazil;Russian;Simplified Chinese;Traditional Chinese,Co-op;Custom Volume Controls;Family Sharing;LAN Co-op;LAN PvP;Multi-player;Online Co-op;Online PvP;Partial Controller Support;Playable without Timed Input;PvP;Remote Play Together;Save Anytime;Shared/Split Screen;Shared/Split Screen Co-op;Shared/Split Screen PvP;Single-player;Steam Achievements;Steam Cloud;Steam Trading Cards,Action;Casual;Indie;RPG;Simulation,3D;Cartoony;Casual;Co-op;Cute;Family Friendly;Funny;Indie;Local Multiplayer;Online Co-Op;Party;Party Game;Physics;PvP;RPG;Relaxing;Simulation;Singleplayer;Stylized;Top-Down,"'Messy UP' is a cute pet collaboration game featuring cats and dogs~ Due to the owner's busy life after graduation and starting work, there is less time to spend with the pets. The pets plan to create a big mess at home to grab the owner's attention and encourage them to spend more time together. After all, what mischief could a little dog possibly have in mind? Take on the role of cats and dogs and go wild, wreaking havoc at home! Each pet possesses unique abilities and skills, with various typ","{""text_match"": 0.0065502096, ""cosine_similarity"": 0.5723182}"
2026-02-10T19:44:03+00:00,CORTEX_DB.RAW.CAT_GAMES_SVC_1_5,default,"a game where you are a cat and wreck things in a house (first-person), knocking objects over, sandbox","a game where you are a cat and wreck things in a house (first-person), knocking objects over, sandbox",[],,False,,,,no_reranker_balanced,0.3,10,100,0,818,818,,01c25360-0005-0843-0001-397a0006d30a,,34,34,,5e-06,5e-06,,5e-06,,,,,[],[],[],[],[],[],,,,,,,True,False,[],[],,,,[],[],,,,5,Bad Cat,0.784487875,2022,English;Russian;Simplified Chinese,Family Sharing;Full controller support;Single-player;Steam Achievements,Adventure;Casual;Indie,2.5D;2D Fighter;Adventure;Cartoon;Casual;Cats;Comedy;Comic Book;Cute;Dark Comedy;Dark Humor;Exploration;Family Friendly;Funny;Idler;Indie;Point & Click;Puzzle;Singleplayer;Stealth,"There are many different burgers in the world: a bacon burger, a chicken burger, a royal burger. But there is also a cat named Burger , and this guy is definitely too tough for you. Burger is a real menace of the neighborhood. Be careful! He is going to prove it again! The former tenants could not stand it and sold the house. And the new ones have no idea what they have to face! In the game Cat Burger you play as a cat whose task is to terrify the neighbors. In each level, you will need to figur","{""text_match"": 0.0049751014, ""cosine_similarity"": 0.56897575}"
2026-02-10T19:44:03+00:00,CORTEX_DB.RAW.CAT_GAMES_SVC_1_5,default,"a game where you are a cat and wreck things in a house (first-person), knocking objects over, sandbox","a game where you are a cat and wreck things in a house (first-person), knocking objects over, sandbox",[],,False,,,,no_reranker_balanced,0.3,10,100,0,818,818,,01c25360-0005-0843-0001-397a0006d30a,,34,34,,5e-06,5e-06,,5e-06,,,,,[],[],[],[],[],[],,,,,,,True,False,[],[],,,,[],[],,,,6,meYOUw,0.7816012,2025,English,Family Sharing;Single-player,Casual;Indie,2D;2D Platformer;3D;3D Platformer;Adventure;Casual;Cats;Cute;Indie;Parkour;Platformer;Rogue-lite;Runner;Singleplayer,"🎤🐾 Play with Your Voice, Embark on an Adventure! A fun and energetic game for kids who love to shout! My nephew is always shouting, so I wanted to create a game where he could channel his energy in a fun and engaging way. Maybe you’d like to test how well you can control your voice too! This game was designed as a special keepsake for my nephew and will be released on his birthday! 🎂🎁 🎮 How to Play? 🔹 Kitty Kitty Mode – Whisper or make a soft sound... That’s it! Our cat starts walking! But be ca","{""text_match"": 0.007676331, ""cosine_similarity"": 0.5632024}"
2026-02-10T19:44:03+00:00,CORTEX_DB.RAW.CAT_GAMES_SVC_1_5,default,"a game where you are a cat and wreck things in a house (first-person), knocking objects over, sandbox","a game where you are a cat and wreck things in a house (first-person), knocking objects over, sandbox",[],,False,,,,no_reranker_balanced,0.3,10,100,0,818,818,,01c25360-0005-0843-0001-397a0006d30a,,34,34,,5e-06,5e-06,,5e-06,,,,,[],[],[],[],[],[],,,,,,,True,False,[],[],,,,[],[],,,,7,Cats are Liquid - A Better Place,0.77985403,2019,English;Finnish;French;German;Spanish - Spain,Family Sharing;Includes level editor;Partial Controller Support;Single-player;Steam Achievements;Steam Cloud;Steam Workshop,Adventure;Indie,2D;Adventure;Cats;Female Protagonist;Indie;Platformer;Psychological Horror;Singleplayer;Story Rich,"A better place. Made just for us. Cats are Liquid - A Better Place is a 2D platformer about a liquid cat and her friends. You play as the cat, in a place created just for you and your friends. You get to go on a nice adventure with them where nothing goes wrong and everything is perfect, as long as your friends stay there, right by your side. Over the course of the game, you get to explore 120 rooms and discover new abilities like the hookshot and light burst. You can also create your own worlds","{""text_match"": 0.012749586, ""cosine_similarity"": 0.55970806}"
2026-02-10T19:44:03+00:00,CORTEX_DB.RAW.CAT_GAMES_SVC_1_5,default,"a game where you are a cat and wreck things in a house (first-person), knocking objects over, sandbox","a game where you are a cat and wreck things in a house (first-person), knocking objects over, sandbox",[],,False,,,,no_reranker_balanced,0.3,10,100,0,818,818,,01c25360-0005-0843-0001-397a0006d30a,,34,34,,5e-06,5e-06,,5e-06,,,,,[],[],[],[],[],[],,,,,,,True,False,[],[],,,,[],[],,,,8,Whiskers on Time's Corner,0.78000593,2024,English;Japanese;Simplified Chinese;Spanish - Spain;Traditional Chinese,Family Sharing;Single-player;Steam Achievements;Steam Cloud,Casual;Early Access;Indie,Action RPG;Action-Adventure;Atmospheric;Cartoon;Cartoony;Casual;Cats;Choices Matter;Cute;Dating Sim;Early Access;Emotional;Exploration;Funny;Indie;Multiple Endings;Relaxing;Singleplayer;Survival;Walking Simulator,"In a beautiful little town, you take on the role of a cat and experience life from its perspective. [Life as a Cat] You need to rummage through trash cans and recycling bins to find food. Remember the locations where food can be found and try your luck when hunger strikes. Always keep an eye on the weather—rain will quickly drain the cat's stamina, so make sure to find shelter under roofs to stay dry and maintain your energy. [Cat Stories] At the Rice Ball House, Mrs. Rice Ball occasionally give","{""text_match"": 0.0083869295, ""cosine_similarity"": 0.56001186}"
2026-02-10T19:44:03+00:00,CORTEX_DB.RAW.CAT_GAMES_SVC_1_5,default,"a game where you are a cat and wreck things in a house (first-person), knocking objects over, sandbox","a game where you are a cat and wreck things in a house (first-person), knocking objects over, sandbox",[],,False,,,,no_reranker_balanced,0.3,10,100,0,818,818,,01c25360-0005-0843-0001-397a0006d30a,,34,34,,5e-06,5e-06,,5e-06,,,,,[],[],[],[],[],[],,,,,,,True,False,[],[],,,,[],[],,,,9,nekowater,0.776055785,2023,English;Japanese;Russian;Simplified Chinese,Family Sharing;Remote Play Together;Single-player;Steam Achievements;Steam Cloud,Adventure;Casual;Indie,3D;3D Platformer;Action-Adventure;Adventure;Atmospheric;Casual;Cats;Conversation;Cute;Exploration;First-Person;Hidden Object;Indie;Multiple Endings;Relaxing;Singleplayer;Story Rich;Walking Simulator,"◆ Story You are a cat. Once, you lived in a place where small houses lined the shore, facing the advancing sea level rise. One day, a big wave swept away various things, and many were lost. This place may be just a memory, a place of memories. The witch, looking bored, waits for the cat's return. ◆ Game Introduction 'Nekowater' is an adventure game where you explore the map, interact with characters, and progress through the game. ◆ Features - Control the game from a cat's low perspective. - Eng","{""text_match"": 0.02489285, ""cosine_similarity"": 0.55211157}"
2026-02-10T19:44:03+00:00,CORTEX_DB.RAW.CAT_GAMES_SVC_1_5,default,"a game where you are a cat and wreck things in a house (first-person), knocking objects over, sandbox","a game where you are a cat and wreck things in a house (first-person), knocking objects over, sandbox",[],,False,,,,no_reranker_balanced,0.3,10,100,0,818,818,,01c25360-0005-0843-0001-397a0006d30a,,34,34,,5e-06,5e-06,,5e-06,,,,,[],[],[],[],[],[],,,,,,,True,False,[],[],,,,[],[],,,,10,MewnBase,0.77886647,2023,Bulgarian;English;Finnish;French;German;Italian;Polish;Portuguese - Brazil;Portuguese - Portugal;Russian;Spanish - Spain;Turkish;Ukrainian,Family Sharing;Single-player;Steam Achievements;Steam Cloud,Casual;Indie;Simulation,2D;Action-Adventure;Base-Building;Building;Cartoony;Casual;Cats;Crafting;Cute;Exploration;Family Friendly;Open World;Relaxing;Sandbox;Sci-fi;Simulation;Singleplayer;Space;Survival;Top-Down,"Be a space-cat. MewnBase is a cute, 2D exploration/survival game. You land on an uncharted world only to realize you didn't bring any snacks and forgot half your luggage. But hey, at least you brought this workbench thing. You'll need to collect resources in order to construct a make-shift base. Craft a variety of different base modules, from airlocks to rain-water collectors in order to make your new home on this barren planet a little more cozy. Other Neat Features Technology Upgrades Find str","{""text_match"": 0.008510388, ""cosine_similarity"": 0.55773294}"
2026-02-10T19:44:04+00:00,CORTEX_DB.RAW.CAT_GAMES_SVC_1_5,default,"a game where you are a cat and wreck things in a house (first-person), knocking objects over, sandbox","a game where you are a cat and wreck things in a house (first-person), knocking objects over, sandbox",[],,False,,,,no_reranker_balanced,0.65,10,100,0,872,872,,01c25360-0005-0843-0001-397a0006d30e,,32,32,,5e-06,5e-06,,5e-06,,,,,[],[],[],[],[],[],,,,,,,True,False,[],[],,,,[],[],,,,1,Catlateral Damage: Remeowstered,0.8062138,2021,English;French;German;Italian;Japanese;Korean;Portuguese - Brazil;Russian;Simplified Chinese;Spanish - Spain,Camera Comfort;Color Alternatives;Custom Volume Controls;Family Sharing;Full controller support;Playable without Timed Input;Remote Play on TV;Single-player;Stats;Steam Achievements;Steam Cloud;Steam Trading Cards,Action;Adventure;Casual;Indie;Simulation,Action;Action-Adventure;Casual;Cats;Collectathon;Colorful;Comedy;Cute;Destruction;Exploration;Family Friendly;First-Person;Funny;Indie;Physics;Procedural Generation;Relaxing;Sandbox;Simulation;Singleplayer,"Catlateral Damage: Remeowstered is the definitive edition of your favorite destructive cat simulator, where you play as a house cat on a rampage and do all that fun stuff your owner hates! See the world through the eyes of a cat! Run around the house, topple neatly organized books, shatter vases, meow at nothing, tear up curtains, nap in obscure places, and more! Complete objectives, explore procedurally generated levels, or just relax in sandbox mode to unlock a clowder of cat friends and speci","{""text_match"": 0.03077473, ""cosine_similarity"": 0.6124276}"
2026-02-10T19:44:04+00:00,CORTEX_DB.RAW.CAT_GAMES_SVC_1_5,default,"a game where you are a cat and wreck things in a house (first-person), knocking objects over, sandbox","a game where you are a cat and wreck things in a house (first-person), knocking objects over, sandbox",[],,False,,,,no_reranker_balanced,0.65,10,100,0,872,872,,01c25360-0005-0843-0001-397a0006d30e,,32,32,,5e-06,5e-06,,5e-06,,,,,[],[],[],[],[],[],,,,,,,True,False,[],[],,,,[],[],,,,2,Heist Kitty: Multiplayer Cat Simulator Game,0.78972945,2023,English;Japanese,Co-op;Family Sharing;LAN Co-op;Multi-player;Online Co-op;Partial Controller Support;Single-player,Action;Adventure;Casual;Indie;RPG;Racing;Simulation,Action;Adventure;Automobile Sim;Casual;Cats;Co-op;Cute;Exploration;Family Friendly;Funny;Multiplayer;Online Co-Op;Physics;RPG;Racing;Sandbox;Simulation;Singleplayer;Story Rich;Third Person,"An open-world sand-box game where you play as a cat, defying the rules and causing mayhem. Climb, scratch, and pounce your way through the cityscape filled with playful challenges and hidden secrets. Customise your cat, team up with friends and let the adventure begin! Multiplayer Cat Chaos Take your chaos to new heights as you collaborate on the city streets. Hijack cars, cause explosive distractions, and equip a variety of weapons to create the ultimate cat caper. Show off your agile moves wit","{""text_match"": 0.011525963, ""cosine_similarity"": 0.5794589}"
2026-02-10T19:44:04+00:00,CORTEX_DB.RAW.CAT_GAMES_SVC_1_5,default,"a game where you are a cat and wreck things in a house (first-person), knocking objects over, sandbox","a game where you are a cat and wreck things in a house (first-person), knocking objects over, sandbox",[],,False,,,,no_reranker_balanced,0.65,10,100,0,872,872,,01c25360-0005-0843-0001-397a0006d30e,,32,32,,5e-06,5e-06,,5e-06,,,,,[],[],[],[],[],[],,,,,,,True,False,[],[],,,,[],[],,,,3,Kitty's Last Adventure,0.788817885,2025,English;French,Family Sharing;Full controller support;Single-player;Steam Achievements;Steam Cloud,Action;Casual,2D;Action;Action Roguelike;Arcade;Arena Shooter;Bullet Hell;Casual;Cats;Combat;Controller;Cute;Early Access;Funny;Procedural Generation;PvE;Rogue-like;Rogue-lite;Shooter;Singleplayer;Top-Down Shooter,"Play as Kitty or her friends and survive the wave of cat nightmares in this roguelite survivor. The cat automatically throws its toys at enemies; all you have to do is control its path! As you progress, you'll unlock an array of hilarious yet powerful cat-based weaponry that evolves with you. Each weapon starts as a playful toy and transforms into more impressive and dangerous forms. Each weapon you acquire is associated with one or more families, each offering distinct bonuses that amplify with","{""text_match"": 0.0076268055, ""cosine_similarity"": 0.57763577}"
2026-02-10T19:44:04+00:00,CORTEX_DB.RAW.CAT_GAMES_SVC_1_5,default,"a game where you are a cat and wreck things in a house (first-person), knocking objects over, sandbox","a game where you are a cat and wreck things in a house (first-person), knocking objects over, sandbox",[],,False,,,,no_reranker_balanced,0.65,10,100,0,872,872,,01c25360-0005-0843-0001-397a0006d30e,,32,32,,5e-06,5e-06,,5e-06,,,,,[],[],[],[],[],[],,,,,,,True,False,[],[],,,,[],[],,,,4,Messy Up,0.7861591,2024,English;French;German;Italian;Japanese;Korean;Portuguese - Brazil;Russian;Simplified Chinese;Traditional Chinese,Co-op;Custom Volume Controls;Family Sharing;LAN Co-op;LAN PvP;Multi-player;Online Co-op;Online PvP;Partial Controller Support;Playable without Timed Input;PvP;Remote Play Together;Save Anytime;Shared/Split Screen;Shared/Split Screen Co-op;Shared/Split Screen PvP;Single-player;Steam Achievements;Steam Cloud;Steam Trading Cards,Action;Casual;Indie;RPG;Simulation,3D;Cartoony;Casual;Co-op;Cute;Family Friendly;Funny;Indie;Local Multiplayer;Online Co-Op;Party;Party Game;Physics;PvP;RPG;Relaxing;Simulation;Singleplayer;Stylized;Top-Down,"'Messy UP' is a cute pet collaboration game featuring cats and dogs~ Due to the owner's busy life after graduation and starting work, there is less time to spend with the pets. The pets plan to create a big mess at home to grab the owner's attention and encourage them to spend more time together. After all, what mischief could a little dog possibly have in mind? Take on the role of cats and dogs and go wild, wreaking havoc at home! Each pet possesses unique abilities and skills, with various typ","{""text_match"": 0.0065502096, ""cosine_similarity"": 0.5723182}"
2026-02-10T19:44:04+00:00,CORTEX_DB.RAW.CAT_GAMES_SVC_1_5,default,"a game where you are a cat and wreck things in a house (first-person), knocking objects over, sandbox","a game where you are a cat and wreck things in a house (first-person), knocking objects over, sandbox",[],,False,,,,no_reranker_balanced,0.65,10,100,0,872,872,,01c25360-0005-0843-0001-397a0006d30e,,32,32,,5e-06,5e-06,,5e-06,,,,,[],[],[],[],[],[],,,,,,,True,False,[],[],,,,[],[],,,,5,Bad Cat,0.784487875,2022,English;Russian;Simplified Chinese,Family Sharing;Full controller support;Single-player;Steam Achievements,Adventure;Casual;Indie,2.5D;2D Fighter;Adventure;Cartoon;Casual;Cats;Comedy;Comic Book;Cute;Dark Comedy;Dark Humor;Exploration;Family Friendly;Funny;Idler;Indie;Point & Click;Puzzle;Singleplayer;Stealth,"There are many different burgers in the world: a bacon burger, a chicken burger, a royal burger. But there is also a cat named Burger , and this guy is definitely too tough for you. Burger is a real menace of the neighborhood. Be careful! He is going to prove it again! The former tenants could not stand it and sold the house. And the new ones have no idea what they have to face! In the game Cat Burger you play as a cat whose task is to terrify the neighbors. In each level, you will need to figur","{""text_match"": 0.0049751014, ""cosine_similarity"": 0.56897575}"
2026-02-10T19:44:04+00:00,CORTEX_DB.RAW.CAT_GAMES_SVC_1_5,default,"a game where you are a cat and wreck things in a house (first-person), knocking objects over, sandbox","a game where you are a cat and wreck things in a house (first-person), knocking objects over, sandbox",[],,False,,,,no_reranker_balanced,0.65,10,100,0,872,872,,01c25360-0005-0843-0001-397a0006d30e,,32,32,,5e-06,5e-06,,5e-06,,,,,[],[],[],[],[],[],,,,,,,True,False,[],[],,,,[],[],,,,6,meYOUw,0.7816012,2025,English,Family Sharing;Single-player,Casual;Indie,2D;2D Platformer;3D;3D Platformer;Adventure;Casual;Cats;Cute;Indie;Parkour;Platformer;Rogue-lite;Runner;Singleplayer,"🎤🐾 Play with Your Voice, Embark on an Adventure! A fun and energetic game for kids who love to shout! My nephew is always shouting, so I wanted to create a game where he could channel his energy in a fun and engaging way. Maybe you’d like to test how well you can control your voice too! This game was designed as a special keepsake for my nephew and will be released on his birthday! 🎂🎁 🎮 How to Play? 🔹 Kitty Kitty Mode – Whisper or make a soft sound... That’s it! Our cat starts walking! But be ca","{""text_match"": 0.007676331, ""cosine_similarity"": 0.5632024}"
2026-02-10T19:44:04+00:00,CORTEX_DB.RAW.CAT_GAMES_SVC_1_5,default,"a game where you are a cat and wreck things in a house (first-person), knocking objects over, sandbox","a game where you are a cat and wreck things in a house (first-person), knocking objects over, sandbox",[],,False,,,,no_reranker_balanced,0.65,10,100,0,872,872,,01c25360-0005-0843-0001-397a0006d30e,,32,32,,5e-06,5e-06,,5e-06,,,,,[],[],[],[],[],[],,,,,,,True,False,[],[],,,,[],[],,,,7,Cats are Liquid - A Better Place,0.77985403,2019,English;Finnish;French;German;Spanish - Spain,Family Sharing;Includes level editor;Partial Controller Support;Single-player;Steam Achievements;Steam Cloud;Steam Workshop,Adventure;Indie,2D;Adventure;Cats;Female Protagonist;Indie;Platformer;Psychological Horror;Singleplayer;Story Rich,"A better place. Made just for us. Cats are Liquid - A Better Place is a 2D platformer about a liquid cat and her friends. You play as the cat, in a place created just for you and your friends. You get to go on a nice adventure with them where nothing goes wrong and everything is perfect, as long as your friends stay there, right by your side. Over the course of the game, you get to explore 120 rooms and discover new abilities like the hookshot and light burst. You can also create your own worlds","{""text_match"": 0.012749586, ""cosine_similarity"": 0.55970806}"
2026-02-10T19:44:04+00:00,CORTEX_DB.RAW.CAT_GAMES_SVC_1_5,default,"a game where you are a cat and wreck things in a house (first-person), knocking objects over, sandbox","a game where you are a cat and wreck things in a house (first-person), knocking objects over, sandbox",[],,False,,,,no_reranker_balanced,0.65,10,100,0,872,872,,01c25360-0005-0843-0001-397a0006d30e,,32,32,,5e-06,5e-06,,5e-06,,,,,[],[],[],[],[],[],,,,,,,True,False,[],[],,,,[],[],,,,8,Whiskers on Time's Corner,0.78000593,2024,English;Japanese;Simplified Chinese;Spanish - Spain;Traditional Chinese,Family Sharing;Single-player;Steam Achievements;Steam Cloud,Casual;Early Access;Indie,Action RPG;Action-Adventure;Atmospheric;Cartoon;Cartoony;Casual;Cats;Choices Matter;Cute;Dating Sim;Early Access;Emotional;Exploration;Funny;Indie;Multiple Endings;Relaxing;Singleplayer;Survival;Walking Simulator,"In a beautiful little town, you take on the role of a cat and experience life from its perspective. [Life as a Cat] You need to rummage through trash cans and recycling bins to find food. Remember the locations where food can be found and try your luck when hunger strikes. Always keep an eye on the weather—rain will quickly drain the cat's stamina, so make sure to find shelter under roofs to stay dry and maintain your energy. [Cat Stories] At the Rice Ball House, Mrs. Rice Ball occasionally give","{""text_match"": 0.0083869295, ""cosine_similarity"": 0.56001186}"
2026-02-10T19:44:04+00:00,CORTEX_DB.RAW.CAT_GAMES_SVC_1_5,default,"a game where you are a cat and wreck things in a house (first-person), knocking objects over, sandbox","a game where you are a cat and wreck things in a house (first-person), knocking objects over, sandbox",[],,False,,,,no_reranker_balanced,0.65,10,100,0,872,872,,01c25360-0005-0843-0001-397a0006d30e,,32,32,,5e-06,5e-06,,5e-06,,,,,[],[],[],[],[],[],,,,,,,True,False,[],[],,,,[],[],,,,9,nekowater,0.776055785,2023,English;Japanese;Russian;Simplified Chinese,Family Sharing;Remote Play Together;Single-player;Steam Achievements;Steam Cloud,Adventure;Casual;Indie,3D;3D Platformer;Action-Adventure;Adventure;Atmospheric;Casual;Cats;Conversation;Cute;Exploration;First-Person;Hidden Object;Indie;Multiple Endings;Relaxing;Singleplayer;Story Rich;Walking Simulator,"◆ Story You are a cat. Once, you lived in a place where small houses lined the shore, facing the advancing sea level rise. One day, a big wave swept away various things, and many were lost. This place may be just a memory, a place of memories. The witch, looking bored, waits for the cat's return. ◆ Game Introduction 'Nekowater' is an adventure game where you explore the map, interact with characters, and progress through the game. ◆ Features - Control the game from a cat's low perspective. - Eng","{""text_match"": 0.02489285, ""cosine_similarity"": 0.55211157}"
2026-02-10T19:44:04+00:00,CORTEX_DB.RAW.CAT_GAMES_SVC_1_5,default,"a game where you are a cat and wreck things in a house (first-person), knocking objects over, sandbox","a game where you are a cat and wreck things in a house (first-person), knocking objects over, sandbox",[],,False,,,,no_reranker_balanced,0.65,10,100,0,872,872,,01c25360-0005-0843-0001-397a0006d30e,,32,32,,5e-06,5e-06,,5e-06,,,,,[],[],[],[],[],[],,,,,,,True,False,[],[],,,,[],[],,,,10,MewnBase,0.77886647,2023,Bulgarian;English;Finnish;French;German;Italian;Polish;Portuguese - Brazil;Portuguese - Portugal;Russian;Spanish - Spain;Turkish;Ukrainian,Family Sharing;Single-player;Steam Achievements;Steam Cloud,Casual;Indie;Simulation,2D;Action-Adventure;Base-Building;Building;Cartoony;Casual;Cats;Crafting;Cute;Exploration;Family Friendly;Open World;Relaxing;Sandbox;Sci-fi;Simulation;Singleplayer;Space;Survival;Top-Down,"Be a space-cat. MewnBase is a cute, 2D exploration/survival game. You land on an uncharted world only to realize you didn't bring any snacks and forgot half your luggage. But hey, at least you brought this workbench thing. You'll need to collect resources in order to construct a make-shift base. Craft a variety of different base modules, from airlocks to rain-water collectors in order to make your new home on this barren planet a little more cozy. Other Neat Features Technology Upgrades Find str","{""text_match"": 0.008510388, ""cosine_similarity"": 0.55773294}"
2026-02-10T19:44:05+00:00,CORTEX_DB.RAW.CAT_GAMES_SVC_1_5,default,"a game where you are a cat and wreck things in a house (first-person), knocking objects over, sandbox","a game where you are a cat and wreck things in a house (first-person), knocking objects over, sandbox",[],,False,,,,no_reranker_balanced,0.75,10,100,0,767,767,,01c25360-0005-0843-0001-397a0006d312,,43,43,,6e-06,6e-06,,6e-06,,,,,[],[],[],[],[],[],,,,,,,True,False,[],[],,,,[],[],,,,1,Catlateral Damage: Remeowstered,0.8062138,2021,English;French;German;Italian;Japanese;Korean;Portuguese - Brazil;Russian;Simplified Chinese;Spanish - Spain,Camera Comfort;Color Alternatives;Custom Volume Controls;Family Sharing;Full controller support;Playable without Timed Input;Remote Play on TV;Single-player;Stats;Steam Achievements;Steam Cloud;Steam Trading Cards,Action;Adventure;Casual;Indie;Simulation,Action;Action-Adventure;Casual;Cats;Collectathon;Colorful;Comedy;Cute;Destruction;Exploration;Family Friendly;First-Person;Funny;Indie;Physics;Procedural Generation;Relaxing;Sandbox;Simulation;Singleplayer,"Catlateral Damage: Remeowstered is the definitive edition of your favorite destructive cat simulator, where you play as a house cat on a rampage and do all that fun stuff your owner hates! See the world through the eyes of a cat! Run around the house, topple neatly organized books, shatter vases, meow at nothing, tear up curtains, nap in obscure places, and more! Complete objectives, explore procedurally generated levels, or just relax in sandbox mode to unlock a clowder of cat friends and speci","{""text_match"": 0.03077473, ""cosine_similarity"": 0.6124276}"
2026-02-10T19:44:05+00:00,CORTEX_DB.RAW.CAT_GAMES_SVC_1_5,default,"a game where you are a cat and wreck things in a house (first-person), knocking objects over, sandbox","a game where you are a cat and wreck things in a house (first-person), knocking objects over, sandbox",[],,False,,,,no_reranker_balanced,0.75,10,100,0,767,767,,01c25360-0005-0843-0001-397a0006d312,,43,43,,6e-06,6e-06,,6e-06,,,,,[],[],[],[],[],[],,,,,,,True,False,[],[],,,,[],[],,,,2,Heist Kitty: Multiplayer Cat Simulator Game,0.78972945,2023,English;Japanese,Co-op;Family Sharing;LAN Co-op;Multi-player;Online Co-op;Partial Controller Support;Single-player,Action;Adventure;Casual;Indie;RPG;Racing;Simulation,Action;Adventure;Automobile Sim;Casual;Cats;Co-op;Cute;Exploration;Family Friendly;Funny;Multiplayer;Online Co-Op;Physics;RPG;Racing;Sandbox;Simulation;Singleplayer;Story Rich;Third Person,"An open-world sand-box game where you play as a cat, defying the rules and causing mayhem. Climb, scratch, and pounce your way through the cityscape filled with playful challenges and hidden secrets. Customise your cat, team up with friends and let the adventure begin! Multiplayer Cat Chaos Take your chaos to new heights as you collaborate on the city streets. Hijack cars, cause explosive distractions, and equip a variety of weapons to create the ultimate cat caper. Show off your agile moves wit","{""text_match"": 0.011525963, ""cosine_similarity"": 0.5794589}"
2026-02-10T19:44:05+00:00,CORTEX_DB.RAW.CAT_GAMES_SVC_1_5,default,"a game where you are a cat and wreck things in a house (first-person), knocking objects over, sandbox","a game where you are a cat and wreck things in a house (first-person), knocking objects over, sandbox",[],,False,,,,no_reranker_balanced,0.75,10,100,0,767,767,,01c25360-0005-0843-0001-397a0006d312,,43,43,,6e-06,6e-06,,6e-06,,,,,[],[],[],[],[],[],,,,,,,True,False,[],[],,,,[],[],,,,3,Kitty's Last Adventure,0.788817885,2025,English;French,Family Sharing;Full controller support;Single-player;Steam Achievements;Steam Cloud,Action;Casual,2D;Action;Action Roguelike;Arcade;Arena Shooter;Bullet Hell;Casual;Cats;Combat;Controller;Cute;Early Access;Funny;Procedural Generation;PvE;Rogue-like;Rogue-lite;Shooter;Singleplayer;Top-Down Shooter,"Play as Kitty or her friends and survive the wave of cat nightmares in this roguelite survivor. The cat automatically throws its toys at enemies; all you have to do is control its path! As you progress, you'll unlock an array of hilarious yet powerful cat-based weaponry that evolves with you. Each weapon starts as a playful toy and transforms into more impressive and dangerous forms. Each weapon you acquire is associated with one or more families, each offering distinct bonuses that amplify with","{""text_match"": 0.0076268055, ""cosine_similarity"": 0.57763577}"
2026-02-10T19:44:05+00:00,CORTEX_DB.RAW.CAT_GAMES_SVC_1_5,default,"a game where you are a cat and wreck things in a house (first-person), knocking objects over, sandbox","a game where you are a cat and wreck things in a house (first-person), knocking objects over, sandbox",[],,False,,,,no_reranker_balanced,0.75,10,100,0,767,767,,01c25360-0005-0843-0001-397a0006d312,,43,43,,6e-06,6e-06,,6e-06,,,,,[],[],[],[],[],[],,,,,,,True,False,[],[],,,,[],[],,,,4,Messy Up,0.7861591,2024,English;French;German;Italian;Japanese;Korean;Portuguese - Brazil;Russian;Simplified Chinese;Traditional Chinese,Co-op;Custom Volume Controls;Family Sharing;LAN Co-op;LAN PvP;Multi-player;Online Co-op;Online PvP;Partial Controller Support;Playable without Timed Input;PvP;Remote Play Together;Save Anytime;Shared/Split Screen;Shared/Split Screen Co-op;Shared/Split Screen PvP;Single-player;Steam Achievements;Steam Cloud;Steam Trading Cards,Action;Casual;Indie;RPG;Simulation,3D;Cartoony;Casual;Co-op;Cute;Family Friendly;Funny;Indie;Local Multiplayer;Online Co-Op;Party;Party Game;Physics;PvP;RPG;Relaxing;Simulation;Singleplayer;Stylized;Top-Down,"'Messy UP' is a cute pet collaboration game featuring cats and dogs~ Due to the owner's busy life after graduation and starting work, there is less time to spend with the pets. The pets plan to create a big mess at home to grab the owner's attention and encourage them to spend more time together. After all, what mischief could a little dog possibly have in mind? Take on the role of cats and dogs and go wild, wreaking havoc at home! Each pet possesses unique abilities and skills, with various typ","{""text_match"": 0.0065502096, ""cosine_similarity"": 0.5723182}"
2026-02-10T19:44:05+00:00,CORTEX_DB.RAW.CAT_GAMES_SVC_1_5,default,"a game where you are a cat and wreck things in a house (first-person), knocking objects over, sandbox","a game where you are a cat and wreck things in a house (first-person), knocking objects over, sandbox",[],,False,,,,no_reranker_balanced,0.75,10,100,0,767,767,,01c25360-0005-0843-0001-397a0006d312,,43,43,,6e-06,6e-06,,6e-06,,,,,[],[],[],[],[],[],,,,,,,True,False,[],[],,,,[],[],,,,5,Bad Cat,0.784487875,2022,English;Russian;Simplified Chinese,Family Sharing;Full controller support;Single-player;Steam Achievements,Adventure;Casual;Indie,2.5D;2D Fighter;Adventure;Cartoon;Casual;Cats;Comedy;Comic Book;Cute;Dark Comedy;Dark Humor;Exploration;Family Friendly;Funny;Idler;Indie;Point & Click;Puzzle;Singleplayer;Stealth,"There are many different burgers in the world: a bacon burger, a chicken burger, a royal burger. But there is also a cat named Burger , and this guy is definitely too tough for you. Burger is a real menace of the neighborhood. Be careful! He is going to prove it again! The former tenants could not stand it and sold the house. And the new ones have no idea what they have to face! In the game Cat Burger you play as a cat whose task is to terrify the neighbors. In each level, you will need to figur","{""text_match"": 0.0049751014, ""cosine_similarity"": 0.56897575}"
2026-02-10T19:44:05+00:00,CORTEX_DB.RAW.CAT_GAMES_SVC_1_5,default,"a game where you are a cat and wreck things in a house (first-person), knocking objects over, sandbox","a game where you are a cat and wreck things in a house (first-person), knocking objects over, sandbox",[],,False,,,,no_reranker_balanced,0.75,10,100,0,767,767,,01c25360-0005-0843-0001-397a0006d312,,43,43,,6e-06,6e-06,,6e-06,,,,,[],[],[],[],[],[],,,,,,,True,False,[],[],,,,[],[],,,,6,meYOUw,0.7816012,2025,English,Family Sharing;Single-player,Casual;Indie,2D;2D Platformer;3D;3D Platformer;Adventure;Casual;Cats;Cute;Indie;Parkour;Platformer;Rogue-lite;Runner;Singleplayer,"🎤🐾 Play with Your Voice, Embark on an Adventure! A fun and energetic game for kids who love to shout! My nephew is always shouting, so I wanted to create a game where he could channel his energy in a fun and engaging way. Maybe you’d like to test how well you can control your voice too! This game was designed as a special keepsake for my nephew and will be released on his birthday! 🎂🎁 🎮 How to Play? 🔹 Kitty Kitty Mode – Whisper or make a soft sound... That’s it! Our cat starts walking! But be ca","{""text_match"": 0.007676331, ""cosine_similarity"": 0.5632024}"
2026-02-10T19:44:05+00:00,CORTEX_DB.RAW.CAT_GAMES_SVC_1_5,default,"a game where you are a cat and wreck things in a house (first-person), knocking objects over, sandbox","a game where you are a cat and wreck things in a house (first-person), knocking objects over, sandbox",[],,False,,,,no_reranker_balanced,0.75,10,100,0,767,767,,01c25360-0005-0843-0001-397a0006d312,,43,43,,6e-06,6e-06,,6e-06,,,,,[],[],[],[],[],[],,,,,,,True,False,[],[],,,,[],[],,,,7,Cats are Liquid - A Better Place,0.77985403,2019,English;Finnish;French;German;Spanish - Spain,Family Sharing;Includes level editor;Partial Controller Support;Single-player;Steam Achievements;Steam Cloud;Steam Workshop,Adventure;Indie,2D;Adventure;Cats;Female Protagonist;Indie;Platformer;Psychological Horror;Singleplayer;Story Rich,"A better place. Made just for us. Cats are Liquid - A Better Place is a 2D platformer about a liquid cat and her friends. You play as the cat, in a place created just for you and your friends. You get to go on a nice adventure with them where nothing goes wrong and everything is perfect, as long as your friends stay there, right by your side. Over the course of the game, you get to explore 120 rooms and discover new abilities like the hookshot and light burst. You can also create your own worlds","{""text_match"": 0.012749586, ""cosine_similarity"": 0.55970806}"
2026-02-10T19:44:05+00:00,CORTEX_DB.RAW.CAT_GAMES_SVC_1_5,default,"a game where you are a cat and wreck things in a house (first-person), knocking objects over, sandbox","a game where you are a cat and wreck things in a house (first-person), knocking objects over, sandbox",[],,False,,,,no_reranker_balanced,0.75,10,100,0,767,767,,01c25360-0005-0843-0001-397a0006d312,,43,43,,6e-06,6e-06,,6e-06,,,,,[],[],[],[],[],[],,,,,,,True,False,[],[],,,,[],[],,,,8,Whiskers on Time's Corner,0.78000593,2024,English;Japanese;Simplified Chinese;Spanish - Spain;Traditional Chinese,Family Sharing;Single-player;Steam Achievements;Steam Cloud,Casual;Early Access;Indie,Action RPG;Action-Adventure;Atmospheric;Cartoon;Cartoony;Casual;Cats;Choices Matter;Cute;Dating Sim;Early Access;Emotional;Exploration;Funny;Indie;Multiple Endings;Relaxing;Singleplayer;Survival;Walking Simulator,"In a beautiful little town, you take on the role of a cat and experience life from its perspective. [Life as a Cat] You need to rummage through trash cans and recycling bins to find food. Remember the locations where food can be found and try your luck when hunger strikes. Always keep an eye on the weather—rain will quickly drain the cat's stamina, so make sure to find shelter under roofs to stay dry and maintain your energy. [Cat Stories] At the Rice Ball House, Mrs. Rice Ball occasionally give","{""text_match"": 0.0083869295, ""cosine_similarity"": 0.56001186}"
2026-02-10T19:44:05+00:00,CORTEX_DB.RAW.CAT_GAMES_SVC_1_5,default,"a game where you are a cat and wreck things in a house (first-person), knocking objects over, sandbox","a game where you are a cat and wreck things in a house (first-person), knocking objects over, sandbox",[],,False,,,,no_reranker_balanced,0.75,10,100,0,767,767,,01c25360-0005-0843-0001-397a0006d312,,43,43,,6e-06,6e-06,,6e-06,,,,,[],[],[],[],[],[],,,,,,,True,False,[],[],,,,[],[],,,,9,nekowater,0.776055785,2023,English;Japanese;Russian;Simplified Chinese,Family Sharing;Remote Play Together;Single-player;Steam Achievements;Steam Cloud,Adventure;Casual;Indie,3D;3D Platformer;Action-Adventure;Adventure;Atmospheric;Casual;Cats;Conversation;Cute;Exploration;First-Person;Hidden Object;Indie;Multiple Endings;Relaxing;Singleplayer;Story Rich;Walking Simulator,"◆ Story You are a cat. Once, you lived in a place where small houses lined the shore, facing the advancing sea level rise. One day, a big wave swept away various things, and many were lost. This place may be just a memory, a place of memories. The witch, looking bored, waits for the cat's return. ◆ Game Introduction 'Nekowater' is an adventure game where you explore the map, interact with characters, and progress through the game. ◆ Features - Control the game from a cat's low perspective. - Eng","{""text_match"": 0.02489285, ""cosine_similarity"": 0.55211157}"
2026-02-10T19:44:05+00:00,CORTEX_DB.RAW.CAT_GAMES_SVC_1_5,default,"a game where you are a cat and wreck things in a house (first-person), knocking objects over, sandbox","a game where you are a cat and wreck things in a house (first-person), knocking objects over, sandbox",[],,False,,,,no_reranker_balanced,0.75,10,100,0,767,767,,01c25360-0005-0843-0001-397a0006d312,,43,43,,6e-06,6e-06,,6e-06,,,,,[],[],[],[],[],[],,,,,,,True,False,[],[],,,,[],[],,,,10,MewnBase,0.77886647,2023,Bulgarian;English;Finnish;French;German;Italian;Polish;Portuguese - Brazil;Portuguese - Portugal;Russian;Spanish - Spain;Turkish;Ukrainian,Family Sharing;Single-player;Steam Achievements;Steam Cloud,Casual;Indie;Simulation,2D;Action-Adventure;Base-Building;Building;Cartoony;Casual;Cats;Crafting;Cute;Exploration;Family Friendly;Open World;Relaxing;Sandbox;Sci-fi;Simulation;Singleplayer;Space;Survival;Top-Down,"Be a space-cat. MewnBase is a cute, 2D exploration/survival game. You land on an uncharted world only to realize you didn't bring any snacks and forgot half your luggage. But hey, at least you brought this workbench thing. You'll need to collect resources in order to construct a make-shift base. Craft a variety of different base modules, from airlocks to rain-water collectors in order to make your new home on this barren planet a little more cozy. Other Neat Features Technology Upgrades Find str","{""text_match"": 0.008510388, ""cosine_similarity"": 0.55773294}"
2026-02-10T19:44:06+00:00,CORTEX_DB.RAW.CAT_GAMES_SVC_1_5,default,"a game where you are a cat and wreck things in a house (first-person), knocking objects over, sandbox","a game where you are a cat and wreck things in a house (first-person), knocking objects over, sandbox",[],,False,,,,low_latency,0.3,10,100,0,819,819,,01c25360-0005-0843-0001-397a0006d31e,,36,36,,5e-06,5e-06,,5e-06,,,,,[],[],[],[],[],[],,,,,,,True,False,[],[],,,,[],[],,,,1,Catlateral Damage: Remeowstered,0.8062138,2021,English;French;German;Italian;Japanese;Korean;Portuguese - Brazil;Russian;Simplified Chinese;Spanish - Spain,Camera Comfort;Color Alternatives;Custom Volume Controls;Family Sharing;Full controller support;Playable without Timed Input;Remote Play on TV;Single-player;Stats;Steam Achievements;Steam Cloud;Steam Trading Cards,Action;Adventure;Casual;Indie;Simulation,Action;Action-Adventure;Casual;Cats;Collectathon;Colorful;Comedy;Cute;Destruction;Exploration;Family Friendly;First-Person;Funny;Indie;Physics;Procedural Generation;Relaxing;Sandbox;Simulation;Singleplayer,"Catlateral Damage: Remeowstered is the definitive edition of your favorite destructive cat simulator, where you play as a house cat on a rampage and do all that fun stuff your owner hates! See the world through the eyes of a cat! Run around the house, topple neatly organized books, shatter vases, meow at nothing, tear up curtains, nap in obscure places, and more! Complete objectives, explore procedurally generated levels, or just relax in sandbox mode to unlock a clowder of cat friends and speci","{""text_match"": 0.03077473, ""cosine_similarity"": 0.6124276}"
2026-02-10T19:44:06+00:00,CORTEX_DB.RAW.CAT_GAMES_SVC_1_5,default,"a game where you are a cat and wreck things in a house (first-person), knocking objects over, sandbox","a game where you are a cat and wreck things in a house (first-person), knocking objects over, sandbox",[],,False,,,,low_latency,0.3,10,100,0,819,819,,01c25360-0005-0843-0001-397a0006d31e,,36,36,,5e-06,5e-06,,5e-06,,,,,[],[],[],[],[],[],,,,,,,True,False,[],[],,,,[],[],,,,2,Heist Kitty: Multiplayer Cat Simulator Game,0.78972945,2023,English;Japanese,Co-op;Family Sharing;LAN Co-op;Multi-player;Online Co-op;Partial Controller Support;Single-player,Action;Adventure;Casual;Indie;RPG;Racing;Simulation,Action;Adventure;Automobile Sim;Casual;Cats;Co-op;Cute;Exploration;Family Friendly;Funny;Multiplayer;Online Co-Op;Physics;RPG;Racing;Sandbox;Simulation;Singleplayer;Story Rich;Third Person,"An open-world sand-box game where you play as a cat, defying the rules and causing mayhem. Climb, scratch, and pounce your way through the cityscape filled with playful challenges and hidden secrets. Customise your cat, team up with friends and let the adventure begin! Multiplayer Cat Chaos Take your chaos to new heights as you collaborate on the city streets. Hijack cars, cause explosive distractions, and equip a variety of weapons to create the ultimate cat caper. Show off your agile moves wit","{""text_match"": 0.011525963, ""cosine_similarity"": 0.5794589}"
2026-02-10T19:44:06+00:00,CORTEX_DB.RAW.CAT_GAMES_SVC_1_5,default,"a game where you are a cat and wreck things in a house (first-person), knocking objects over, sandbox","a game where you are a cat and wreck things in a house (first-person), knocking objects over, sandbox",[],,False,,,,low_latency,0.3,10,100,0,819,819,,01c25360-0005-0843-0001-397a0006d31e,,36,36,,5e-06,5e-06,,5e-06,,,,,[],[],[],[],[],[],,,,,,,True,False,[],[],,,,[],[],,,,3,Kitty's Last Adventure,0.788817885,2025,English;French,Family Sharing;Full controller support;Single-player;Steam Achievements;Steam Cloud,Action;Casual,2D;Action;Action Roguelike;Arcade;Arena Shooter;Bullet Hell;Casual;Cats;Combat;Controller;Cute;Early Access;Funny;Procedural Generation;PvE;Rogue-like;Rogue-lite;Shooter;Singleplayer;Top-Down Shooter,"Play as Kitty or her friends and survive the wave of cat nightmares in this roguelite survivor. The cat automatically throws its toys at enemies; all you have to do is control its path! As you progress, you'll unlock an array of hilarious yet powerful cat-based weaponry that evolves with you. Each weapon starts as a playful toy and transforms into more impressive and dangerous forms. Each weapon you acquire is associated with one or more families, each offering distinct bonuses that amplify with","{""text_match"": 0.0076268055, ""cosine_similarity"": 0.57763577}"
2026-02-10T19:44:06+00:00,CORTEX_DB.RAW.CAT_GAMES_SVC_1_5,default,"a game where you are a cat and wreck things in a house (first-person), knocking objects over, sandbox","a game where you are a cat and wreck things in a house (first-person), knocking objects over, sandbox",[],,False,,,,low_latency,0.3,10,100,0,819,819,,01c25360-0005-0843-0001-397a0006d31e,,36,36,,5e-06,5e-06,,5e-06,,,,,[],[],[],[],[],[],,,,,,,True,False,[],[],,,,[],[],,,,4,Messy Up,0.7861591,2024,English;French;German;Italian;Japanese;Korean;Portuguese - Brazil;Russian;Simplified Chinese;Traditional Chinese,Co-op;Custom Volume Controls;Family Sharing;LAN Co-op;LAN PvP;Multi-player;Online Co-op;Online PvP;Partial Controller Support;Playable without Timed Input;PvP;Remote Play Together;Save Anytime;Shared/Split Screen;Shared/Split Screen Co-op;Shared/Split Screen PvP;Single-player;Steam Achievements;Steam Cloud;Steam Trading Cards,Action;Casual;Indie;RPG;Simulation,3D;Cartoony;Casual;Co-op;Cute;Family Friendly;Funny;Indie;Local Multiplayer;Online Co-Op;Party;Party Game;Physics;PvP;RPG;Relaxing;Simulation;Singleplayer;Stylized;Top-Down,"'Messy UP' is a cute pet collaboration game featuring cats and dogs~ Due to the owner's busy life after graduation and starting work, there is less time to spend with the pets. The pets plan to create a big mess at home to grab the owner's attention and encourage them to spend more time together. After all, what mischief could a little dog possibly have in mind? Take on the role of cats and dogs and go wild, wreaking havoc at home! Each pet possesses unique abilities and skills, with various typ","{""text_match"": 0.0065502096, ""cosine_similarity"": 0.5723182}"
2026-02-10T19:44:06+00:00,CORTEX_DB.RAW.CAT_GAMES_SVC_1_5,default,"a game where you are a cat and wreck things in a house (first-person), knocking objects over, sandbox","a game where you are a cat and wreck things in a house (first-person), knocking objects over, sandbox",[],,False,,,,low_latency,0.3,10,100,0,819,819,,01c25360-0005-0843-0001-397a0006d31e,,36,36,,5e-06,5e-06,,5e-06,,,,,[],[],[],[],[],[],,,,,,,True,False,[],[],,,,[],[],,,,5,Bad Cat,0.784487875,2022,English;Russian;Simplified Chinese,Family Sharing;Full controller support;Single-player;Steam Achievements,Adventure;Casual;Indie,2.5D;2D Fighter;Adventure;Cartoon;Casual;Cats;Comedy;Comic Book;Cute;Dark Comedy;Dark Humor;Exploration;Family Friendly;Funny;Idler;Indie;Point & Click;Puzzle;Singleplayer;Stealth,"There are many different burgers in the world: a bacon burger, a chicken burger, a royal burger. But there is also a cat named Burger , and this guy is definitely too tough for you. Burger is a real menace of the neighborhood. Be careful! He is going to prove it again! The former tenants could not stand it and sold the house. And the new ones have no idea what they have to face! In the game Cat Burger you play as a cat whose task is to terrify the neighbors. In each level, you will need to figur","{""text_match"": 0.0049751014, ""cosine_similarity"": 0.56897575}"
2026-02-10T19:44:06+00:00,CORTEX_DB.RAW.CAT_GAMES_SVC_1_5,default,"a game where you are a cat and wreck things in a house (first-person), knocking objects over, sandbox","a game where you are a cat and wreck things in a house (first-person), knocking objects over, sandbox",[],,False,,,,low_latency,0.3,10,100,0,819,819,,01c25360-0005-0843-0001-397a0006d31e,,36,36,,5e-06,5e-06,,5e-06,,,,,[],[],[],[],[],[],,,,,,,True,False,[],[],,,,[],[],,,,6,meYOUw,0.7816012,2025,English,Family Sharing;Single-player,Casual;Indie,2D;2D Platformer;3D;3D Platformer;Adventure;Casual;Cats;Cute;Indie;Parkour;Platformer;Rogue-lite;Runner;Singleplayer,"🎤🐾 Play with Your Voice, Embark on an Adventure! A fun and energetic game for kids who love to shout! My nephew is always shouting, so I wanted to create a game where he could channel his energy in a fun and engaging way. Maybe you’d like to test how well you can control your voice too! This game was designed as a special keepsake for my nephew and will be released on his birthday! 🎂🎁 🎮 How to Play? 🔹 Kitty Kitty Mode – Whisper or make a soft sound... That’s it! Our cat starts walking! But be ca","{""text_match"": 0.007676331, ""cosine_similarity"": 0.5632024}"
2026-02-10T19:44:06+00:00,CORTEX_DB.RAW.CAT_GAMES_SVC_1_5,default,"a game where you are a cat and wreck things in a house (first-person), knocking objects over, sandbox","a game where you are a cat and wreck things in a house (first-person), knocking objects over, sandbox",[],,False,,,,low_latency,0.3,10,100,0,819,819,,01c25360-0005-0843-0001-397a0006d31e,,36,36,,5e-06,5e-06,,5e-06,,,,,[],[],[],[],[],[],,,,,,,True,False,[],[],,,,[],[],,,,7,Cats are Liquid - A Better Place,0.77985403,2019,English;Finnish;French;German;Spanish - Spain,Family Sharing;Includes level editor;Partial Controller Support;Single-player;Steam Achievements;Steam Cloud;Steam Workshop,Adventure;Indie,2D;Adventure;Cats;Female Protagonist;Indie;Platformer;Psychological Horror;Singleplayer;Story Rich,"A better place. Made just for us. Cats are Liquid - A Better Place is a 2D platformer about a liquid cat and her friends. You play as the cat, in a place created just for you and your friends. You get to go on a nice adventure with them where nothing goes wrong and everything is perfect, as long as your friends stay there, right by your side. Over the course of the game, you get to explore 120 rooms and discover new abilities like the hookshot and light burst. You can also create your own worlds","{""text_match"": 0.012749586, ""cosine_similarity"": 0.55970806}"
2026-02-10T19:44:06+00:00,CORTEX_DB.RAW.CAT_GAMES_SVC_1_5,default,"a game where you are a cat and wreck things in a house (first-person), knocking objects over, sandbox","a game where you are a cat and wreck things in a house (first-person), knocking objects over, sandbox",[],,False,,,,low_latency,0.3,10,100,0,819,819,,01c25360-0005-0843-0001-397a0006d31e,,36,36,,5e-06,5e-06,,5e-06,,,,,[],[],[],[],[],[],,,,,,,True,False,[],[],,,,[],[],,,,8,Whiskers on Time's Corner,0.78000593,2024,English;Japanese;Simplified Chinese;Spanish - Spain;Traditional Chinese,Family Sharing;Single-player;Steam Achievements;Steam Cloud,Casual;Early Access;Indie,Action RPG;Action-Adventure;Atmospheric;Cartoon;Cartoony;Casual;Cats;Choices Matter;Cute;Dating Sim;Early Access;Emotional;Exploration;Funny;Indie;Multiple Endings;Relaxing;Singleplayer;Survival;Walking Simulator,"In a beautiful little town, you take on the role of a cat and experience life from its perspective. [Life as a Cat] You need to rummage through trash cans and recycling bins to find food. Remember the locations where food can be found and try your luck when hunger strikes. Always keep an eye on the weather—rain will quickly drain the cat's stamina, so make sure to find shelter under roofs to stay dry and maintain your energy. [Cat Stories] At the Rice Ball House, Mrs. Rice Ball occasionally give","{""text_match"": 0.0083869295, ""cosine_similarity"": 0.56001186}"
2026-02-10T19:44:06+00:00,CORTEX_DB.RAW.CAT_GAMES_SVC_1_5,default,"a game where you are a cat and wreck things in a house (first-person), knocking objects over, sandbox","a game where you are a cat and wreck things in a house (first-person), knocking objects over, sandbox",[],,False,,,,low_latency,0.3,10,100,0,819,819,,01c25360-0005-0843-0001-397a0006d31e,,36,36,,5e-06,5e-06,,5e-06,,,,,[],[],[],[],[],[],,,,,,,True,False,[],[],,,,[],[],,,,9,nekowater,0.776055785,2023,English;Japanese;Russian;Simplified Chinese,Family Sharing;Remote Play Together;Single-player;Steam Achievements;Steam Cloud,Adventure;Casual;Indie,3D;3D Platformer;Action-Adventure;Adventure;Atmospheric;Casual;Cats;Conversation;Cute;Exploration;First-Person;Hidden Object;Indie;Multiple Endings;Relaxing;Singleplayer;Story Rich;Walking Simulator,"◆ Story You are a cat. Once, you lived in a place where small houses lined the shore, facing the advancing sea level rise. One day, a big wave swept away various things, and many were lost. This place may be just a memory, a place of memories. The witch, looking bored, waits for the cat's return. ◆ Game Introduction 'Nekowater' is an adventure game where you explore the map, interact with characters, and progress through the game. ◆ Features - Control the game from a cat's low perspective. - Eng","{""text_match"": 0.02489285, ""cosine_similarity"": 0.55211157}"
2026-02-10T19:44:06+00:00,CORTEX_DB.RAW.CAT_GAMES_SVC_1_5,default,"a game where you are a cat and wreck things in a house (first-person), knocking objects over, sandbox","a game where you are a cat and wreck things in a house (first-person), knocking objects over, sandbox",[],,False,,,,low_latency,0.3,10,100,0,819,819,,01c25360-0005-0843-0001-397a0006d31e,,36,36,,5e-06,5e-06,,5e-06,,,,,[],[],[],[],[],[],,,,,,,True,False,[],[],,,,[],[],,,,10,MewnBase,0.77886647,2023,Bulgarian;English;Finnish;French;German;Italian;Polish;Portuguese - Brazil;Portuguese - Portugal;Russian;Spanish - Spain;Turkish;Ukrainian,Family Sharing;Single-player;Steam Achievements;Steam Cloud,Casual;Indie;Simulation,2D;Action-Adventure;Base-Building;Building;Cartoony;Casual;Cats;Crafting;Cute;Exploration;Family Friendly;Open World;Relaxing;Sandbox;Sci-fi;Simulation;Singleplayer;Space;Survival;Top-Down,"Be a space-cat. MewnBase is a cute, 2D exploration/survival game. You land on an uncharted world only to realize you didn't bring any snacks and forgot half your luggage. But hey, at least you brought this workbench thing. You'll need to collect resources in order to construct a make-shift base. Craft a variety of different base modules, from airlocks to rain-water collectors in order to make your new home on this barren planet a little more cozy. Other Neat Features Technology Upgrades Find str","{""text_match"": 0.008510388, ""cosine_similarity"": 0.55773294}"
2026-02-10T19:44:07+00:00,CORTEX_DB.RAW.CAT_GAMES_SVC_1_5,default,"a game where you are a cat and wreck things in a house (first-person), knocking objects over, sandbox","a game where you are a cat and wreck things in a house (first-person), knocking objects over, sandbox",[],,False,,,,low_latency,0.65,10,100,0,819,819,,01c25360-0005-0843-0001-397a0006d326,,40,40,,6e-06,6e-06,,6e-06,,,,,[],[],[],[],[],[],,,,,,,True,False,[],[],,,,[],[],,,,1,Catlateral Damage: Remeowstered,0.8062138,2021,English;French;German;Italian;Japanese;Korean;Portuguese - Brazil;Russian;Simplified Chinese;Spanish - Spain,Camera Comfort;Color Alternatives;Custom Volume Controls;Family Sharing;Full controller support;Playable without Timed Input;Remote Play on TV;Single-player;Stats;Steam Achievements;Steam Cloud;Steam Trading Cards,Action;Adventure;Casual;Indie;Simulation,Action;Action-Adventure;Casual;Cats;Collectathon;Colorful;Comedy;Cute;Destruction;Exploration;Family Friendly;First-Person;Funny;Indie;Physics;Procedural Generation;Relaxing;Sandbox;Simulation;Singleplayer,"Catlateral Damage: Remeowstered is the definitive edition of your favorite destructive cat simulator, where you play as a house cat on a rampage and do all that fun stuff your owner hates! See the world through the eyes of a cat! Run around the house, topple neatly organized books, shatter vases, meow at nothing, tear up curtains, nap in obscure places, and more! Complete objectives, explore procedurally generated levels, or just relax in sandbox mode to unlock a clowder of cat friends and speci","{""text_match"": 0.03077473, ""cosine_similarity"": 0.6124276}"
2026-02-10T19:44:07+00:00,CORTEX_DB.RAW.CAT_GAMES_SVC_1_5,default,"a game where you are a cat and wreck things in a house (first-person), knocking objects over, sandbox","a game where you are a cat and wreck things in a house (first-person), knocking objects over, sandbox",[],,False,,,,low_latency,0.65,10,100,0,819,819,,01c25360-0005-0843-0001-397a0006d326,,40,40,,6e-06,6e-06,,6e-06,,,,,[],[],[],[],[],[],,,,,,,True,False,[],[],,,,[],[],,,,2,Heist Kitty: Multiplayer Cat Simulator Game,0.78972945,2023,English;Japanese,Co-op;Family Sharing;LAN Co-op;Multi-player;Online Co-op;Partial Controller Support;Single-player,Action;Adventure;Casual;Indie;RPG;Racing;Simulation,Action;Adventure;Automobile Sim;Casual;Cats;Co-op;Cute;Exploration;Family Friendly;Funny;Multiplayer;Online Co-Op;Physics;RPG;Racing;Sandbox;Simulation;Singleplayer;Story Rich;Third Person,"An open-world sand-box game where you play as a cat, defying the rules and causing mayhem. Climb, scratch, and pounce your way through the cityscape filled with playful challenges and hidden secrets. Customise your cat, team up with friends and let the adventure begin! Multiplayer Cat Chaos Take your chaos to new heights as you collaborate on the city streets. Hijack cars, cause explosive distractions, and equip a variety of weapons to create the ultimate cat caper. Show off your agile moves wit","{""text_match"": 0.011525963, ""cosine_similarity"": 0.5794589}"
2026-02-10T19:44:07+00:00,CORTEX_DB.RAW.CAT_GAMES_SVC_1_5,default,"a game where you are a cat and wreck things in a house (first-person), knocking objects over, sandbox","a game where you are a cat and wreck things in a house (first-person), knocking objects over, sandbox",[],,False,,,,low_latency,0.65,10,100,0,819,819,,01c25360-0005-0843-0001-397a0006d326,,40,40,,6e-06,6e-06,,6e-06,,,,,[],[],[],[],[],[],,,,,,,True,False,[],[],,,,[],[],,,,3,Kitty's Last Adventure,0.788817885,2025,English;French,Family Sharing;Full controller support;Single-player;Steam Achievements;Steam Cloud,Action;Casual,2D;Action;Action Roguelike;Arcade;Arena Shooter;Bullet Hell;Casual;Cats;Combat;Controller;Cute;Early Access;Funny;Procedural Generation;PvE;Rogue-like;Rogue-lite;Shooter;Singleplayer;Top-Down Shooter,"Play as Kitty or her friends and survive the wave of cat nightmares in this roguelite survivor. The cat automatically throws its toys at enemies; all you have to do is control its path! As you progress, you'll unlock an array of hilarious yet powerful cat-based weaponry that evolves with you. Each weapon starts as a playful toy and transforms into more impressive and dangerous forms. Each weapon you acquire is associated with one or more families, each offering distinct bonuses that amplify with","{""text_match"": 0.0076268055, ""cosine_similarity"": 0.57763577}"
2026-02-10T19:44:07+00:00,CORTEX_DB.RAW.CAT_GAMES_SVC_1_5,default,"a game where you are a cat and wreck things in a house (first-person), knocking objects over, sandbox","a game where you are a cat and wreck things in a house (first-person), knocking objects over, sandbox",[],,False,,,,low_latency,0.65,10,100,0,819,819,,01c25360-0005-0843-0001-397a0006d326,,40,40,,6e-06,6e-06,,6e-06,,,,,[],[],[],[],[],[],,,,,,,True,False,[],[],,,,[],[],,,,4,Messy Up,0.7861591,2024,English;French;German;Italian;Japanese;Korean;Portuguese - Brazil;Russian;Simplified Chinese;Traditional Chinese,Co-op;Custom Volume Controls;Family Sharing;LAN Co-op;LAN PvP;Multi-player;Online Co-op;Online PvP;Partial Controller Support;Playable without Timed Input;PvP;Remote Play Together;Save Anytime;Shared/Split Screen;Shared/Split Screen Co-op;Shared/Split Screen PvP;Single-player;Steam Achievements;Steam Cloud;Steam Trading Cards,Action;Casual;Indie;RPG;Simulation,3D;Cartoony;Casual;Co-op;Cute;Family Friendly;Funny;Indie;Local Multiplayer;Online Co-Op;Party;Party Game;Physics;PvP;RPG;Relaxing;Simulation;Singleplayer;Stylized;Top-Down,"'Messy UP' is a cute pet collaboration game featuring cats and dogs~ Due to the owner's busy life after graduation and starting work, there is less time to spend with the pets. The pets plan to create a big mess at home to grab the owner's attention and encourage them to spend more time together. After all, what mischief could a little dog possibly have in mind? Take on the role of cats and dogs and go wild, wreaking havoc at home! Each pet possesses unique abilities and skills, with various typ","{""text_match"": 0.0065502096, ""cosine_similarity"": 0.5723182}"
2026-02-10T19:44:07+00:00,CORTEX_DB.RAW.CAT_GAMES_SVC_1_5,default,"a game where you are a cat and wreck things in a house (first-person), knocking objects over, sandbox","a game where you are a cat and wreck things in a house (first-person), knocking objects over, sandbox",[],,False,,,,low_latency,0.65,10,100,0,819,819,,01c25360-0005-0843-0001-397a0006d326,,40,40,,6e-06,6e-06,,6e-06,,,,,[],[],[],[],[],[],,,,,,,True,False,[],[],,,,[],[],,,,5,Bad Cat,0.784487875,2022,English;Russian;Simplified Chinese,Family Sharing;Full controller support;Single-player;Steam Achievements,Adventure;Casual;Indie,2.5D;2D Fighter;Adventure;Cartoon;Casual;Cats;Comedy;Comic Book;Cute;Dark Comedy;Dark Humor;Exploration;Family Friendly;Funny;Idler;Indie;Point & Click;Puzzle;Singleplayer;Stealth,"There are many different burgers in the world: a bacon burger, a chicken burger, a royal burger. But there is also a cat named Burger , and this guy is definitely too tough for you. Burger is a real menace of the neighborhood. Be careful! He is going to prove it again! The former tenants could not stand it and sold the house. And the new ones have no idea what they have to face! In the game Cat Burger you play as a cat whose task is to terrify the neighbors. In each level, you will need to figur","{""text_match"": 0.0049751014, ""cosine_similarity"": 0.56897575}"
2026-02-10T19:44:07+00:00,CORTEX_DB.RAW.CAT_GAMES_SVC_1_5,default,"a game where you are a cat and wreck things in a house (first-person), knocking objects over, sandbox","a game where you are a cat and wreck things in a house (first-person), knocking objects over, sandbox",[],,False,,,,low_latency,0.65,10,100,0,819,819,,01c25360-0005-0843-0001-397a0006d326,,40,40,,6e-06,6e-06,,6e-06,,,,,[],[],[],[],[],[],,,,,,,True,False,[],[],,,,[],[],,,,6,meYOUw,0.7816012,2025,English,Family Sharing;Single-player,Casual;Indie,2D;2D Platformer;3D;3D Platformer;Adventure;Casual;Cats;Cute;Indie;Parkour;Platformer;Rogue-lite;Runner;Singleplayer,"🎤🐾 Play with Your Voice, Embark on an Adventure! A fun and energetic game for kids who love to shout! My nephew is always shouting, so I wanted to create a game where he could channel his energy in a fun and engaging way. Maybe you’d like to test how well you can control your voice too! This game was designed as a special keepsake for my nephew and will be released on his birthday! 🎂🎁 🎮 How to Play? 🔹 Kitty Kitty Mode – Whisper or make a soft sound... That’s it! Our cat starts walking! But be ca","{""text_match"": 0.007676331, ""cosine_similarity"": 0.5632024}"
2026-02-10T19:44:07+00:00,CORTEX_DB.RAW.CAT_GAMES_SVC_1_5,default,"a game where you are a cat and wreck things in a house (first-person), knocking objects over, sandbox","a game where you are a cat and wreck things in a house (first-person), knocking objects over, sandbox",[],,False,,,,low_latency,0.65,10,100,0,819,819,,01c25360-0005-0843-0001-397a0006d326,,40,40,,6e-06,6e-06,,6e-06,,,,,[],[],[],[],[],[],,,,,,,True,False,[],[],,,,[],[],,,,7,Cats are Liquid - A Better Place,0.77985403,2019,English;Finnish;French;German;Spanish - Spain,Family Sharing;Includes level editor;Partial Controller Support;Single-player;Steam Achievements;Steam Cloud;Steam Workshop,Adventure;Indie,2D;Adventure;Cats;Female Protagonist;Indie;Platformer;Psychological Horror;Singleplayer;Story Rich,"A better place. Made just for us. Cats are Liquid - A Better Place is a 2D platformer about a liquid cat and her friends. You play as the cat, in a place created just for you and your friends. You get to go on a nice adventure with them where nothing goes wrong and everything is perfect, as long as your friends stay there, right by your side. Over the course of the game, you get to explore 120 rooms and discover new abilities like the hookshot and light burst. You can also create your own worlds","{""text_match"": 0.012749586, ""cosine_similarity"": 0.55970806}"
2026-02-10T19:44:07+00:00,CORTEX_DB.RAW.CAT_GAMES_SVC_1_5,default,"a game where you are a cat and wreck things in a house (first-person), knocking objects over, sandbox","a game where you are a cat and wreck things in a house (first-person), knocking objects over, sandbox",[],,False,,,,low_latency,0.65,10,100,0,819,819,,01c25360-0005-0843-0001-397a0006d326,,40,40,,6e-06,6e-06,,6e-06,,,,,[],[],[],[],[],[],,,,,,,True,False,[],[],,,,[],[],,,,8,Whiskers on Time's Corner,0.78000593,2024,English;Japanese;Simplified Chinese;Spanish - Spain;Traditional Chinese,Family Sharing;Single-player;Steam Achievements;Steam Cloud,Casual;Early Access;Indie,Action RPG;Action-Adventure;Atmospheric;Cartoon;Cartoony;Casual;Cats;Choices Matter;Cute;Dating Sim;Early Access;Emotional;Exploration;Funny;Indie;Multiple Endings;Relaxing;Singleplayer;Survival;Walking Simulator,"In a beautiful little town, you take on the role of a cat and experience life from its perspective. [Life as a Cat] You need to rummage through trash cans and recycling bins to find food. Remember the locations where food can be found and try your luck when hunger strikes. Always keep an eye on the weather—rain will quickly drain the cat's stamina, so make sure to find shelter under roofs to stay dry and maintain your energy. [Cat Stories] At the Rice Ball House, Mrs. Rice Ball occasionally give","{""text_match"": 0.0083869295, ""cosine_similarity"": 0.56001186}"
2026-02-10T19:44:07+00:00,CORTEX_DB.RAW.CAT_GAMES_SVC_1_5,default,"a game where you are a cat and wreck things in a house (first-person), knocking objects over, sandbox","a game where you are a cat and wreck things in a house (first-person), knocking objects over, sandbox",[],,False,,,,low_latency,0.65,10,100,0,819,819,,01c25360-0005-0843-0001-397a0006d326,,40,40,,6e-06,6e-06,,6e-06,,,,,[],[],[],[],[],[],,,,,,,True,False,[],[],,,,[],[],,,,9,nekowater,0.776055785,2023,English;Japanese;Russian;Simplified Chinese,Family Sharing;Remote Play Together;Single-player;Steam Achievements;Steam Cloud,Adventure;Casual;Indie,3D;3D Platformer;Action-Adventure;Adventure;Atmospheric;Casual;Cats;Conversation;Cute;Exploration;First-Person;Hidden Object;Indie;Multiple Endings;Relaxing;Singleplayer;Story Rich;Walking Simulator,"◆ Story You are a cat. Once, you lived in a place where small houses lined the shore, facing the advancing sea level rise. One day, a big wave swept away various things, and many were lost. This place may be just a memory, a place of memories. The witch, looking bored, waits for the cat's return. ◆ Game Introduction 'Nekowater' is an adventure game where you explore the map, interact with characters, and progress through the game. ◆ Features - Control the game from a cat's low perspective. - Eng","{""text_match"": 0.02489285, ""cosine_similarity"": 0.55211157}"
2026-02-10T19:44:07+00:00,CORTEX_DB.RAW.CAT_GAMES_SVC_1_5,default,"a game where you are a cat and wreck things in a house (first-person), knocking objects over, sandbox","a game where you are a cat and wreck things in a house (first-person), knocking objects over, sandbox",[],,False,,,,low_latency,0.65,10,100,0,819,819,,01c25360-0005-0843-0001-397a0006d326,,40,40,,6e-06,6e-06,,6e-06,,,,,[],[],[],[],[],[],,,,,,,True,False,[],[],,,,[],[],,,,10,MewnBase,0.77886647,2023,Bulgarian;English;Finnish;French;German;Italian;Polish;Portuguese - Brazil;Portuguese - Portugal;Russian;Spanish - Spain;Turkish;Ukrainian,Family Sharing;Single-player;Steam Achievements;Steam Cloud,Casual;Indie;Simulation,2D;Action-Adventure;Base-Building;Building;Cartoony;Casual;Cats;Crafting;Cute;Exploration;Family Friendly;Open World;Relaxing;Sandbox;Sci-fi;Simulation;Singleplayer;Space;Survival;Top-Down,"Be a space-cat. MewnBase is a cute, 2D exploration/survival game. You land on an uncharted world only to realize you didn't bring any snacks and forgot half your luggage. But hey, at least you brought this workbench thing. You'll need to collect resources in order to construct a make-shift base. Craft a variety of different base modules, from airlocks to rain-water collectors in order to make your new home on this barren planet a little more cozy. Other Neat Features Technology Upgrades Find str","{""text_match"": 0.008510388, ""cosine_similarity"": 0.55773294}"
2026-02-10T19:44:09+00:00,CORTEX_DB.RAW.CAT_GAMES_SVC_1_5,default,"a game where you are a cat and wreck things in a house (first-person), knocking objects over, sandbox","a game where you are a cat and wreck things in a house (first-person), knocking objects over, sandbox",[],,False,,,,low_latency,0.75,10,100,0,1536,1536,,01c25360-0005-0843-0001-397a0006d32e,,53,53,,8e-06,8e-06,,8e-06,,,,,[],[],[],[],[],[],,,,,,,True,False,[],[],,,,[],[],,,,1,Catlateral Damage: Remeowstered,0.8062138,2021,English;French;German;Italian;Japanese;Korean;Portuguese - Brazil;Russian;Simplified Chinese;Spanish - Spain,Camera Comfort;Color Alternatives;Custom Volume Controls;Family Sharing;Full controller support;Playable without Timed Input;Remote Play on TV;Single-player;Stats;Steam Achievements;Steam Cloud;Steam Trading Cards,Action;Adventure;Casual;Indie;Simulation,Action;Action-Adventure;Casual;Cats;Collectathon;Colorful;Comedy;Cute;Destruction;Exploration;Family Friendly;First-Person;Funny;Indie;Physics;Procedural Generation;Relaxing;Sandbox;Simulation;Singleplayer,"Catlateral Damage: Remeowstered is the definitive edition of your favorite destructive cat simulator, where you play as a house cat on a rampage and do all that fun stuff your owner hates! See the world through the eyes of a cat! Run around the house, topple neatly organized books, shatter vases, meow at nothing, tear up curtains, nap in obscure places, and more! Complete objectives, explore procedurally generated levels, or just relax in sandbox mode to unlock a clowder of cat friends and speci","{""text_match"": 0.03077473, ""cosine_similarity"": 0.6124276}"
2026-02-10T19:44:09+00:00,CORTEX_DB.RAW.CAT_GAMES_SVC_1_5,default,"a game where you are a cat and wreck things in a house (first-person), knocking objects over, sandbox","a game where you are a cat and wreck things in a house (first-person), knocking objects over, sandbox",[],,False,,,,low_latency,0.75,10,100,0,1536,1536,,01c25360-0005-0843-0001-397a0006d32e,,53,53,,8e-06,8e-06,,8e-06,,,,,[],[],[],[],[],[],,,,,,,True,False,[],[],,,,[],[],,,,2,Heist Kitty: Multiplayer Cat Simulator Game,0.78972945,2023,English;Japanese,Co-op;Family Sharing;LAN Co-op;Multi-player;Online Co-op;Partial Controller Support;Single-player,Action;Adventure;Casual;Indie;RPG;Racing;Simulation,Action;Adventure;Automobile Sim;Casual;Cats;Co-op;Cute;Exploration;Family Friendly;Funny;Multiplayer;Online Co-Op;Physics;RPG;Racing;Sandbox;Simulation;Singleplayer;Story Rich;Third Person,"An open-world sand-box game where you play as a cat, defying the rules and causing mayhem. Climb, scratch, and pounce your way through the cityscape filled with playful challenges and hidden secrets. Customise your cat, team up with friends and let the adventure begin! Multiplayer Cat Chaos Take your chaos to new heights as you collaborate on the city streets. Hijack cars, cause explosive distractions, and equip a variety of weapons to create the ultimate cat caper. Show off your agile moves wit","{""text_match"": 0.011525963, ""cosine_similarity"": 0.5794589}"
2026-02-10T19:44:09+00:00,CORTEX_DB.RAW.CAT_GAMES_SVC_1_5,default,"a game where you are a cat and wreck things in a house (first-person), knocking objects over, sandbox","a game where you are a cat and wreck things in a house (first-person), knocking objects over, sandbox",[],,False,,,,low_latency,0.75,10,100,0,1536,1536,,01c25360-0005-0843-0001-397a0006d32e,,53,53,,8e-06,8e-06,,8e-06,,,,,[],[],[],[],[],[],,,,,,,True,False,[],[],,,,[],[],,,,3,Kitty's Last Adventure,0.788817885,2025,English;French,Family Sharing;Full controller support;Single-player;Steam Achievements;Steam Cloud,Action;Casual,2D;Action;Action Roguelike;Arcade;Arena Shooter;Bullet Hell;Casual;Cats;Combat;Controller;Cute;Early Access;Funny;Procedural Generation;PvE;Rogue-like;Rogue-lite;Shooter;Singleplayer;Top-Down Shooter,"Play as Kitty or her friends and survive the wave of cat nightmares in this roguelite survivor. The cat automatically throws its toys at enemies; all you have to do is control its path! As you progress, you'll unlock an array of hilarious yet powerful cat-based weaponry that evolves with you. Each weapon starts as a playful toy and transforms into more impressive and dangerous forms. Each weapon you acquire is associated with one or more families, each offering distinct bonuses that amplify with","{""text_match"": 0.0076268055, ""cosine_similarity"": 0.57763577}"
2026-02-10T19:44:09+00:00,CORTEX_DB.RAW.CAT_GAMES_SVC_1_5,default,"a game where you are a cat and wreck things in a house (first-person), knocking objects over, sandbox","a game where you are a cat and wreck things in a house (first-person), knocking objects over, sandbox",[],,False,,,,low_latency,0.75,10,100,0,1536,1536,,01c25360-0005-0843-0001-397a0006d32e,,53,53,,8e-06,8e-06,,8e-06,,,,,[],[],[],[],[],[],,,,,,,True,False,[],[],,,,[],[],,,,4,Messy Up,0.7861591,2024,English;French;German;Italian;Japanese;Korean;Portuguese - Brazil;Russian;Simplified Chinese;Traditional Chinese,Co-op;Custom Volume Controls;Family Sharing;LAN Co-op;LAN PvP;Multi-player;Online Co-op;Online PvP;Partial Controller Support;Playable without Timed Input;PvP;Remote Play Together;Save Anytime;Shared/Split Screen;Shared/Split Screen Co-op;Shared/Split Screen PvP;Single-player;Steam Achievements;Steam Cloud;Steam Trading Cards,Action;Casual;Indie;RPG;Simulation,3D;Cartoony;Casual;Co-op;Cute;Family Friendly;Funny;Indie;Local Multiplayer;Online Co-Op;Party;Party Game;Physics;PvP;RPG;Relaxing;Simulation;Singleplayer;Stylized;Top-Down,"'Messy UP' is a cute pet collaboration game featuring cats and dogs~ Due to the owner's busy life after graduation and starting work, there is less time to spend with the pets. The pets plan to create a big mess at home to grab the owner's attention and encourage them to spend more time together. After all, what mischief could a little dog possibly have in mind? Take on the role of cats and dogs and go wild, wreaking havoc at home! Each pet possesses unique abilities and skills, with various typ","{""text_match"": 0.0065502096, ""cosine_similarity"": 0.5723182}"
2026-02-10T19:44:09+00:00,CORTEX_DB.RAW.CAT_GAMES_SVC_1_5,default,"a game where you are a cat and wreck things in a house (first-person), knocking objects over, sandbox","a game where you are a cat and wreck things in a house (first-person), knocking objects over, sandbox",[],,False,,,,low_latency,0.75,10,100,0,1536,1536,,01c25360-0005-0843-0001-397a0006d32e,,53,53,,8e-06,8e-06,,8e-06,,,,,[],[],[],[],[],[],,,,,,,True,False,[],[],,,,[],[],,,,5,Bad Cat,0.784487875,2022,English;Russian;Simplified Chinese,Family Sharing;Full controller support;Single-player;Steam Achievements,Adventure;Casual;Indie,2.5D;2D Fighter;Adventure;Cartoon;Casual;Cats;Comedy;Comic Book;Cute;Dark Comedy;Dark Humor;Exploration;Family Friendly;Funny;Idler;Indie;Point & Click;Puzzle;Singleplayer;Stealth,"There are many different burgers in the world: a bacon burger, a chicken burger, a royal burger. But there is also a cat named Burger , and this guy is definitely too tough for you. Burger is a real menace of the neighborhood. Be careful! He is going to prove it again! The former tenants could not stand it and sold the house. And the new ones have no idea what they have to face! In the game Cat Burger you play as a cat whose task is to terrify the neighbors. In each level, you will need to figur","{""text_match"": 0.0049751014, ""cosine_similarity"": 0.56897575}"
2026-02-10T19:44:09+00:00,CORTEX_DB.RAW.CAT_GAMES_SVC_1_5,default,"a game where you are a cat and wreck things in a house (first-person), knocking objects over, sandbox","a game where you are a cat and wreck things in a house (first-person), knocking objects over, sandbox",[],,False,,,,low_latency,0.75,10,100,0,1536,1536,,01c25360-0005-0843-0001-397a0006d32e,,53,53,,8e-06,8e-06,,8e-06,,,,,[],[],[],[],[],[],,,,,,,True,False,[],[],,,,[],[],,,,6,meYOUw,0.7816012,2025,English,Family Sharing;Single-player,Casual;Indie,2D;2D Platformer;3D;3D Platformer;Adventure;Casual;Cats;Cute;Indie;Parkour;Platformer;Rogue-lite;Runner;Singleplayer,"🎤🐾 Play with Your Voice, Embark on an Adventure! A fun and energetic game for kids who love to shout! My nephew is always shouting, so I wanted to create a game where he could channel his energy in a fun and engaging way. Maybe you’d like to test how well you can control your voice too! This game was designed as a special keepsake for my nephew and will be released on his birthday! 🎂🎁 🎮 How to Play? 🔹 Kitty Kitty Mode – Whisper or make a soft sound... That’s it! Our cat starts walking! But be ca","{""text_match"": 0.007676331, ""cosine_similarity"": 0.5632024}"
2026-02-10T19:44:09+00:00,CORTEX_DB.RAW.CAT_GAMES_SVC_1_5,default,"a game where you are a cat and wreck things in a house (first-person), knocking objects over, sandbox","a game where you are a cat and wreck things in a house (first-person), knocking objects over, sandbox",[],,False,,,,low_latency,0.75,10,100,0,1536,1536,,01c25360-0005-0843-0001-397a0006d32e,,53,53,,8e-06,8e-06,,8e-06,,,,,[],[],[],[],[],[],,,,,,,True,False,[],[],,,,[],[],,,,7,Cats are Liquid - A Better Place,0.77985403,2019,English;Finnish;French;German;Spanish - Spain,Family Sharing;Includes level editor;Partial Controller Support;Single-player;Steam Achievements;Steam Cloud;Steam Workshop,Adventure;Indie,2D;Adventure;Cats;Female Protagonist;Indie;Platformer;Psychological Horror;Singleplayer;Story Rich,"A better place. Made just for us. Cats are Liquid - A Better Place is a 2D platformer about a liquid cat and her friends. You play as the cat, in a place created just for you and your friends. You get to go on a nice adventure with them where nothing goes wrong and everything is perfect, as long as your friends stay there, right by your side. Over the course of the game, you get to explore 120 rooms and discover new abilities like the hookshot and light burst. You can also create your own worlds","{""text_match"": 0.012749586, ""cosine_similarity"": 0.55970806}"
2026-02-10T19:44:09+00:00,CORTEX_DB.RAW.CAT_GAMES_SVC_1_5,default,"a game where you are a cat and wreck things in a house (first-person), knocking objects over, sandbox","a game where you are a cat and wreck things in a house (first-person), knocking objects over, sandbox",[],,False,,,,low_latency,0.75,10,100,0,1536,1536,,01c25360-0005-0843-0001-397a0006d32e,,53,53,,8e-06,8e-06,,8e-06,,,,,[],[],[],[],[],[],,,,,,,True,False,[],[],,,,[],[],,,,8,Whiskers on Time's Corner,0.78000593,2024,English;Japanese;Simplified Chinese;Spanish - Spain;Traditional Chinese,Family Sharing;Single-player;Steam Achievements;Steam Cloud,Casual;Early Access;Indie,Action RPG;Action-Adventure;Atmospheric;Cartoon;Cartoony;Casual;Cats;Choices Matter;Cute;Dating Sim;Early Access;Emotional;Exploration;Funny;Indie;Multiple Endings;Relaxing;Singleplayer;Survival;Walking Simulator,"In a beautiful little town, you take on the role of a cat and experience life from its perspective. [Life as a Cat] You need to rummage through trash cans and recycling bins to find food. Remember the locations where food can be found and try your luck when hunger strikes. Always keep an eye on the weather—rain will quickly drain the cat's stamina, so make sure to find shelter under roofs to stay dry and maintain your energy. [Cat Stories] At the Rice Ball House, Mrs. Rice Ball occasionally give","{""text_match"": 0.0083869295, ""cosine_similarity"": 0.56001186}"
2026-02-10T19:44:09+00:00,CORTEX_DB.RAW.CAT_GAMES_SVC_1_5,default,"a game where you are a cat and wreck things in a house (first-person), knocking objects over, sandbox","a game where you are a cat and wreck things in a house (first-person), knocking objects over, sandbox",[],,False,,,,low_latency,0.75,10,100,0,1536,1536,,01c25360-0005-0843-0001-397a0006d32e,,53,53,,8e-06,8e-06,,8e-06,,,,,[],[],[],[],[],[],,,,,,,True,False,[],[],,,,[],[],,,,9,nekowater,0.776055785,2023,English;Japanese;Russian;Simplified Chinese,Family Sharing;Remote Play Together;Single-player;Steam Achievements;Steam Cloud,Adventure;Casual;Indie,3D;3D Platformer;Action-Adventure;Adventure;Atmospheric;Casual;Cats;Conversation;Cute;Exploration;First-Person;Hidden Object;Indie;Multiple Endings;Relaxing;Singleplayer;Story Rich;Walking Simulator,"◆ Story You are a cat. Once, you lived in a place where small houses lined the shore, facing the advancing sea level rise. One day, a big wave swept away various things, and many were lost. This place may be just a memory, a place of memories. The witch, looking bored, waits for the cat's return. ◆ Game Introduction 'Nekowater' is an adventure game where you explore the map, interact with characters, and progress through the game. ◆ Features - Control the game from a cat's low perspective. - Eng","{""text_match"": 0.02489285, ""cosine_similarity"": 0.55211157}"
2026-02-10T19:44:09+00:00,CORTEX_DB.RAW.CAT_GAMES_SVC_1_5,default,"a game where you are a cat and wreck things in a house (first-person), knocking objects over, sandbox","a game where you are a cat and wreck things in a house (first-person), knocking objects over, sandbox",[],,False,,,,low_latency,0.75,10,100,0,1536,1536,,01c25360-0005-0843-0001-397a0006d32e,,53,53,,8e-06,8e-06,,8e-06,,,,,[],[],[],[],[],[],,,,,,,True,False,[],[],,,,[],[],,,,10,MewnBase,0.77886647,2023,Bulgarian;English;Finnish;French;German;Italian;Polish;Portuguese - Brazil;Portuguese - Portugal;Russian;Spanish - Spain;Turkish;Ukrainian,Family Sharing;Single-player;Steam Achievements;Steam Cloud,Casual;Indie;Simulation,2D;Action-Adventure;Base-Building;Building;Cartoony;Casual;Cats;Crafting;Cute;Exploration;Family Friendly;Open World;Relaxing;Sandbox;Sci-fi;Simulation;Singleplayer;Space;Survival;Top-Down,"Be a space-cat. MewnBase is a cute, 2D exploration/survival game. You land on an uncharted world only to realize you didn't bring any snacks and forgot half your luggage. But hey, at least you brought this workbench thing. You'll need to collect resources in order to construct a make-shift base. Craft a variety of different base modules, from airlocks to rain-water collectors in order to make your new home on this barren planet a little more cozy. Other Neat Features Technology Upgrades Find str","{""text_match"": 0.008510388, ""cosine_similarity"": 0.55773294}"
2026-02-10T19:44:11+00:00,CORTEX_DB.RAW.CAT_GAMES_SVC_1_5,default,"a game where you are a cat and wreck things in a house (first-person), knocking objects over, sandbox","a game where you are a cat and wreck things in a house (first-person), knocking objects over, sandbox",[],,False,,,,reranker_heavy,0.3,10,100,0,1334,1334,,01c25360-0005-0846-0001-397a0006e04a,,37,37,,6e-06,6e-06,,6e-06,,,,,[],[],[],[],[],[],,,,,,,True,False,[],[],,,,[],[],,,,1,Catlateral Damage: Remeowstered,0.8062138,2021,English;French;German;Italian;Japanese;Korean;Portuguese - Brazil;Russian;Simplified Chinese;Spanish - Spain,Camera Comfort;Color Alternatives;Custom Volume Controls;Family Sharing;Full controller support;Playable without Timed Input;Remote Play on TV;Single-player;Stats;Steam Achievements;Steam Cloud;Steam Trading Cards,Action;Adventure;Casual;Indie;Simulation,Action;Action-Adventure;Casual;Cats;Collectathon;Colorful;Comedy;Cute;Destruction;Exploration;Family Friendly;First-Person;Funny;Indie;Physics;Procedural Generation;Relaxing;Sandbox;Simulation;Singleplayer,"Catlateral Damage: Remeowstered is the definitive edition of your favorite destructive cat simulator, where you play as a house cat on a rampage and do all that fun stuff your owner hates! See the world through the eyes of a cat! Run around the house, topple neatly organized books, shatter vases, meow at nothing, tear up curtains, nap in obscure places, and more! Complete objectives, explore procedurally generated levels, or just relax in sandbox mode to unlock a clowder of cat friends and speci","{""text_match"": 0.03077473, ""cosine_similarity"": 0.6124276, ""reranker_score"": -3.042966}"
2026-02-10T19:44:11+00:00,CORTEX_DB.RAW.CAT_GAMES_SVC_1_5,default,"a game where you are a cat and wreck things in a house (first-person), knocking objects over, sandbox","a game where you are a cat and wreck things in a house (first-person), knocking objects over, sandbox",[],,False,,,,reranker_heavy,0.3,10,100,0,1334,1334,,01c25360-0005-0846-0001-397a0006e04a,,37,37,,6e-06,6e-06,,6e-06,,,,,[],[],[],[],[],[],,,,,,,True,False,[],[],,,,[],[],,,,2,Curse That Magic Cat!,0.7768914,2021,English;French;Simplified Chinese;Traditional Chinese,Full controller support;Single-player;Steam Achievements,Casual;Simulation,3D;3D Platformer;Arcade;Cartoony;Casual;Cats;Character Customization;Colorful;Comedy;Cute;Destruction;Family Friendly;Funny;Magic;Platformer;Relaxing;Simulation;Singleplayer;Stealth;Third Person,"Curse That Magic Cat! is a lighthearted, single-player game in which you have been cursed and turned into a cat. Explore the mansion of Magnus the Wizard, collecting three spell books in each level in order to escape. Along the way, take your revenge by breaking the wizard's belongings, stealing and using his potions, and ducking under furniture to watch Magnus search for you in vain! Key Features: Magnus the Wizard, an AI opponent (whom you hate) to challenge you. Six levels in which to unleash","{""text_match"": 0.0018245834, ""cosine_similarity"": 0.5537828, ""reranker_score"": -3.6897702}"
2026-02-10T19:44:11+00:00,CORTEX_DB.RAW.CAT_GAMES_SVC_1_5,default,"a game where you are a cat and wreck things in a house (first-person), knocking objects over, sandbox","a game where you are a cat and wreck things in a house (first-person), knocking objects over, sandbox",[],,False,,,,reranker_heavy,0.3,10,100,0,1334,1334,,01c25360-0005-0846-0001-397a0006e04a,,37,37,,6e-06,6e-06,,6e-06,,,,,[],[],[],[],[],[],,,,,,,True,False,[],[],,,,[],[],,,,3,Kitty's Last Adventure,0.788817885,2025,English;French,Family Sharing;Full controller support;Single-player;Steam Achievements;Steam Cloud,Action;Casual,2D;Action;Action Roguelike;Arcade;Arena Shooter;Bullet Hell;Casual;Cats;Combat;Controller;Cute;Early Access;Funny;Procedural Generation;PvE;Rogue-like;Rogue-lite;Shooter;Singleplayer;Top-Down Shooter,"Play as Kitty or her friends and survive the wave of cat nightmares in this roguelite survivor. The cat automatically throws its toys at enemies; all you have to do is control its path! As you progress, you'll unlock an array of hilarious yet powerful cat-based weaponry that evolves with you. Each weapon starts as a playful toy and transforms into more impressive and dangerous forms. Each weapon you acquire is associated with one or more families, each offering distinct bonuses that amplify with","{""text_match"": 0.0076268055, ""cosine_similarity"": 0.57763577, ""reranker_score"": -6.005237}"
2026-02-10T19:44:11+00:00,CORTEX_DB.RAW.CAT_GAMES_SVC_1_5,default,"a game where you are a cat and wreck things in a house (first-person), knocking objects over, sandbox","a game where you are a cat and wreck things in a house (first-person), knocking objects over, sandbox",[],,False,,,,reranker_heavy,0.3,10,100,0,1334,1334,,01c25360-0005-0846-0001-397a0006e04a,,37,37,,6e-06,6e-06,,6e-06,,,,,[],[],[],[],[],[],,,,,,,True,False,[],[],,,,[],[],,,,4,Heist Kitty: Multiplayer Cat Simulator Game,0.78972945,2023,English;Japanese,Co-op;Family Sharing;LAN Co-op;Multi-player;Online Co-op;Partial Controller Support;Single-player,Action;Adventure;Casual;Indie;RPG;Racing;Simulation,Action;Adventure;Automobile Sim;Casual;Cats;Co-op;Cute;Exploration;Family Friendly;Funny;Multiplayer;Online Co-Op;Physics;RPG;Racing;Sandbox;Simulation;Singleplayer;Story Rich;Third Person,"An open-world sand-box game where you play as a cat, defying the rules and causing mayhem. Climb, scratch, and pounce your way through the cityscape filled with playful challenges and hidden secrets. Customise your cat, team up with friends and let the adventure begin! Multiplayer Cat Chaos Take your chaos to new heights as you collaborate on the city streets. Hijack cars, cause explosive distractions, and equip a variety of weapons to create the ultimate cat caper. Show off your agile moves wit","{""text_match"": 0.011525963, ""cosine_similarity"": 0.5794589, ""reranker_score"": -6.126096}"
2026-02-10T19:44:11+00:00,CORTEX_DB.RAW.CAT_GAMES_SVC_1_5,default,"a game where you are a cat and wreck things in a house (first-person), knocking objects over, sandbox","a game where you are a cat and wreck things in a house (first-person), knocking objects over, sandbox",[],,False,,,,reranker_heavy,0.3,10,100,0,1334,1334,,01c25360-0005-0846-0001-397a0006e04a,,37,37,,6e-06,6e-06,,6e-06,,,,,[],[],[],[],[],[],,,,,,,True,False,[],[],,,,[],[],,,,5,Fisti-Fluffs,0.77673948,2021,English;French;German;Italian;Japanese;Korean;Polish;Portuguese - Brazil;Russian;Simplified Chinese;Spanish - Latin America,Family Sharing;Full controller support;Multi-player;PvP;Remote Play Together;Shared/Split Screen;Shared/Split Screen PvP;Single-player;Steam Achievements,Action;Casual;Indie;Simulation;Sports,Action;Arcade;Battle Royale;Beat 'em up;Cartoon;Cartoony;Casual;Cats;Colorful;Cute;Destruction;Dog;Family Friendly;Fighting;Funny;Hand-drawn;Memes;Simulation;Sports;Stylized,"With no humans in sight, the cats are bored—and you know what that means? That’s right. It’s time to tussle! Pounce, hiss, flail, and claw your way through the kitty kingdom to prove your wobbly cat “is best cat.” Fisti-Fluffs is an adorable (and yes, ridiculous) physics-based party game where you tussle with other cats and destroy the environments in frenetic over-the-top battles. Of course, you can play alone, but it’s even better with friends. So get your claws out and prepare for some kitty ","{""text_match"": 0.008114107, ""cosine_similarity"": 0.55347896, ""reranker_score"": -5.2779083}"
2026-02-10T19:44:11+00:00,CORTEX_DB.RAW.CAT_GAMES_SVC_1_5,default,"a game where you are a cat and wreck things in a house (first-person), knocking objects over, sandbox","a game where you are a cat and wreck things in a house (first-person), knocking objects over, sandbox",[],,False,,,,reranker_heavy,0.3,10,100,0,1334,1334,,01c25360-0005-0846-0001-397a0006e04a,,37,37,,6e-06,6e-06,,6e-06,,,,,[],[],[],[],[],[],,,,,,,True,False,[],[],,,,[],[],,,,6,Messy Up,0.7861591,2024,English;French;German;Italian;Japanese;Korean;Portuguese - Brazil;Russian;Simplified Chinese;Traditional Chinese,Co-op;Custom Volume Controls;Family Sharing;LAN Co-op;LAN PvP;Multi-player;Online Co-op;Online PvP;Partial Controller Support;Playable without Timed Input;PvP;Remote Play Together;Save Anytime;Shared/Split Screen;Shared/Split Screen Co-op;Shared/Split Screen PvP;Single-player;Steam Achievements;Steam Cloud;Steam Trading Cards,Action;Casual;Indie;RPG;Simulation,3D;Cartoony;Casual;Co-op;Cute;Family Friendly;Funny;Indie;Local Multiplayer;Online Co-Op;Party;Party Game;Physics;PvP;RPG;Relaxing;Simulation;Singleplayer;Stylized;Top-Down,"'Messy UP' is a cute pet collaboration game featuring cats and dogs~ Due to the owner's busy life after graduation and starting work, there is less time to spend with the pets. The pets plan to create a big mess at home to grab the owner's attention and encourage them to spend more time together. After all, what mischief could a little dog possibly have in mind? Take on the role of cats and dogs and go wild, wreaking havoc at home! Each pet possesses unique abilities and skills, with various typ","{""text_match"": 0.0065502096, ""cosine_similarity"": 0.5723182, ""reranker_score"": -6.2458673}"
2026-02-10T19:44:11+00:00,CORTEX_DB.RAW.CAT_GAMES_SVC_1_5,default,"a game where you are a cat and wreck things in a house (first-person), knocking objects over, sandbox","a game where you are a cat and wreck things in a house (first-person), knocking objects over, sandbox",[],,False,,,,reranker_heavy,0.3,10,100,0,1334,1334,,01c25360-0005-0846-0001-397a0006e04a,,37,37,,6e-06,6e-06,,6e-06,,,,,[],[],[],[],[],[],,,,,,,True,False,[],[],,,,[],[],,,,7,Bad Cat,0.784487875,2022,English;Russian;Simplified Chinese,Family Sharing;Full controller support;Single-player;Steam Achievements,Adventure;Casual;Indie,2.5D;2D Fighter;Adventure;Cartoon;Casual;Cats;Comedy;Comic Book;Cute;Dark Comedy;Dark Humor;Exploration;Family Friendly;Funny;Idler;Indie;Point & Click;Puzzle;Singleplayer;Stealth,"There are many different burgers in the world: a bacon burger, a chicken burger, a royal burger. But there is also a cat named Burger , and this guy is definitely too tough for you. Burger is a real menace of the neighborhood. Be careful! He is going to prove it again! The former tenants could not stand it and sold the house. And the new ones have no idea what they have to face! In the game Cat Burger you play as a cat whose task is to terrify the neighbors. In each level, you will need to figur","{""text_match"": 0.0049751014, ""cosine_similarity"": 0.56897575, ""reranker_score"": -6.0816927}"
2026-02-10T19:44:11+00:00,CORTEX_DB.RAW.CAT_GAMES_SVC_1_5,default,"a game where you are a cat and wreck things in a house (first-person), knocking objects over, sandbox","a game where you are a cat and wreck things in a house (first-person), knocking objects over, sandbox",[],,False,,,,reranker_heavy,0.3,10,100,0,1334,1334,,01c25360-0005-0846-0001-397a0006e04a,,37,37,,6e-06,6e-06,,6e-06,,,,,[],[],[],[],[],[],,,,,,,True,False,[],[],,,,[],[],,,,8,Cats are Liquid - A Better Place,0.77985403,2019,English;Finnish;French;German;Spanish - Spain,Family Sharing;Includes level editor;Partial Controller Support;Single-player;Steam Achievements;Steam Cloud;Steam Workshop,Adventure;Indie,2D;Adventure;Cats;Female Protagonist;Indie;Platformer;Psychological Horror;Singleplayer;Story Rich,"A better place. Made just for us. Cats are Liquid - A Better Place is a 2D platformer about a liquid cat and her friends. You play as the cat, in a place created just for you and your friends. You get to go on a nice adventure with them where nothing goes wrong and everything is perfect, as long as your friends stay there, right by your side. Over the course of the game, you get to explore 120 rooms and discover new abilities like the hookshot and light burst. You can also create your own worlds","{""text_match"": 0.012749586, ""cosine_similarity"": 0.55970806, ""reranker_score"": -6.1080265}"
2026-02-10T19:44:11+00:00,CORTEX_DB.RAW.CAT_GAMES_SVC_1_5,default,"a game where you are a cat and wreck things in a house (first-person), knocking objects over, sandbox","a game where you are a cat and wreck things in a house (first-person), knocking objects over, sandbox",[],,False,,,,reranker_heavy,0.3,10,100,0,1334,1334,,01c25360-0005-0846-0001-397a0006e04a,,37,37,,6e-06,6e-06,,6e-06,,,,,[],[],[],[],[],[],,,,,,,True,False,[],[],,,,[],[],,,,9,The Stray Cat,0.77704335,2018,English,Single-player;Tracked Controller Support;VR Only,Action;Casual;Free To Play;Indie;Simulation;Sports,Action;Casual;Free to Play;Indie;Simulation;Sports;VR,"Made by Student of Higher Diploma in Transmedia, Hong Kong Design Institute A hungry stray cat, risking his life to eat fish Can you help it... or look at it? This is a VR (Virtual Reality) game In the game you will be in a residential area and meet a starving stray cat It does not care for anything, only to eat the fish in front of it The residents of that household do not seem to like it and keep flying to attack it You can pick up objects to fight against stray cats to protect stray cats Or w","{""text_match"": 0.0022054058, ""cosine_similarity"": 0.5540867, ""reranker_score"": -6.0524197}"
2026-02-10T19:44:11+00:00,CORTEX_DB.RAW.CAT_GAMES_SVC_1_5,default,"a game where you are a cat and wreck things in a house (first-person), knocking objects over, sandbox","a game where you are a cat and wreck things in a house (first-person), knocking objects over, sandbox",[],,False,,,,reranker_heavy,0.3,10,100,0,1334,1334,,01c25360-0005-0846-0001-397a0006e04a,,37,37,,6e-06,6e-06,,6e-06,,,,,[],[],[],[],[],[],,,,,,,True,False,[],[],,,,[],[],,,,10,nekowater,0.776055785,2023,English;Japanese;Russian;Simplified Chinese,Family Sharing;Remote Play Together;Single-player;Steam Achievements;Steam Cloud,Adventure;Casual;Indie,3D;3D Platformer;Action-Adventure;Adventure;Atmospheric;Casual;Cats;Conversation;Cute;Exploration;First-Person;Hidden Object;Indie;Multiple Endings;Relaxing;Singleplayer;Story Rich;Walking Simulator,"◆ Story You are a cat. Once, you lived in a place where small houses lined the shore, facing the advancing sea level rise. One day, a big wave swept away various things, and many were lost. This place may be just a memory, a place of memories. The witch, looking bored, waits for the cat's return. ◆ Game Introduction 'Nekowater' is an adventure game where you explore the map, interact with characters, and progress through the game. ◆ Features - Control the game from a cat's low perspective. - Eng","{""text_match"": 0.02489285, ""cosine_similarity"": 0.55211157, ""reranker_score"": -6.045827}"
2026-02-10T19:44:12+00:00,CORTEX_DB.RAW.CAT_GAMES_SVC_1_5,default,"a game where you are a cat and wreck things in a house (first-person), knocking objects over, sandbox","a game where you are a cat and wreck things in a house (first-person), knocking objects over, sandbox",[],,False,,,,reranker_heavy,0.65,10,100,0,1182,1182,,01c25360-0005-0847-0001-397a0006c36e,,53,53,,8e-06,8e-06,,8e-06,,,,,[],[],[],[],[],[],,,,,,,True,False,[],[],,,,[],[],,,,1,Catlateral Damage: Remeowstered,0.8062138,2021,English;French;German;Italian;Japanese;Korean;Portuguese - Brazil;Russian;Simplified Chinese;Spanish - Spain,Camera Comfort;Color Alternatives;Custom Volume Controls;Family Sharing;Full controller support;Playable without Timed Input;Remote Play on TV;Single-player;Stats;Steam Achievements;Steam Cloud;Steam Trading Cards,Action;Adventure;Casual;Indie;Simulation,Action;Action-Adventure;Casual;Cats;Collectathon;Colorful;Comedy;Cute;Destruction;Exploration;Family Friendly;First-Person;Funny;Indie;Physics;Procedural Generation;Relaxing;Sandbox;Simulation;Singleplayer,"Catlateral Damage: Remeowstered is the definitive edition of your favorite destructive cat simulator, where you play as a house cat on a rampage and do all that fun stuff your owner hates! See the world through the eyes of a cat! Run around the house, topple neatly organized books, shatter vases, meow at nothing, tear up curtains, nap in obscure places, and more! Complete objectives, explore procedurally generated levels, or just relax in sandbox mode to unlock a clowder of cat friends and speci","{""text_match"": 0.03077473, ""cosine_similarity"": 0.6124276, ""reranker_score"": -3.042966}"
2026-02-10T19:44:12+00:00,CORTEX_DB.RAW.CAT_GAMES_SVC_1_5,default,"a game where you are a cat and wreck things in a house (first-person), knocking objects over, sandbox","a game where you are a cat and wreck things in a house (first-person), knocking objects over, sandbox",[],,False,,,,reranker_heavy,0.65,10,100,0,1182,1182,,01c25360-0005-0847-0001-397a0006c36e,,53,53,,8e-06,8e-06,,8e-06,,,,,[],[],[],[],[],[],,,,,,,True,False,[],[],,,,[],[],,,,2,Curse That Magic Cat!,0.7768914,2021,English;French;Simplified Chinese;Traditional Chinese,Full controller support;Single-player;Steam Achievements,Casual;Simulation,3D;3D Platformer;Arcade;Cartoony;Casual;Cats;Character Customization;Colorful;Comedy;Cute;Destruction;Family Friendly;Funny;Magic;Platformer;Relaxing;Simulation;Singleplayer;Stealth;Third Person,"Curse That Magic Cat! is a lighthearted, single-player game in which you have been cursed and turned into a cat. Explore the mansion of Magnus the Wizard, collecting three spell books in each level in order to escape. Along the way, take your revenge by breaking the wizard's belongings, stealing and using his potions, and ducking under furniture to watch Magnus search for you in vain! Key Features: Magnus the Wizard, an AI opponent (whom you hate) to challenge you. Six levels in which to unleash","{""text_match"": 0.0018245834, ""cosine_similarity"": 0.5537828, ""reranker_score"": -3.6897702}"
2026-02-10T19:44:12+00:00,CORTEX_DB.RAW.CAT_GAMES_SVC_1_5,default,"a game where you are a cat and wreck things in a house (first-person), knocking objects over, sandbox","a game where you are a cat and wreck things in a house (first-person), knocking objects over, sandbox",[],,False,,,,reranker_heavy,0.65,10,100,0,1182,1182,,01c25360-0005-0847-0001-397a0006c36e,,53,53,,8e-06,8e-06,,8e-06,,,,,[],[],[],[],[],[],,,,,,,True,False,[],[],,,,[],[],,,,3,Kitty's Last Adventure,0.788817885,2025,English;French,Family Sharing;Full controller support;Single-player;Steam Achievements;Steam Cloud,Action;Casual,2D;Action;Action Roguelike;Arcade;Arena Shooter;Bullet Hell;Casual;Cats;Combat;Controller;Cute;Early Access;Funny;Procedural Generation;PvE;Rogue-like;Rogue-lite;Shooter;Singleplayer;Top-Down Shooter,"Play as Kitty or her friends and survive the wave of cat nightmares in this roguelite survivor. The cat automatically throws its toys at enemies; all you have to do is control its path! As you progress, you'll unlock an array of hilarious yet powerful cat-based weaponry that evolves with you. Each weapon starts as a playful toy and transforms into more impressive and dangerous forms. Each weapon you acquire is associated with one or more families, each offering distinct bonuses that amplify with","{""text_match"": 0.0076268055, ""cosine_similarity"": 0.57763577, ""reranker_score"": -6.005237}"
2026-02-10T19:44:12+00:00,CORTEX_DB.RAW.CAT_GAMES_SVC_1_5,default,"a game where you are a cat and wreck things in a house (first-person), knocking objects over, sandbox","a game where you are a cat and wreck things in a house (first-person), knocking objects over, sandbox",[],,False,,,,reranker_heavy,0.65,10,100,0,1182,1182,,01c25360-0005-0847-0001-397a0006c36e,,53,53,,8e-06,8e-06,,8e-06,,,,,[],[],[],[],[],[],,,,,,,True,False,[],[],,,,[],[],,,,4,Heist Kitty: Multiplayer Cat Simulator Game,0.78972945,2023,English;Japanese,Co-op;Family Sharing;LAN Co-op;Multi-player;Online Co-op;Partial Controller Support;Single-player,Action;Adventure;Casual;Indie;RPG;Racing;Simulation,Action;Adventure;Automobile Sim;Casual;Cats;Co-op;Cute;Exploration;Family Friendly;Funny;Multiplayer;Online Co-Op;Physics;RPG;Racing;Sandbox;Simulation;Singleplayer;Story Rich;Third Person,"An open-world sand-box game where you play as a cat, defying the rules and causing mayhem. Climb, scratch, and pounce your way through the cityscape filled with playful challenges and hidden secrets. Customise your cat, team up with friends and let the adventure begin! Multiplayer Cat Chaos Take your chaos to new heights as you collaborate on the city streets. Hijack cars, cause explosive distractions, and equip a variety of weapons to create the ultimate cat caper. Show off your agile moves wit","{""text_match"": 0.011525963, ""cosine_similarity"": 0.5794589, ""reranker_score"": -6.126096}"
2026-02-10T19:44:12+00:00,CORTEX_DB.RAW.CAT_GAMES_SVC_1_5,default,"a game where you are a cat and wreck things in a house (first-person), knocking objects over, sandbox","a game where you are a cat and wreck things in a house (first-person), knocking objects over, sandbox",[],,False,,,,reranker_heavy,0.65,10,100,0,1182,1182,,01c25360-0005-0847-0001-397a0006c36e,,53,53,,8e-06,8e-06,,8e-06,,,,,[],[],[],[],[],[],,,,,,,True,False,[],[],,,,[],[],,,,5,Fisti-Fluffs,0.77673948,2021,English;French;German;Italian;Japanese;Korean;Polish;Portuguese - Brazil;Russian;Simplified Chinese;Spanish - Latin America,Family Sharing;Full controller support;Multi-player;PvP;Remote Play Together;Shared/Split Screen;Shared/Split Screen PvP;Single-player;Steam Achievements,Action;Casual;Indie;Simulation;Sports,Action;Arcade;Battle Royale;Beat 'em up;Cartoon;Cartoony;Casual;Cats;Colorful;Cute;Destruction;Dog;Family Friendly;Fighting;Funny;Hand-drawn;Memes;Simulation;Sports;Stylized,"With no humans in sight, the cats are bored—and you know what that means? That’s right. It’s time to tussle! Pounce, hiss, flail, and claw your way through the kitty kingdom to prove your wobbly cat “is best cat.” Fisti-Fluffs is an adorable (and yes, ridiculous) physics-based party game where you tussle with other cats and destroy the environments in frenetic over-the-top battles. Of course, you can play alone, but it’s even better with friends. So get your claws out and prepare for some kitty ","{""text_match"": 0.008114107, ""cosine_similarity"": 0.55347896, ""reranker_score"": -5.2779083}"
2026-02-10T19:44:12+00:00,CORTEX_DB.RAW.CAT_GAMES_SVC_1_5,default,"a game where you are a cat and wreck things in a house (first-person), knocking objects over, sandbox","a game where you are a cat and wreck things in a house (first-person), knocking objects over, sandbox",[],,False,,,,reranker_heavy,0.65,10,100,0,1182,1182,,01c25360-0005-0847-0001-397a0006c36e,,53,53,,8e-06,8e-06,,8e-06,,,,,[],[],[],[],[],[],,,,,,,True,False,[],[],,,,[],[],,,,6,Messy Up,0.7861591,2024,English;French;German;Italian;Japanese;Korean;Portuguese - Brazil;Russian;Simplified Chinese;Traditional Chinese,Co-op;Custom Volume Controls;Family Sharing;LAN Co-op;LAN PvP;Multi-player;Online Co-op;Online PvP;Partial Controller Support;Playable without Timed Input;PvP;Remote Play Together;Save Anytime;Shared/Split Screen;Shared/Split Screen Co-op;Shared/Split Screen PvP;Single-player;Steam Achievements;Steam Cloud;Steam Trading Cards,Action;Casual;Indie;RPG;Simulation,3D;Cartoony;Casual;Co-op;Cute;Family Friendly;Funny;Indie;Local Multiplayer;Online Co-Op;Party;Party Game;Physics;PvP;RPG;Relaxing;Simulation;Singleplayer;Stylized;Top-Down,"'Messy UP' is a cute pet collaboration game featuring cats and dogs~ Due to the owner's busy life after graduation and starting work, there is less time to spend with the pets. The pets plan to create a big mess at home to grab the owner's attention and encourage them to spend more time together. After all, what mischief could a little dog possibly have in mind? Take on the role of cats and dogs and go wild, wreaking havoc at home! Each pet possesses unique abilities and skills, with various typ","{""text_match"": 0.0065502096, ""cosine_similarity"": 0.5723182, ""reranker_score"": -6.2458673}"
2026-02-10T19:44:12+00:00,CORTEX_DB.RAW.CAT_GAMES_SVC_1_5,default,"a game where you are a cat and wreck things in a house (first-person), knocking objects over, sandbox","a game where you are a cat and wreck things in a house (first-person), knocking objects over, sandbox",[],,False,,,,reranker_heavy,0.65,10,100,0,1182,1182,,01c25360-0005-0847-0001-397a0006c36e,,53,53,,8e-06,8e-06,,8e-06,,,,,[],[],[],[],[],[],,,,,,,True,False,[],[],,,,[],[],,,,7,Bad Cat,0.784487875,2022,English;Russian;Simplified Chinese,Family Sharing;Full controller support;Single-player;Steam Achievements,Adventure;Casual;Indie,2.5D;2D Fighter;Adventure;Cartoon;Casual;Cats;Comedy;Comic Book;Cute;Dark Comedy;Dark Humor;Exploration;Family Friendly;Funny;Idler;Indie;Point & Click;Puzzle;Singleplayer;Stealth,"There are many different burgers in the world: a bacon burger, a chicken burger, a royal burger. But there is also a cat named Burger , and this guy is definitely too tough for you. Burger is a real menace of the neighborhood. Be careful! He is going to prove it again! The former tenants could not stand it and sold the house. And the new ones have no idea what they have to face! In the game Cat Burger you play as a cat whose task is to terrify the neighbors. In each level, you will need to figur","{""text_match"": 0.0049751014, ""cosine_similarity"": 0.56897575, ""reranker_score"": -6.0816927}"
2026-02-10T19:44:12+00:00,CORTEX_DB.RAW.CAT_GAMES_SVC_1_5,default,"a game where you are a cat and wreck things in a house (first-person), knocking objects over, sandbox","a game where you are a cat and wreck things in a house (first-person), knocking objects over, sandbox",[],,False,,,,reranker_heavy,0.65,10,100,0,1182,1182,,01c25360-0005-0847-0001-397a0006c36e,,53,53,,8e-06,8e-06,,8e-06,,,,,[],[],[],[],[],[],,,,,,,True,False,[],[],,,,[],[],,,,8,Cats are Liquid - A Better Place,0.77985403,2019,English;Finnish;French;German;Spanish - Spain,Family Sharing;Includes level editor;Partial Controller Support;Single-player;Steam Achievements;Steam Cloud;Steam Workshop,Adventure;Indie,2D;Adventure;Cats;Female Protagonist;Indie;Platformer;Psychological Horror;Singleplayer;Story Rich,"A better place. Made just for us. Cats are Liquid - A Better Place is a 2D platformer about a liquid cat and her friends. You play as the cat, in a place created just for you and your friends. You get to go on a nice adventure with them where nothing goes wrong and everything is perfect, as long as your friends stay there, right by your side. Over the course of the game, you get to explore 120 rooms and discover new abilities like the hookshot and light burst. You can also create your own worlds","{""text_match"": 0.012749586, ""cosine_similarity"": 0.55970806, ""reranker_score"": -6.1080265}"
2026-02-10T19:44:12+00:00,CORTEX_DB.RAW.CAT_GAMES_SVC_1_5,default,"a game where you are a cat and wreck things in a house (first-person), knocking objects over, sandbox","a game where you are a cat and wreck things in a house (first-person), knocking objects over, sandbox",[],,False,,,,reranker_heavy,0.65,10,100,0,1182,1182,,01c25360-0005-0847-0001-397a0006c36e,,53,53,,8e-06,8e-06,,8e-06,,,,,[],[],[],[],[],[],,,,,,,True,False,[],[],,,,[],[],,,,9,The Stray Cat,0.77704335,2018,English,Single-player;Tracked Controller Support;VR Only,Action;Casual;Free To Play;Indie;Simulation;Sports,Action;Casual;Free to Play;Indie;Simulation;Sports;VR,"Made by Student of Higher Diploma in Transmedia, Hong Kong Design Institute A hungry stray cat, risking his life to eat fish Can you help it... or look at it? This is a VR (Virtual Reality) game In the game you will be in a residential area and meet a starving stray cat It does not care for anything, only to eat the fish in front of it The residents of that household do not seem to like it and keep flying to attack it You can pick up objects to fight against stray cats to protect stray cats Or w","{""text_match"": 0.0022054058, ""cosine_similarity"": 0.5540867, ""reranker_score"": -6.0524197}"
2026-02-10T19:44:12+00:00,CORTEX_DB.RAW.CAT_GAMES_SVC_1_5,default,"a game where you are a cat and wreck things in a house (first-person), knocking objects over, sandbox","a game where you are a cat and wreck things in a house (first-person), knocking objects over, sandbox",[],,False,,,,reranker_heavy,0.65,10,100,0,1182,1182,,01c25360-0005-0847-0001-397a0006c36e,,53,53,,8e-06,8e-06,,8e-06,,,,,[],[],[],[],[],[],,,,,,,True,False,[],[],,,,[],[],,,,10,nekowater,0.776055785,2023,English;Japanese;Russian;Simplified Chinese,Family Sharing;Remote Play Together;Single-player;Steam Achievements;Steam Cloud,Adventure;Casual;Indie,3D;3D Platformer;Action-Adventure;Adventure;Atmospheric;Casual;Cats;Conversation;Cute;Exploration;First-Person;Hidden Object;Indie;Multiple Endings;Relaxing;Singleplayer;Story Rich;Walking Simulator,"◆ Story You are a cat. Once, you lived in a place where small houses lined the shore, facing the advancing sea level rise. One day, a big wave swept away various things, and many were lost. This place may be just a memory, a place of memories. The witch, looking bored, waits for the cat's return. ◆ Game Introduction 'Nekowater' is an adventure game where you explore the map, interact with characters, and progress through the game. ◆ Features - Control the game from a cat's low perspective. - Eng","{""text_match"": 0.02489285, ""cosine_similarity"": 0.55211157, ""reranker_score"": -6.045827}"
2026-02-10T19:44:13+00:00,CORTEX_DB.RAW.CAT_GAMES_SVC_1_5,default,"a game where you are a cat and wreck things in a house (first-person), knocking objects over, sandbox","a game where you are a cat and wreck things in a house (first-person), knocking objects over, sandbox",[],,False,,,,reranker_heavy,0.75,10,100,0,1067,1067,,01c25360-0005-0846-0001-397a0006e052,,37,37,,6e-06,6e-06,,6e-06,,,,,[],[],[],[],[],[],,,,,,,True,False,[],[],,,,[],[],,,,1,Catlateral Damage: Remeowstered,0.8062138,2021,English;French;German;Italian;Japanese;Korean;Portuguese - Brazil;Russian;Simplified Chinese;Spanish - Spain,Camera Comfort;Color Alternatives;Custom Volume Controls;Family Sharing;Full controller support;Playable without Timed Input;Remote Play on TV;Single-player;Stats;Steam Achievements;Steam Cloud;Steam Trading Cards,Action;Adventure;Casual;Indie;Simulation,Action;Action-Adventure;Casual;Cats;Collectathon;Colorful;Comedy;Cute;Destruction;Exploration;Family Friendly;First-Person;Funny;Indie;Physics;Procedural Generation;Relaxing;Sandbox;Simulation;Singleplayer,"Catlateral Damage: Remeowstered is the definitive edition of your favorite destructive cat simulator, where you play as a house cat on a rampage and do all that fun stuff your owner hates! See the world through the eyes of a cat! Run around the house, topple neatly organized books, shatter vases, meow at nothing, tear up curtains, nap in obscure places, and more! Complete objectives, explore procedurally generated levels, or just relax in sandbox mode to unlock a clowder of cat friends and speci","{""text_match"": 0.03077473, ""cosine_similarity"": 0.6124276, ""reranker_score"": -3.042966}"
2026-02-10T19:44:13+00:00,CORTEX_DB.RAW.CAT_GAMES_SVC_1_5,default,"a game where you are a cat and wreck things in a house (first-person), knocking objects over, sandbox","a game where you are a cat and wreck things in a house (first-person), knocking objects over, sandbox",[],,False,,,,reranker_heavy,0.75,10,100,0,1067,1067,,01c25360-0005-0846-0001-397a0006e052,,37,37,,6e-06,6e-06,,6e-06,,,,,[],[],[],[],[],[],,,,,,,True,False,[],[],,,,[],[],,,,2,Curse That Magic Cat!,0.7768914,2021,English;French;Simplified Chinese;Traditional Chinese,Full controller support;Single-player;Steam Achievements,Casual;Simulation,3D;3D Platformer;Arcade;Cartoony;Casual;Cats;Character Customization;Colorful;Comedy;Cute;Destruction;Family Friendly;Funny;Magic;Platformer;Relaxing;Simulation;Singleplayer;Stealth;Third Person,"Curse That Magic Cat! is a lighthearted, single-player game in which you have been cursed and turned into a cat. Explore the mansion of Magnus the Wizard, collecting three spell books in each level in order to escape. Along the way, take your revenge by breaking the wizard's belongings, stealing and using his potions, and ducking under furniture to watch Magnus search for you in vain! Key Features: Magnus the Wizard, an AI opponent (whom you hate) to challenge you. Six levels in which to unleash","{""text_match"": 0.0018245834, ""cosine_similarity"": 0.5537828, ""reranker_score"": -3.6897702}"
2026-02-10T19:44:13+00:00,CORTEX_DB.RAW.CAT_GAMES_SVC_1_5,default,"a game where you are a cat and wreck things in a house (first-person), knocking objects over, sandbox","a game where you are a cat and wreck things in a house (first-person), knocking objects over, sandbox",[],,False,,,,reranker_heavy,0.75,10,100,0,1067,1067,,01c25360-0005-0846-0001-397a0006e052,,37,37,,6e-06,6e-06,,6e-06,,,,,[],[],[],[],[],[],,,,,,,True,False,[],[],,,,[],[],,,,3,Kitty's Last Adventure,0.788817885,2025,English;French,Family Sharing;Full controller support;Single-player;Steam Achievements;Steam Cloud,Action;Casual,2D;Action;Action Roguelike;Arcade;Arena Shooter;Bullet Hell;Casual;Cats;Combat;Controller;Cute;Early Access;Funny;Procedural Generation;PvE;Rogue-like;Rogue-lite;Shooter;Singleplayer;Top-Down Shooter,"Play as Kitty or her friends and survive the wave of cat nightmares in this roguelite survivor. The cat automatically throws its toys at enemies; all you have to do is control its path! As you progress, you'll unlock an array of hilarious yet powerful cat-based weaponry that evolves with you. Each weapon starts as a playful toy and transforms into more impressive and dangerous forms. Each weapon you acquire is associated with one or more families, each offering distinct bonuses that amplify with","{""text_match"": 0.0076268055, ""cosine_similarity"": 0.57763577, ""reranker_score"": -6.005237}"
2026-02-10T19:44:13+00:00,CORTEX_DB.RAW.CAT_GAMES_SVC_1_5,default,"a game where you are a cat and wreck things in a house (first-person), knocking objects over, sandbox","a game where you are a cat and wreck things in a house (first-person), knocking objects over, sandbox",[],,False,,,,reranker_heavy,0.75,10,100,0,1067,1067,,01c25360-0005-0846-0001-397a0006e052,,37,37,,6e-06,6e-06,,6e-06,,,,,[],[],[],[],[],[],,,,,,,True,False,[],[],,,,[],[],,,,4,Heist Kitty: Multiplayer Cat Simulator Game,0.78972945,2023,English;Japanese,Co-op;Family Sharing;LAN Co-op;Multi-player;Online Co-op;Partial Controller Support;Single-player,Action;Adventure;Casual;Indie;RPG;Racing;Simulation,Action;Adventure;Automobile Sim;Casual;Cats;Co-op;Cute;Exploration;Family Friendly;Funny;Multiplayer;Online Co-Op;Physics;RPG;Racing;Sandbox;Simulation;Singleplayer;Story Rich;Third Person,"An open-world sand-box game where you play as a cat, defying the rules and causing mayhem. Climb, scratch, and pounce your way through the cityscape filled with playful challenges and hidden secrets. Customise your cat, team up with friends and let the adventure begin! Multiplayer Cat Chaos Take your chaos to new heights as you collaborate on the city streets. Hijack cars, cause explosive distractions, and equip a variety of weapons to create the ultimate cat caper. Show off your agile moves wit","{""text_match"": 0.011525963, ""cosine_similarity"": 0.5794589, ""reranker_score"": -6.126096}"
2026-02-10T19:44:13+00:00,CORTEX_DB.RAW.CAT_GAMES_SVC_1_5,default,"a game where you are a cat and wreck things in a house (first-person), knocking objects over, sandbox","a game where you are a cat and wreck things in a house (first-person), knocking objects over, sandbox",[],,False,,,,reranker_heavy,0.75,10,100,0,1067,1067,,01c25360-0005-0846-0001-397a0006e052,,37,37,,6e-06,6e-06,,6e-06,,,,,[],[],[],[],[],[],,,,,,,True,False,[],[],,,,[],[],,,,5,Fisti-Fluffs,0.77673948,2021,English;French;German;Italian;Japanese;Korean;Polish;Portuguese - Brazil;Russian;Simplified Chinese;Spanish - Latin America,Family Sharing;Full controller support;Multi-player;PvP;Remote Play Together;Shared/Split Screen;Shared/Split Screen PvP;Single-player;Steam Achievements,Action;Casual;Indie;Simulation;Sports,Action;Arcade;Battle Royale;Beat 'em up;Cartoon;Cartoony;Casual;Cats;Colorful;Cute;Destruction;Dog;Family Friendly;Fighting;Funny;Hand-drawn;Memes;Simulation;Sports;Stylized,"With no humans in sight, the cats are bored—and you know what that means? That’s right. It’s time to tussle! Pounce, hiss, flail, and claw your way through the kitty kingdom to prove your wobbly cat “is best cat.” Fisti-Fluffs is an adorable (and yes, ridiculous) physics-based party game where you tussle with other cats and destroy the environments in frenetic over-the-top battles. Of course, you can play alone, but it’s even better with friends. So get your claws out and prepare for some kitty ","{""text_match"": 0.008114107, ""cosine_similarity"": 0.55347896, ""reranker_score"": -5.2779083}"
2026-02-10T19:44:13+00:00,CORTEX_DB.RAW.CAT_GAMES_SVC_1_5,default,"a game where you are a cat and wreck things in a house (first-person), knocking objects over, sandbox","a game where you are a cat and wreck things in a house (first-person), knocking objects over, sandbox",[],,False,,,,reranker_heavy,0.75,10,100,0,1067,1067,,01c25360-0005-0846-0001-397a0006e052,,37,37,,6e-06,6e-06,,6e-06,,,,,[],[],[],[],[],[],,,,,,,True,False,[],[],,,,[],[],,,,6,Messy Up,0.7861591,2024,English;French;German;Italian;Japanese;Korean;Portuguese - Brazil;Russian;Simplified Chinese;Traditional Chinese,Co-op;Custom Volume Controls;Family Sharing;LAN Co-op;LAN PvP;Multi-player;Online Co-op;Online PvP;Partial Controller Support;Playable without Timed Input;PvP;Remote Play Together;Save Anytime;Shared/Split Screen;Shared/Split Screen Co-op;Shared/Split Screen PvP;Single-player;Steam Achievements;Steam Cloud;Steam Trading Cards,Action;Casual;Indie;RPG;Simulation,3D;Cartoony;Casual;Co-op;Cute;Family Friendly;Funny;Indie;Local Multiplayer;Online Co-Op;Party;Party Game;Physics;PvP;RPG;Relaxing;Simulation;Singleplayer;Stylized;Top-Down,"'Messy UP' is a cute pet collaboration game featuring cats and dogs~ Due to the owner's busy life after graduation and starting work, there is less time to spend with the pets. The pets plan to create a big mess at home to grab the owner's attention and encourage them to spend more time together. After all, what mischief could a little dog possibly have in mind? Take on the role of cats and dogs and go wild, wreaking havoc at home! Each pet possesses unique abilities and skills, with various typ","{""text_match"": 0.0065502096, ""cosine_similarity"": 0.5723182, ""reranker_score"": -6.2458673}"
2026-02-10T19:44:13+00:00,CORTEX_DB.RAW.CAT_GAMES_SVC_1_5,default,"a game where you are a cat and wreck things in a house (first-person), knocking objects over, sandbox","a game where you are a cat and wreck things in a house (first-person), knocking objects over, sandbox",[],,False,,,,reranker_heavy,0.75,10,100,0,1067,1067,,01c25360-0005-0846-0001-397a0006e052,,37,37,,6e-06,6e-06,,6e-06,,,,,[],[],[],[],[],[],,,,,,,True,False,[],[],,,,[],[],,,,7,Bad Cat,0.784487875,2022,English;Russian;Simplified Chinese,Family Sharing;Full controller support;Single-player;Steam Achievements,Adventure;Casual;Indie,2.5D;2D Fighter;Adventure;Cartoon;Casual;Cats;Comedy;Comic Book;Cute;Dark Comedy;Dark Humor;Exploration;Family Friendly;Funny;Idler;Indie;Point & Click;Puzzle;Singleplayer;Stealth,"There are many different burgers in the world: a bacon burger, a chicken burger, a royal burger. But there is also a cat named Burger , and this guy is definitely too tough for you. Burger is a real menace of the neighborhood. Be careful! He is going to prove it again! The former tenants could not stand it and sold the house. And the new ones have no idea what they have to face! In the game Cat Burger you play as a cat whose task is to terrify the neighbors. In each level, you will need to figur","{""text_match"": 0.0049751014, ""cosine_similarity"": 0.56897575, ""reranker_score"": -6.0816927}"
2026-02-10T19:44:13+00:00,CORTEX_DB.RAW.CAT_GAMES_SVC_1_5,default,"a game where you are a cat and wreck things in a house (first-person), knocking objects over, sandbox","a game where you are a cat and wreck things in a house (first-person), knocking objects over, sandbox",[],,False,,,,reranker_heavy,0.75,10,100,0,1067,1067,,01c25360-0005-0846-0001-397a0006e052,,37,37,,6e-06,6e-06,,6e-06,,,,,[],[],[],[],[],[],,,,,,,True,False,[],[],,,,[],[],,,,8,Cats are Liquid - A Better Place,0.77985403,2019,English;Finnish;French;German;Spanish - Spain,Family Sharing;Includes level editor;Partial Controller Support;Single-player;Steam Achievements;Steam Cloud;Steam Workshop,Adventure;Indie,2D;Adventure;Cats;Female Protagonist;Indie;Platformer;Psychological Horror;Singleplayer;Story Rich,"A better place. Made just for us. Cats are Liquid - A Better Place is a 2D platformer about a liquid cat and her friends. You play as the cat, in a place created just for you and your friends. You get to go on a nice adventure with them where nothing goes wrong and everything is perfect, as long as your friends stay there, right by your side. Over the course of the game, you get to explore 120 rooms and discover new abilities like the hookshot and light burst. You can also create your own worlds","{""text_match"": 0.012749586, ""cosine_similarity"": 0.55970806, ""reranker_score"": -6.1080265}"
2026-02-10T19:44:13+00:00,CORTEX_DB.RAW.CAT_GAMES_SVC_1_5,default,"a game where you are a cat and wreck things in a house (first-person), knocking objects over, sandbox","a game where you are a cat and wreck things in a house (first-person), knocking objects over, sandbox",[],,False,,,,reranker_heavy,0.75,10,100,0,1067,1067,,01c25360-0005-0846-0001-397a0006e052,,37,37,,6e-06,6e-06,,6e-06,,,,,[],[],[],[],[],[],,,,,,,True,False,[],[],,,,[],[],,,,9,The Stray Cat,0.77704335,2018,English,Single-player;Tracked Controller Support;VR Only,Action;Casual;Free To Play;Indie;Simulation;Sports,Action;Casual;Free to Play;Indie;Simulation;Sports;VR,"Made by Student of Higher Diploma in Transmedia, Hong Kong Design Institute A hungry stray cat, risking his life to eat fish Can you help it... or look at it? This is a VR (Virtual Reality) game In the game you will be in a residential area and meet a starving stray cat It does not care for anything, only to eat the fish in front of it The residents of that household do not seem to like it and keep flying to attack it You can pick up objects to fight against stray cats to protect stray cats Or w","{""text_match"": 0.0022054058, ""cosine_similarity"": 0.5540867, ""reranker_score"": -6.0524197}"
2026-02-10T19:44:13+00:00,CORTEX_DB.RAW.CAT_GAMES_SVC_1_5,default,"a game where you are a cat and wreck things in a house (first-person), knocking objects over, sandbox","a game where you are a cat and wreck things in a house (first-person), knocking objects over, sandbox",[],,False,,,,reranker_heavy,0.75,10,100,0,1067,1067,,01c25360-0005-0846-0001-397a0006e052,,37,37,,6e-06,6e-06,,6e-06,,,,,[],[],[],[],[],[],,,,,,,True,False,[],[],,,,[],[],,,,10,nekowater,0.776055785,2023,English;Japanese;Russian;Simplified Chinese,Family Sharing;Remote Play Together;Single-player;Steam Achievements;Steam Cloud,Adventure;Casual;Indie,3D;3D Platformer;Action-Adventure;Adventure;Atmospheric;Casual;Cats;Conversation;Cute;Exploration;First-Person;Hidden Object;Indie;Multiple Endings;Relaxing;Singleplayer;Story Rich;Walking Simulator,"◆ Story You are a cat. Once, you lived in a place where small houses lined the shore, facing the advancing sea level rise. One day, a big wave swept away various things, and many were lost. This place may be just a memory, a place of memories. The witch, looking bored, waits for the cat's return. ◆ Game Introduction 'Nekowater' is an adventure game where you explore the map, interact with characters, and progress through the game. ◆ Features - Control the game from a cat's low perspective. - Eng","{""text_match"": 0.02489285, ""cosine_similarity"": 0.55211157, ""reranker_score"": -6.045827}"
2026-02-10T19:44:15+00:00,CORTEX_DB.RAW.CAT_GAMES_SVC_1_5,default,"I remember a hidden object game: black-and-white city illustration, and after finding cats the picture gets colored","I remember a hidden object game: black-and-white city illustration, and after finding cats the picture gets colored",[],,False,,,,balanced_default,0.3,10,100,0,971,971,,01c25360-0005-0847-0001-397a0006c376,,40,40,,6e-06,6e-06,,6e-06,,,,,[],[],[],[],[],[],,,,,,,True,False,[],[],,,,[],[],,,,1,Hidden Cats in Paris,0.8019307,2022,English,Family Sharing;Full controller support;Single-player;Steam Achievements;Steam Cloud;Steam Trading Cards,Casual;Indie,Cartoon;Casual;Cats;Cute;Hand-drawn;Hidden Object;Indie;Point & Click;Relaxing,"Meow meow meow mes amis! Cats are hidden in a unique lovely Paris scenario. A short and pleasant experience in a big and lovely illustration! Start with a Beautiful monochromatic scenario, relax, and find all the cats to reveal the final colored art. More than 680 hidden objects to find!!! Play through different modes, find special cats, and unlock bonus levels! NORMAL MODE Find 100 cats in fixed positions. 3 hints. ADVANCED MODE Find 150 cats in semi-random positions. 8 Special cats that unlock","{""text_match"": 0.026049701, ""cosine_similarity"": 0.6038614, ""reranker_score"": -4.6134124}"
2026-02-10T19:44:15+00:00,CORTEX_DB.RAW.CAT_GAMES_SVC_1_5,default,"I remember a hidden object game: black-and-white city illustration, and after finding cats the picture gets colored","I remember a hidden object game: black-and-white city illustration, and after finding cats the picture gets colored",[],,False,,,,balanced_default,0.3,10,100,0,971,971,,01c25360-0005-0847-0001-397a0006c376,,40,40,,6e-06,6e-06,,6e-06,,,,,[],[],[],[],[],[],,,,,,,True,False,[],[],,,,[],[],,,,2,I commissioned some cats 3,0.808345885,2023,English,Family Sharing;Single-player;Steam Achievements,Casual;Indie,2D;Abstract;Cartoony;Casual;Cats;Colorful;Comic Book;Cute;Design & Illustration;Family Friendly;Fantasy;Hand-drawn;Hidden Object;Instrumental Music;Nature;Point & Click;Psychedelic;Puzzle;Relaxing;Singleplayer,A hidden object game where you must find all the cats and wool to complete each level. Key features: 🖼️ 15 Unique artworks ❓ 1500+ Hidden objects total 🐈 750+ Cats 🧶 750+ Wool 💡 ∞ Unlimited hints if you get stuck ♻️ Restore a small number of hidden objects to a painting so you can find them again! 🎵 Music for each artwork ⌨️ Use your keyboard to move/zoom in if you have no scroll wheel 💾 3x save slots 🗑️ Reset progress entirely and play again 🕒 Timer included to show how long you took to complet,"{""text_match"": 0.05555541, ""cosine_similarity"": 0.61669177, ""reranker_score"": -5.232831}"
2026-02-10T19:44:15+00:00,CORTEX_DB.RAW.CAT_GAMES_SVC_1_5,default,"I remember a hidden object game: black-and-white city illustration, and after finding cats the picture gets colored","I remember a hidden object game: black-and-white city illustration, and after finding cats the picture gets colored",[],,False,,,,balanced_default,0.3,10,100,0,971,971,,01c25360-0005-0847-0001-397a0006c376,,40,40,,6e-06,6e-06,,6e-06,,,,,[],[],[],[],[],[],,,,,,,True,False,[],[],,,,[],[],,,,3,100 hidden cats 2,0.80442548,2021,English,Family Sharing;Single-player;Steam Achievements;Steam Trading Cards,Adventure;Casual;Indie,2D;Adventure;Arcade;Casual;Cats;Creature Collector;Cute;Dog;Exploration;Family Friendly;Hand-drawn;Hidden Object;Minimalist;Nature;Point & Click;Puzzle;Relaxing;Side Scroller;Stylized;Trains,Art by Аnatoliy Loginovskikh Important information Press 'N' for night mode. Press 'Del' then 'Esc' to reset all achievements. 100 hidden cats 2 is a hidden object game in the city setting. Black and white hand-drawn graphics in a cartoon style. Ultra hard! Really very difficult! Cunning cats hid in the big city. They are disguised and very dangerous. Can you find 100 cats? Just click on the cat! Take care of your nerves!,"{""text_match"": 0.035801988, ""cosine_similarity"": 0.60885096, ""reranker_score"": -5.430273}"
2026-02-10T19:44:15+00:00,CORTEX_DB.RAW.CAT_GAMES_SVC_1_5,default,"I remember a hidden object game: black-and-white city illustration, and after finding cats the picture gets colored","I remember a hidden object game: black-and-white city illustration, and after finding cats the picture gets colored",[],,False,,,,balanced_default,0.3,10,100,0,971,971,,01c25360-0005-0847-0001-397a0006c376,,40,40,,6e-06,6e-06,,6e-06,,,,,[],[],[],[],[],[],,,,,,,True,False,[],[],,,,[],[],,,,4,Cat city,0.7947136,2023,English;Russian,Family Sharing;Full controller support;Single-player;Steam Achievements,Adventure;Casual;Indie,2D;Atmospheric;Casual;Cats;Clicker;Controller;Creature Collector;Cute;Detective;Education;Exploration;Family Friendly;Hand-drawn;Hidden Object;Interactive Fiction;Point & Click;Puzzle;Side Scroller;Singleplayer;Trading Card Game,"'Cat city' is an exciting hidden objects game. In this game, you will have to explore the whole city to find all the cats (and various secrets) and get closer to the goal of making this world and the lives of the cats living in it a little better, and restore their faith in people! The main character will help you figure it out and get comfortable, and tell you about the necessary help in this exciting and extremely important matter! The help of each person is important so that the world becomes","{""text_match"": 0.026720256, ""cosine_similarity"": 0.5894272, ""reranker_score"": -6.69383}"
2026-02-10T19:44:15+00:00,CORTEX_DB.RAW.CAT_GAMES_SVC_1_5,default,"I remember a hidden object game: black-and-white city illustration, and after finding cats the picture gets colored","I remember a hidden object game: black-and-white city illustration, and after finding cats the picture gets colored",[],,False,,,,balanced_default,0.3,10,100,0,971,971,,01c25360-0005-0847-0001-397a0006c376,,40,40,,6e-06,6e-06,,6e-06,,,,,[],[],[],[],[],[],,,,,,,True,False,[],[],,,,[],[],,,,5,Hidden Cats: Magic Forest,0.7882093,2023,English;French;German;Italian;Japanese;Korean;Portuguese - Portugal;Simplified Chinese;Spanish - Spain;Turkish,Family Sharing;Full controller support;Single-player;Steam Achievements,Casual;Indie,3D;Atmospheric;Casual;Cats;Colorful;Creature Collector;Cute;Exploration;Family Friendly;Hidden Object;Indie;Isometric;Minimalist;Nature;Point & Click;Puzzle;Relaxing;Singleplayer;Tutorial;Wholesome,"Hidden Cats: Magic Forest is a hidden object game where you'll search for hidden cats while exploring the mysteries of the magical forest. Find cats in black, white, and orange colors. Lift old trees and plant saplings in their place to create new trees. Discover the Hidden Egyptian Cat God. Learn interesting facts about cats. Touch the magical texture of the forest and interact with other surprise objects to earn all the achievements. If you enjoy games like 'A Building Full of Cats' and 'Hidde","{""text_match"": 0.036817066, ""cosine_similarity"": 0.5764186, ""reranker_score"": -6.5692043}"
2026-02-10T19:44:15+00:00,CORTEX_DB.RAW.CAT_GAMES_SVC_1_5,default,"I remember a hidden object game: black-and-white city illustration, and after finding cats the picture gets colored","I remember a hidden object game: black-and-white city illustration, and after finding cats the picture gets colored",[],,False,,,,balanced_default,0.3,10,100,0,971,971,,01c25360-0005-0847-0001-397a0006c376,,40,40,,6e-06,6e-06,,6e-06,,,,,[],[],[],[],[],[],,,,,,,True,False,[],[],,,,[],[],,,,6,Hidden Cats in Spooky Town,0.7874074,2023,English,Family Sharing;Full controller support;Single-player;Steam Achievements;Steam Cloud;Steam Trading Cards,Casual,Adventure;Cartoony;Casual;Cats;Clicker;Collectathon;Colorful;Cozy;Creature Collector;Cute;Exploration;Family Friendly;Funny;Hand-drawn;Hidden Object;Point & Click;Puzzle;Relaxing;Satire;Wholesome,"It's Halloween time! Do you choose Trick or Cat? Enjoy and find all the Hidden Cats one by one in the Spooky Town to reveal the final colored art. Play through different modes, find special cats, and unlock bonus levels! More than 970 hidden objects to find! Got all cats, played all bonuses, and had a nice Halloween evening? This time we are giving you an EXTRA BONUS!!! Enjoy the AFTER PARTY at the park! More than 970 Hidden Objects to find in the entire game! Play through different modes, find ","{""text_match"": 0.027467526, ""cosine_similarity"": 0.5748148, ""reranker_score"": -6.576153}"
2026-02-10T19:44:15+00:00,CORTEX_DB.RAW.CAT_GAMES_SVC_1_5,default,"I remember a hidden object game: black-and-white city illustration, and after finding cats the picture gets colored","I remember a hidden object game: black-and-white city illustration, and after finding cats the picture gets colored",[],,False,,,,balanced_default,0.3,10,100,0,971,971,,01c25360-0005-0847-0001-397a0006c376,,40,40,,6e-06,6e-06,,6e-06,,,,,[],[],[],[],[],[],,,,,,,True,False,[],[],,,,[],[],,,,7,Hidden Cats - Winter,0.7920406,2024,English;French;German;Italian;Japanese;Korean;Portuguese - Portugal;Russian;Simplified Chinese;Spanish - Spain,Family Sharing;Single-player;Steam Achievements,Adventure;Casual,2D;Adventure;Cartoon;Cartoony;Casual;Cats;Colorful;Cozy;Creature Collector;Cute;Family Friendly;Funny;Hand-drawn;Hidden Object;Point & Click;Puzzle;Relaxing;Singleplayer;Stylized;Wholesome,"Dive into the enchanting world of 'Hidden Cats - Winter' a hidden object game where your mission is to uncover every cat hidden within stunning hand-painted artwork. Let your keen eye and curiosity guide you through this captivating journey. ※ Key Features: 😺 100 Hidden Cats: Discover 100 hidden cats scattered throughout the artwork. 💡 Unlimited Hints: Stuck? Use unlimited hints to find the hidden cats and keep progressing. 🎵 Custom Music: Enjoy unique background music for the artwork, enhancing","{""text_match"": 0.019201566, ""cosine_similarity"": 0.5840812, ""reranker_score"": -7.0142865}"
2026-02-10T19:44:15+00:00,CORTEX_DB.RAW.CAT_GAMES_SVC_1_5,default,"I remember a hidden object game: black-and-white city illustration, and after finding cats the picture gets colored","I remember a hidden object game: black-and-white city illustration, and after finding cats the picture gets colored",[],,False,,,,balanced_default,0.3,10,100,0,971,971,,01c25360-0005-0847-0001-397a0006c376,,40,40,,6e-06,6e-06,,6e-06,,,,,[],[],[],[],[],[],,,,,,,True,False,[],[],,,,[],[],,,,8,Hidden Cats - Easter,0.7889221,2025,English;French;German;Italian;Japanese;Korean;Portuguese - Portugal;Russian;Simplified Chinese;Spanish - Spain,Family Sharing;Single-player;Steam Achievements,Casual,2D;Cartoon;Cartoony;Casual;Cats;Colorful;Creature Collector;Cute;Family Friendly;Funny;Hand-drawn;Hidden Object;Point & Click;Puzzle;Relaxing;Singleplayer;Stylized;Wholesome,"Dive into the enchanting world of 'Hidden Cats - Easter' a hidden object game where your mission is to uncover every cat hidden within stunning hand-painted artwork. Let your keen eye and curiosity guide you through this captivating journey. ※ Key Features: 😺 100 Hidden Cats: Discover 100 hidden cats scattered throughout the artwork. 💡 Unlimited Hints: Stuck? Use unlimited hints to find the hidden cats and keep progressing. 🎵 Custom Music: Enjoy unique background music for the artwork, enhancing","{""text_match"": 0.019201566, ""cosine_similarity"": 0.5778442, ""reranker_score"": -7.029936}"
2026-02-10T19:44:15+00:00,CORTEX_DB.RAW.CAT_GAMES_SVC_1_5,default,"I remember a hidden object game: black-and-white city illustration, and after finding cats the picture gets colored","I remember a hidden object game: black-and-white city illustration, and after finding cats the picture gets colored",[],,False,,,,balanced_default,0.3,10,100,0,971,971,,01c25360-0005-0847-0001-397a0006c376,,40,40,,6e-06,6e-06,,6e-06,,,,,[],[],[],[],[],[],,,,,,,True,False,[],[],,,,[],[],,,,9,Hidden Cats - Zoo,0.7887439,2024,English;French;German;Italian;Japanese;Korean;Portuguese - Portugal;Russian;Simplified Chinese;Spanish - Spain,Family Sharing;Single-player;Steam Achievements,Adventure;Casual,2D;Adventure;Cartoon;Cartoony;Casual;Cats;Colorful;Cozy;Creature Collector;Cute;Family Friendly;Funny;Hand-drawn;Hidden Object;Point & Click;Puzzle;Relaxing;Singleplayer;Stylized;Wholesome,"Dive into the enchanting world of 'Hidden Cats - Zoo' a hidden object game where your mission is to uncover every cat hidden within stunning hand-painted artwork. Let your keen eye and curiosity guide you through this captivating journey. ※ Key Features: 😺 100 Hidden Cats: Discover 100 hidden cats scattered throughout the artwork. 💡 Unlimited Hints: Stuck? Use unlimited hints to find the hidden cats and keep progressing. 🎵 Custom Music: Enjoy unique background music for the artwork, enhancing yo","{""text_match"": 0.019201566, ""cosine_similarity"": 0.5774878, ""reranker_score"": -7.089733}"
2026-02-10T19:44:15+00:00,CORTEX_DB.RAW.CAT_GAMES_SVC_1_5,default,"I remember a hidden object game: black-and-white city illustration, and after finding cats the picture gets colored","I remember a hidden object game: black-and-white city illustration, and after finding cats the picture gets colored",[],,False,,,,balanced_default,0.3,10,100,0,971,971,,01c25360-0005-0847-0001-397a0006c376,,40,40,,6e-06,6e-06,,6e-06,,,,,[],[],[],[],[],[],,,,,,,True,False,[],[],,,,[],[],,,,10,Hidden Office,0.7821505,2021,Arabic;Bulgarian;Czech;Danish;Dutch;English;Finnish;French;German;Greek;Hungarian;Italian;Japanese;Korean;Norwegian;Polish;Portuguese - Brazil;Portuguese - Portugal;Romanian;Russian;Simplified Chinese;Spanish - Latin America;Spanish - Spain;Swedish;Thai;Traditional Chinese;Turkish;Ukrainian;Vietnamese,Family Sharing;Single-player;Steam Achievements,Casual;Indie,3D;Arcade;Atmospheric;Cartoony;Casual;Cats;Colorful;Cute;Exploration;Family Friendly;Female Protagonist;Hidden Object;Indie;Investigation;Logic;Minimalist;Narration;Puzzle;Relaxing;Stylized,Office is empty now... Except cats. There are 12 rooms with plenty items. Find everything in a checklist and have fun! Classic Hidden Object game in 3D Extra achivements: find all 30 cats and get animated collectible cards 12 areas (108 levels) to unlock Plenty classic and unique challenges Easy to use Comfortable Zoom and Rotation No time limit - just relax and have fun Don't forget to,"{""text_match"": 0.0068693855, ""cosine_similarity"": 0.564301, ""reranker_score"": -6.534436}"
2026-02-10T19:44:16+00:00,CORTEX_DB.RAW.CAT_GAMES_SVC_1_5,default,"I remember a hidden object game: black-and-white city illustration, and after finding cats the picture gets colored","I remember a hidden object game: black-and-white city illustration, and after finding cats the picture gets colored",[],,False,,,,balanced_default,0.65,10,100,0,977,977,,01c25360-0005-0847-0001-397a0006c37a,,36,36,,5e-06,5e-06,,5e-06,,,,,[],[],[],[],[],[],,,,,,,True,False,[],[],,,,[],[],,,,1,Hidden Cats in Paris,0.8019307,2022,English,Family Sharing;Full controller support;Single-player;Steam Achievements;Steam Cloud;Steam Trading Cards,Casual;Indie,Cartoon;Casual;Cats;Cute;Hand-drawn;Hidden Object;Indie;Point & Click;Relaxing,"Meow meow meow mes amis! Cats are hidden in a unique lovely Paris scenario. A short and pleasant experience in a big and lovely illustration! Start with a Beautiful monochromatic scenario, relax, and find all the cats to reveal the final colored art. More than 680 hidden objects to find!!! Play through different modes, find special cats, and unlock bonus levels! NORMAL MODE Find 100 cats in fixed positions. 3 hints. ADVANCED MODE Find 150 cats in semi-random positions. 8 Special cats that unlock","{""text_match"": 0.026049701, ""cosine_similarity"": 0.6038614, ""reranker_score"": -4.6134124}"
2026-02-10T19:44:16+00:00,CORTEX_DB.RAW.CAT_GAMES_SVC_1_5,default,"I remember a hidden object game: black-and-white city illustration, and after finding cats the picture gets colored","I remember a hidden object game: black-and-white city illustration, and after finding cats the picture gets colored",[],,False,,,,balanced_default,0.65,10,100,0,977,977,,01c25360-0005-0847-0001-397a0006c37a,,36,36,,5e-06,5e-06,,5e-06,,,,,[],[],[],[],[],[],,,,,,,True,False,[],[],,,,[],[],,,,2,I commissioned some cats 3,0.808345885,2023,English,Family Sharing;Single-player;Steam Achievements,Casual;Indie,2D;Abstract;Cartoony;Casual;Cats;Colorful;Comic Book;Cute;Design & Illustration;Family Friendly;Fantasy;Hand-drawn;Hidden Object;Instrumental Music;Nature;Point & Click;Psychedelic;Puzzle;Relaxing;Singleplayer,A hidden object game where you must find all the cats and wool to complete each level. Key features: 🖼️ 15 Unique artworks ❓ 1500+ Hidden objects total 🐈 750+ Cats 🧶 750+ Wool 💡 ∞ Unlimited hints if you get stuck ♻️ Restore a small number of hidden objects to a painting so you can find them again! 🎵 Music for each artwork ⌨️ Use your keyboard to move/zoom in if you have no scroll wheel 💾 3x save slots 🗑️ Reset progress entirely and play again 🕒 Timer included to show how long you took to complet,"{""text_match"": 0.05555541, ""cosine_similarity"": 0.61669177, ""reranker_score"": -5.232831}"
2026-02-10T19:44:16+00:00,CORTEX_DB.RAW.CAT_GAMES_SVC_1_5,default,"I remember a hidden object game: black-and-white city illustration, and after finding cats the picture gets colored","I remember a hidden object game: black-and-white city illustration, and after finding cats the picture gets colored",[],,False,,,,balanced_default,0.65,10,100,0,977,977,,01c25360-0005-0847-0001-397a0006c37a,,36,36,,5e-06,5e-06,,5e-06,,,,,[],[],[],[],[],[],,,,,,,True,False,[],[],,,,[],[],,,,3,100 hidden cats 2,0.80442548,2021,English,Family Sharing;Single-player;Steam Achievements;Steam Trading Cards,Adventure;Casual;Indie,2D;Adventure;Arcade;Casual;Cats;Creature Collector;Cute;Dog;Exploration;Family Friendly;Hand-drawn;Hidden Object;Minimalist;Nature;Point & Click;Puzzle;Relaxing;Side Scroller;Stylized;Trains,Art by Аnatoliy Loginovskikh Important information Press 'N' for night mode. Press 'Del' then 'Esc' to reset all achievements. 100 hidden cats 2 is a hidden object game in the city setting. Black and white hand-drawn graphics in a cartoon style. Ultra hard! Really very difficult! Cunning cats hid in the big city. They are disguised and very dangerous. Can you find 100 cats? Just click on the cat! Take care of your nerves!,"{""text_match"": 0.035801988, ""cosine_similarity"": 0.60885096, ""reranker_score"": -5.430273}"
2026-02-10T19:44:16+00:00,CORTEX_DB.RAW.CAT_GAMES_SVC_1_5,default,"I remember a hidden object game: black-and-white city illustration, and after finding cats the picture gets colored","I remember a hidden object game: black-and-white city illustration, and after finding cats the picture gets colored",[],,False,,,,balanced_default,0.65,10,100,0,977,977,,01c25360-0005-0847-0001-397a0006c37a,,36,36,,5e-06,5e-06,,5e-06,,,,,[],[],[],[],[],[],,,,,,,True,False,[],[],,,,[],[],,,,4,Cat city,0.7947136,2023,English;Russian,Family Sharing;Full controller support;Single-player;Steam Achievements,Adventure;Casual;Indie,2D;Atmospheric;Casual;Cats;Clicker;Controller;Creature Collector;Cute;Detective;Education;Exploration;Family Friendly;Hand-drawn;Hidden Object;Interactive Fiction;Point & Click;Puzzle;Side Scroller;Singleplayer;Trading Card Game,"'Cat city' is an exciting hidden objects game. In this game, you will have to explore the whole city to find all the cats (and various secrets) and get closer to the goal of making this world and the lives of the cats living in it a little better, and restore their faith in people! The main character will help you figure it out and get comfortable, and tell you about the necessary help in this exciting and extremely important matter! The help of each person is important so that the world becomes","{""text_match"": 0.026720256, ""cosine_similarity"": 0.5894272, ""reranker_score"": -6.69383}"
2026-02-10T19:44:16+00:00,CORTEX_DB.RAW.CAT_GAMES_SVC_1_5,default,"I remember a hidden object game: black-and-white city illustration, and after finding cats the picture gets colored","I remember a hidden object game: black-and-white city illustration, and after finding cats the picture gets colored",[],,False,,,,balanced_default,0.65,10,100,0,977,977,,01c25360-0005-0847-0001-397a0006c37a,,36,36,,5e-06,5e-06,,5e-06,,,,,[],[],[],[],[],[],,,,,,,True,False,[],[],,,,[],[],,,,5,Hidden Cats: Magic Forest,0.7882093,2023,English;French;German;Italian;Japanese;Korean;Portuguese - Portugal;Simplified Chinese;Spanish - Spain;Turkish,Family Sharing;Full controller support;Single-player;Steam Achievements,Casual;Indie,3D;Atmospheric;Casual;Cats;Colorful;Creature Collector;Cute;Exploration;Family Friendly;Hidden Object;Indie;Isometric;Minimalist;Nature;Point & Click;Puzzle;Relaxing;Singleplayer;Tutorial;Wholesome,"Hidden Cats: Magic Forest is a hidden object game where you'll search for hidden cats while exploring the mysteries of the magical forest. Find cats in black, white, and orange colors. Lift old trees and plant saplings in their place to create new trees. Discover the Hidden Egyptian Cat God. Learn interesting facts about cats. Touch the magical texture of the forest and interact with other surprise objects to earn all the achievements. If you enjoy games like 'A Building Full of Cats' and 'Hidde","{""text_match"": 0.036817066, ""cosine_similarity"": 0.5764186, ""reranker_score"": -6.5692043}"
2026-02-10T19:44:16+00:00,CORTEX_DB.RAW.CAT_GAMES_SVC_1_5,default,"I remember a hidden object game: black-and-white city illustration, and after finding cats the picture gets colored","I remember a hidden object game: black-and-white city illustration, and after finding cats the picture gets colored",[],,False,,,,balanced_default,0.65,10,100,0,977,977,,01c25360-0005-0847-0001-397a0006c37a,,36,36,,5e-06,5e-06,,5e-06,,,,,[],[],[],[],[],[],,,,,,,True,False,[],[],,,,[],[],,,,6,Hidden Cats in Spooky Town,0.7874074,2023,English,Family Sharing;Full controller support;Single-player;Steam Achievements;Steam Cloud;Steam Trading Cards,Casual,Adventure;Cartoony;Casual;Cats;Clicker;Collectathon;Colorful;Cozy;Creature Collector;Cute;Exploration;Family Friendly;Funny;Hand-drawn;Hidden Object;Point & Click;Puzzle;Relaxing;Satire;Wholesome,"It's Halloween time! Do you choose Trick or Cat? Enjoy and find all the Hidden Cats one by one in the Spooky Town to reveal the final colored art. Play through different modes, find special cats, and unlock bonus levels! More than 970 hidden objects to find! Got all cats, played all bonuses, and had a nice Halloween evening? This time we are giving you an EXTRA BONUS!!! Enjoy the AFTER PARTY at the park! More than 970 Hidden Objects to find in the entire game! Play through different modes, find ","{""text_match"": 0.027467526, ""cosine_similarity"": 0.5748148, ""reranker_score"": -6.576153}"
2026-02-10T19:44:16+00:00,CORTEX_DB.RAW.CAT_GAMES_SVC_1_5,default,"I remember a hidden object game: black-and-white city illustration, and after finding cats the picture gets colored","I remember a hidden object game: black-and-white city illustration, and after finding cats the picture gets colored",[],,False,,,,balanced_default,0.65,10,100,0,977,977,,01c25360-0005-0847-0001-397a0006c37a,,36,36,,5e-06,5e-06,,5e-06,,,,,[],[],[],[],[],[],,,,,,,True,False,[],[],,,,[],[],,,,7,Hidden Cats - Winter,0.7920406,2024,English;French;German;Italian;Japanese;Korean;Portuguese - Portugal;Russian;Simplified Chinese;Spanish - Spain,Family Sharing;Single-player;Steam Achievements,Adventure;Casual,2D;Adventure;Cartoon;Cartoony;Casual;Cats;Colorful;Cozy;Creature Collector;Cute;Family Friendly;Funny;Hand-drawn;Hidden Object;Point & Click;Puzzle;Relaxing;Singleplayer;Stylized;Wholesome,"Dive into the enchanting world of 'Hidden Cats - Winter' a hidden object game where your mission is to uncover every cat hidden within stunning hand-painted artwork. Let your keen eye and curiosity guide you through this captivating journey. ※ Key Features: 😺 100 Hidden Cats: Discover 100 hidden cats scattered throughout the artwork. 💡 Unlimited Hints: Stuck? Use unlimited hints to find the hidden cats and keep progressing. 🎵 Custom Music: Enjoy unique background music for the artwork, enhancing","{""text_match"": 0.019201566, ""cosine_similarity"": 0.5840812, ""reranker_score"": -7.0142865}"
2026-02-10T19:44:16+00:00,CORTEX_DB.RAW.CAT_GAMES_SVC_1_5,default,"I remember a hidden object game: black-and-white city illustration, and after finding cats the picture gets colored","I remember a hidden object game: black-and-white city illustration, and after finding cats the picture gets colored",[],,False,,,,balanced_default,0.65,10,100,0,977,977,,01c25360-0005-0847-0001-397a0006c37a,,36,36,,5e-06,5e-06,,5e-06,,,,,[],[],[],[],[],[],,,,,,,True,False,[],[],,,,[],[],,,,8,Hidden Cats - Easter,0.7889221,2025,English;French;German;Italian;Japanese;Korean;Portuguese - Portugal;Russian;Simplified Chinese;Spanish - Spain,Family Sharing;Single-player;Steam Achievements,Casual,2D;Cartoon;Cartoony;Casual;Cats;Colorful;Creature Collector;Cute;Family Friendly;Funny;Hand-drawn;Hidden Object;Point & Click;Puzzle;Relaxing;Singleplayer;Stylized;Wholesome,"Dive into the enchanting world of 'Hidden Cats - Easter' a hidden object game where your mission is to uncover every cat hidden within stunning hand-painted artwork. Let your keen eye and curiosity guide you through this captivating journey. ※ Key Features: 😺 100 Hidden Cats: Discover 100 hidden cats scattered throughout the artwork. 💡 Unlimited Hints: Stuck? Use unlimited hints to find the hidden cats and keep progressing. 🎵 Custom Music: Enjoy unique background music for the artwork, enhancing","{""text_match"": 0.019201566, ""cosine_similarity"": 0.5778442, ""reranker_score"": -7.029936}"
2026-02-10T19:44:16+00:00,CORTEX_DB.RAW.CAT_GAMES_SVC_1_5,default,"I remember a hidden object game: black-and-white city illustration, and after finding cats the picture gets colored","I remember a hidden object game: black-and-white city illustration, and after finding cats the picture gets colored",[],,False,,,,balanced_default,0.65,10,100,0,977,977,,01c25360-0005-0847-0001-397a0006c37a,,36,36,,5e-06,5e-06,,5e-06,,,,,[],[],[],[],[],[],,,,,,,True,False,[],[],,,,[],[],,,,9,Hidden Cats - Zoo,0.7887439,2024,English;French;German;Italian;Japanese;Korean;Portuguese - Portugal;Russian;Simplified Chinese;Spanish - Spain,Family Sharing;Single-player;Steam Achievements,Adventure;Casual,2D;Adventure;Cartoon;Cartoony;Casual;Cats;Colorful;Cozy;Creature Collector;Cute;Family Friendly;Funny;Hand-drawn;Hidden Object;Point & Click;Puzzle;Relaxing;Singleplayer;Stylized;Wholesome,"Dive into the enchanting world of 'Hidden Cats - Zoo' a hidden object game where your mission is to uncover every cat hidden within stunning hand-painted artwork. Let your keen eye and curiosity guide you through this captivating journey. ※ Key Features: 😺 100 Hidden Cats: Discover 100 hidden cats scattered throughout the artwork. 💡 Unlimited Hints: Stuck? Use unlimited hints to find the hidden cats and keep progressing. 🎵 Custom Music: Enjoy unique background music for the artwork, enhancing yo","{""text_match"": 0.019201566, ""cosine_similarity"": 0.5774878, ""reranker_score"": -7.089733}"
2026-02-10T19:44:16+00:00,CORTEX_DB.RAW.CAT_GAMES_SVC_1_5,default,"I remember a hidden object game: black-and-white city illustration, and after finding cats the picture gets colored","I remember a hidden object game: black-and-white city illustration, and after finding cats the picture gets colored",[],,False,,,,balanced_default,0.65,10,100,0,977,977,,01c25360-0005-0847-0001-397a0006c37a,,36,36,,5e-06,5e-06,,5e-06,,,,,[],[],[],[],[],[],,,,,,,True,False,[],[],,,,[],[],,,,10,Hidden Office,0.7821505,2021,Arabic;Bulgarian;Czech;Danish;Dutch;English;Finnish;French;German;Greek;Hungarian;Italian;Japanese;Korean;Norwegian;Polish;Portuguese - Brazil;Portuguese - Portugal;Romanian;Russian;Simplified Chinese;Spanish - Latin America;Spanish - Spain;Swedish;Thai;Traditional Chinese;Turkish;Ukrainian;Vietnamese,Family Sharing;Single-player;Steam Achievements,Casual;Indie,3D;Arcade;Atmospheric;Cartoony;Casual;Cats;Colorful;Cute;Exploration;Family Friendly;Female Protagonist;Hidden Object;Indie;Investigation;Logic;Minimalist;Narration;Puzzle;Relaxing;Stylized,Office is empty now... Except cats. There are 12 rooms with plenty items. Find everything in a checklist and have fun! Classic Hidden Object game in 3D Extra achivements: find all 30 cats and get animated collectible cards 12 areas (108 levels) to unlock Plenty classic and unique challenges Easy to use Comfortable Zoom and Rotation No time limit - just relax and have fun Don't forget to,"{""text_match"": 0.0068693855, ""cosine_similarity"": 0.564301, ""reranker_score"": -6.534436}"
2026-02-10T19:44:17+00:00,CORTEX_DB.RAW.CAT_GAMES_SVC_1_5,default,"I remember a hidden object game: black-and-white city illustration, and after finding cats the picture gets colored","I remember a hidden object game: black-and-white city illustration, and after finding cats the picture gets colored",[],,False,,,,balanced_default,0.75,10,100,0,934,934,,01c25360-0005-0847-0001-397a0006c37e,,36,36,,5e-06,5e-06,,5e-06,,,,,[],[],[],[],[],[],,,,,,,True,False,[],[],,,,[],[],,,,1,Hidden Cats in Paris,0.8019307,2022,English,Family Sharing;Full controller support;Single-player;Steam Achievements;Steam Cloud;Steam Trading Cards,Casual;Indie,Cartoon;Casual;Cats;Cute;Hand-drawn;Hidden Object;Indie;Point & Click;Relaxing,"Meow meow meow mes amis! Cats are hidden in a unique lovely Paris scenario. A short and pleasant experience in a big and lovely illustration! Start with a Beautiful monochromatic scenario, relax, and find all the cats to reveal the final colored art. More than 680 hidden objects to find!!! Play through different modes, find special cats, and unlock bonus levels! NORMAL MODE Find 100 cats in fixed positions. 3 hints. ADVANCED MODE Find 150 cats in semi-random positions. 8 Special cats that unlock","{""text_match"": 0.026049701, ""cosine_similarity"": 0.6038614, ""reranker_score"": -4.6134124}"
2026-02-10T19:44:17+00:00,CORTEX_DB.RAW.CAT_GAMES_SVC_1_5,default,"I remember a hidden object game: black-and-white city illustration, and after finding cats the picture gets colored","I remember a hidden object game: black-and-white city illustration, and after finding cats the picture gets colored",[],,False,,,,balanced_default,0.75,10,100,0,934,934,,01c25360-0005-0847-0001-397a0006c37e,,36,36,,5e-06,5e-06,,5e-06,,,,,[],[],[],[],[],[],,,,,,,True,False,[],[],,,,[],[],,,,2,I commissioned some cats 3,0.808345885,2023,English,Family Sharing;Single-player;Steam Achievements,Casual;Indie,2D;Abstract;Cartoony;Casual;Cats;Colorful;Comic Book;Cute;Design & Illustration;Family Friendly;Fantasy;Hand-drawn;Hidden Object;Instrumental Music;Nature;Point & Click;Psychedelic;Puzzle;Relaxing;Singleplayer,A hidden object game where you must find all the cats and wool to complete each level. Key features: 🖼️ 15 Unique artworks ❓ 1500+ Hidden objects total 🐈 750+ Cats 🧶 750+ Wool 💡 ∞ Unlimited hints if you get stuck ♻️ Restore a small number of hidden objects to a painting so you can find them again! 🎵 Music for each artwork ⌨️ Use your keyboard to move/zoom in if you have no scroll wheel 💾 3x save slots 🗑️ Reset progress entirely and play again 🕒 Timer included to show how long you took to complet,"{""text_match"": 0.05555541, ""cosine_similarity"": 0.61669177, ""reranker_score"": -5.232831}"
2026-02-10T19:44:17+00:00,CORTEX_DB.RAW.CAT_GAMES_SVC_1_5,default,"I remember a hidden object game: black-and-white city illustration, and after finding cats the picture gets colored","I remember a hidden object game: black-and-white city illustration, and after finding cats the picture gets colored",[],,False,,,,balanced_default,0.75,10,100,0,934,934,,01c25360-0005-0847-0001-397a0006c37e,,36,36,,5e-06,5e-06,,5e-06,,,,,[],[],[],[],[],[],,,,,,,True,False,[],[],,,,[],[],,,,3,100 hidden cats 2,0.80442548,2021,English,Family Sharing;Single-player;Steam Achievements;Steam Trading Cards,Adventure;Casual;Indie,2D;Adventure;Arcade;Casual;Cats;Creature Collector;Cute;Dog;Exploration;Family Friendly;Hand-drawn;Hidden Object;Minimalist;Nature;Point & Click;Puzzle;Relaxing;Side Scroller;Stylized;Trains,Art by Аnatoliy Loginovskikh Important information Press 'N' for night mode. Press 'Del' then 'Esc' to reset all achievements. 100 hidden cats 2 is a hidden object game in the city setting. Black and white hand-drawn graphics in a cartoon style. Ultra hard! Really very difficult! Cunning cats hid in the big city. They are disguised and very dangerous. Can you find 100 cats? Just click on the cat! Take care of your nerves!,"{""text_match"": 0.035801988, ""cosine_similarity"": 0.60885096, ""reranker_score"": -5.430273}"
2026-02-10T19:44:17+00:00,CORTEX_DB.RAW.CAT_GAMES_SVC_1_5,default,"I remember a hidden object game: black-and-white city illustration, and after finding cats the picture gets colored","I remember a hidden object game: black-and-white city illustration, and after finding cats the picture gets colored",[],,False,,,,balanced_default,0.75,10,100,0,934,934,,01c25360-0005-0847-0001-397a0006c37e,,36,36,,5e-06,5e-06,,5e-06,,,,,[],[],[],[],[],[],,,,,,,True,False,[],[],,,,[],[],,,,4,Cat city,0.7947136,2023,English;Russian,Family Sharing;Full controller support;Single-player;Steam Achievements,Adventure;Casual;Indie,2D;Atmospheric;Casual;Cats;Clicker;Controller;Creature Collector;Cute;Detective;Education;Exploration;Family Friendly;Hand-drawn;Hidden Object;Interactive Fiction;Point & Click;Puzzle;Side Scroller;Singleplayer;Trading Card Game,"'Cat city' is an exciting hidden objects game. In this game, you will have to explore the whole city to find all the cats (and various secrets) and get closer to the goal of making this world and the lives of the cats living in it a little better, and restore their faith in people! The main character will help you figure it out and get comfortable, and tell you about the necessary help in this exciting and extremely important matter! The help of each person is important so that the world becomes","{""text_match"": 0.026720256, ""cosine_similarity"": 0.5894272, ""reranker_score"": -6.69383}"
2026-02-10T19:44:17+00:00,CORTEX_DB.RAW.CAT_GAMES_SVC_1_5,default,"I remember a hidden object game: black-and-white city illustration, and after finding cats the picture gets colored","I remember a hidden object game: black-and-white city illustration, and after finding cats the picture gets colored",[],,False,,,,balanced_default,0.75,10,100,0,934,934,,01c25360-0005-0847-0001-397a0006c37e,,36,36,,5e-06,5e-06,,5e-06,,,,,[],[],[],[],[],[],,,,,,,True,False,[],[],,,,[],[],,,,5,Hidden Cats: Magic Forest,0.7882093,2023,English;French;German;Italian;Japanese;Korean;Portuguese - Portugal;Simplified Chinese;Spanish - Spain;Turkish,Family Sharing;Full controller support;Single-player;Steam Achievements,Casual;Indie,3D;Atmospheric;Casual;Cats;Colorful;Creature Collector;Cute;Exploration;Family Friendly;Hidden Object;Indie;Isometric;Minimalist;Nature;Point & Click;Puzzle;Relaxing;Singleplayer;Tutorial;Wholesome,"Hidden Cats: Magic Forest is a hidden object game where you'll search for hidden cats while exploring the mysteries of the magical forest. Find cats in black, white, and orange colors. Lift old trees and plant saplings in their place to create new trees. Discover the Hidden Egyptian Cat God. Learn interesting facts about cats. Touch the magical texture of the forest and interact with other surprise objects to earn all the achievements. If you enjoy games like 'A Building Full of Cats' and 'Hidde","{""text_match"": 0.036817066, ""cosine_similarity"": 0.5764186, ""reranker_score"": -6.5692043}"
2026-02-10T19:44:17+00:00,CORTEX_DB.RAW.CAT_GAMES_SVC_1_5,default,"I remember a hidden object game: black-and-white city illustration, and after finding cats the picture gets colored","I remember a hidden object game: black-and-white city illustration, and after finding cats the picture gets colored",[],,False,,,,balanced_default,0.75,10,100,0,934,934,,01c25360-0005-0847-0001-397a0006c37e,,36,36,,5e-06,5e-06,,5e-06,,,,,[],[],[],[],[],[],,,,,,,True,False,[],[],,,,[],[],,,,6,Hidden Cats in Spooky Town,0.7874074,2023,English,Family Sharing;Full controller support;Single-player;Steam Achievements;Steam Cloud;Steam Trading Cards,Casual,Adventure;Cartoony;Casual;Cats;Clicker;Collectathon;Colorful;Cozy;Creature Collector;Cute;Exploration;Family Friendly;Funny;Hand-drawn;Hidden Object;Point & Click;Puzzle;Relaxing;Satire;Wholesome,"It's Halloween time! Do you choose Trick or Cat? Enjoy and find all the Hidden Cats one by one in the Spooky Town to reveal the final colored art. Play through different modes, find special cats, and unlock bonus levels! More than 970 hidden objects to find! Got all cats, played all bonuses, and had a nice Halloween evening? This time we are giving you an EXTRA BONUS!!! Enjoy the AFTER PARTY at the park! More than 970 Hidden Objects to find in the entire game! Play through different modes, find ","{""text_match"": 0.027467526, ""cosine_similarity"": 0.5748148, ""reranker_score"": -6.576153}"
2026-02-10T19:44:17+00:00,CORTEX_DB.RAW.CAT_GAMES_SVC_1_5,default,"I remember a hidden object game: black-and-white city illustration, and after finding cats the picture gets colored","I remember a hidden object game: black-and-white city illustration, and after finding cats the picture gets colored",[],,False,,,,balanced_default,0.75,10,100,0,934,934,,01c25360-0005-0847-0001-397a0006c37e,,36,36,,5e-06,5e-06,,5e-06,,,,,[],[],[],[],[],[],,,,,,,True,False,[],[],,,,[],[],,,,7,Hidden Cats - Winter,0.7920406,2024,English;French;German;Italian;Japanese;Korean;Portuguese - Portugal;Russian;Simplified Chinese;Spanish - Spain,Family Sharing;Single-player;Steam Achievements,Adventure;Casual,2D;Adventure;Cartoon;Cartoony;Casual;Cats;Colorful;Cozy;Creature Collector;Cute;Family Friendly;Funny;Hand-drawn;Hidden Object;Point & Click;Puzzle;Relaxing;Singleplayer;Stylized;Wholesome,"Dive into the enchanting world of 'Hidden Cats - Winter' a hidden object game where your mission is to uncover every cat hidden within stunning hand-painted artwork. Let your keen eye and curiosity guide you through this captivating journey. ※ Key Features: 😺 100 Hidden Cats: Discover 100 hidden cats scattered throughout the artwork. 💡 Unlimited Hints: Stuck? Use unlimited hints to find the hidden cats and keep progressing. 🎵 Custom Music: Enjoy unique background music for the artwork, enhancing","{""text_match"": 0.019201566, ""cosine_similarity"": 0.5840812, ""reranker_score"": -7.0142865}"
2026-02-10T19:44:17+00:00,CORTEX_DB.RAW.CAT_GAMES_SVC_1_5,default,"I remember a hidden object game: black-and-white city illustration, and after finding cats the picture gets colored","I remember a hidden object game: black-and-white city illustration, and after finding cats the picture gets colored",[],,False,,,,balanced_default,0.75,10,100,0,934,934,,01c25360-0005-0847-0001-397a0006c37e,,36,36,,5e-06,5e-06,,5e-06,,,,,[],[],[],[],[],[],,,,,,,True,False,[],[],,,,[],[],,,,8,Hidden Cats - Easter,0.7889221,2025,English;French;German;Italian;Japanese;Korean;Portuguese - Portugal;Russian;Simplified Chinese;Spanish - Spain,Family Sharing;Single-player;Steam Achievements,Casual,2D;Cartoon;Cartoony;Casual;Cats;Colorful;Creature Collector;Cute;Family Friendly;Funny;Hand-drawn;Hidden Object;Point & Click;Puzzle;Relaxing;Singleplayer;Stylized;Wholesome,"Dive into the enchanting world of 'Hidden Cats - Easter' a hidden object game where your mission is to uncover every cat hidden within stunning hand-painted artwork. Let your keen eye and curiosity guide you through this captivating journey. ※ Key Features: 😺 100 Hidden Cats: Discover 100 hidden cats scattered throughout the artwork. 💡 Unlimited Hints: Stuck? Use unlimited hints to find the hidden cats and keep progressing. 🎵 Custom Music: Enjoy unique background music for the artwork, enhancing","{""text_match"": 0.019201566, ""cosine_similarity"": 0.5778442, ""reranker_score"": -7.029936}"
2026-02-10T19:44:17+00:00,CORTEX_DB.RAW.CAT_GAMES_SVC_1_5,default,"I remember a hidden object game: black-and-white city illustration, and after finding cats the picture gets colored","I remember a hidden object game: black-and-white city illustration, and after finding cats the picture gets colored",[],,False,,,,balanced_default,0.75,10,100,0,934,934,,01c25360-0005-0847-0001-397a0006c37e,,36,36,,5e-06,5e-06,,5e-06,,,,,[],[],[],[],[],[],,,,,,,True,False,[],[],,,,[],[],,,,9,Hidden Cats - Zoo,0.7887439,2024,English;French;German;Italian;Japanese;Korean;Portuguese - Portugal;Russian;Simplified Chinese;Spanish - Spain,Family Sharing;Single-player;Steam Achievements,Adventure;Casual,2D;Adventure;Cartoon;Cartoony;Casual;Cats;Colorful;Cozy;Creature Collector;Cute;Family Friendly;Funny;Hand-drawn;Hidden Object;Point & Click;Puzzle;Relaxing;Singleplayer;Stylized;Wholesome,"Dive into the enchanting world of 'Hidden Cats - Zoo' a hidden object game where your mission is to uncover every cat hidden within stunning hand-painted artwork. Let your keen eye and curiosity guide you through this captivating journey. ※ Key Features: 😺 100 Hidden Cats: Discover 100 hidden cats scattered throughout the artwork. 💡 Unlimited Hints: Stuck? Use unlimited hints to find the hidden cats and keep progressing. 🎵 Custom Music: Enjoy unique background music for the artwork, enhancing yo","{""text_match"": 0.019201566, ""cosine_similarity"": 0.5774878, ""reranker_score"": -7.089733}"
2026-02-10T19:44:17+00:00,CORTEX_DB.RAW.CAT_GAMES_SVC_1_5,default,"I remember a hidden object game: black-and-white city illustration, and after finding cats the picture gets colored","I remember a hidden object game: black-and-white city illustration, and after finding cats the picture gets colored",[],,False,,,,balanced_default,0.75,10,100,0,934,934,,01c25360-0005-0847-0001-397a0006c37e,,36,36,,5e-06,5e-06,,5e-06,,,,,[],[],[],[],[],[],,,,,,,True,False,[],[],,,,[],[],,,,10,Hidden Office,0.7821505,2021,Arabic;Bulgarian;Czech;Danish;Dutch;English;Finnish;French;German;Greek;Hungarian;Italian;Japanese;Korean;Norwegian;Polish;Portuguese - Brazil;Portuguese - Portugal;Romanian;Russian;Simplified Chinese;Spanish - Latin America;Spanish - Spain;Swedish;Thai;Traditional Chinese;Turkish;Ukrainian;Vietnamese,Family Sharing;Single-player;Steam Achievements,Casual;Indie,3D;Arcade;Atmospheric;Cartoony;Casual;Cats;Colorful;Cute;Exploration;Family Friendly;Female Protagonist;Hidden Object;Indie;Investigation;Logic;Minimalist;Narration;Puzzle;Relaxing;Stylized,Office is empty now... Except cats. There are 12 rooms with plenty items. Find everything in a checklist and have fun! Classic Hidden Object game in 3D Extra achivements: find all 30 cats and get animated collectible cards 12 areas (108 levels) to unlock Plenty classic and unique challenges Easy to use Comfortable Zoom and Rotation No time limit - just relax and have fun Don't forget to,"{""text_match"": 0.0068693855, ""cosine_similarity"": 0.564301, ""reranker_score"": -6.534436}"
2026-02-10T19:44:19+00:00,CORTEX_DB.RAW.CAT_GAMES_SVC_1_5,default,"I remember a hidden object game: black-and-white city illustration, and after finding cats the picture gets colored","I remember a hidden object game: black-and-white city illustration, and after finding cats the picture gets colored",[],,False,,,,keyword_focus,0.3,10,100,0,1025,1025,,01c25360-0005-0847-0001-397a0006c386,,37,37,,6e-06,6e-06,,6e-06,,,,,[],[],[],[],[],[],,,,,,,True,False,[],[],,,,[],[],,,,1,Hidden Cats in Paris,0.8019307,2022,English,Family Sharing;Full controller support;Single-player;Steam Achievements;Steam Cloud;Steam Trading Cards,Casual;Indie,Cartoon;Casual;Cats;Cute;Hand-drawn;Hidden Object;Indie;Point & Click;Relaxing,"Meow meow meow mes amis! Cats are hidden in a unique lovely Paris scenario. A short and pleasant experience in a big and lovely illustration! Start with a Beautiful monochromatic scenario, relax, and find all the cats to reveal the final colored art. More than 680 hidden objects to find!!! Play through different modes, find special cats, and unlock bonus levels! NORMAL MODE Find 100 cats in fixed positions. 3 hints. ADVANCED MODE Find 150 cats in semi-random positions. 8 Special cats that unlock","{""text_match"": 0.026049701, ""cosine_similarity"": 0.6038614, ""reranker_score"": -4.6134124}"
2026-02-10T19:44:19+00:00,CORTEX_DB.RAW.CAT_GAMES_SVC_1_5,default,"I remember a hidden object game: black-and-white city illustration, and after finding cats the picture gets colored","I remember a hidden object game: black-and-white city illustration, and after finding cats the picture gets colored",[],,False,,,,keyword_focus,0.3,10,100,0,1025,1025,,01c25360-0005-0847-0001-397a0006c386,,37,37,,6e-06,6e-06,,6e-06,,,,,[],[],[],[],[],[],,,,,,,True,False,[],[],,,,[],[],,,,2,I commissioned some cats 3,0.808345885,2023,English,Family Sharing;Single-player;Steam Achievements,Casual;Indie,2D;Abstract;Cartoony;Casual;Cats;Colorful;Comic Book;Cute;Design & Illustration;Family Friendly;Fantasy;Hand-drawn;Hidden Object;Instrumental Music;Nature;Point & Click;Psychedelic;Puzzle;Relaxing;Singleplayer,A hidden object game where you must find all the cats and wool to complete each level. Key features: 🖼️ 15 Unique artworks ❓ 1500+ Hidden objects total 🐈 750+ Cats 🧶 750+ Wool 💡 ∞ Unlimited hints if you get stuck ♻️ Restore a small number of hidden objects to a painting so you can find them again! 🎵 Music for each artwork ⌨️ Use your keyboard to move/zoom in if you have no scroll wheel 💾 3x save slots 🗑️ Reset progress entirely and play again 🕒 Timer included to show how long you took to complet,"{""text_match"": 0.05555541, ""cosine_similarity"": 0.61669177, ""reranker_score"": -5.232831}"
2026-02-10T19:44:19+00:00,CORTEX_DB.RAW.CAT_GAMES_SVC_1_5,default,"I remember a hidden object game: black-and-white city illustration, and after finding cats the picture gets colored","I remember a hidden object game: black-and-white city illustration, and after finding cats the picture gets colored",[],,False,,,,keyword_focus,0.3,10,100,0,1025,1025,,01c25360-0005-0847-0001-397a0006c386,,37,37,,6e-06,6e-06,,6e-06,,,,,[],[],[],[],[],[],,,,,,,True,False,[],[],,,,[],[],,,,3,100 hidden cats 2,0.80442548,2021,English,Family Sharing;Single-player;Steam Achievements;Steam Trading Cards,Adventure;Casual;Indie,2D;Adventure;Arcade;Casual;Cats;Creature Collector;Cute;Dog;Exploration;Family Friendly;Hand-drawn;Hidden Object;Minimalist;Nature;Point & Click;Puzzle;Relaxing;Side Scroller;Stylized;Trains,Art by Аnatoliy Loginovskikh Important information Press 'N' for night mode. Press 'Del' then 'Esc' to reset all achievements. 100 hidden cats 2 is a hidden object game in the city setting. Black and white hand-drawn graphics in a cartoon style. Ultra hard! Really very difficult! Cunning cats hid in the big city. They are disguised and very dangerous. Can you find 100 cats? Just click on the cat! Take care of your nerves!,"{""text_match"": 0.035801988, ""cosine_similarity"": 0.60885096, ""reranker_score"": -5.430273}"
2026-02-10T19:44:19+00:00,CORTEX_DB.RAW.CAT_GAMES_SVC_1_5,default,"I remember a hidden object game: black-and-white city illustration, and after finding cats the picture gets colored","I remember a hidden object game: black-and-white city illustration, and after finding cats the picture gets colored",[],,False,,,,keyword_focus,0.3,10,100,0,1025,1025,,01c25360-0005-0847-0001-397a0006c386,,37,37,,6e-06,6e-06,,6e-06,,,,,[],[],[],[],[],[],,,,,,,True,False,[],[],,,,[],[],,,,4,Cat city,0.7947136,2023,English;Russian,Family Sharing;Full controller support;Single-player;Steam Achievements,Adventure;Casual;Indie,2D;Atmospheric;Casual;Cats;Clicker;Controller;Creature Collector;Cute;Detective;Education;Exploration;Family Friendly;Hand-drawn;Hidden Object;Interactive Fiction;Point & Click;Puzzle;Side Scroller;Singleplayer;Trading Card Game,"'Cat city' is an exciting hidden objects game. In this game, you will have to explore the whole city to find all the cats (and various secrets) and get closer to the goal of making this world and the lives of the cats living in it a little better, and restore their faith in people! The main character will help you figure it out and get comfortable, and tell you about the necessary help in this exciting and extremely important matter! The help of each person is important so that the world becomes","{""text_match"": 0.026720256, ""cosine_similarity"": 0.5894272, ""reranker_score"": -6.69383}"
2026-02-10T19:44:19+00:00,CORTEX_DB.RAW.CAT_GAMES_SVC_1_5,default,"I remember a hidden object game: black-and-white city illustration, and after finding cats the picture gets colored","I remember a hidden object game: black-and-white city illustration, and after finding cats the picture gets colored",[],,False,,,,keyword_focus,0.3,10,100,0,1025,1025,,01c25360-0005-0847-0001-397a0006c386,,37,37,,6e-06,6e-06,,6e-06,,,,,[],[],[],[],[],[],,,,,,,True,False,[],[],,,,[],[],,,,5,Hidden Cats: Magic Forest,0.7882093,2023,English;French;German;Italian;Japanese;Korean;Portuguese - Portugal;Simplified Chinese;Spanish - Spain;Turkish,Family Sharing;Full controller support;Single-player;Steam Achievements,Casual;Indie,3D;Atmospheric;Casual;Cats;Colorful;Creature Collector;Cute;Exploration;Family Friendly;Hidden Object;Indie;Isometric;Minimalist;Nature;Point & Click;Puzzle;Relaxing;Singleplayer;Tutorial;Wholesome,"Hidden Cats: Magic Forest is a hidden object game where you'll search for hidden cats while exploring the mysteries of the magical forest. Find cats in black, white, and orange colors. Lift old trees and plant saplings in their place to create new trees. Discover the Hidden Egyptian Cat God. Learn interesting facts about cats. Touch the magical texture of the forest and interact with other surprise objects to earn all the achievements. If you enjoy games like 'A Building Full of Cats' and 'Hidde","{""text_match"": 0.036817066, ""cosine_similarity"": 0.5764186, ""reranker_score"": -6.5692043}"
2026-02-10T19:44:19+00:00,CORTEX_DB.RAW.CAT_GAMES_SVC_1_5,default,"I remember a hidden object game: black-and-white city illustration, and after finding cats the picture gets colored","I remember a hidden object game: black-and-white city illustration, and after finding cats the picture gets colored",[],,False,,,,keyword_focus,0.3,10,100,0,1025,1025,,01c25360-0005-0847-0001-397a0006c386,,37,37,,6e-06,6e-06,,6e-06,,,,,[],[],[],[],[],[],,,,,,,True,False,[],[],,,,[],[],,,,6,Hidden Cats in Spooky Town,0.7874074,2023,English,Family Sharing;Full controller support;Single-player;Steam Achievements;Steam Cloud;Steam Trading Cards,Casual,Adventure;Cartoony;Casual;Cats;Clicker;Collectathon;Colorful;Cozy;Creature Collector;Cute;Exploration;Family Friendly;Funny;Hand-drawn;Hidden Object;Point & Click;Puzzle;Relaxing;Satire;Wholesome,"It's Halloween time! Do you choose Trick or Cat? Enjoy and find all the Hidden Cats one by one in the Spooky Town to reveal the final colored art. Play through different modes, find special cats, and unlock bonus levels! More than 970 hidden objects to find! Got all cats, played all bonuses, and had a nice Halloween evening? This time we are giving you an EXTRA BONUS!!! Enjoy the AFTER PARTY at the park! More than 970 Hidden Objects to find in the entire game! Play through different modes, find ","{""text_match"": 0.027467526, ""cosine_similarity"": 0.5748148, ""reranker_score"": -6.576153}"
2026-02-10T19:44:19+00:00,CORTEX_DB.RAW.CAT_GAMES_SVC_1_5,default,"I remember a hidden object game: black-and-white city illustration, and after finding cats the picture gets colored","I remember a hidden object game: black-and-white city illustration, and after finding cats the picture gets colored",[],,False,,,,keyword_focus,0.3,10,100,0,1025,1025,,01c25360-0005-0847-0001-397a0006c386,,37,37,,6e-06,6e-06,,6e-06,,,,,[],[],[],[],[],[],,,,,,,True,False,[],[],,,,[],[],,,,7,Hidden Cats - Winter,0.7920406,2024,English;French;German;Italian;Japanese;Korean;Portuguese - Portugal;Russian;Simplified Chinese;Spanish - Spain,Family Sharing;Single-player;Steam Achievements,Adventure;Casual,2D;Adventure;Cartoon;Cartoony;Casual;Cats;Colorful;Cozy;Creature Collector;Cute;Family Friendly;Funny;Hand-drawn;Hidden Object;Point & Click;Puzzle;Relaxing;Singleplayer;Stylized;Wholesome,"Dive into the enchanting world of 'Hidden Cats - Winter' a hidden object game where your mission is to uncover every cat hidden within stunning hand-painted artwork. Let your keen eye and curiosity guide you through this captivating journey. ※ Key Features: 😺 100 Hidden Cats: Discover 100 hidden cats scattered throughout the artwork. 💡 Unlimited Hints: Stuck? Use unlimited hints to find the hidden cats and keep progressing. 🎵 Custom Music: Enjoy unique background music for the artwork, enhancing","{""text_match"": 0.019201566, ""cosine_similarity"": 0.5840812, ""reranker_score"": -7.0142865}"
2026-02-10T19:44:19+00:00,CORTEX_DB.RAW.CAT_GAMES_SVC_1_5,default,"I remember a hidden object game: black-and-white city illustration, and after finding cats the picture gets colored","I remember a hidden object game: black-and-white city illustration, and after finding cats the picture gets colored",[],,False,,,,keyword_focus,0.3,10,100,0,1025,1025,,01c25360-0005-0847-0001-397a0006c386,,37,37,,6e-06,6e-06,,6e-06,,,,,[],[],[],[],[],[],,,,,,,True,False,[],[],,,,[],[],,,,8,Hidden Cats - Easter,0.7889221,2025,English;French;German;Italian;Japanese;Korean;Portuguese - Portugal;Russian;Simplified Chinese;Spanish - Spain,Family Sharing;Single-player;Steam Achievements,Casual,2D;Cartoon;Cartoony;Casual;Cats;Colorful;Creature Collector;Cute;Family Friendly;Funny;Hand-drawn;Hidden Object;Point & Click;Puzzle;Relaxing;Singleplayer;Stylized;Wholesome,"Dive into the enchanting world of 'Hidden Cats - Easter' a hidden object game where your mission is to uncover every cat hidden within stunning hand-painted artwork. Let your keen eye and curiosity guide you through this captivating journey. ※ Key Features: 😺 100 Hidden Cats: Discover 100 hidden cats scattered throughout the artwork. 💡 Unlimited Hints: Stuck? Use unlimited hints to find the hidden cats and keep progressing. 🎵 Custom Music: Enjoy unique background music for the artwork, enhancing","{""text_match"": 0.019201566, ""cosine_similarity"": 0.5778442, ""reranker_score"": -7.029936}"
2026-02-10T19:44:19+00:00,CORTEX_DB.RAW.CAT_GAMES_SVC_1_5,default,"I remember a hidden object game: black-and-white city illustration, and after finding cats the picture gets colored","I remember a hidden object game: black-and-white city illustration, and after finding cats the picture gets colored",[],,False,,,,keyword_focus,0.3,10,100,0,1025,1025,,01c25360-0005-0847-0001-397a0006c386,,37,37,,6e-06,6e-06,,6e-06,,,,,[],[],[],[],[],[],,,,,,,True,False,[],[],,,,[],[],,,,9,Hidden Cats - Zoo,0.7887439,2024,English;French;German;Italian;Japanese;Korean;Portuguese - Portugal;Russian;Simplified Chinese;Spanish - Spain,Family Sharing;Single-player;Steam Achievements,Adventure;Casual,2D;Adventure;Cartoon;Cartoony;Casual;Cats;Colorful;Cozy;Creature Collector;Cute;Family Friendly;Funny;Hand-drawn;Hidden Object;Point & Click;Puzzle;Relaxing;Singleplayer;Stylized;Wholesome,"Dive into the enchanting world of 'Hidden Cats - Zoo' a hidden object game where your mission is to uncover every cat hidden within stunning hand-painted artwork. Let your keen eye and curiosity guide you through this captivating journey. ※ Key Features: 😺 100 Hidden Cats: Discover 100 hidden cats scattered throughout the artwork. 💡 Unlimited Hints: Stuck? Use unlimited hints to find the hidden cats and keep progressing. 🎵 Custom Music: Enjoy unique background music for the artwork, enhancing yo","{""text_match"": 0.019201566, ""cosine_similarity"": 0.5774878, ""reranker_score"": -7.089733}"
2026-02-10T19:44:19+00:00,CORTEX_DB.RAW.CAT_GAMES_SVC_1_5,default,"I remember a hidden object game: black-and-white city illustration, and after finding cats the picture gets colored","I remember a hidden object game: black-and-white city illustration, and after finding cats the picture gets colored",[],,False,,,,keyword_focus,0.3,10,100,0,1025,1025,,01c25360-0005-0847-0001-397a0006c386,,37,37,,6e-06,6e-06,,6e-06,,,,,[],[],[],[],[],[],,,,,,,True,False,[],[],,,,[],[],,,,10,Hidden Office,0.7821505,2021,Arabic;Bulgarian;Czech;Danish;Dutch;English;Finnish;French;German;Greek;Hungarian;Italian;Japanese;Korean;Norwegian;Polish;Portuguese - Brazil;Portuguese - Portugal;Romanian;Russian;Simplified Chinese;Spanish - Latin America;Spanish - Spain;Swedish;Thai;Traditional Chinese;Turkish;Ukrainian;Vietnamese,Family Sharing;Single-player;Steam Achievements,Casual;Indie,3D;Arcade;Atmospheric;Cartoony;Casual;Cats;Colorful;Cute;Exploration;Family Friendly;Female Protagonist;Hidden Object;Indie;Investigation;Logic;Minimalist;Narration;Puzzle;Relaxing;Stylized,Office is empty now... Except cats. There are 12 rooms with plenty items. Find everything in a checklist and have fun! Classic Hidden Object game in 3D Extra achivements: find all 30 cats and get animated collectible cards 12 areas (108 levels) to unlock Plenty classic and unique challenges Easy to use Comfortable Zoom and Rotation No time limit - just relax and have fun Don't forget to,"{""text_match"": 0.0068693855, ""cosine_similarity"": 0.564301, ""reranker_score"": -6.534436}"
2026-02-10T19:44:20+00:00,CORTEX_DB.RAW.CAT_GAMES_SVC_1_5,default,"I remember a hidden object game: black-and-white city illustration, and after finding cats the picture gets colored","I remember a hidden object game: black-and-white city illustration, and after finding cats the picture gets colored",[],,False,,,,keyword_focus,0.65,10,100,0,1002,1002,,01c25360-0005-0847-0001-397a0006c38a,,46,46,,7e-06,7e-06,,7e-06,,,,,[],[],[],[],[],[],,,,,,,True,False,[],[],,,,[],[],,,,1,Hidden Cats in Paris,0.8019307,2022,English,Family Sharing;Full controller support;Single-player;Steam Achievements;Steam Cloud;Steam Trading Cards,Casual;Indie,Cartoon;Casual;Cats;Cute;Hand-drawn;Hidden Object;Indie;Point & Click;Relaxing,"Meow meow meow mes amis! Cats are hidden in a unique lovely Paris scenario. A short and pleasant experience in a big and lovely illustration! Start with a Beautiful monochromatic scenario, relax, and find all the cats to reveal the final colored art. More than 680 hidden objects to find!!! Play through different modes, find special cats, and unlock bonus levels! NORMAL MODE Find 100 cats in fixed positions. 3 hints. ADVANCED MODE Find 150 cats in semi-random positions. 8 Special cats that unlock","{""text_match"": 0.026049701, ""cosine_similarity"": 0.6038614, ""reranker_score"": -4.6134124}"
2026-02-10T19:44:20+00:00,CORTEX_DB.RAW.CAT_GAMES_SVC_1_5,default,"I remember a hidden object game: black-and-white city illustration, and after finding cats the picture gets colored","I remember a hidden object game: black-and-white city illustration, and after finding cats the picture gets colored",[],,False,,,,keyword_focus,0.65,10,100,0,1002,1002,,01c25360-0005-0847-0001-397a0006c38a,,46,46,,7e-06,7e-06,,7e-06,,,,,[],[],[],[],[],[],,,,,,,True,False,[],[],,,,[],[],,,,2,I commissioned some cats 3,0.808345885,2023,English,Family Sharing;Single-player;Steam Achievements,Casual;Indie,2D;Abstract;Cartoony;Casual;Cats;Colorful;Comic Book;Cute;Design & Illustration;Family Friendly;Fantasy;Hand-drawn;Hidden Object;Instrumental Music;Nature;Point & Click;Psychedelic;Puzzle;Relaxing;Singleplayer,A hidden object game where you must find all the cats and wool to complete each level. Key features: 🖼️ 15 Unique artworks ❓ 1500+ Hidden objects total 🐈 750+ Cats 🧶 750+ Wool 💡 ∞ Unlimited hints if you get stuck ♻️ Restore a small number of hidden objects to a painting so you can find them again! 🎵 Music for each artwork ⌨️ Use your keyboard to move/zoom in if you have no scroll wheel 💾 3x save slots 🗑️ Reset progress entirely and play again 🕒 Timer included to show how long you took to complet,"{""text_match"": 0.05555541, ""cosine_similarity"": 0.61669177, ""reranker_score"": -5.232831}"
2026-02-10T19:44:20+00:00,CORTEX_DB.RAW.CAT_GAMES_SVC_1_5,default,"I remember a hidden object game: black-and-white city illustration, and after finding cats the picture gets colored","I remember a hidden object game: black-and-white city illustration, and after finding cats the picture gets colored",[],,False,,,,keyword_focus,0.65,10,100,0,1002,1002,,01c25360-0005-0847-0001-397a0006c38a,,46,46,,7e-06,7e-06,,7e-06,,,,,[],[],[],[],[],[],,,,,,,True,False,[],[],,,,[],[],,,,3,100 hidden cats 2,0.80442548,2021,English,Family Sharing;Single-player;Steam Achievements;Steam Trading Cards,Adventure;Casual;Indie,2D;Adventure;Arcade;Casual;Cats;Creature Collector;Cute;Dog;Exploration;Family Friendly;Hand-drawn;Hidden Object;Minimalist;Nature;Point & Click;Puzzle;Relaxing;Side Scroller;Stylized;Trains,Art by Аnatoliy Loginovskikh Important information Press 'N' for night mode. Press 'Del' then 'Esc' to reset all achievements. 100 hidden cats 2 is a hidden object game in the city setting. Black and white hand-drawn graphics in a cartoon style. Ultra hard! Really very difficult! Cunning cats hid in the big city. They are disguised and very dangerous. Can you find 100 cats? Just click on the cat! Take care of your nerves!,"{""text_match"": 0.035801988, ""cosine_similarity"": 0.60885096, ""reranker_score"": -5.430273}"
2026-02-10T19:44:20+00:00,CORTEX_DB.RAW.CAT_GAMES_SVC_1_5,default,"I remember a hidden object game: black-and-white city illustration, and after finding cats the picture gets colored","I remember a hidden object game: black-and-white city illustration, and after finding cats the picture gets colored",[],,False,,,,keyword_focus,0.65,10,100,0,1002,1002,,01c25360-0005-0847-0001-397a0006c38a,,46,46,,7e-06,7e-06,,7e-06,,,,,[],[],[],[],[],[],,,,,,,True,False,[],[],,,,[],[],,,,4,Cat city,0.7947136,2023,English;Russian,Family Sharing;Full controller support;Single-player;Steam Achievements,Adventure;Casual;Indie,2D;Atmospheric;Casual;Cats;Clicker;Controller;Creature Collector;Cute;Detective;Education;Exploration;Family Friendly;Hand-drawn;Hidden Object;Interactive Fiction;Point & Click;Puzzle;Side Scroller;Singleplayer;Trading Card Game,"'Cat city' is an exciting hidden objects game. In this game, you will have to explore the whole city to find all the cats (and various secrets) and get closer to the goal of making this world and the lives of the cats living in it a little better, and restore their faith in people! The main character will help you figure it out and get comfortable, and tell you about the necessary help in this exciting and extremely important matter! The help of each person is important so that the world becomes","{""text_match"": 0.026720256, ""cosine_similarity"": 0.5894272, ""reranker_score"": -6.69383}"
2026-02-10T19:44:20+00:00,CORTEX_DB.RAW.CAT_GAMES_SVC_1_5,default,"I remember a hidden object game: black-and-white city illustration, and after finding cats the picture gets colored","I remember a hidden object game: black-and-white city illustration, and after finding cats the picture gets colored",[],,False,,,,keyword_focus,0.65,10,100,0,1002,1002,,01c25360-0005-0847-0001-397a0006c38a,,46,46,,7e-06,7e-06,,7e-06,,,,,[],[],[],[],[],[],,,,,,,True,False,[],[],,,,[],[],,,,5,Hidden Cats: Magic Forest,0.7882093,2023,English;French;German;Italian;Japanese;Korean;Portuguese - Portugal;Simplified Chinese;Spanish - Spain;Turkish,Family Sharing;Full controller support;Single-player;Steam Achievements,Casual;Indie,3D;Atmospheric;Casual;Cats;Colorful;Creature Collector;Cute;Exploration;Family Friendly;Hidden Object;Indie;Isometric;Minimalist;Nature;Point & Click;Puzzle;Relaxing;Singleplayer;Tutorial;Wholesome,"Hidden Cats: Magic Forest is a hidden object game where you'll search for hidden cats while exploring the mysteries of the magical forest. Find cats in black, white, and orange colors. Lift old trees and plant saplings in their place to create new trees. Discover the Hidden Egyptian Cat God. Learn interesting facts about cats. Touch the magical texture of the forest and interact with other surprise objects to earn all the achievements. If you enjoy games like 'A Building Full of Cats' and 'Hidde","{""text_match"": 0.036817066, ""cosine_similarity"": 0.5764186, ""reranker_score"": -6.5692043}"
2026-02-10T19:44:20+00:00,CORTEX_DB.RAW.CAT_GAMES_SVC_1_5,default,"I remember a hidden object game: black-and-white city illustration, and after finding cats the picture gets colored","I remember a hidden object game: black-and-white city illustration, and after finding cats the picture gets colored",[],,False,,,,keyword_focus,0.65,10,100,0,1002,1002,,01c25360-0005-0847-0001-397a0006c38a,,46,46,,7e-06,7e-06,,7e-06,,,,,[],[],[],[],[],[],,,,,,,True,False,[],[],,,,[],[],,,,6,Hidden Cats in Spooky Town,0.7874074,2023,English,Family Sharing;Full controller support;Single-player;Steam Achievements;Steam Cloud;Steam Trading Cards,Casual,Adventure;Cartoony;Casual;Cats;Clicker;Collectathon;Colorful;Cozy;Creature Collector;Cute;Exploration;Family Friendly;Funny;Hand-drawn;Hidden Object;Point & Click;Puzzle;Relaxing;Satire;Wholesome,"It's Halloween time! Do you choose Trick or Cat? Enjoy and find all the Hidden Cats one by one in the Spooky Town to reveal the final colored art. Play through different modes, find special cats, and unlock bonus levels! More than 970 hidden objects to find! Got all cats, played all bonuses, and had a nice Halloween evening? This time we are giving you an EXTRA BONUS!!! Enjoy the AFTER PARTY at the park! More than 970 Hidden Objects to find in the entire game! Play through different modes, find ","{""text_match"": 0.027467526, ""cosine_similarity"": 0.5748148, ""reranker_score"": -6.576153}"
2026-02-10T19:44:20+00:00,CORTEX_DB.RAW.CAT_GAMES_SVC_1_5,default,"I remember a hidden object game: black-and-white city illustration, and after finding cats the picture gets colored","I remember a hidden object game: black-and-white city illustration, and after finding cats the picture gets colored",[],,False,,,,keyword_focus,0.65,10,100,0,1002,1002,,01c25360-0005-0847-0001-397a0006c38a,,46,46,,7e-06,7e-06,,7e-06,,,,,[],[],[],[],[],[],,,,,,,True,False,[],[],,,,[],[],,,,7,Hidden Cats - Winter,0.7920406,2024,English;French;German;Italian;Japanese;Korean;Portuguese - Portugal;Russian;Simplified Chinese;Spanish - Spain,Family Sharing;Single-player;Steam Achievements,Adventure;Casual,2D;Adventure;Cartoon;Cartoony;Casual;Cats;Colorful;Cozy;Creature Collector;Cute;Family Friendly;Funny;Hand-drawn;Hidden Object;Point & Click;Puzzle;Relaxing;Singleplayer;Stylized;Wholesome,"Dive into the enchanting world of 'Hidden Cats - Winter' a hidden object game where your mission is to uncover every cat hidden within stunning hand-painted artwork. Let your keen eye and curiosity guide you through this captivating journey. ※ Key Features: 😺 100 Hidden Cats: Discover 100 hidden cats scattered throughout the artwork. 💡 Unlimited Hints: Stuck? Use unlimited hints to find the hidden cats and keep progressing. 🎵 Custom Music: Enjoy unique background music for the artwork, enhancing","{""text_match"": 0.019201566, ""cosine_similarity"": 0.5840812, ""reranker_score"": -7.0142865}"
2026-02-10T19:44:20+00:00,CORTEX_DB.RAW.CAT_GAMES_SVC_1_5,default,"I remember a hidden object game: black-and-white city illustration, and after finding cats the picture gets colored","I remember a hidden object game: black-and-white city illustration, and after finding cats the picture gets colored",[],,False,,,,keyword_focus,0.65,10,100,0,1002,1002,,01c25360-0005-0847-0001-397a0006c38a,,46,46,,7e-06,7e-06,,7e-06,,,,,[],[],[],[],[],[],,,,,,,True,False,[],[],,,,[],[],,,,8,Hidden Cats - Easter,0.7889221,2025,English;French;German;Italian;Japanese;Korean;Portuguese - Portugal;Russian;Simplified Chinese;Spanish - Spain,Family Sharing;Single-player;Steam Achievements,Casual,2D;Cartoon;Cartoony;Casual;Cats;Colorful;Creature Collector;Cute;Family Friendly;Funny;Hand-drawn;Hidden Object;Point & Click;Puzzle;Relaxing;Singleplayer;Stylized;Wholesome,"Dive into the enchanting world of 'Hidden Cats - Easter' a hidden object game where your mission is to uncover every cat hidden within stunning hand-painted artwork. Let your keen eye and curiosity guide you through this captivating journey. ※ Key Features: 😺 100 Hidden Cats: Discover 100 hidden cats scattered throughout the artwork. 💡 Unlimited Hints: Stuck? Use unlimited hints to find the hidden cats and keep progressing. 🎵 Custom Music: Enjoy unique background music for the artwork, enhancing","{""text_match"": 0.019201566, ""cosine_similarity"": 0.5778442, ""reranker_score"": -7.029936}"
2026-02-10T19:44:20+00:00,CORTEX_DB.RAW.CAT_GAMES_SVC_1_5,default,"I remember a hidden object game: black-and-white city illustration, and after finding cats the picture gets colored","I remember a hidden object game: black-and-white city illustration, and after finding cats the picture gets colored",[],,False,,,,keyword_focus,0.65,10,100,0,1002,1002,,01c25360-0005-0847-0001-397a0006c38a,,46,46,,7e-06,7e-06,,7e-06,,,,,[],[],[],[],[],[],,,,,,,True,False,[],[],,,,[],[],,,,9,Hidden Cats - Zoo,0.7887439,2024,English;French;German;Italian;Japanese;Korean;Portuguese - Portugal;Russian;Simplified Chinese;Spanish - Spain,Family Sharing;Single-player;Steam Achievements,Adventure;Casual,2D;Adventure;Cartoon;Cartoony;Casual;Cats;Colorful;Cozy;Creature Collector;Cute;Family Friendly;Funny;Hand-drawn;Hidden Object;Point & Click;Puzzle;Relaxing;Singleplayer;Stylized;Wholesome,"Dive into the enchanting world of 'Hidden Cats - Zoo' a hidden object game where your mission is to uncover every cat hidden within stunning hand-painted artwork. Let your keen eye and curiosity guide you through this captivating journey. ※ Key Features: 😺 100 Hidden Cats: Discover 100 hidden cats scattered throughout the artwork. 💡 Unlimited Hints: Stuck? Use unlimited hints to find the hidden cats and keep progressing. 🎵 Custom Music: Enjoy unique background music for the artwork, enhancing yo","{""text_match"": 0.019201566, ""cosine_similarity"": 0.5774878, ""reranker_score"": -7.089733}"
2026-02-10T19:44:20+00:00,CORTEX_DB.RAW.CAT_GAMES_SVC_1_5,default,"I remember a hidden object game: black-and-white city illustration, and after finding cats the picture gets colored","I remember a hidden object game: black-and-white city illustration, and after finding cats the picture gets colored",[],,False,,,,keyword_focus,0.65,10,100,0,1002,1002,,01c25360-0005-0847-0001-397a0006c38a,,46,46,,7e-06,7e-06,,7e-06,,,,,[],[],[],[],[],[],,,,,,,True,False,[],[],,,,[],[],,,,10,Hidden Office,0.7821505,2021,Arabic;Bulgarian;Czech;Danish;Dutch;English;Finnish;French;German;Greek;Hungarian;Italian;Japanese;Korean;Norwegian;Polish;Portuguese - Brazil;Portuguese - Portugal;Romanian;Russian;Simplified Chinese;Spanish - Latin America;Spanish - Spain;Swedish;Thai;Traditional Chinese;Turkish;Ukrainian;Vietnamese,Family Sharing;Single-player;Steam Achievements,Casual;Indie,3D;Arcade;Atmospheric;Cartoony;Casual;Cats;Colorful;Cute;Exploration;Family Friendly;Female Protagonist;Hidden Object;Indie;Investigation;Logic;Minimalist;Narration;Puzzle;Relaxing;Stylized,Office is empty now... Except cats. There are 12 rooms with plenty items. Find everything in a checklist and have fun! Classic Hidden Object game in 3D Extra achivements: find all 30 cats and get animated collectible cards 12 areas (108 levels) to unlock Plenty classic and unique challenges Easy to use Comfortable Zoom and Rotation No time limit - just relax and have fun Don't forget to,"{""text_match"": 0.0068693855, ""cosine_similarity"": 0.564301, ""reranker_score"": -6.534436}"
2026-02-10T19:44:22+00:00,CORTEX_DB.RAW.CAT_GAMES_SVC_1_5,default,"I remember a hidden object game: black-and-white city illustration, and after finding cats the picture gets colored","I remember a hidden object game: black-and-white city illustration, and after finding cats the picture gets colored",[],,False,,,,keyword_focus,0.75,10,100,0,1763,1763,,01c25360-0005-0847-0001-397a0006c38e,,37,37,,6e-06,6e-06,,6e-06,,,,,[],[],[],[],[],[],,,,,,,True,False,[],[],,,,[],[],,,,1,Hidden Cats in Paris,0.8019307,2022,English,Family Sharing;Full controller support;Single-player;Steam Achievements;Steam Cloud;Steam Trading Cards,Casual;Indie,Cartoon;Casual;Cats;Cute;Hand-drawn;Hidden Object;Indie;Point & Click;Relaxing,"Meow meow meow mes amis! Cats are hidden in a unique lovely Paris scenario. A short and pleasant experience in a big and lovely illustration! Start with a Beautiful monochromatic scenario, relax, and find all the cats to reveal the final colored art. More than 680 hidden objects to find!!! Play through different modes, find special cats, and unlock bonus levels! NORMAL MODE Find 100 cats in fixed positions. 3 hints. ADVANCED MODE Find 150 cats in semi-random positions. 8 Special cats that unlock","{""text_match"": 0.026049701, ""cosine_similarity"": 0.6038614, ""reranker_score"": -4.6134124}"
2026-02-10T19:44:22+00:00,CORTEX_DB.RAW.CAT_GAMES_SVC_1_5,default,"I remember a hidden object game: black-and-white city illustration, and after finding cats the picture gets colored","I remember a hidden object game: black-and-white city illustration, and after finding cats the picture gets colored",[],,False,,,,keyword_focus,0.75,10,100,0,1763,1763,,01c25360-0005-0847-0001-397a0006c38e,,37,37,,6e-06,6e-06,,6e-06,,,,,[],[],[],[],[],[],,,,,,,True,False,[],[],,,,[],[],,,,2,I commissioned some cats 3,0.808345885,2023,English,Family Sharing;Single-player;Steam Achievements,Casual;Indie,2D;Abstract;Cartoony;Casual;Cats;Colorful;Comic Book;Cute;Design & Illustration;Family Friendly;Fantasy;Hand-drawn;Hidden Object;Instrumental Music;Nature;Point & Click;Psychedelic;Puzzle;Relaxing;Singleplayer,A hidden object game where you must find all the cats and wool to complete each level. Key features: 🖼️ 15 Unique artworks ❓ 1500+ Hidden objects total 🐈 750+ Cats 🧶 750+ Wool 💡 ∞ Unlimited hints if you get stuck ♻️ Restore a small number of hidden objects to a painting so you can find them again! 🎵 Music for each artwork ⌨️ Use your keyboard to move/zoom in if you have no scroll wheel 💾 3x save slots 🗑️ Reset progress entirely and play again 🕒 Timer included to show how long you took to complet,"{""text_match"": 0.05555541, ""cosine_similarity"": 0.61669177, ""reranker_score"": -5.232831}"
2026-02-10T19:44:22+00:00,CORTEX_DB.RAW.CAT_GAMES_SVC_1_5,default,"I remember a hidden object game: black-and-white city illustration, and after finding cats the picture gets colored","I remember a hidden object game: black-and-white city illustration, and after finding cats the picture gets colored",[],,False,,,,keyword_focus,0.75,10,100,0,1763,1763,,01c25360-0005-0847-0001-397a0006c38e,,37,37,,6e-06,6e-06,,6e-06,,,,,[],[],[],[],[],[],,,,,,,True,False,[],[],,,,[],[],,,,3,100 hidden cats 2,0.80442548,2021,English,Family Sharing;Single-player;Steam Achievements;Steam Trading Cards,Adventure;Casual;Indie,2D;Adventure;Arcade;Casual;Cats;Creature Collector;Cute;Dog;Exploration;Family Friendly;Hand-drawn;Hidden Object;Minimalist;Nature;Point & Click;Puzzle;Relaxing;Side Scroller;Stylized;Trains,Art by Аnatoliy Loginovskikh Important information Press 'N' for night mode. Press 'Del' then 'Esc' to reset all achievements. 100 hidden cats 2 is a hidden object game in the city setting. Black and white hand-drawn graphics in a cartoon style. Ultra hard! Really very difficult! Cunning cats hid in the big city. They are disguised and very dangerous. Can you find 100 cats? Just click on the cat! Take care of your nerves!,"{""text_match"": 0.035801988, ""cosine_similarity"": 0.60885096, ""reranker_score"": -5.430273}"
2026-02-10T19:44:22+00:00,CORTEX_DB.RAW.CAT_GAMES_SVC_1_5,default,"I remember a hidden object game: black-and-white city illustration, and after finding cats the picture gets colored","I remember a hidden object game: black-and-white city illustration, and after finding cats the picture gets colored",[],,False,,,,keyword_focus,0.75,10,100,0,1763,1763,,01c25360-0005-0847-0001-397a0006c38e,,37,37,,6e-06,6e-06,,6e-06,,,,,[],[],[],[],[],[],,,,,,,True,False,[],[],,,,[],[],,,,4,Cat city,0.7947136,2023,English;Russian,Family Sharing;Full controller support;Single-player;Steam Achievements,Adventure;Casual;Indie,2D;Atmospheric;Casual;Cats;Clicker;Controller;Creature Collector;Cute;Detective;Education;Exploration;Family Friendly;Hand-drawn;Hidden Object;Interactive Fiction;Point & Click;Puzzle;Side Scroller;Singleplayer;Trading Card Game,"'Cat city' is an exciting hidden objects game. In this game, you will have to explore the whole city to find all the cats (and various secrets) and get closer to the goal of making this world and the lives of the cats living in it a little better, and restore their faith in people! The main character will help you figure it out and get comfortable, and tell you about the necessary help in this exciting and extremely important matter! The help of each person is important so that the world becomes","{""text_match"": 0.026720256, ""cosine_similarity"": 0.5894272, ""reranker_score"": -6.69383}"
2026-02-10T19:44:22+00:00,CORTEX_DB.RAW.CAT_GAMES_SVC_1_5,default,"I remember a hidden object game: black-and-white city illustration, and after finding cats the picture gets colored","I remember a hidden object game: black-and-white city illustration, and after finding cats the picture gets colored",[],,False,,,,keyword_focus,0.75,10,100,0,1763,1763,,01c25360-0005-0847-0001-397a0006c38e,,37,37,,6e-06,6e-06,,6e-06,,,,,[],[],[],[],[],[],,,,,,,True,False,[],[],,,,[],[],,,,5,Hidden Cats: Magic Forest,0.7882093,2023,English;French;German;Italian;Japanese;Korean;Portuguese - Portugal;Simplified Chinese;Spanish - Spain;Turkish,Family Sharing;Full controller support;Single-player;Steam Achievements,Casual;Indie,3D;Atmospheric;Casual;Cats;Colorful;Creature Collector;Cute;Exploration;Family Friendly;Hidden Object;Indie;Isometric;Minimalist;Nature;Point & Click;Puzzle;Relaxing;Singleplayer;Tutorial;Wholesome,"Hidden Cats: Magic Forest is a hidden object game where you'll search for hidden cats while exploring the mysteries of the magical forest. Find cats in black, white, and orange colors. Lift old trees and plant saplings in their place to create new trees. Discover the Hidden Egyptian Cat God. Learn interesting facts about cats. Touch the magical texture of the forest and interact with other surprise objects to earn all the achievements. If you enjoy games like 'A Building Full of Cats' and 'Hidde","{""text_match"": 0.036817066, ""cosine_similarity"": 0.5764186, ""reranker_score"": -6.5692043}"
2026-02-10T19:44:22+00:00,CORTEX_DB.RAW.CAT_GAMES_SVC_1_5,default,"I remember a hidden object game: black-and-white city illustration, and after finding cats the picture gets colored","I remember a hidden object game: black-and-white city illustration, and after finding cats the picture gets colored",[],,False,,,,keyword_focus,0.75,10,100,0,1763,1763,,01c25360-0005-0847-0001-397a0006c38e,,37,37,,6e-06,6e-06,,6e-06,,,,,[],[],[],[],[],[],,,,,,,True,False,[],[],,,,[],[],,,,6,Hidden Cats in Spooky Town,0.7874074,2023,English,Family Sharing;Full controller support;Single-player;Steam Achievements;Steam Cloud;Steam Trading Cards,Casual,Adventure;Cartoony;Casual;Cats;Clicker;Collectathon;Colorful;Cozy;Creature Collector;Cute;Exploration;Family Friendly;Funny;Hand-drawn;Hidden Object;Point & Click;Puzzle;Relaxing;Satire;Wholesome,"It's Halloween time! Do you choose Trick or Cat? Enjoy and find all the Hidden Cats one by one in the Spooky Town to reveal the final colored art. Play through different modes, find special cats, and unlock bonus levels! More than 970 hidden objects to find! Got all cats, played all bonuses, and had a nice Halloween evening? This time we are giving you an EXTRA BONUS!!! Enjoy the AFTER PARTY at the park! More than 970 Hidden Objects to find in the entire game! Play through different modes, find ","{""text_match"": 0.027467526, ""cosine_similarity"": 0.5748148, ""reranker_score"": -6.576153}"
2026-02-10T19:44:22+00:00,CORTEX_DB.RAW.CAT_GAMES_SVC_1_5,default,"I remember a hidden object game: black-and-white city illustration, and after finding cats the picture gets colored","I remember a hidden object game: black-and-white city illustration, and after finding cats the picture gets colored",[],,False,,,,keyword_focus,0.75,10,100,0,1763,1763,,01c25360-0005-0847-0001-397a0006c38e,,37,37,,6e-06,6e-06,,6e-06,,,,,[],[],[],[],[],[],,,,,,,True,False,[],[],,,,[],[],,,,7,Hidden Cats - Winter,0.7920406,2024,English;French;German;Italian;Japanese;Korean;Portuguese - Portugal;Russian;Simplified Chinese;Spanish - Spain,Family Sharing;Single-player;Steam Achievements,Adventure;Casual,2D;Adventure;Cartoon;Cartoony;Casual;Cats;Colorful;Cozy;Creature Collector;Cute;Family Friendly;Funny;Hand-drawn;Hidden Object;Point & Click;Puzzle;Relaxing;Singleplayer;Stylized;Wholesome,"Dive into the enchanting world of 'Hidden Cats - Winter' a hidden object game where your mission is to uncover every cat hidden within stunning hand-painted artwork. Let your keen eye and curiosity guide you through this captivating journey. ※ Key Features: 😺 100 Hidden Cats: Discover 100 hidden cats scattered throughout the artwork. 💡 Unlimited Hints: Stuck? Use unlimited hints to find the hidden cats and keep progressing. 🎵 Custom Music: Enjoy unique background music for the artwork, enhancing","{""text_match"": 0.019201566, ""cosine_similarity"": 0.5840812, ""reranker_score"": -7.0142865}"
2026-02-10T19:44:22+00:00,CORTEX_DB.RAW.CAT_GAMES_SVC_1_5,default,"I remember a hidden object game: black-and-white city illustration, and after finding cats the picture gets colored","I remember a hidden object game: black-and-white city illustration, and after finding cats the picture gets colored",[],,False,,,,keyword_focus,0.75,10,100,0,1763,1763,,01c25360-0005-0847-0001-397a0006c38e,,37,37,,6e-06,6e-06,,6e-06,,,,,[],[],[],[],[],[],,,,,,,True,False,[],[],,,,[],[],,,,8,Hidden Cats - Easter,0.7889221,2025,English;French;German;Italian;Japanese;Korean;Portuguese - Portugal;Russian;Simplified Chinese;Spanish - Spain,Family Sharing;Single-player;Steam Achievements,Casual,2D;Cartoon;Cartoony;Casual;Cats;Colorful;Creature Collector;Cute;Family Friendly;Funny;Hand-drawn;Hidden Object;Point & Click;Puzzle;Relaxing;Singleplayer;Stylized;Wholesome,"Dive into the enchanting world of 'Hidden Cats - Easter' a hidden object game where your mission is to uncover every cat hidden within stunning hand-painted artwork. Let your keen eye and curiosity guide you through this captivating journey. ※ Key Features: 😺 100 Hidden Cats: Discover 100 hidden cats scattered throughout the artwork. 💡 Unlimited Hints: Stuck? Use unlimited hints to find the hidden cats and keep progressing. 🎵 Custom Music: Enjoy unique background music for the artwork, enhancing","{""text_match"": 0.019201566, ""cosine_similarity"": 0.5778442, ""reranker_score"": -7.029936}"
2026-02-10T19:44:22+00:00,CORTEX_DB.RAW.CAT_GAMES_SVC_1_5,default,"I remember a hidden object game: black-and-white city illustration, and after finding cats the picture gets colored","I remember a hidden object game: black-and-white city illustration, and after finding cats the picture gets colored",[],,False,,,,keyword_focus,0.75,10,100,0,1763,1763,,01c25360-0005-0847-0001-397a0006c38e,,37,37,,6e-06,6e-06,,6e-06,,,,,[],[],[],[],[],[],,,,,,,True,False,[],[],,,,[],[],,,,9,Hidden Cats - Zoo,0.7887439,2024,English;French;German;Italian;Japanese;Korean;Portuguese - Portugal;Russian;Simplified Chinese;Spanish - Spain,Family Sharing;Single-player;Steam Achievements,Adventure;Casual,2D;Adventure;Cartoon;Cartoony;Casual;Cats;Colorful;Cozy;Creature Collector;Cute;Family Friendly;Funny;Hand-drawn;Hidden Object;Point & Click;Puzzle;Relaxing;Singleplayer;Stylized;Wholesome,"Dive into the enchanting world of 'Hidden Cats - Zoo' a hidden object game where your mission is to uncover every cat hidden within stunning hand-painted artwork. Let your keen eye and curiosity guide you through this captivating journey. ※ Key Features: 😺 100 Hidden Cats: Discover 100 hidden cats scattered throughout the artwork. 💡 Unlimited Hints: Stuck? Use unlimited hints to find the hidden cats and keep progressing. 🎵 Custom Music: Enjoy unique background music for the artwork, enhancing yo","{""text_match"": 0.019201566, ""cosine_similarity"": 0.5774878, ""reranker_score"": -7.089733}"
2026-02-10T19:44:22+00:00,CORTEX_DB.RAW.CAT_GAMES_SVC_1_5,default,"I remember a hidden object game: black-and-white city illustration, and after finding cats the picture gets colored","I remember a hidden object game: black-and-white city illustration, and after finding cats the picture gets colored",[],,False,,,,keyword_focus,0.75,10,100,0,1763,1763,,01c25360-0005-0847-0001-397a0006c38e,,37,37,,6e-06,6e-06,,6e-06,,,,,[],[],[],[],[],[],,,,,,,True,False,[],[],,,,[],[],,,,10,Hidden Office,0.7821505,2021,Arabic;Bulgarian;Czech;Danish;Dutch;English;Finnish;French;German;Greek;Hungarian;Italian;Japanese;Korean;Norwegian;Polish;Portuguese - Brazil;Portuguese - Portugal;Romanian;Russian;Simplified Chinese;Spanish - Latin America;Spanish - Spain;Swedish;Thai;Traditional Chinese;Turkish;Ukrainian;Vietnamese,Family Sharing;Single-player;Steam Achievements,Casual;Indie,3D;Arcade;Atmospheric;Cartoony;Casual;Cats;Colorful;Cute;Exploration;Family Friendly;Female Protagonist;Hidden Object;Indie;Investigation;Logic;Minimalist;Narration;Puzzle;Relaxing;Stylized,Office is empty now... Except cats. There are 12 rooms with plenty items. Find everything in a checklist and have fun! Classic Hidden Object game in 3D Extra achivements: find all 30 cats and get animated collectible cards 12 areas (108 levels) to unlock Plenty classic and unique challenges Easy to use Comfortable Zoom and Rotation No time limit - just relax and have fun Don't forget to,"{""text_match"": 0.0068693855, ""cosine_similarity"": 0.564301, ""reranker_score"": -6.534436}"
2026-02-10T19:44:24+00:00,CORTEX_DB.RAW.CAT_GAMES_SVC_1_5,default,"I remember a hidden object game: black-and-white city illustration, and after finding cats the picture gets colored","I remember a hidden object game: black-and-white city illustration, and after finding cats the picture gets colored",[],,False,,,,semantic_focus,0.3,10,100,0,1025,1025,,01c25360-0005-0846-0001-397a0006e07e,,57,57,,9e-06,9e-06,,9e-06,,,,,[],[],[],[],[],[],,,,,,,True,False,[],[],,,,[],[],,,,1,Hidden Cats in Paris,0.8019307,2022,English,Family Sharing;Full controller support;Single-player;Steam Achievements;Steam Cloud;Steam Trading Cards,Casual;Indie,Cartoon;Casual;Cats;Cute;Hand-drawn;Hidden Object;Indie;Point & Click;Relaxing,"Meow meow meow mes amis! Cats are hidden in a unique lovely Paris scenario. A short and pleasant experience in a big and lovely illustration! Start with a Beautiful monochromatic scenario, relax, and find all the cats to reveal the final colored art. More than 680 hidden objects to find!!! Play through different modes, find special cats, and unlock bonus levels! NORMAL MODE Find 100 cats in fixed positions. 3 hints. ADVANCED MODE Find 150 cats in semi-random positions. 8 Special cats that unlock","{""text_match"": 0.026049701, ""cosine_similarity"": 0.6038614, ""reranker_score"": -4.6134124}"
2026-02-10T19:44:24+00:00,CORTEX_DB.RAW.CAT_GAMES_SVC_1_5,default,"I remember a hidden object game: black-and-white city illustration, and after finding cats the picture gets colored","I remember a hidden object game: black-and-white city illustration, and after finding cats the picture gets colored",[],,False,,,,semantic_focus,0.3,10,100,0,1025,1025,,01c25360-0005-0846-0001-397a0006e07e,,57,57,,9e-06,9e-06,,9e-06,,,,,[],[],[],[],[],[],,,,,,,True,False,[],[],,,,[],[],,,,2,I commissioned some cats 3,0.808345885,2023,English,Family Sharing;Single-player;Steam Achievements,Casual;Indie,2D;Abstract;Cartoony;Casual;Cats;Colorful;Comic Book;Cute;Design & Illustration;Family Friendly;Fantasy;Hand-drawn;Hidden Object;Instrumental Music;Nature;Point & Click;Psychedelic;Puzzle;Relaxing;Singleplayer,A hidden object game where you must find all the cats and wool to complete each level. Key features: 🖼️ 15 Unique artworks ❓ 1500+ Hidden objects total 🐈 750+ Cats 🧶 750+ Wool 💡 ∞ Unlimited hints if you get stuck ♻️ Restore a small number of hidden objects to a painting so you can find them again! 🎵 Music for each artwork ⌨️ Use your keyboard to move/zoom in if you have no scroll wheel 💾 3x save slots 🗑️ Reset progress entirely and play again 🕒 Timer included to show how long you took to complet,"{""text_match"": 0.05555541, ""cosine_similarity"": 0.61669177, ""reranker_score"": -5.232831}"
2026-02-10T19:44:24+00:00,CORTEX_DB.RAW.CAT_GAMES_SVC_1_5,default,"I remember a hidden object game: black-and-white city illustration, and after finding cats the picture gets colored","I remember a hidden object game: black-and-white city illustration, and after finding cats the picture gets colored",[],,False,,,,semantic_focus,0.3,10,100,0,1025,1025,,01c25360-0005-0846-0001-397a0006e07e,,57,57,,9e-06,9e-06,,9e-06,,,,,[],[],[],[],[],[],,,,,,,True,False,[],[],,,,[],[],,,,3,100 hidden cats 2,0.80442548,2021,English,Family Sharing;Single-player;Steam Achievements;Steam Trading Cards,Adventure;Casual;Indie,2D;Adventure;Arcade;Casual;Cats;Creature Collector;Cute;Dog;Exploration;Family Friendly;Hand-drawn;Hidden Object;Minimalist;Nature;Point & Click;Puzzle;Relaxing;Side Scroller;Stylized;Trains,Art by Аnatoliy Loginovskikh Important information Press 'N' for night mode. Press 'Del' then 'Esc' to reset all achievements. 100 hidden cats 2 is a hidden object game in the city setting. Black and white hand-drawn graphics in a cartoon style. Ultra hard! Really very difficult! Cunning cats hid in the big city. They are disguised and very dangerous. Can you find 100 cats? Just click on the cat! Take care of your nerves!,"{""text_match"": 0.035801988, ""cosine_similarity"": 0.60885096, ""reranker_score"": -5.430273}"
2026-02-10T19:44:24+00:00,CORTEX_DB.RAW.CAT_GAMES_SVC_1_5,default,"I remember a hidden object game: black-and-white city illustration, and after finding cats the picture gets colored","I remember a hidden object game: black-and-white city illustration, and after finding cats the picture gets colored",[],,False,,,,semantic_focus,0.3,10,100,0,1025,1025,,01c25360-0005-0846-0001-397a0006e07e,,57,57,,9e-06,9e-06,,9e-06,,,,,[],[],[],[],[],[],,,,,,,True,False,[],[],,,,[],[],,,,4,Cat city,0.7947136,2023,English;Russian,Family Sharing;Full controller support;Single-player;Steam Achievements,Adventure;Casual;Indie,2D;Atmospheric;Casual;Cats;Clicker;Controller;Creature Collector;Cute;Detective;Education;Exploration;Family Friendly;Hand-drawn;Hidden Object;Interactive Fiction;Point & Click;Puzzle;Side Scroller;Singleplayer;Trading Card Game,"'Cat city' is an exciting hidden objects game. In this game, you will have to explore the whole city to find all the cats (and various secrets) and get closer to the goal of making this world and the lives of the cats living in it a little better, and restore their faith in people! The main character will help you figure it out and get comfortable, and tell you about the necessary help in this exciting and extremely important matter! The help of each person is important so that the world becomes","{""text_match"": 0.026720256, ""cosine_similarity"": 0.5894272, ""reranker_score"": -6.69383}"
2026-02-10T19:44:24+00:00,CORTEX_DB.RAW.CAT_GAMES_SVC_1_5,default,"I remember a hidden object game: black-and-white city illustration, and after finding cats the picture gets colored","I remember a hidden object game: black-and-white city illustration, and after finding cats the picture gets colored",[],,False,,,,semantic_focus,0.3,10,100,0,1025,1025,,01c25360-0005-0846-0001-397a0006e07e,,57,57,,9e-06,9e-06,,9e-06,,,,,[],[],[],[],[],[],,,,,,,True,False,[],[],,,,[],[],,,,5,Hidden Cats: Magic Forest,0.7882093,2023,English;French;German;Italian;Japanese;Korean;Portuguese - Portugal;Simplified Chinese;Spanish - Spain;Turkish,Family Sharing;Full controller support;Single-player;Steam Achievements,Casual;Indie,3D;Atmospheric;Casual;Cats;Colorful;Creature Collector;Cute;Exploration;Family Friendly;Hidden Object;Indie;Isometric;Minimalist;Nature;Point & Click;Puzzle;Relaxing;Singleplayer;Tutorial;Wholesome,"Hidden Cats: Magic Forest is a hidden object game where you'll search for hidden cats while exploring the mysteries of the magical forest. Find cats in black, white, and orange colors. Lift old trees and plant saplings in their place to create new trees. Discover the Hidden Egyptian Cat God. Learn interesting facts about cats. Touch the magical texture of the forest and interact with other surprise objects to earn all the achievements. If you enjoy games like 'A Building Full of Cats' and 'Hidde","{""text_match"": 0.036817066, ""cosine_similarity"": 0.5764186, ""reranker_score"": -6.5692043}"
2026-02-10T19:44:24+00:00,CORTEX_DB.RAW.CAT_GAMES_SVC_1_5,default,"I remember a hidden object game: black-and-white city illustration, and after finding cats the picture gets colored","I remember a hidden object game: black-and-white city illustration, and after finding cats the picture gets colored",[],,False,,,,semantic_focus,0.3,10,100,0,1025,1025,,01c25360-0005-0846-0001-397a0006e07e,,57,57,,9e-06,9e-06,,9e-06,,,,,[],[],[],[],[],[],,,,,,,True,False,[],[],,,,[],[],,,,6,Hidden Cats in Spooky Town,0.7874074,2023,English,Family Sharing;Full controller support;Single-player;Steam Achievements;Steam Cloud;Steam Trading Cards,Casual,Adventure;Cartoony;Casual;Cats;Clicker;Collectathon;Colorful;Cozy;Creature Collector;Cute;Exploration;Family Friendly;Funny;Hand-drawn;Hidden Object;Point & Click;Puzzle;Relaxing;Satire;Wholesome,"It's Halloween time! Do you choose Trick or Cat? Enjoy and find all the Hidden Cats one by one in the Spooky Town to reveal the final colored art. Play through different modes, find special cats, and unlock bonus levels! More than 970 hidden objects to find! Got all cats, played all bonuses, and had a nice Halloween evening? This time we are giving you an EXTRA BONUS!!! Enjoy the AFTER PARTY at the park! More than 970 Hidden Objects to find in the entire game! Play through different modes, find ","{""text_match"": 0.027467526, ""cosine_similarity"": 0.5748148, ""reranker_score"": -6.576153}"
2026-02-10T19:44:24+00:00,CORTEX_DB.RAW.CAT_GAMES_SVC_1_5,default,"I remember a hidden object game: black-and-white city illustration, and after finding cats the picture gets colored","I remember a hidden object game: black-and-white city illustration, and after finding cats the picture gets colored",[],,False,,,,semantic_focus,0.3,10,100,0,1025,1025,,01c25360-0005-0846-0001-397a0006e07e,,57,57,,9e-06,9e-06,,9e-06,,,,,[],[],[],[],[],[],,,,,,,True,False,[],[],,,,[],[],,,,7,Hidden Cats - Winter,0.7920406,2024,English;French;German;Italian;Japanese;Korean;Portuguese - Portugal;Russian;Simplified Chinese;Spanish - Spain,Family Sharing;Single-player;Steam Achievements,Adventure;Casual,2D;Adventure;Cartoon;Cartoony;Casual;Cats;Colorful;Cozy;Creature Collector;Cute;Family Friendly;Funny;Hand-drawn;Hidden Object;Point & Click;Puzzle;Relaxing;Singleplayer;Stylized;Wholesome,"Dive into the enchanting world of 'Hidden Cats - Winter' a hidden object game where your mission is to uncover every cat hidden within stunning hand-painted artwork. Let your keen eye and curiosity guide you through this captivating journey. ※ Key Features: 😺 100 Hidden Cats: Discover 100 hidden cats scattered throughout the artwork. 💡 Unlimited Hints: Stuck? Use unlimited hints to find the hidden cats and keep progressing. 🎵 Custom Music: Enjoy unique background music for the artwork, enhancing","{""text_match"": 0.019201566, ""cosine_similarity"": 0.5840812, ""reranker_score"": -7.0142865}"
2026-02-10T19:44:24+00:00,CORTEX_DB.RAW.CAT_GAMES_SVC_1_5,default,"I remember a hidden object game: black-and-white city illustration, and after finding cats the picture gets colored","I remember a hidden object game: black-and-white city illustration, and after finding cats the picture gets colored",[],,False,,,,semantic_focus,0.3,10,100,0,1025,1025,,01c25360-0005-0846-0001-397a0006e07e,,57,57,,9e-06,9e-06,,9e-06,,,,,[],[],[],[],[],[],,,,,,,True,False,[],[],,,,[],[],,,,8,Hidden Cats - Easter,0.7889221,2025,English;French;German;Italian;Japanese;Korean;Portuguese - Portugal;Russian;Simplified Chinese;Spanish - Spain,Family Sharing;Single-player;Steam Achievements,Casual,2D;Cartoon;Cartoony;Casual;Cats;Colorful;Creature Collector;Cute;Family Friendly;Funny;Hand-drawn;Hidden Object;Point & Click;Puzzle;Relaxing;Singleplayer;Stylized;Wholesome,"Dive into the enchanting world of 'Hidden Cats - Easter' a hidden object game where your mission is to uncover every cat hidden within stunning hand-painted artwork. Let your keen eye and curiosity guide you through this captivating journey. ※ Key Features: 😺 100 Hidden Cats: Discover 100 hidden cats scattered throughout the artwork. 💡 Unlimited Hints: Stuck? Use unlimited hints to find the hidden cats and keep progressing. 🎵 Custom Music: Enjoy unique background music for the artwork, enhancing","{""text_match"": 0.019201566, ""cosine_similarity"": 0.5778442, ""reranker_score"": -7.029936}"
2026-02-10T19:44:24+00:00,CORTEX_DB.RAW.CAT_GAMES_SVC_1_5,default,"I remember a hidden object game: black-and-white city illustration, and after finding cats the picture gets colored","I remember a hidden object game: black-and-white city illustration, and after finding cats the picture gets colored",[],,False,,,,semantic_focus,0.3,10,100,0,1025,1025,,01c25360-0005-0846-0001-397a0006e07e,,57,57,,9e-06,9e-06,,9e-06,,,,,[],[],[],[],[],[],,,,,,,True,False,[],[],,,,[],[],,,,9,Hidden Cats - Zoo,0.7887439,2024,English;French;German;Italian;Japanese;Korean;Portuguese - Portugal;Russian;Simplified Chinese;Spanish - Spain,Family Sharing;Single-player;Steam Achievements,Adventure;Casual,2D;Adventure;Cartoon;Cartoony;Casual;Cats;Colorful;Cozy;Creature Collector;Cute;Family Friendly;Funny;Hand-drawn;Hidden Object;Point & Click;Puzzle;Relaxing;Singleplayer;Stylized;Wholesome,"Dive into the enchanting world of 'Hidden Cats - Zoo' a hidden object game where your mission is to uncover every cat hidden within stunning hand-painted artwork. Let your keen eye and curiosity guide you through this captivating journey. ※ Key Features: 😺 100 Hidden Cats: Discover 100 hidden cats scattered throughout the artwork. 💡 Unlimited Hints: Stuck? Use unlimited hints to find the hidden cats and keep progressing. 🎵 Custom Music: Enjoy unique background music for the artwork, enhancing yo","{""text_match"": 0.019201566, ""cosine_similarity"": 0.5774878, ""reranker_score"": -7.089733}"
2026-02-10T19:44:24+00:00,CORTEX_DB.RAW.CAT_GAMES_SVC_1_5,default,"I remember a hidden object game: black-and-white city illustration, and after finding cats the picture gets colored","I remember a hidden object game: black-and-white city illustration, and after finding cats the picture gets colored",[],,False,,,,semantic_focus,0.3,10,100,0,1025,1025,,01c25360-0005-0846-0001-397a0006e07e,,57,57,,9e-06,9e-06,,9e-06,,,,,[],[],[],[],[],[],,,,,,,True,False,[],[],,,,[],[],,,,10,Hidden Office,0.7821505,2021,Arabic;Bulgarian;Czech;Danish;Dutch;English;Finnish;French;German;Greek;Hungarian;Italian;Japanese;Korean;Norwegian;Polish;Portuguese - Brazil;Portuguese - Portugal;Romanian;Russian;Simplified Chinese;Spanish - Latin America;Spanish - Spain;Swedish;Thai;Traditional Chinese;Turkish;Ukrainian;Vietnamese,Family Sharing;Single-player;Steam Achievements,Casual;Indie,3D;Arcade;Atmospheric;Cartoony;Casual;Cats;Colorful;Cute;Exploration;Family Friendly;Female Protagonist;Hidden Object;Indie;Investigation;Logic;Minimalist;Narration;Puzzle;Relaxing;Stylized,Office is empty now... Except cats. There are 12 rooms with plenty items. Find everything in a checklist and have fun! Classic Hidden Object game in 3D Extra achivements: find all 30 cats and get animated collectible cards 12 areas (108 levels) to unlock Plenty classic and unique challenges Easy to use Comfortable Zoom and Rotation No time limit - just relax and have fun Don't forget to,"{""text_match"": 0.0068693855, ""cosine_similarity"": 0.564301, ""reranker_score"": -6.534436}"
2026-02-10T19:44:25+00:00,CORTEX_DB.RAW.CAT_GAMES_SVC_1_5,default,"I remember a hidden object game: black-and-white city illustration, and after finding cats the picture gets colored","I remember a hidden object game: black-and-white city illustration, and after finding cats the picture gets colored",[],,False,,,,semantic_focus,0.65,10,100,0,1078,1078,,01c25360-0005-0846-0001-397a0006e082,,36,36,,5e-06,5e-06,,5e-06,,,,,[],[],[],[],[],[],,,,,,,True,False,[],[],,,,[],[],,,,1,Hidden Cats in Paris,0.8019307,2022,English,Family Sharing;Full controller support;Single-player;Steam Achievements;Steam Cloud;Steam Trading Cards,Casual;Indie,Cartoon;Casual;Cats;Cute;Hand-drawn;Hidden Object;Indie;Point & Click;Relaxing,"Meow meow meow mes amis! Cats are hidden in a unique lovely Paris scenario. A short and pleasant experience in a big and lovely illustration! Start with a Beautiful monochromatic scenario, relax, and find all the cats to reveal the final colored art. More than 680 hidden objects to find!!! Play through different modes, find special cats, and unlock bonus levels! NORMAL MODE Find 100 cats in fixed positions. 3 hints. ADVANCED MODE Find 150 cats in semi-random positions. 8 Special cats that unlock","{""text_match"": 0.026049701, ""cosine_similarity"": 0.6038614, ""reranker_score"": -4.6134124}"
2026-02-10T19:44:25+00:00,CORTEX_DB.RAW.CAT_GAMES_SVC_1_5,default,"I remember a hidden object game: black-and-white city illustration, and after finding cats the picture gets colored","I remember a hidden object game: black-and-white city illustration, and after finding cats the picture gets colored",[],,False,,,,semantic_focus,0.65,10,100,0,1078,1078,,01c25360-0005-0846-0001-397a0006e082,,36,36,,5e-06,5e-06,,5e-06,,,,,[],[],[],[],[],[],,,,,,,True,False,[],[],,,,[],[],,,,2,I commissioned some cats 3,0.808345885,2023,English,Family Sharing;Single-player;Steam Achievements,Casual;Indie,2D;Abstract;Cartoony;Casual;Cats;Colorful;Comic Book;Cute;Design & Illustration;Family Friendly;Fantasy;Hand-drawn;Hidden Object;Instrumental Music;Nature;Point & Click;Psychedelic;Puzzle;Relaxing;Singleplayer,A hidden object game where you must find all the cats and wool to complete each level. Key features: 🖼️ 15 Unique artworks ❓ 1500+ Hidden objects total 🐈 750+ Cats 🧶 750+ Wool 💡 ∞ Unlimited hints if you get stuck ♻️ Restore a small number of hidden objects to a painting so you can find them again! 🎵 Music for each artwork ⌨️ Use your keyboard to move/zoom in if you have no scroll wheel 💾 3x save slots 🗑️ Reset progress entirely and play again 🕒 Timer included to show how long you took to complet,"{""text_match"": 0.05555541, ""cosine_similarity"": 0.61669177, ""reranker_score"": -5.232831}"
2026-02-10T19:44:25+00:00,CORTEX_DB.RAW.CAT_GAMES_SVC_1_5,default,"I remember a hidden object game: black-and-white city illustration, and after finding cats the picture gets colored","I remember a hidden object game: black-and-white city illustration, and after finding cats the picture gets colored",[],,False,,,,semantic_focus,0.65,10,100,0,1078,1078,,01c25360-0005-0846-0001-397a0006e082,,36,36,,5e-06,5e-06,,5e-06,,,,,[],[],[],[],[],[],,,,,,,True,False,[],[],,,,[],[],,,,3,100 hidden cats 2,0.80442548,2021,English,Family Sharing;Single-player;Steam Achievements;Steam Trading Cards,Adventure;Casual;Indie,2D;Adventure;Arcade;Casual;Cats;Creature Collector;Cute;Dog;Exploration;Family Friendly;Hand-drawn;Hidden Object;Minimalist;Nature;Point & Click;Puzzle;Relaxing;Side Scroller;Stylized;Trains,Art by Аnatoliy Loginovskikh Important information Press 'N' for night mode. Press 'Del' then 'Esc' to reset all achievements. 100 hidden cats 2 is a hidden object game in the city setting. Black and white hand-drawn graphics in a cartoon style. Ultra hard! Really very difficult! Cunning cats hid in the big city. They are disguised and very dangerous. Can you find 100 cats? Just click on the cat! Take care of your nerves!,"{""text_match"": 0.035801988, ""cosine_similarity"": 0.60885096, ""reranker_score"": -5.430273}"
2026-02-10T19:44:25+00:00,CORTEX_DB.RAW.CAT_GAMES_SVC_1_5,default,"I remember a hidden object game: black-and-white city illustration, and after finding cats the picture gets colored","I remember a hidden object game: black-and-white city illustration, and after finding cats the picture gets colored",[],,False,,,,semantic_focus,0.65,10,100,0,1078,1078,,01c25360-0005-0846-0001-397a0006e082,,36,36,,5e-06,5e-06,,5e-06,,,,,[],[],[],[],[],[],,,,,,,True,False,[],[],,,,[],[],,,,4,Cat city,0.7947136,2023,English;Russian,Family Sharing;Full controller support;Single-player;Steam Achievements,Adventure;Casual;Indie,2D;Atmospheric;Casual;Cats;Clicker;Controller;Creature Collector;Cute;Detective;Education;Exploration;Family Friendly;Hand-drawn;Hidden Object;Interactive Fiction;Point & Click;Puzzle;Side Scroller;Singleplayer;Trading Card Game,"'Cat city' is an exciting hidden objects game. In this game, you will have to explore the whole city to find all the cats (and various secrets) and get closer to the goal of making this world and the lives of the cats living in it a little better, and restore their faith in people! The main character will help you figure it out and get comfortable, and tell you about the necessary help in this exciting and extremely important matter! The help of each person is important so that the world becomes","{""text_match"": 0.026720256, ""cosine_similarity"": 0.5894272, ""reranker_score"": -6.69383}"
2026-02-10T19:44:25+00:00,CORTEX_DB.RAW.CAT_GAMES_SVC_1_5,default,"I remember a hidden object game: black-and-white city illustration, and after finding cats the picture gets colored","I remember a hidden object game: black-and-white city illustration, and after finding cats the picture gets colored",[],,False,,,,semantic_focus,0.65,10,100,0,1078,1078,,01c25360-0005-0846-0001-397a0006e082,,36,36,,5e-06,5e-06,,5e-06,,,,,[],[],[],[],[],[],,,,,,,True,False,[],[],,,,[],[],,,,5,Hidden Cats: Magic Forest,0.7882093,2023,English;French;German;Italian;Japanese;Korean;Portuguese - Portugal;Simplified Chinese;Spanish - Spain;Turkish,Family Sharing;Full controller support;Single-player;Steam Achievements,Casual;Indie,3D;Atmospheric;Casual;Cats;Colorful;Creature Collector;Cute;Exploration;Family Friendly;Hidden Object;Indie;Isometric;Minimalist;Nature;Point & Click;Puzzle;Relaxing;Singleplayer;Tutorial;Wholesome,"Hidden Cats: Magic Forest is a hidden object game where you'll search for hidden cats while exploring the mysteries of the magical forest. Find cats in black, white, and orange colors. Lift old trees and plant saplings in their place to create new trees. Discover the Hidden Egyptian Cat God. Learn interesting facts about cats. Touch the magical texture of the forest and interact with other surprise objects to earn all the achievements. If you enjoy games like 'A Building Full of Cats' and 'Hidde","{""text_match"": 0.036817066, ""cosine_similarity"": 0.5764186, ""reranker_score"": -6.5692043}"
2026-02-10T19:44:25+00:00,CORTEX_DB.RAW.CAT_GAMES_SVC_1_5,default,"I remember a hidden object game: black-and-white city illustration, and after finding cats the picture gets colored","I remember a hidden object game: black-and-white city illustration, and after finding cats the picture gets colored",[],,False,,,,semantic_focus,0.65,10,100,0,1078,1078,,01c25360-0005-0846-0001-397a0006e082,,36,36,,5e-06,5e-06,,5e-06,,,,,[],[],[],[],[],[],,,,,,,True,False,[],[],,,,[],[],,,,6,Hidden Cats in Spooky Town,0.7874074,2023,English,Family Sharing;Full controller support;Single-player;Steam Achievements;Steam Cloud;Steam Trading Cards,Casual,Adventure;Cartoony;Casual;Cats;Clicker;Collectathon;Colorful;Cozy;Creature Collector;Cute;Exploration;Family Friendly;Funny;Hand-drawn;Hidden Object;Point & Click;Puzzle;Relaxing;Satire;Wholesome,"It's Halloween time! Do you choose Trick or Cat? Enjoy and find all the Hidden Cats one by one in the Spooky Town to reveal the final colored art. Play through different modes, find special cats, and unlock bonus levels! More than 970 hidden objects to find! Got all cats, played all bonuses, and had a nice Halloween evening? This time we are giving you an EXTRA BONUS!!! Enjoy the AFTER PARTY at the park! More than 970 Hidden Objects to find in the entire game! Play through different modes, find ","{""text_match"": 0.027467526, ""cosine_similarity"": 0.5748148, ""reranker_score"": -6.576153}"
2026-02-10T19:44:25+00:00,CORTEX_DB.RAW.CAT_GAMES_SVC_1_5,default,"I remember a hidden object game: black-and-white city illustration, and after finding cats the picture gets colored","I remember a hidden object game: black-and-white city illustration, and after finding cats the picture gets colored",[],,False,,,,semantic_focus,0.65,10,100,0,1078,1078,,01c25360-0005-0846-0001-397a0006e082,,36,36,,5e-06,5e-06,,5e-06,,,,,[],[],[],[],[],[],,,,,,,True,False,[],[],,,,[],[],,,,7,Hidden Cats - Winter,0.7920406,2024,English;French;German;Italian;Japanese;Korean;Portuguese - Portugal;Russian;Simplified Chinese;Spanish - Spain,Family Sharing;Single-player;Steam Achievements,Adventure;Casual,2D;Adventure;Cartoon;Cartoony;Casual;Cats;Colorful;Cozy;Creature Collector;Cute;Family Friendly;Funny;Hand-drawn;Hidden Object;Point & Click;Puzzle;Relaxing;Singleplayer;Stylized;Wholesome,"Dive into the enchanting world of 'Hidden Cats - Winter' a hidden object game where your mission is to uncover every cat hidden within stunning hand-painted artwork. Let your keen eye and curiosity guide you through this captivating journey. ※ Key Features: 😺 100 Hidden Cats: Discover 100 hidden cats scattered throughout the artwork. 💡 Unlimited Hints: Stuck? Use unlimited hints to find the hidden cats and keep progressing. 🎵 Custom Music: Enjoy unique background music for the artwork, enhancing","{""text_match"": 0.019201566, ""cosine_similarity"": 0.5840812, ""reranker_score"": -7.0142865}"
2026-02-10T19:44:25+00:00,CORTEX_DB.RAW.CAT_GAMES_SVC_1_5,default,"I remember a hidden object game: black-and-white city illustration, and after finding cats the picture gets colored","I remember a hidden object game: black-and-white city illustration, and after finding cats the picture gets colored",[],,False,,,,semantic_focus,0.65,10,100,0,1078,1078,,01c25360-0005-0846-0001-397a0006e082,,36,36,,5e-06,5e-06,,5e-06,,,,,[],[],[],[],[],[],,,,,,,True,False,[],[],,,,[],[],,,,8,Hidden Cats - Easter,0.7889221,2025,English;French;German;Italian;Japanese;Korean;Portuguese - Portugal;Russian;Simplified Chinese;Spanish - Spain,Family Sharing;Single-player;Steam Achievements,Casual,2D;Cartoon;Cartoony;Casual;Cats;Colorful;Creature Collector;Cute;Family Friendly;Funny;Hand-drawn;Hidden Object;Point & Click;Puzzle;Relaxing;Singleplayer;Stylized;Wholesome,"Dive into the enchanting world of 'Hidden Cats - Easter' a hidden object game where your mission is to uncover every cat hidden within stunning hand-painted artwork. Let your keen eye and curiosity guide you through this captivating journey. ※ Key Features: 😺 100 Hidden Cats: Discover 100 hidden cats scattered throughout the artwork. 💡 Unlimited Hints: Stuck? Use unlimited hints to find the hidden cats and keep progressing. 🎵 Custom Music: Enjoy unique background music for the artwork, enhancing","{""text_match"": 0.019201566, ""cosine_similarity"": 0.5778442, ""reranker_score"": -7.029936}"
2026-02-10T19:44:25+00:00,CORTEX_DB.RAW.CAT_GAMES_SVC_1_5,default,"I remember a hidden object game: black-and-white city illustration, and after finding cats the picture gets colored","I remember a hidden object game: black-and-white city illustration, and after finding cats the picture gets colored",[],,False,,,,semantic_focus,0.65,10,100,0,1078,1078,,01c25360-0005-0846-0001-397a0006e082,,36,36,,5e-06,5e-06,,5e-06,,,,,[],[],[],[],[],[],,,,,,,True,False,[],[],,,,[],[],,,,9,Hidden Cats - Zoo,0.7887439,2024,English;French;German;Italian;Japanese;Korean;Portuguese - Portugal;Russian;Simplified Chinese;Spanish - Spain,Family Sharing;Single-player;Steam Achievements,Adventure;Casual,2D;Adventure;Cartoon;Cartoony;Casual;Cats;Colorful;Cozy;Creature Collector;Cute;Family Friendly;Funny;Hand-drawn;Hidden Object;Point & Click;Puzzle;Relaxing;Singleplayer;Stylized;Wholesome,"Dive into the enchanting world of 'Hidden Cats - Zoo' a hidden object game where your mission is to uncover every cat hidden within stunning hand-painted artwork. Let your keen eye and curiosity guide you through this captivating journey. ※ Key Features: 😺 100 Hidden Cats: Discover 100 hidden cats scattered throughout the artwork. 💡 Unlimited Hints: Stuck? Use unlimited hints to find the hidden cats and keep progressing. 🎵 Custom Music: Enjoy unique background music for the artwork, enhancing yo","{""text_match"": 0.019201566, ""cosine_similarity"": 0.5774878, ""reranker_score"": -7.089733}"
2026-02-10T19:44:25+00:00,CORTEX_DB.RAW.CAT_GAMES_SVC_1_5,default,"I remember a hidden object game: black-and-white city illustration, and after finding cats the picture gets colored","I remember a hidden object game: black-and-white city illustration, and after finding cats the picture gets colored",[],,False,,,,semantic_focus,0.65,10,100,0,1078,1078,,01c25360-0005-0846-0001-397a0006e082,,36,36,,5e-06,5e-06,,5e-06,,,,,[],[],[],[],[],[],,,,,,,True,False,[],[],,,,[],[],,,,10,Hidden Office,0.7821505,2021,Arabic;Bulgarian;Czech;Danish;Dutch;English;Finnish;French;German;Greek;Hungarian;Italian;Japanese;Korean;Norwegian;Polish;Portuguese - Brazil;Portuguese - Portugal;Romanian;Russian;Simplified Chinese;Spanish - Latin America;Spanish - Spain;Swedish;Thai;Traditional Chinese;Turkish;Ukrainian;Vietnamese,Family Sharing;Single-player;Steam Achievements,Casual;Indie,3D;Arcade;Atmospheric;Cartoony;Casual;Cats;Colorful;Cute;Exploration;Family Friendly;Female Protagonist;Hidden Object;Indie;Investigation;Logic;Minimalist;Narration;Puzzle;Relaxing;Stylized,Office is empty now... Except cats. There are 12 rooms with plenty items. Find everything in a checklist and have fun! Classic Hidden Object game in 3D Extra achivements: find all 30 cats and get animated collectible cards 12 areas (108 levels) to unlock Plenty classic and unique challenges Easy to use Comfortable Zoom and Rotation No time limit - just relax and have fun Don't forget to,"{""text_match"": 0.0068693855, ""cosine_similarity"": 0.564301, ""reranker_score"": -6.534436}"
2026-02-10T19:44:26+00:00,CORTEX_DB.RAW.CAT_GAMES_SVC_1_5,default,"I remember a hidden object game: black-and-white city illustration, and after finding cats the picture gets colored","I remember a hidden object game: black-and-white city illustration, and after finding cats the picture gets colored",[],,False,,,,semantic_focus,0.75,10,100,0,1072,1072,,01c25360-0005-0847-0001-397a0006c3a2,,39,39,,6e-06,6e-06,,6e-06,,,,,[],[],[],[],[],[],,,,,,,True,False,[],[],,,,[],[],,,,1,Hidden Cats in Paris,0.8019307,2022,English,Family Sharing;Full controller support;Single-player;Steam Achievements;Steam Cloud;Steam Trading Cards,Casual;Indie,Cartoon;Casual;Cats;Cute;Hand-drawn;Hidden Object;Indie;Point & Click;Relaxing,"Meow meow meow mes amis! Cats are hidden in a unique lovely Paris scenario. A short and pleasant experience in a big and lovely illustration! Start with a Beautiful monochromatic scenario, relax, and find all the cats to reveal the final colored art. More than 680 hidden objects to find!!! Play through different modes, find special cats, and unlock bonus levels! NORMAL MODE Find 100 cats in fixed positions. 3 hints. ADVANCED MODE Find 150 cats in semi-random positions. 8 Special cats that unlock","{""text_match"": 0.026049701, ""cosine_similarity"": 0.6038614, ""reranker_score"": -4.6134124}"
2026-02-10T19:44:26+00:00,CORTEX_DB.RAW.CAT_GAMES_SVC_1_5,default,"I remember a hidden object game: black-and-white city illustration, and after finding cats the picture gets colored","I remember a hidden object game: black-and-white city illustration, and after finding cats the picture gets colored",[],,False,,,,semantic_focus,0.75,10,100,0,1072,1072,,01c25360-0005-0847-0001-397a0006c3a2,,39,39,,6e-06,6e-06,,6e-06,,,,,[],[],[],[],[],[],,,,,,,True,False,[],[],,,,[],[],,,,2,I commissioned some cats 3,0.808345885,2023,English,Family Sharing;Single-player;Steam Achievements,Casual;Indie,2D;Abstract;Cartoony;Casual;Cats;Colorful;Comic Book;Cute;Design & Illustration;Family Friendly;Fantasy;Hand-drawn;Hidden Object;Instrumental Music;Nature;Point & Click;Psychedelic;Puzzle;Relaxing;Singleplayer,A hidden object game where you must find all the cats and wool to complete each level. Key features: 🖼️ 15 Unique artworks ❓ 1500+ Hidden objects total 🐈 750+ Cats 🧶 750+ Wool 💡 ∞ Unlimited hints if you get stuck ♻️ Restore a small number of hidden objects to a painting so you can find them again! 🎵 Music for each artwork ⌨️ Use your keyboard to move/zoom in if you have no scroll wheel 💾 3x save slots 🗑️ Reset progress entirely and play again 🕒 Timer included to show how long you took to complet,"{""text_match"": 0.05555541, ""cosine_similarity"": 0.61669177, ""reranker_score"": -5.232831}"
2026-02-10T19:44:26+00:00,CORTEX_DB.RAW.CAT_GAMES_SVC_1_5,default,"I remember a hidden object game: black-and-white city illustration, and after finding cats the picture gets colored","I remember a hidden object game: black-and-white city illustration, and after finding cats the picture gets colored",[],,False,,,,semantic_focus,0.75,10,100,0,1072,1072,,01c25360-0005-0847-0001-397a0006c3a2,,39,39,,6e-06,6e-06,,6e-06,,,,,[],[],[],[],[],[],,,,,,,True,False,[],[],,,,[],[],,,,3,100 hidden cats 2,0.80442548,2021,English,Family Sharing;Single-player;Steam Achievements;Steam Trading Cards,Adventure;Casual;Indie,2D;Adventure;Arcade;Casual;Cats;Creature Collector;Cute;Dog;Exploration;Family Friendly;Hand-drawn;Hidden Object;Minimalist;Nature;Point & Click;Puzzle;Relaxing;Side Scroller;Stylized;Trains,Art by Аnatoliy Loginovskikh Important information Press 'N' for night mode. Press 'Del' then 'Esc' to reset all achievements. 100 hidden cats 2 is a hidden object game in the city setting. Black and white hand-drawn graphics in a cartoon style. Ultra hard! Really very difficult! Cunning cats hid in the big city. They are disguised and very dangerous. Can you find 100 cats? Just click on the cat! Take care of your nerves!,"{""text_match"": 0.035801988, ""cosine_similarity"": 0.60885096, ""reranker_score"": -5.430273}"
2026-02-10T19:44:26+00:00,CORTEX_DB.RAW.CAT_GAMES_SVC_1_5,default,"I remember a hidden object game: black-and-white city illustration, and after finding cats the picture gets colored","I remember a hidden object game: black-and-white city illustration, and after finding cats the picture gets colored",[],,False,,,,semantic_focus,0.75,10,100,0,1072,1072,,01c25360-0005-0847-0001-397a0006c3a2,,39,39,,6e-06,6e-06,,6e-06,,,,,[],[],[],[],[],[],,,,,,,True,False,[],[],,,,[],[],,,,4,Cat city,0.7947136,2023,English;Russian,Family Sharing;Full controller support;Single-player;Steam Achievements,Adventure;Casual;Indie,2D;Atmospheric;Casual;Cats;Clicker;Controller;Creature Collector;Cute;Detective;Education;Exploration;Family Friendly;Hand-drawn;Hidden Object;Interactive Fiction;Point & Click;Puzzle;Side Scroller;Singleplayer;Trading Card Game,"'Cat city' is an exciting hidden objects game. In this game, you will have to explore the whole city to find all the cats (and various secrets) and get closer to the goal of making this world and the lives of the cats living in it a little better, and restore their faith in people! The main character will help you figure it out and get comfortable, and tell you about the necessary help in this exciting and extremely important matter! The help of each person is important so that the world becomes","{""text_match"": 0.026720256, ""cosine_similarity"": 0.5894272, ""reranker_score"": -6.69383}"
2026-02-10T19:44:26+00:00,CORTEX_DB.RAW.CAT_GAMES_SVC_1_5,default,"I remember a hidden object game: black-and-white city illustration, and after finding cats the picture gets colored","I remember a hidden object game: black-and-white city illustration, and after finding cats the picture gets colored",[],,False,,,,semantic_focus,0.75,10,100,0,1072,1072,,01c25360-0005-0847-0001-397a0006c3a2,,39,39,,6e-06,6e-06,,6e-06,,,,,[],[],[],[],[],[],,,,,,,True,False,[],[],,,,[],[],,,,5,Hidden Cats: Magic Forest,0.7882093,2023,English;French;German;Italian;Japanese;Korean;Portuguese - Portugal;Simplified Chinese;Spanish - Spain;Turkish,Family Sharing;Full controller support;Single-player;Steam Achievements,Casual;Indie,3D;Atmospheric;Casual;Cats;Colorful;Creature Collector;Cute;Exploration;Family Friendly;Hidden Object;Indie;Isometric;Minimalist;Nature;Point & Click;Puzzle;Relaxing;Singleplayer;Tutorial;Wholesome,"Hidden Cats: Magic Forest is a hidden object game where you'll search for hidden cats while exploring the mysteries of the magical forest. Find cats in black, white, and orange colors. Lift old trees and plant saplings in their place to create new trees. Discover the Hidden Egyptian Cat God. Learn interesting facts about cats. Touch the magical texture of the forest and interact with other surprise objects to earn all the achievements. If you enjoy games like 'A Building Full of Cats' and 'Hidde","{""text_match"": 0.036817066, ""cosine_similarity"": 0.5764186, ""reranker_score"": -6.5692043}"
2026-02-10T19:44:26+00:00,CORTEX_DB.RAW.CAT_GAMES_SVC_1_5,default,"I remember a hidden object game: black-and-white city illustration, and after finding cats the picture gets colored","I remember a hidden object game: black-and-white city illustration, and after finding cats the picture gets colored",[],,False,,,,semantic_focus,0.75,10,100,0,1072,1072,,01c25360-0005-0847-0001-397a0006c3a2,,39,39,,6e-06,6e-06,,6e-06,,,,,[],[],[],[],[],[],,,,,,,True,False,[],[],,,,[],[],,,,6,Hidden Cats in Spooky Town,0.7874074,2023,English,Family Sharing;Full controller support;Single-player;Steam Achievements;Steam Cloud;Steam Trading Cards,Casual,Adventure;Cartoony;Casual;Cats;Clicker;Collectathon;Colorful;Cozy;Creature Collector;Cute;Exploration;Family Friendly;Funny;Hand-drawn;Hidden Object;Point & Click;Puzzle;Relaxing;Satire;Wholesome,"It's Halloween time! Do you choose Trick or Cat? Enjoy and find all the Hidden Cats one by one in the Spooky Town to reveal the final colored art. Play through different modes, find special cats, and unlock bonus levels! More than 970 hidden objects to find! Got all cats, played all bonuses, and had a nice Halloween evening? This time we are giving you an EXTRA BONUS!!! Enjoy the AFTER PARTY at the park! More than 970 Hidden Objects to find in the entire game! Play through different modes, find ","{""text_match"": 0.027467526, ""cosine_similarity"": 0.5748148, ""reranker_score"": -6.576153}"
2026-02-10T19:44:26+00:00,CORTEX_DB.RAW.CAT_GAMES_SVC_1_5,default,"I remember a hidden object game: black-and-white city illustration, and after finding cats the picture gets colored","I remember a hidden object game: black-and-white city illustration, and after finding cats the picture gets colored",[],,False,,,,semantic_focus,0.75,10,100,0,1072,1072,,01c25360-0005-0847-0001-397a0006c3a2,,39,39,,6e-06,6e-06,,6e-06,,,,,[],[],[],[],[],[],,,,,,,True,False,[],[],,,,[],[],,,,7,Hidden Cats - Winter,0.7920406,2024,English;French;German;Italian;Japanese;Korean;Portuguese - Portugal;Russian;Simplified Chinese;Spanish - Spain,Family Sharing;Single-player;Steam Achievements,Adventure;Casual,2D;Adventure;Cartoon;Cartoony;Casual;Cats;Colorful;Cozy;Creature Collector;Cute;Family Friendly;Funny;Hand-drawn;Hidden Object;Point & Click;Puzzle;Relaxing;Singleplayer;Stylized;Wholesome,"Dive into the enchanting world of 'Hidden Cats - Winter' a hidden object game where your mission is to uncover every cat hidden within stunning hand-painted artwork. Let your keen eye and curiosity guide you through this captivating journey. ※ Key Features: 😺 100 Hidden Cats: Discover 100 hidden cats scattered throughout the artwork. 💡 Unlimited Hints: Stuck? Use unlimited hints to find the hidden cats and keep progressing. 🎵 Custom Music: Enjoy unique background music for the artwork, enhancing","{""text_match"": 0.019201566, ""cosine_similarity"": 0.5840812, ""reranker_score"": -7.0142865}"
2026-02-10T19:44:26+00:00,CORTEX_DB.RAW.CAT_GAMES_SVC_1_5,default,"I remember a hidden object game: black-and-white city illustration, and after finding cats the picture gets colored","I remember a hidden object game: black-and-white city illustration, and after finding cats the picture gets colored",[],,False,,,,semantic_focus,0.75,10,100,0,1072,1072,,01c25360-0005-0847-0001-397a0006c3a2,,39,39,,6e-06,6e-06,,6e-06,,,,,[],[],[],[],[],[],,,,,,,True,False,[],[],,,,[],[],,,,8,Hidden Cats - Easter,0.7889221,2025,English;French;German;Italian;Japanese;Korean;Portuguese - Portugal;Russian;Simplified Chinese;Spanish - Spain,Family Sharing;Single-player;Steam Achievements,Casual,2D;Cartoon;Cartoony;Casual;Cats;Colorful;Creature Collector;Cute;Family Friendly;Funny;Hand-drawn;Hidden Object;Point & Click;Puzzle;Relaxing;Singleplayer;Stylized;Wholesome,"Dive into the enchanting world of 'Hidden Cats - Easter' a hidden object game where your mission is to uncover every cat hidden within stunning hand-painted artwork. Let your keen eye and curiosity guide you through this captivating journey. ※ Key Features: 😺 100 Hidden Cats: Discover 100 hidden cats scattered throughout the artwork. 💡 Unlimited Hints: Stuck? Use unlimited hints to find the hidden cats and keep progressing. 🎵 Custom Music: Enjoy unique background music for the artwork, enhancing","{""text_match"": 0.019201566, ""cosine_similarity"": 0.5778442, ""reranker_score"": -7.029936}"
2026-02-10T19:44:26+00:00,CORTEX_DB.RAW.CAT_GAMES_SVC_1_5,default,"I remember a hidden object game: black-and-white city illustration, and after finding cats the picture gets colored","I remember a hidden object game: black-and-white city illustration, and after finding cats the picture gets colored",[],,False,,,,semantic_focus,0.75,10,100,0,1072,1072,,01c25360-0005-0847-0001-397a0006c3a2,,39,39,,6e-06,6e-06,,6e-06,,,,,[],[],[],[],[],[],,,,,,,True,False,[],[],,,,[],[],,,,9,Hidden Cats - Zoo,0.7887439,2024,English;French;German;Italian;Japanese;Korean;Portuguese - Portugal;Russian;Simplified Chinese;Spanish - Spain,Family Sharing;Single-player;Steam Achievements,Adventure;Casual,2D;Adventure;Cartoon;Cartoony;Casual;Cats;Colorful;Cozy;Creature Collector;Cute;Family Friendly;Funny;Hand-drawn;Hidden Object;Point & Click;Puzzle;Relaxing;Singleplayer;Stylized;Wholesome,"Dive into the enchanting world of 'Hidden Cats - Zoo' a hidden object game where your mission is to uncover every cat hidden within stunning hand-painted artwork. Let your keen eye and curiosity guide you through this captivating journey. ※ Key Features: 😺 100 Hidden Cats: Discover 100 hidden cats scattered throughout the artwork. 💡 Unlimited Hints: Stuck? Use unlimited hints to find the hidden cats and keep progressing. 🎵 Custom Music: Enjoy unique background music for the artwork, enhancing yo","{""text_match"": 0.019201566, ""cosine_similarity"": 0.5774878, ""reranker_score"": -7.089733}"
2026-02-10T19:44:26+00:00,CORTEX_DB.RAW.CAT_GAMES_SVC_1_5,default,"I remember a hidden object game: black-and-white city illustration, and after finding cats the picture gets colored","I remember a hidden object game: black-and-white city illustration, and after finding cats the picture gets colored",[],,False,,,,semantic_focus,0.75,10,100,0,1072,1072,,01c25360-0005-0847-0001-397a0006c3a2,,39,39,,6e-06,6e-06,,6e-06,,,,,[],[],[],[],[],[],,,,,,,True,False,[],[],,,,[],[],,,,10,Hidden Office,0.7821505,2021,Arabic;Bulgarian;Czech;Danish;Dutch;English;Finnish;French;German;Greek;Hungarian;Italian;Japanese;Korean;Norwegian;Polish;Portuguese - Brazil;Portuguese - Portugal;Romanian;Russian;Simplified Chinese;Spanish - Latin America;Spanish - Spain;Swedish;Thai;Traditional Chinese;Turkish;Ukrainian;Vietnamese,Family Sharing;Single-player;Steam Achievements,Casual;Indie,3D;Arcade;Atmospheric;Cartoony;Casual;Cats;Colorful;Cute;Exploration;Family Friendly;Female Protagonist;Hidden Object;Indie;Investigation;Logic;Minimalist;Narration;Puzzle;Relaxing;Stylized,Office is empty now... Except cats. There are 12 rooms with plenty items. Find everything in a checklist and have fun! Classic Hidden Object game in 3D Extra achivements: find all 30 cats and get animated collectible cards 12 areas (108 levels) to unlock Plenty classic and unique challenges Easy to use Comfortable Zoom and Rotation No time limit - just relax and have fun Don't forget to,"{""text_match"": 0.0068693855, ""cosine_similarity"": 0.564301, ""reranker_score"": -6.534436}"
2026-02-10T19:44:28+00:00,CORTEX_DB.RAW.CAT_GAMES_SVC_1_5,default,"I remember a hidden object game: black-and-white city illustration, and after finding cats the picture gets colored","I remember a hidden object game: black-and-white city illustration, and after finding cats the picture gets colored",[],,False,,,,keyword_extreme,0.3,10,100,0,1024,1024,,01c25360-0005-0847-0001-397a0006c3aa,,38,38,,6e-06,6e-06,,6e-06,,,,,[],[],[],[],[],[],,,,,,,True,False,[],[],,,,[],[],,,,1,Hidden Cats in Paris,0.8019307,2022,English,Family Sharing;Full controller support;Single-player;Steam Achievements;Steam Cloud;Steam Trading Cards,Casual;Indie,Cartoon;Casual;Cats;Cute;Hand-drawn;Hidden Object;Indie;Point & Click;Relaxing,"Meow meow meow mes amis! Cats are hidden in a unique lovely Paris scenario. A short and pleasant experience in a big and lovely illustration! Start with a Beautiful monochromatic scenario, relax, and find all the cats to reveal the final colored art. More than 680 hidden objects to find!!! Play through different modes, find special cats, and unlock bonus levels! NORMAL MODE Find 100 cats in fixed positions. 3 hints. ADVANCED MODE Find 150 cats in semi-random positions. 8 Special cats that unlock","{""text_match"": 0.026049701, ""cosine_similarity"": 0.6038614, ""reranker_score"": -4.6134124}"
2026-02-10T19:44:28+00:00,CORTEX_DB.RAW.CAT_GAMES_SVC_1_5,default,"I remember a hidden object game: black-and-white city illustration, and after finding cats the picture gets colored","I remember a hidden object game: black-and-white city illustration, and after finding cats the picture gets colored",[],,False,,,,keyword_extreme,0.3,10,100,0,1024,1024,,01c25360-0005-0847-0001-397a0006c3aa,,38,38,,6e-06,6e-06,,6e-06,,,,,[],[],[],[],[],[],,,,,,,True,False,[],[],,,,[],[],,,,2,I commissioned some cats 3,0.808345885,2023,English,Family Sharing;Single-player;Steam Achievements,Casual;Indie,2D;Abstract;Cartoony;Casual;Cats;Colorful;Comic Book;Cute;Design & Illustration;Family Friendly;Fantasy;Hand-drawn;Hidden Object;Instrumental Music;Nature;Point & Click;Psychedelic;Puzzle;Relaxing;Singleplayer,A hidden object game where you must find all the cats and wool to complete each level. Key features: 🖼️ 15 Unique artworks ❓ 1500+ Hidden objects total 🐈 750+ Cats 🧶 750+ Wool 💡 ∞ Unlimited hints if you get stuck ♻️ Restore a small number of hidden objects to a painting so you can find them again! 🎵 Music for each artwork ⌨️ Use your keyboard to move/zoom in if you have no scroll wheel 💾 3x save slots 🗑️ Reset progress entirely and play again 🕒 Timer included to show how long you took to complet,"{""text_match"": 0.05555541, ""cosine_similarity"": 0.61669177, ""reranker_score"": -5.232831}"
2026-02-10T19:44:28+00:00,CORTEX_DB.RAW.CAT_GAMES_SVC_1_5,default,"I remember a hidden object game: black-and-white city illustration, and after finding cats the picture gets colored","I remember a hidden object game: black-and-white city illustration, and after finding cats the picture gets colored",[],,False,,,,keyword_extreme,0.3,10,100,0,1024,1024,,01c25360-0005-0847-0001-397a0006c3aa,,38,38,,6e-06,6e-06,,6e-06,,,,,[],[],[],[],[],[],,,,,,,True,False,[],[],,,,[],[],,,,3,100 hidden cats 2,0.80442548,2021,English,Family Sharing;Single-player;Steam Achievements;Steam Trading Cards,Adventure;Casual;Indie,2D;Adventure;Arcade;Casual;Cats;Creature Collector;Cute;Dog;Exploration;Family Friendly;Hand-drawn;Hidden Object;Minimalist;Nature;Point & Click;Puzzle;Relaxing;Side Scroller;Stylized;Trains,Art by Аnatoliy Loginovskikh Important information Press 'N' for night mode. Press 'Del' then 'Esc' to reset all achievements. 100 hidden cats 2 is a hidden object game in the city setting. Black and white hand-drawn graphics in a cartoon style. Ultra hard! Really very difficult! Cunning cats hid in the big city. They are disguised and very dangerous. Can you find 100 cats? Just click on the cat! Take care of your nerves!,"{""text_match"": 0.035801988, ""cosine_similarity"": 0.60885096, ""reranker_score"": -5.430273}"
2026-02-10T19:44:28+00:00,CORTEX_DB.RAW.CAT_GAMES_SVC_1_5,default,"I remember a hidden object game: black-and-white city illustration, and after finding cats the picture gets colored","I remember a hidden object game: black-and-white city illustration, and after finding cats the picture gets colored",[],,False,,,,keyword_extreme,0.3,10,100,0,1024,1024,,01c25360-0005-0847-0001-397a0006c3aa,,38,38,,6e-06,6e-06,,6e-06,,,,,[],[],[],[],[],[],,,,,,,True,False,[],[],,,,[],[],,,,4,Cat city,0.7947136,2023,English;Russian,Family Sharing;Full controller support;Single-player;Steam Achievements,Adventure;Casual;Indie,2D;Atmospheric;Casual;Cats;Clicker;Controller;Creature Collector;Cute;Detective;Education;Exploration;Family Friendly;Hand-drawn;Hidden Object;Interactive Fiction;Point & Click;Puzzle;Side Scroller;Singleplayer;Trading Card Game,"'Cat city' is an exciting hidden objects game. In this game, you will have to explore the whole city to find all the cats (and various secrets) and get closer to the goal of making this world and the lives of the cats living in it a little better, and restore their faith in people! The main character will help you figure it out and get comfortable, and tell you about the necessary help in this exciting and extremely important matter! The help of each person is important so that the world becomes","{""text_match"": 0.026720256, ""cosine_similarity"": 0.5894272, ""reranker_score"": -6.69383}"
2026-02-10T19:44:28+00:00,CORTEX_DB.RAW.CAT_GAMES_SVC_1_5,default,"I remember a hidden object game: black-and-white city illustration, and after finding cats the picture gets colored","I remember a hidden object game: black-and-white city illustration, and after finding cats the picture gets colored",[],,False,,,,keyword_extreme,0.3,10,100,0,1024,1024,,01c25360-0005-0847-0001-397a0006c3aa,,38,38,,6e-06,6e-06,,6e-06,,,,,[],[],[],[],[],[],,,,,,,True,False,[],[],,,,[],[],,,,5,Hidden Cats: Magic Forest,0.7882093,2023,English;French;German;Italian;Japanese;Korean;Portuguese - Portugal;Simplified Chinese;Spanish - Spain;Turkish,Family Sharing;Full controller support;Single-player;Steam Achievements,Casual;Indie,3D;Atmospheric;Casual;Cats;Colorful;Creature Collector;Cute;Exploration;Family Friendly;Hidden Object;Indie;Isometric;Minimalist;Nature;Point & Click;Puzzle;Relaxing;Singleplayer;Tutorial;Wholesome,"Hidden Cats: Magic Forest is a hidden object game where you'll search for hidden cats while exploring the mysteries of the magical forest. Find cats in black, white, and orange colors. Lift old trees and plant saplings in their place to create new trees. Discover the Hidden Egyptian Cat God. Learn interesting facts about cats. Touch the magical texture of the forest and interact with other surprise objects to earn all the achievements. If you enjoy games like 'A Building Full of Cats' and 'Hidde","{""text_match"": 0.036817066, ""cosine_similarity"": 0.5764186, ""reranker_score"": -6.5692043}"
2026-02-10T19:44:28+00:00,CORTEX_DB.RAW.CAT_GAMES_SVC_1_5,default,"I remember a hidden object game: black-and-white city illustration, and after finding cats the picture gets colored","I remember a hidden object game: black-and-white city illustration, and after finding cats the picture gets colored",[],,False,,,,keyword_extreme,0.3,10,100,0,1024,1024,,01c25360-0005-0847-0001-397a0006c3aa,,38,38,,6e-06,6e-06,,6e-06,,,,,[],[],[],[],[],[],,,,,,,True,False,[],[],,,,[],[],,,,6,Hidden Cats in Spooky Town,0.7874074,2023,English,Family Sharing;Full controller support;Single-player;Steam Achievements;Steam Cloud;Steam Trading Cards,Casual,Adventure;Cartoony;Casual;Cats;Clicker;Collectathon;Colorful;Cozy;Creature Collector;Cute;Exploration;Family Friendly;Funny;Hand-drawn;Hidden Object;Point & Click;Puzzle;Relaxing;Satire;Wholesome,"It's Halloween time! Do you choose Trick or Cat? Enjoy and find all the Hidden Cats one by one in the Spooky Town to reveal the final colored art. Play through different modes, find special cats, and unlock bonus levels! More than 970 hidden objects to find! Got all cats, played all bonuses, and had a nice Halloween evening? This time we are giving you an EXTRA BONUS!!! Enjoy the AFTER PARTY at the park! More than 970 Hidden Objects to find in the entire game! Play through different modes, find ","{""text_match"": 0.027467526, ""cosine_similarity"": 0.5748148, ""reranker_score"": -6.576153}"
2026-02-10T19:44:28+00:00,CORTEX_DB.RAW.CAT_GAMES_SVC_1_5,default,"I remember a hidden object game: black-and-white city illustration, and after finding cats the picture gets colored","I remember a hidden object game: black-and-white city illustration, and after finding cats the picture gets colored",[],,False,,,,keyword_extreme,0.3,10,100,0,1024,1024,,01c25360-0005-0847-0001-397a0006c3aa,,38,38,,6e-06,6e-06,,6e-06,,,,,[],[],[],[],[],[],,,,,,,True,False,[],[],,,,[],[],,,,7,Hidden Cats - Winter,0.7920406,2024,English;French;German;Italian;Japanese;Korean;Portuguese - Portugal;Russian;Simplified Chinese;Spanish - Spain,Family Sharing;Single-player;Steam Achievements,Adventure;Casual,2D;Adventure;Cartoon;Cartoony;Casual;Cats;Colorful;Cozy;Creature Collector;Cute;Family Friendly;Funny;Hand-drawn;Hidden Object;Point & Click;Puzzle;Relaxing;Singleplayer;Stylized;Wholesome,"Dive into the enchanting world of 'Hidden Cats - Winter' a hidden object game where your mission is to uncover every cat hidden within stunning hand-painted artwork. Let your keen eye and curiosity guide you through this captivating journey. ※ Key Features: 😺 100 Hidden Cats: Discover 100 hidden cats scattered throughout the artwork. 💡 Unlimited Hints: Stuck? Use unlimited hints to find the hidden cats and keep progressing. 🎵 Custom Music: Enjoy unique background music for the artwork, enhancing","{""text_match"": 0.019201566, ""cosine_similarity"": 0.5840812, ""reranker_score"": -7.0142865}"
2026-02-10T19:44:28+00:00,CORTEX_DB.RAW.CAT_GAMES_SVC_1_5,default,"I remember a hidden object game: black-and-white city illustration, and after finding cats the picture gets colored","I remember a hidden object game: black-and-white city illustration, and after finding cats the picture gets colored",[],,False,,,,keyword_extreme,0.3,10,100,0,1024,1024,,01c25360-0005-0847-0001-397a0006c3aa,,38,38,,6e-06,6e-06,,6e-06,,,,,[],[],[],[],[],[],,,,,,,True,False,[],[],,,,[],[],,,,8,Hidden Cats - Easter,0.7889221,2025,English;French;German;Italian;Japanese;Korean;Portuguese - Portugal;Russian;Simplified Chinese;Spanish - Spain,Family Sharing;Single-player;Steam Achievements,Casual,2D;Cartoon;Cartoony;Casual;Cats;Colorful;Creature Collector;Cute;Family Friendly;Funny;Hand-drawn;Hidden Object;Point & Click;Puzzle;Relaxing;Singleplayer;Stylized;Wholesome,"Dive into the enchanting world of 'Hidden Cats - Easter' a hidden object game where your mission is to uncover every cat hidden within stunning hand-painted artwork. Let your keen eye and curiosity guide you through this captivating journey. ※ Key Features: 😺 100 Hidden Cats: Discover 100 hidden cats scattered throughout the artwork. 💡 Unlimited Hints: Stuck? Use unlimited hints to find the hidden cats and keep progressing. 🎵 Custom Music: Enjoy unique background music for the artwork, enhancing","{""text_match"": 0.019201566, ""cosine_similarity"": 0.5778442, ""reranker_score"": -7.029936}"
2026-02-10T19:44:28+00:00,CORTEX_DB.RAW.CAT_GAMES_SVC_1_5,default,"I remember a hidden object game: black-and-white city illustration, and after finding cats the picture gets colored","I remember a hidden object game: black-and-white city illustration, and after finding cats the picture gets colored",[],,False,,,,keyword_extreme,0.3,10,100,0,1024,1024,,01c25360-0005-0847-0001-397a0006c3aa,,38,38,,6e-06,6e-06,,6e-06,,,,,[],[],[],[],[],[],,,,,,,True,False,[],[],,,,[],[],,,,9,Hidden Cats - Zoo,0.7887439,2024,English;French;German;Italian;Japanese;Korean;Portuguese - Portugal;Russian;Simplified Chinese;Spanish - Spain,Family Sharing;Single-player;Steam Achievements,Adventure;Casual,2D;Adventure;Cartoon;Cartoony;Casual;Cats;Colorful;Cozy;Creature Collector;Cute;Family Friendly;Funny;Hand-drawn;Hidden Object;Point & Click;Puzzle;Relaxing;Singleplayer;Stylized;Wholesome,"Dive into the enchanting world of 'Hidden Cats - Zoo' a hidden object game where your mission is to uncover every cat hidden within stunning hand-painted artwork. Let your keen eye and curiosity guide you through this captivating journey. ※ Key Features: 😺 100 Hidden Cats: Discover 100 hidden cats scattered throughout the artwork. 💡 Unlimited Hints: Stuck? Use unlimited hints to find the hidden cats and keep progressing. 🎵 Custom Music: Enjoy unique background music for the artwork, enhancing yo","{""text_match"": 0.019201566, ""cosine_similarity"": 0.5774878, ""reranker_score"": -7.089733}"
2026-02-10T19:44:28+00:00,CORTEX_DB.RAW.CAT_GAMES_SVC_1_5,default,"I remember a hidden object game: black-and-white city illustration, and after finding cats the picture gets colored","I remember a hidden object game: black-and-white city illustration, and after finding cats the picture gets colored",[],,False,,,,keyword_extreme,0.3,10,100,0,1024,1024,,01c25360-0005-0847-0001-397a0006c3aa,,38,38,,6e-06,6e-06,,6e-06,,,,,[],[],[],[],[],[],,,,,,,True,False,[],[],,,,[],[],,,,10,Hidden Office,0.7821505,2021,Arabic;Bulgarian;Czech;Danish;Dutch;English;Finnish;French;German;Greek;Hungarian;Italian;Japanese;Korean;Norwegian;Polish;Portuguese - Brazil;Portuguese - Portugal;Romanian;Russian;Simplified Chinese;Spanish - Latin America;Spanish - Spain;Swedish;Thai;Traditional Chinese;Turkish;Ukrainian;Vietnamese,Family Sharing;Single-player;Steam Achievements,Casual;Indie,3D;Arcade;Atmospheric;Cartoony;Casual;Cats;Colorful;Cute;Exploration;Family Friendly;Female Protagonist;Hidden Object;Indie;Investigation;Logic;Minimalist;Narration;Puzzle;Relaxing;Stylized,Office is empty now... Except cats. There are 12 rooms with plenty items. Find everything in a checklist and have fun! Classic Hidden Object game in 3D Extra achivements: find all 30 cats and get animated collectible cards 12 areas (108 levels) to unlock Plenty classic and unique challenges Easy to use Comfortable Zoom and Rotation No time limit - just relax and have fun Don't forget to,"{""text_match"": 0.0068693855, ""cosine_similarity"": 0.564301, ""reranker_score"": -6.534436}"
2026-02-10T19:44:29+00:00,CORTEX_DB.RAW.CAT_GAMES_SVC_1_5,default,"I remember a hidden object game: black-and-white city illustration, and after finding cats the picture gets colored","I remember a hidden object game: black-and-white city illustration, and after finding cats the picture gets colored",[],,False,,,,keyword_extreme,0.65,10,100,0,1015,1015,,01c25360-0005-0843-0001-397a0006d37a,,38,38,,6e-06,6e-06,,6e-06,,,,,[],[],[],[],[],[],,,,,,,True,False,[],[],,,,[],[],,,,1,Hidden Cats in Paris,0.8019307,2022,English,Family Sharing;Full controller support;Single-player;Steam Achievements;Steam Cloud;Steam Trading Cards,Casual;Indie,Cartoon;Casual;Cats;Cute;Hand-drawn;Hidden Object;Indie;Point & Click;Relaxing,"Meow meow meow mes amis! Cats are hidden in a unique lovely Paris scenario. A short and pleasant experience in a big and lovely illustration! Start with a Beautiful monochromatic scenario, relax, and find all the cats to reveal the final colored art. More than 680 hidden objects to find!!! Play through different modes, find special cats, and unlock bonus levels! NORMAL MODE Find 100 cats in fixed positions. 3 hints. ADVANCED MODE Find 150 cats in semi-random positions. 8 Special cats that unlock","{""text_match"": 0.026049701, ""cosine_similarity"": 0.6038614, ""reranker_score"": -4.6134124}"
2026-02-10T19:44:29+00:00,CORTEX_DB.RAW.CAT_GAMES_SVC_1_5,default,"I remember a hidden object game: black-and-white city illustration, and after finding cats the picture gets colored","I remember a hidden object game: black-and-white city illustration, and after finding cats the picture gets colored",[],,False,,,,keyword_extreme,0.65,10,100,0,1015,1015,,01c25360-0005-0843-0001-397a0006d37a,,38,38,,6e-06,6e-06,,6e-06,,,,,[],[],[],[],[],[],,,,,,,True,False,[],[],,,,[],[],,,,2,I commissioned some cats 3,0.808345885,2023,English,Family Sharing;Single-player;Steam Achievements,Casual;Indie,2D;Abstract;Cartoony;Casual;Cats;Colorful;Comic Book;Cute;Design & Illustration;Family Friendly;Fantasy;Hand-drawn;Hidden Object;Instrumental Music;Nature;Point & Click;Psychedelic;Puzzle;Relaxing;Singleplayer,A hidden object game where you must find all the cats and wool to complete each level. Key features: 🖼️ 15 Unique artworks ❓ 1500+ Hidden objects total 🐈 750+ Cats 🧶 750+ Wool 💡 ∞ Unlimited hints if you get stuck ♻️ Restore a small number of hidden objects to a painting so you can find them again! 🎵 Music for each artwork ⌨️ Use your keyboard to move/zoom in if you have no scroll wheel 💾 3x save slots 🗑️ Reset progress entirely and play again 🕒 Timer included to show how long you took to complet,"{""text_match"": 0.05555541, ""cosine_similarity"": 0.61669177, ""reranker_score"": -5.232831}"
2026-02-10T19:44:29+00:00,CORTEX_DB.RAW.CAT_GAMES_SVC_1_5,default,"I remember a hidden object game: black-and-white city illustration, and after finding cats the picture gets colored","I remember a hidden object game: black-and-white city illustration, and after finding cats the picture gets colored",[],,False,,,,keyword_extreme,0.65,10,100,0,1015,1015,,01c25360-0005-0843-0001-397a0006d37a,,38,38,,6e-06,6e-06,,6e-06,,,,,[],[],[],[],[],[],,,,,,,True,False,[],[],,,,[],[],,,,3,100 hidden cats 2,0.80442548,2021,English,Family Sharing;Single-player;Steam Achievements;Steam Trading Cards,Adventure;Casual;Indie,2D;Adventure;Arcade;Casual;Cats;Creature Collector;Cute;Dog;Exploration;Family Friendly;Hand-drawn;Hidden Object;Minimalist;Nature;Point & Click;Puzzle;Relaxing;Side Scroller;Stylized;Trains,Art by Аnatoliy Loginovskikh Important information Press 'N' for night mode. Press 'Del' then 'Esc' to reset all achievements. 100 hidden cats 2 is a hidden object game in the city setting. Black and white hand-drawn graphics in a cartoon style. Ultra hard! Really very difficult! Cunning cats hid in the big city. They are disguised and very dangerous. Can you find 100 cats? Just click on the cat! Take care of your nerves!,"{""text_match"": 0.035801988, ""cosine_similarity"": 0.60885096, ""reranker_score"": -5.430273}"
2026-02-10T19:44:29+00:00,CORTEX_DB.RAW.CAT_GAMES_SVC_1_5,default,"I remember a hidden object game: black-and-white city illustration, and after finding cats the picture gets colored","I remember a hidden object game: black-and-white city illustration, and after finding cats the picture gets colored",[],,False,,,,keyword_extreme,0.65,10,100,0,1015,1015,,01c25360-0005-0843-0001-397a0006d37a,,38,38,,6e-06,6e-06,,6e-06,,,,,[],[],[],[],[],[],,,,,,,True,False,[],[],,,,[],[],,,,4,Cat city,0.7947136,2023,English;Russian,Family Sharing;Full controller support;Single-player;Steam Achievements,Adventure;Casual;Indie,2D;Atmospheric;Casual;Cats;Clicker;Controller;Creature Collector;Cute;Detective;Education;Exploration;Family Friendly;Hand-drawn;Hidden Object;Interactive Fiction;Point & Click;Puzzle;Side Scroller;Singleplayer;Trading Card Game,"'Cat city' is an exciting hidden objects game. In this game, you will have to explore the whole city to find all the cats (and various secrets) and get closer to the goal of making this world and the lives of the cats living in it a little better, and restore their faith in people! The main character will help you figure it out and get comfortable, and tell you about the necessary help in this exciting and extremely important matter! The help of each person is important so that the world becomes","{""text_match"": 0.026720256, ""cosine_similarity"": 0.5894272, ""reranker_score"": -6.69383}"
2026-02-10T19:44:29+00:00,CORTEX_DB.RAW.CAT_GAMES_SVC_1_5,default,"I remember a hidden object game: black-and-white city illustration, and after finding cats the picture gets colored","I remember a hidden object game: black-and-white city illustration, and after finding cats the picture gets colored",[],,False,,,,keyword_extreme,0.65,10,100,0,1015,1015,,01c25360-0005-0843-0001-397a0006d37a,,38,38,,6e-06,6e-06,,6e-06,,,,,[],[],[],[],[],[],,,,,,,True,False,[],[],,,,[],[],,,,5,Hidden Cats: Magic Forest,0.7882093,2023,English;French;German;Italian;Japanese;Korean;Portuguese - Portugal;Simplified Chinese;Spanish - Spain;Turkish,Family Sharing;Full controller support;Single-player;Steam Achievements,Casual;Indie,3D;Atmospheric;Casual;Cats;Colorful;Creature Collector;Cute;Exploration;Family Friendly;Hidden Object;Indie;Isometric;Minimalist;Nature;Point & Click;Puzzle;Relaxing;Singleplayer;Tutorial;Wholesome,"Hidden Cats: Magic Forest is a hidden object game where you'll search for hidden cats while exploring the mysteries of the magical forest. Find cats in black, white, and orange colors. Lift old trees and plant saplings in their place to create new trees. Discover the Hidden Egyptian Cat God. Learn interesting facts about cats. Touch the magical texture of the forest and interact with other surprise objects to earn all the achievements. If you enjoy games like 'A Building Full of Cats' and 'Hidde","{""text_match"": 0.036817066, ""cosine_similarity"": 0.5764186, ""reranker_score"": -6.5692043}"
2026-02-10T19:44:29+00:00,CORTEX_DB.RAW.CAT_GAMES_SVC_1_5,default,"I remember a hidden object game: black-and-white city illustration, and after finding cats the picture gets colored","I remember a hidden object game: black-and-white city illustration, and after finding cats the picture gets colored",[],,False,,,,keyword_extreme,0.65,10,100,0,1015,1015,,01c25360-0005-0843-0001-397a0006d37a,,38,38,,6e-06,6e-06,,6e-06,,,,,[],[],[],[],[],[],,,,,,,True,False,[],[],,,,[],[],,,,6,Hidden Cats in Spooky Town,0.7874074,2023,English,Family Sharing;Full controller support;Single-player;Steam Achievements;Steam Cloud;Steam Trading Cards,Casual,Adventure;Cartoony;Casual;Cats;Clicker;Collectathon;Colorful;Cozy;Creature Collector;Cute;Exploration;Family Friendly;Funny;Hand-drawn;Hidden Object;Point & Click;Puzzle;Relaxing;Satire;Wholesome,"It's Halloween time! Do you choose Trick or Cat? Enjoy and find all the Hidden Cats one by one in the Spooky Town to reveal the final colored art. Play through different modes, find special cats, and unlock bonus levels! More than 970 hidden objects to find! Got all cats, played all bonuses, and had a nice Halloween evening? This time we are giving you an EXTRA BONUS!!! Enjoy the AFTER PARTY at the park! More than 970 Hidden Objects to find in the entire game! Play through different modes, find ","{""text_match"": 0.027467526, ""cosine_similarity"": 0.5748148, ""reranker_score"": -6.576153}"
2026-02-10T19:44:29+00:00,CORTEX_DB.RAW.CAT_GAMES_SVC_1_5,default,"I remember a hidden object game: black-and-white city illustration, and after finding cats the picture gets colored","I remember a hidden object game: black-and-white city illustration, and after finding cats the picture gets colored",[],,False,,,,keyword_extreme,0.65,10,100,0,1015,1015,,01c25360-0005-0843-0001-397a0006d37a,,38,38,,6e-06,6e-06,,6e-06,,,,,[],[],[],[],[],[],,,,,,,True,False,[],[],,,,[],[],,,,7,Hidden Cats - Winter,0.7920406,2024,English;French;German;Italian;Japanese;Korean;Portuguese - Portugal;Russian;Simplified Chinese;Spanish - Spain,Family Sharing;Single-player;Steam Achievements,Adventure;Casual,2D;Adventure;Cartoon;Cartoony;Casual;Cats;Colorful;Cozy;Creature Collector;Cute;Family Friendly;Funny;Hand-drawn;Hidden Object;Point & Click;Puzzle;Relaxing;Singleplayer;Stylized;Wholesome,"Dive into the enchanting world of 'Hidden Cats - Winter' a hidden object game where your mission is to uncover every cat hidden within stunning hand-painted artwork. Let your keen eye and curiosity guide you through this captivating journey. ※ Key Features: 😺 100 Hidden Cats: Discover 100 hidden cats scattered throughout the artwork. 💡 Unlimited Hints: Stuck? Use unlimited hints to find the hidden cats and keep progressing. 🎵 Custom Music: Enjoy unique background music for the artwork, enhancing","{""text_match"": 0.019201566, ""cosine_similarity"": 0.5840812, ""reranker_score"": -7.0142865}"
2026-02-10T19:44:29+00:00,CORTEX_DB.RAW.CAT_GAMES_SVC_1_5,default,"I remember a hidden object game: black-and-white city illustration, and after finding cats the picture gets colored","I remember a hidden object game: black-and-white city illustration, and after finding cats the picture gets colored",[],,False,,,,keyword_extreme,0.65,10,100,0,1015,1015,,01c25360-0005-0843-0001-397a0006d37a,,38,38,,6e-06,6e-06,,6e-06,,,,,[],[],[],[],[],[],,,,,,,True,False,[],[],,,,[],[],,,,8,Hidden Cats - Easter,0.7889221,2025,English;French;German;Italian;Japanese;Korean;Portuguese - Portugal;Russian;Simplified Chinese;Spanish - Spain,Family Sharing;Single-player;Steam Achievements,Casual,2D;Cartoon;Cartoony;Casual;Cats;Colorful;Creature Collector;Cute;Family Friendly;Funny;Hand-drawn;Hidden Object;Point & Click;Puzzle;Relaxing;Singleplayer;Stylized;Wholesome,"Dive into the enchanting world of 'Hidden Cats - Easter' a hidden object game where your mission is to uncover every cat hidden within stunning hand-painted artwork. Let your keen eye and curiosity guide you through this captivating journey. ※ Key Features: 😺 100 Hidden Cats: Discover 100 hidden cats scattered throughout the artwork. 💡 Unlimited Hints: Stuck? Use unlimited hints to find the hidden cats and keep progressing. 🎵 Custom Music: Enjoy unique background music for the artwork, enhancing","{""text_match"": 0.019201566, ""cosine_similarity"": 0.5778442, ""reranker_score"": -7.029936}"
2026-02-10T19:44:29+00:00,CORTEX_DB.RAW.CAT_GAMES_SVC_1_5,default,"I remember a hidden object game: black-and-white city illustration, and after finding cats the picture gets colored","I remember a hidden object game: black-and-white city illustration, and after finding cats the picture gets colored",[],,False,,,,keyword_extreme,0.65,10,100,0,1015,1015,,01c25360-0005-0843-0001-397a0006d37a,,38,38,,6e-06,6e-06,,6e-06,,,,,[],[],[],[],[],[],,,,,,,True,False,[],[],,,,[],[],,,,9,Hidden Cats - Zoo,0.7887439,2024,English;French;German;Italian;Japanese;Korean;Portuguese - Portugal;Russian;Simplified Chinese;Spanish - Spain,Family Sharing;Single-player;Steam Achievements,Adventure;Casual,2D;Adventure;Cartoon;Cartoony;Casual;Cats;Colorful;Cozy;Creature Collector;Cute;Family Friendly;Funny;Hand-drawn;Hidden Object;Point & Click;Puzzle;Relaxing;Singleplayer;Stylized;Wholesome,"Dive into the enchanting world of 'Hidden Cats - Zoo' a hidden object game where your mission is to uncover every cat hidden within stunning hand-painted artwork. Let your keen eye and curiosity guide you through this captivating journey. ※ Key Features: 😺 100 Hidden Cats: Discover 100 hidden cats scattered throughout the artwork. 💡 Unlimited Hints: Stuck? Use unlimited hints to find the hidden cats and keep progressing. 🎵 Custom Music: Enjoy unique background music for the artwork, enhancing yo","{""text_match"": 0.019201566, ""cosine_similarity"": 0.5774878, ""reranker_score"": -7.089733}"
2026-02-10T19:44:29+00:00,CORTEX_DB.RAW.CAT_GAMES_SVC_1_5,default,"I remember a hidden object game: black-and-white city illustration, and after finding cats the picture gets colored","I remember a hidden object game: black-and-white city illustration, and after finding cats the picture gets colored",[],,False,,,,keyword_extreme,0.65,10,100,0,1015,1015,,01c25360-0005-0843-0001-397a0006d37a,,38,38,,6e-06,6e-06,,6e-06,,,,,[],[],[],[],[],[],,,,,,,True,False,[],[],,,,[],[],,,,10,Hidden Office,0.7821505,2021,Arabic;Bulgarian;Czech;Danish;Dutch;English;Finnish;French;German;Greek;Hungarian;Italian;Japanese;Korean;Norwegian;Polish;Portuguese - Brazil;Portuguese - Portugal;Romanian;Russian;Simplified Chinese;Spanish - Latin America;Spanish - Spain;Swedish;Thai;Traditional Chinese;Turkish;Ukrainian;Vietnamese,Family Sharing;Single-player;Steam Achievements,Casual;Indie,3D;Arcade;Atmospheric;Cartoony;Casual;Cats;Colorful;Cute;Exploration;Family Friendly;Female Protagonist;Hidden Object;Indie;Investigation;Logic;Minimalist;Narration;Puzzle;Relaxing;Stylized,Office is empty now... Except cats. There are 12 rooms with plenty items. Find everything in a checklist and have fun! Classic Hidden Object game in 3D Extra achivements: find all 30 cats and get animated collectible cards 12 areas (108 levels) to unlock Plenty classic and unique challenges Easy to use Comfortable Zoom and Rotation No time limit - just relax and have fun Don't forget to,"{""text_match"": 0.0068693855, ""cosine_similarity"": 0.564301, ""reranker_score"": -6.534436}"
2026-02-10T19:44:30+00:00,CORTEX_DB.RAW.CAT_GAMES_SVC_1_5,default,"I remember a hidden object game: black-and-white city illustration, and after finding cats the picture gets colored","I remember a hidden object game: black-and-white city illustration, and after finding cats the picture gets colored",[],,False,,,,keyword_extreme,0.75,10,100,0,1032,1032,,01c25360-0005-0847-0001-397a0006c3b2,,37,37,,6e-06,6e-06,,6e-06,,,,,[],[],[],[],[],[],,,,,,,True,False,[],[],,,,[],[],,,,1,Hidden Cats in Paris,0.8019307,2022,English,Family Sharing;Full controller support;Single-player;Steam Achievements;Steam Cloud;Steam Trading Cards,Casual;Indie,Cartoon;Casual;Cats;Cute;Hand-drawn;Hidden Object;Indie;Point & Click;Relaxing,"Meow meow meow mes amis! Cats are hidden in a unique lovely Paris scenario. A short and pleasant experience in a big and lovely illustration! Start with a Beautiful monochromatic scenario, relax, and find all the cats to reveal the final colored art. More than 680 hidden objects to find!!! Play through different modes, find special cats, and unlock bonus levels! NORMAL MODE Find 100 cats in fixed positions. 3 hints. ADVANCED MODE Find 150 cats in semi-random positions. 8 Special cats that unlock","{""text_match"": 0.026049701, ""cosine_similarity"": 0.6038614, ""reranker_score"": -4.6134124}"
2026-02-10T19:44:30+00:00,CORTEX_DB.RAW.CAT_GAMES_SVC_1_5,default,"I remember a hidden object game: black-and-white city illustration, and after finding cats the picture gets colored","I remember a hidden object game: black-and-white city illustration, and after finding cats the picture gets colored",[],,False,,,,keyword_extreme,0.75,10,100,0,1032,1032,,01c25360-0005-0847-0001-397a0006c3b2,,37,37,,6e-06,6e-06,,6e-06,,,,,[],[],[],[],[],[],,,,,,,True,False,[],[],,,,[],[],,,,2,I commissioned some cats 3,0.808345885,2023,English,Family Sharing;Single-player;Steam Achievements,Casual;Indie,2D;Abstract;Cartoony;Casual;Cats;Colorful;Comic Book;Cute;Design & Illustration;Family Friendly;Fantasy;Hand-drawn;Hidden Object;Instrumental Music;Nature;Point & Click;Psychedelic;Puzzle;Relaxing;Singleplayer,A hidden object game where you must find all the cats and wool to complete each level. Key features: 🖼️ 15 Unique artworks ❓ 1500+ Hidden objects total 🐈 750+ Cats 🧶 750+ Wool 💡 ∞ Unlimited hints if you get stuck ♻️ Restore a small number of hidden objects to a painting so you can find them again! 🎵 Music for each artwork ⌨️ Use your keyboard to move/zoom in if you have no scroll wheel 💾 3x save slots 🗑️ Reset progress entirely and play again 🕒 Timer included to show how long you took to complet,"{""text_match"": 0.05555541, ""cosine_similarity"": 0.61669177, ""reranker_score"": -5.232831}"
2026-02-10T19:44:30+00:00,CORTEX_DB.RAW.CAT_GAMES_SVC_1_5,default,"I remember a hidden object game: black-and-white city illustration, and after finding cats the picture gets colored","I remember a hidden object game: black-and-white city illustration, and after finding cats the picture gets colored",[],,False,,,,keyword_extreme,0.75,10,100,0,1032,1032,,01c25360-0005-0847-0001-397a0006c3b2,,37,37,,6e-06,6e-06,,6e-06,,,,,[],[],[],[],[],[],,,,,,,True,False,[],[],,,,[],[],,,,3,100 hidden cats 2,0.80442548,2021,English,Family Sharing;Single-player;Steam Achievements;Steam Trading Cards,Adventure;Casual;Indie,2D;Adventure;Arcade;Casual;Cats;Creature Collector;Cute;Dog;Exploration;Family Friendly;Hand-drawn;Hidden Object;Minimalist;Nature;Point & Click;Puzzle;Relaxing;Side Scroller;Stylized;Trains,Art by Аnatoliy Loginovskikh Important information Press 'N' for night mode. Press 'Del' then 'Esc' to reset all achievements. 100 hidden cats 2 is a hidden object game in the city setting. Black and white hand-drawn graphics in a cartoon style. Ultra hard! Really very difficult! Cunning cats hid in the big city. They are disguised and very dangerous. Can you find 100 cats? Just click on the cat! Take care of your nerves!,"{""text_match"": 0.035801988, ""cosine_similarity"": 0.60885096, ""reranker_score"": -5.430273}"
2026-02-10T19:44:30+00:00,CORTEX_DB.RAW.CAT_GAMES_SVC_1_5,default,"I remember a hidden object game: black-and-white city illustration, and after finding cats the picture gets colored","I remember a hidden object game: black-and-white city illustration, and after finding cats the picture gets colored",[],,False,,,,keyword_extreme,0.75,10,100,0,1032,1032,,01c25360-0005-0847-0001-397a0006c3b2,,37,37,,6e-06,6e-06,,6e-06,,,,,[],[],[],[],[],[],,,,,,,True,False,[],[],,,,[],[],,,,4,Cat city,0.7947136,2023,English;Russian,Family Sharing;Full controller support;Single-player;Steam Achievements,Adventure;Casual;Indie,2D;Atmospheric;Casual;Cats;Clicker;Controller;Creature Collector;Cute;Detective;Education;Exploration;Family Friendly;Hand-drawn;Hidden Object;Interactive Fiction;Point & Click;Puzzle;Side Scroller;Singleplayer;Trading Card Game,"'Cat city' is an exciting hidden objects game. In this game, you will have to explore the whole city to find all the cats (and various secrets) and get closer to the goal of making this world and the lives of the cats living in it a little better, and restore their faith in people! The main character will help you figure it out and get comfortable, and tell you about the necessary help in this exciting and extremely important matter! The help of each person is important so that the world becomes","{""text_match"": 0.026720256, ""cosine_similarity"": 0.5894272, ""reranker_score"": -6.69383}"
2026-02-10T19:44:30+00:00,CORTEX_DB.RAW.CAT_GAMES_SVC_1_5,default,"I remember a hidden object game: black-and-white city illustration, and after finding cats the picture gets colored","I remember a hidden object game: black-and-white city illustration, and after finding cats the picture gets colored",[],,False,,,,keyword_extreme,0.75,10,100,0,1032,1032,,01c25360-0005-0847-0001-397a0006c3b2,,37,37,,6e-06,6e-06,,6e-06,,,,,[],[],[],[],[],[],,,,,,,True,False,[],[],,,,[],[],,,,5,Hidden Cats: Magic Forest,0.7882093,2023,English;French;German;Italian;Japanese;Korean;Portuguese - Portugal;Simplified Chinese;Spanish - Spain;Turkish,Family Sharing;Full controller support;Single-player;Steam Achievements,Casual;Indie,3D;Atmospheric;Casual;Cats;Colorful;Creature Collector;Cute;Exploration;Family Friendly;Hidden Object;Indie;Isometric;Minimalist;Nature;Point & Click;Puzzle;Relaxing;Singleplayer;Tutorial;Wholesome,"Hidden Cats: Magic Forest is a hidden object game where you'll search for hidden cats while exploring the mysteries of the magical forest. Find cats in black, white, and orange colors. Lift old trees and plant saplings in their place to create new trees. Discover the Hidden Egyptian Cat God. Learn interesting facts about cats. Touch the magical texture of the forest and interact with other surprise objects to earn all the achievements. If you enjoy games like 'A Building Full of Cats' and 'Hidde","{""text_match"": 0.036817066, ""cosine_similarity"": 0.5764186, ""reranker_score"": -6.5692043}"
2026-02-10T19:44:30+00:00,CORTEX_DB.RAW.CAT_GAMES_SVC_1_5,default,"I remember a hidden object game: black-and-white city illustration, and after finding cats the picture gets colored","I remember a hidden object game: black-and-white city illustration, and after finding cats the picture gets colored",[],,False,,,,keyword_extreme,0.75,10,100,0,1032,1032,,01c25360-0005-0847-0001-397a0006c3b2,,37,37,,6e-06,6e-06,,6e-06,,,,,[],[],[],[],[],[],,,,,,,True,False,[],[],,,,[],[],,,,6,Hidden Cats in Spooky Town,0.7874074,2023,English,Family Sharing;Full controller support;Single-player;Steam Achievements;Steam Cloud;Steam Trading Cards,Casual,Adventure;Cartoony;Casual;Cats;Clicker;Collectathon;Colorful;Cozy;Creature Collector;Cute;Exploration;Family Friendly;Funny;Hand-drawn;Hidden Object;Point & Click;Puzzle;Relaxing;Satire;Wholesome,"It's Halloween time! Do you choose Trick or Cat? Enjoy and find all the Hidden Cats one by one in the Spooky Town to reveal the final colored art. Play through different modes, find special cats, and unlock bonus levels! More than 970 hidden objects to find! Got all cats, played all bonuses, and had a nice Halloween evening? This time we are giving you an EXTRA BONUS!!! Enjoy the AFTER PARTY at the park! More than 970 Hidden Objects to find in the entire game! Play through different modes, find ","{""text_match"": 0.027467526, ""cosine_similarity"": 0.5748148, ""reranker_score"": -6.576153}"
2026-02-10T19:44:30+00:00,CORTEX_DB.RAW.CAT_GAMES_SVC_1_5,default,"I remember a hidden object game: black-and-white city illustration, and after finding cats the picture gets colored","I remember a hidden object game: black-and-white city illustration, and after finding cats the picture gets colored",[],,False,,,,keyword_extreme,0.75,10,100,0,1032,1032,,01c25360-0005-0847-0001-397a0006c3b2,,37,37,,6e-06,6e-06,,6e-06,,,,,[],[],[],[],[],[],,,,,,,True,False,[],[],,,,[],[],,,,7,Hidden Cats - Winter,0.7920406,2024,English;French;German;Italian;Japanese;Korean;Portuguese - Portugal;Russian;Simplified Chinese;Spanish - Spain,Family Sharing;Single-player;Steam Achievements,Adventure;Casual,2D;Adventure;Cartoon;Cartoony;Casual;Cats;Colorful;Cozy;Creature Collector;Cute;Family Friendly;Funny;Hand-drawn;Hidden Object;Point & Click;Puzzle;Relaxing;Singleplayer;Stylized;Wholesome,"Dive into the enchanting world of 'Hidden Cats - Winter' a hidden object game where your mission is to uncover every cat hidden within stunning hand-painted artwork. Let your keen eye and curiosity guide you through this captivating journey. ※ Key Features: 😺 100 Hidden Cats: Discover 100 hidden cats scattered throughout the artwork. 💡 Unlimited Hints: Stuck? Use unlimited hints to find the hidden cats and keep progressing. 🎵 Custom Music: Enjoy unique background music for the artwork, enhancing","{""text_match"": 0.019201566, ""cosine_similarity"": 0.5840812, ""reranker_score"": -7.0142865}"
2026-02-10T19:44:30+00:00,CORTEX_DB.RAW.CAT_GAMES_SVC_1_5,default,"I remember a hidden object game: black-and-white city illustration, and after finding cats the picture gets colored","I remember a hidden object game: black-and-white city illustration, and after finding cats the picture gets colored",[],,False,,,,keyword_extreme,0.75,10,100,0,1032,1032,,01c25360-0005-0847-0001-397a0006c3b2,,37,37,,6e-06,6e-06,,6e-06,,,,,[],[],[],[],[],[],,,,,,,True,False,[],[],,,,[],[],,,,8,Hidden Cats - Easter,0.7889221,2025,English;French;German;Italian;Japanese;Korean;Portuguese - Portugal;Russian;Simplified Chinese;Spanish - Spain,Family Sharing;Single-player;Steam Achievements,Casual,2D;Cartoon;Cartoony;Casual;Cats;Colorful;Creature Collector;Cute;Family Friendly;Funny;Hand-drawn;Hidden Object;Point & Click;Puzzle;Relaxing;Singleplayer;Stylized;Wholesome,"Dive into the enchanting world of 'Hidden Cats - Easter' a hidden object game where your mission is to uncover every cat hidden within stunning hand-painted artwork. Let your keen eye and curiosity guide you through this captivating journey. ※ Key Features: 😺 100 Hidden Cats: Discover 100 hidden cats scattered throughout the artwork. 💡 Unlimited Hints: Stuck? Use unlimited hints to find the hidden cats and keep progressing. 🎵 Custom Music: Enjoy unique background music for the artwork, enhancing","{""text_match"": 0.019201566, ""cosine_similarity"": 0.5778442, ""reranker_score"": -7.029936}"
2026-02-10T19:44:30+00:00,CORTEX_DB.RAW.CAT_GAMES_SVC_1_5,default,"I remember a hidden object game: black-and-white city illustration, and after finding cats the picture gets colored","I remember a hidden object game: black-and-white city illustration, and after finding cats the picture gets colored",[],,False,,,,keyword_extreme,0.75,10,100,0,1032,1032,,01c25360-0005-0847-0001-397a0006c3b2,,37,37,,6e-06,6e-06,,6e-06,,,,,[],[],[],[],[],[],,,,,,,True,False,[],[],,,,[],[],,,,9,Hidden Cats - Zoo,0.7887439,2024,English;French;German;Italian;Japanese;Korean;Portuguese - Portugal;Russian;Simplified Chinese;Spanish - Spain,Family Sharing;Single-player;Steam Achievements,Adventure;Casual,2D;Adventure;Cartoon;Cartoony;Casual;Cats;Colorful;Cozy;Creature Collector;Cute;Family Friendly;Funny;Hand-drawn;Hidden Object;Point & Click;Puzzle;Relaxing;Singleplayer;Stylized;Wholesome,"Dive into the enchanting world of 'Hidden Cats - Zoo' a hidden object game where your mission is to uncover every cat hidden within stunning hand-painted artwork. Let your keen eye and curiosity guide you through this captivating journey. ※ Key Features: 😺 100 Hidden Cats: Discover 100 hidden cats scattered throughout the artwork. 💡 Unlimited Hints: Stuck? Use unlimited hints to find the hidden cats and keep progressing. 🎵 Custom Music: Enjoy unique background music for the artwork, enhancing yo","{""text_match"": 0.019201566, ""cosine_similarity"": 0.5774878, ""reranker_score"": -7.089733}"
2026-02-10T19:44:30+00:00,CORTEX_DB.RAW.CAT_GAMES_SVC_1_5,default,"I remember a hidden object game: black-and-white city illustration, and after finding cats the picture gets colored","I remember a hidden object game: black-and-white city illustration, and after finding cats the picture gets colored",[],,False,,,,keyword_extreme,0.75,10,100,0,1032,1032,,01c25360-0005-0847-0001-397a0006c3b2,,37,37,,6e-06,6e-06,,6e-06,,,,,[],[],[],[],[],[],,,,,,,True,False,[],[],,,,[],[],,,,10,Hidden Office,0.7821505,2021,Arabic;Bulgarian;Czech;Danish;Dutch;English;Finnish;French;German;Greek;Hungarian;Italian;Japanese;Korean;Norwegian;Polish;Portuguese - Brazil;Portuguese - Portugal;Romanian;Russian;Simplified Chinese;Spanish - Latin America;Spanish - Spain;Swedish;Thai;Traditional Chinese;Turkish;Ukrainian;Vietnamese,Family Sharing;Single-player;Steam Achievements,Casual;Indie,3D;Arcade;Atmospheric;Cartoony;Casual;Cats;Colorful;Cute;Exploration;Family Friendly;Female Protagonist;Hidden Object;Indie;Investigation;Logic;Minimalist;Narration;Puzzle;Relaxing;Stylized,Office is empty now... Except cats. There are 12 rooms with plenty items. Find everything in a checklist and have fun! Classic Hidden Object game in 3D Extra achivements: find all 30 cats and get animated collectible cards 12 areas (108 levels) to unlock Plenty classic and unique challenges Easy to use Comfortable Zoom and Rotation No time limit - just relax and have fun Don't forget to,"{""text_match"": 0.0068693855, ""cosine_similarity"": 0.564301, ""reranker_score"": -6.534436}"
2026-02-10T19:44:32+00:00,CORTEX_DB.RAW.CAT_GAMES_SVC_1_5,default,"I remember a hidden object game: black-and-white city illustration, and after finding cats the picture gets colored","I remember a hidden object game: black-and-white city illustration, and after finding cats the picture gets colored",[],,False,,,,no_reranker_balanced,0.3,10,100,0,874,874,,01c25360-0005-0847-0001-397a0006c3ba,,42,42,,6e-06,6e-06,,6e-06,,,,,[],[],[],[],[],[],,,,,,,True,False,[],[],,,,[],[],,,,1,I commissioned some cats 3,0.808345885,2023,English,Family Sharing;Single-player;Steam Achievements,Casual;Indie,2D;Abstract;Cartoony;Casual;Cats;Colorful;Comic Book;Cute;Design & Illustration;Family Friendly;Fantasy;Hand-drawn;Hidden Object;Instrumental Music;Nature;Point & Click;Psychedelic;Puzzle;Relaxing;Singleplayer,A hidden object game where you must find all the cats and wool to complete each level. Key features: 🖼️ 15 Unique artworks ❓ 1500+ Hidden objects total 🐈 750+ Cats 🧶 750+ Wool 💡 ∞ Unlimited hints if you get stuck ♻️ Restore a small number of hidden objects to a painting so you can find them again! 🎵 Music for each artwork ⌨️ Use your keyboard to move/zoom in if you have no scroll wheel 💾 3x save slots 🗑️ Reset progress entirely and play again 🕒 Timer included to show how long you took to complet,"{""text_match"": 0.05555541, ""cosine_similarity"": 0.61669177}"
2026-02-10T19:44:32+00:00,CORTEX_DB.RAW.CAT_GAMES_SVC_1_5,default,"I remember a hidden object game: black-and-white city illustration, and after finding cats the picture gets colored","I remember a hidden object game: black-and-white city illustration, and after finding cats the picture gets colored",[],,False,,,,no_reranker_balanced,0.3,10,100,0,874,874,,01c25360-0005-0847-0001-397a0006c3ba,,42,42,,6e-06,6e-06,,6e-06,,,,,[],[],[],[],[],[],,,,,,,True,False,[],[],,,,[],[],,,,2,100 hidden cats 2,0.80442548,2021,English,Family Sharing;Single-player;Steam Achievements;Steam Trading Cards,Adventure;Casual;Indie,2D;Adventure;Arcade;Casual;Cats;Creature Collector;Cute;Dog;Exploration;Family Friendly;Hand-drawn;Hidden Object;Minimalist;Nature;Point & Click;Puzzle;Relaxing;Side Scroller;Stylized;Trains,Art by Аnatoliy Loginovskikh Important information Press 'N' for night mode. Press 'Del' then 'Esc' to reset all achievements. 100 hidden cats 2 is a hidden object game in the city setting. Black and white hand-drawn graphics in a cartoon style. Ultra hard! Really very difficult! Cunning cats hid in the big city. They are disguised and very dangerous. Can you find 100 cats? Just click on the cat! Take care of your nerves!,"{""text_match"": 0.035801988, ""cosine_similarity"": 0.60885096}"
2026-02-10T19:44:32+00:00,CORTEX_DB.RAW.CAT_GAMES_SVC_1_5,default,"I remember a hidden object game: black-and-white city illustration, and after finding cats the picture gets colored","I remember a hidden object game: black-and-white city illustration, and after finding cats the picture gets colored",[],,False,,,,no_reranker_balanced,0.3,10,100,0,874,874,,01c25360-0005-0847-0001-397a0006c3ba,,42,42,,6e-06,6e-06,,6e-06,,,,,[],[],[],[],[],[],,,,,,,True,False,[],[],,,,[],[],,,,3,Hidden Cats in Paris,0.8019307,2022,English,Family Sharing;Full controller support;Single-player;Steam Achievements;Steam Cloud;Steam Trading Cards,Casual;Indie,Cartoon;Casual;Cats;Cute;Hand-drawn;Hidden Object;Indie;Point & Click;Relaxing,"Meow meow meow mes amis! Cats are hidden in a unique lovely Paris scenario. A short and pleasant experience in a big and lovely illustration! Start with a Beautiful monochromatic scenario, relax, and find all the cats to reveal the final colored art. More than 680 hidden objects to find!!! Play through different modes, find special cats, and unlock bonus levels! NORMAL MODE Find 100 cats in fixed positions. 3 hints. ADVANCED MODE Find 150 cats in semi-random positions. 8 Special cats that unlock","{""text_match"": 0.026049701, ""cosine_similarity"": 0.6038614}"
2026-02-10T19:44:32+00:00,CORTEX_DB.RAW.CAT_GAMES_SVC_1_5,default,"I remember a hidden object game: black-and-white city illustration, and after finding cats the picture gets colored","I remember a hidden object game: black-and-white city illustration, and after finding cats the picture gets colored",[],,False,,,,no_reranker_balanced,0.3,10,100,0,874,874,,01c25360-0005-0847-0001-397a0006c3ba,,42,42,,6e-06,6e-06,,6e-06,,,,,[],[],[],[],[],[],,,,,,,True,False,[],[],,,,[],[],,,,4,Cat city,0.7947136,2023,English;Russian,Family Sharing;Full controller support;Single-player;Steam Achievements,Adventure;Casual;Indie,2D;Atmospheric;Casual;Cats;Clicker;Controller;Creature Collector;Cute;Detective;Education;Exploration;Family Friendly;Hand-drawn;Hidden Object;Interactive Fiction;Point & Click;Puzzle;Side Scroller;Singleplayer;Trading Card Game,"'Cat city' is an exciting hidden objects game. In this game, you will have to explore the whole city to find all the cats (and various secrets) and get closer to the goal of making this world and the lives of the cats living in it a little better, and restore their faith in people! The main character will help you figure it out and get comfortable, and tell you about the necessary help in this exciting and extremely important matter! The help of each person is important so that the world becomes","{""text_match"": 0.026720256, ""cosine_similarity"": 0.5894272}"
2026-02-10T19:44:32+00:00,CORTEX_DB.RAW.CAT_GAMES_SVC_1_5,default,"I remember a hidden object game: black-and-white city illustration, and after finding cats the picture gets colored","I remember a hidden object game: black-and-white city illustration, and after finding cats the picture gets colored",[],,False,,,,no_reranker_balanced,0.3,10,100,0,874,874,,01c25360-0005-0847-0001-397a0006c3ba,,42,42,,6e-06,6e-06,,6e-06,,,,,[],[],[],[],[],[],,,,,,,True,False,[],[],,,,[],[],,,,5,Hidden Cats - Winter,0.7920406,2024,English;French;German;Italian;Japanese;Korean;Portuguese - Portugal;Russian;Simplified Chinese;Spanish - Spain,Family Sharing;Single-player;Steam Achievements,Adventure;Casual,2D;Adventure;Cartoon;Cartoony;Casual;Cats;Colorful;Cozy;Creature Collector;Cute;Family Friendly;Funny;Hand-drawn;Hidden Object;Point & Click;Puzzle;Relaxing;Singleplayer;Stylized;Wholesome,"Dive into the enchanting world of 'Hidden Cats - Winter' a hidden object game where your mission is to uncover every cat hidden within stunning hand-painted artwork. Let your keen eye and curiosity guide you through this captivating journey. ※ Key Features: 😺 100 Hidden Cats: Discover 100 hidden cats scattered throughout the artwork. 💡 Unlimited Hints: Stuck? Use unlimited hints to find the hidden cats and keep progressing. 🎵 Custom Music: Enjoy unique background music for the artwork, enhancing","{""text_match"": 0.019201566, ""cosine_similarity"": 0.5840812}"
2026-02-10T19:44:32+00:00,CORTEX_DB.RAW.CAT_GAMES_SVC_1_5,default,"I remember a hidden object game: black-and-white city illustration, and after finding cats the picture gets colored","I remember a hidden object game: black-and-white city illustration, and after finding cats the picture gets colored",[],,False,,,,no_reranker_balanced,0.3,10,100,0,874,874,,01c25360-0005-0847-0001-397a0006c3ba,,42,42,,6e-06,6e-06,,6e-06,,,,,[],[],[],[],[],[],,,,,,,True,False,[],[],,,,[],[],,,,6,Hidden Cats: Magic Forest,0.7882093,2023,English;French;German;Italian;Japanese;Korean;Portuguese - Portugal;Simplified Chinese;Spanish - Spain;Turkish,Family Sharing;Full controller support;Single-player;Steam Achievements,Casual;Indie,3D;Atmospheric;Casual;Cats;Colorful;Creature Collector;Cute;Exploration;Family Friendly;Hidden Object;Indie;Isometric;Minimalist;Nature;Point & Click;Puzzle;Relaxing;Singleplayer;Tutorial;Wholesome,"Hidden Cats: Magic Forest is a hidden object game where you'll search for hidden cats while exploring the mysteries of the magical forest. Find cats in black, white, and orange colors. Lift old trees and plant saplings in their place to create new trees. Discover the Hidden Egyptian Cat God. Learn interesting facts about cats. Touch the magical texture of the forest and interact with other surprise objects to earn all the achievements. If you enjoy games like 'A Building Full of Cats' and 'Hidde","{""text_match"": 0.036817066, ""cosine_similarity"": 0.5764186}"
2026-02-10T19:44:32+00:00,CORTEX_DB.RAW.CAT_GAMES_SVC_1_5,default,"I remember a hidden object game: black-and-white city illustration, and after finding cats the picture gets colored","I remember a hidden object game: black-and-white city illustration, and after finding cats the picture gets colored",[],,False,,,,no_reranker_balanced,0.3,10,100,0,874,874,,01c25360-0005-0847-0001-397a0006c3ba,,42,42,,6e-06,6e-06,,6e-06,,,,,[],[],[],[],[],[],,,,,,,True,False,[],[],,,,[],[],,,,7,Hidden Cats in Spooky Town,0.7874074,2023,English,Family Sharing;Full controller support;Single-player;Steam Achievements;Steam Cloud;Steam Trading Cards,Casual,Adventure;Cartoony;Casual;Cats;Clicker;Collectathon;Colorful;Cozy;Creature Collector;Cute;Exploration;Family Friendly;Funny;Hand-drawn;Hidden Object;Point & Click;Puzzle;Relaxing;Satire;Wholesome,"It's Halloween time! Do you choose Trick or Cat? Enjoy and find all the Hidden Cats one by one in the Spooky Town to reveal the final colored art. Play through different modes, find special cats, and unlock bonus levels! More than 970 hidden objects to find! Got all cats, played all bonuses, and had a nice Halloween evening? This time we are giving you an EXTRA BONUS!!! Enjoy the AFTER PARTY at the park! More than 970 Hidden Objects to find in the entire game! Play through different modes, find ","{""text_match"": 0.027467526, ""cosine_similarity"": 0.5748148}"
2026-02-10T19:44:32+00:00,CORTEX_DB.RAW.CAT_GAMES_SVC_1_5,default,"I remember a hidden object game: black-and-white city illustration, and after finding cats the picture gets colored","I remember a hidden object game: black-and-white city illustration, and after finding cats the picture gets colored",[],,False,,,,no_reranker_balanced,0.3,10,100,0,874,874,,01c25360-0005-0847-0001-397a0006c3ba,,42,42,,6e-06,6e-06,,6e-06,,,,,[],[],[],[],[],[],,,,,,,True,False,[],[],,,,[],[],,,,8,Hidden Cats - Easter,0.7889221,2025,English;French;German;Italian;Japanese;Korean;Portuguese - Portugal;Russian;Simplified Chinese;Spanish - Spain,Family Sharing;Single-player;Steam Achievements,Casual,2D;Cartoon;Cartoony;Casual;Cats;Colorful;Creature Collector;Cute;Family Friendly;Funny;Hand-drawn;Hidden Object;Point & Click;Puzzle;Relaxing;Singleplayer;Stylized;Wholesome,"Dive into the enchanting world of 'Hidden Cats - Easter' a hidden object game where your mission is to uncover every cat hidden within stunning hand-painted artwork. Let your keen eye and curiosity guide you through this captivating journey. ※ Key Features: 😺 100 Hidden Cats: Discover 100 hidden cats scattered throughout the artwork. 💡 Unlimited Hints: Stuck? Use unlimited hints to find the hidden cats and keep progressing. 🎵 Custom Music: Enjoy unique background music for the artwork, enhancing","{""text_match"": 0.019201566, ""cosine_similarity"": 0.5778442}"
2026-02-10T19:44:32+00:00,CORTEX_DB.RAW.CAT_GAMES_SVC_1_5,default,"I remember a hidden object game: black-and-white city illustration, and after finding cats the picture gets colored","I remember a hidden object game: black-and-white city illustration, and after finding cats the picture gets colored",[],,False,,,,no_reranker_balanced,0.3,10,100,0,874,874,,01c25360-0005-0847-0001-397a0006c3ba,,42,42,,6e-06,6e-06,,6e-06,,,,,[],[],[],[],[],[],,,,,,,True,False,[],[],,,,[],[],,,,9,Hidden Cats - Zoo,0.7887439,2024,English;French;German;Italian;Japanese;Korean;Portuguese - Portugal;Russian;Simplified Chinese;Spanish - Spain,Family Sharing;Single-player;Steam Achievements,Adventure;Casual,2D;Adventure;Cartoon;Cartoony;Casual;Cats;Colorful;Cozy;Creature Collector;Cute;Family Friendly;Funny;Hand-drawn;Hidden Object;Point & Click;Puzzle;Relaxing;Singleplayer;Stylized;Wholesome,"Dive into the enchanting world of 'Hidden Cats - Zoo' a hidden object game where your mission is to uncover every cat hidden within stunning hand-painted artwork. Let your keen eye and curiosity guide you through this captivating journey. ※ Key Features: 😺 100 Hidden Cats: Discover 100 hidden cats scattered throughout the artwork. 💡 Unlimited Hints: Stuck? Use unlimited hints to find the hidden cats and keep progressing. 🎵 Custom Music: Enjoy unique background music for the artwork, enhancing yo","{""text_match"": 0.019201566, ""cosine_similarity"": 0.5774878}"
2026-02-10T19:44:32+00:00,CORTEX_DB.RAW.CAT_GAMES_SVC_1_5,default,"I remember a hidden object game: black-and-white city illustration, and after finding cats the picture gets colored","I remember a hidden object game: black-and-white city illustration, and after finding cats the picture gets colored",[],,False,,,,no_reranker_balanced,0.3,10,100,0,874,874,,01c25360-0005-0847-0001-397a0006c3ba,,42,42,,6e-06,6e-06,,6e-06,,,,,[],[],[],[],[],[],,,,,,,True,False,[],[],,,,[],[],,,,10,Cats and Seek: Osaka,0.7877637749999999,2023,Dutch;English;French;German;Indonesian;Italian;Japanese;Korean;Polish;Portuguese - Brazil;Portuguese - Portugal;Russian;Simplified Chinese;Spanish - Spain;Thai;Traditional Chinese;Turkish,Full controller support;Single-player;Steam Achievements,Casual;Indie,2D;Cartoony;Casual;Cats;Collectathon;Cozy;Creature Collector;Cute;Exploration;Family Friendly;Free to Play;Hand-drawn;Hidden Object;Indie;Minimalist;Point & Click;Puzzle;Relaxing;Singleplayer;Wholesome,This is the first title of Cats and Seek series. Do you have 5 minutes to spare? Let's play hide and seek with 100 cats in Osaka! 😻 ❤️     Can you find them all? ❤️ 🎮 1 level :: 😻 100 Hidden cats :: 🏆 100 Achievements 🔆 Brightness setting :: 🎨 Choose your favorite color :: 🔔 Free hints 💾 Save system :: 🔍 Zoom :: 🔉 Cute cat sounds 🎁 Extra level DLC (207 cats) And if bored with black and white doddles you can choose your own favorite color .,"{""text_match"": 0.023099001, ""cosine_similarity"": 0.57552755}"
2026-02-10T19:44:33+00:00,CORTEX_DB.RAW.CAT_GAMES_SVC_1_5,default,"I remember a hidden object game: black-and-white city illustration, and after finding cats the picture gets colored","I remember a hidden object game: black-and-white city illustration, and after finding cats the picture gets colored",[],,False,,,,no_reranker_balanced,0.65,10,100,0,824,824,,01c25360-0005-0846-0001-397a0006e09e,,60,60,,9e-06,9e-06,,9e-06,,,,,[],[],[],[],[],[],,,,,,,True,False,[],[],,,,[],[],,,,1,I commissioned some cats 3,0.808345885,2023,English,Family Sharing;Single-player;Steam Achievements,Casual;Indie,2D;Abstract;Cartoony;Casual;Cats;Colorful;Comic Book;Cute;Design & Illustration;Family Friendly;Fantasy;Hand-drawn;Hidden Object;Instrumental Music;Nature;Point & Click;Psychedelic;Puzzle;Relaxing;Singleplayer,A hidden object game where you must find all the cats and wool to complete each level. Key features: 🖼️ 15 Unique artworks ❓ 1500+ Hidden objects total 🐈 750+ Cats 🧶 750+ Wool 💡 ∞ Unlimited hints if you get stuck ♻️ Restore a small number of hidden objects to a painting so you can find them again! 🎵 Music for each artwork ⌨️ Use your keyboard to move/zoom in if you have no scroll wheel 💾 3x save slots 🗑️ Reset progress entirely and play again 🕒 Timer included to show how long you took to complet,"{""text_match"": 0.05555541, ""cosine_similarity"": 0.61669177}"
2026-02-10T19:44:33+00:00,CORTEX_DB.RAW.CAT_GAMES_SVC_1_5,default,"I remember a hidden object game: black-and-white city illustration, and after finding cats the picture gets colored","I remember a hidden object game: black-and-white city illustration, and after finding cats the picture gets colored",[],,False,,,,no_reranker_balanced,0.65,10,100,0,824,824,,01c25360-0005-0846-0001-397a0006e09e,,60,60,,9e-06,9e-06,,9e-06,,,,,[],[],[],[],[],[],,,,,,,True,False,[],[],,,,[],[],,,,2,100 hidden cats 2,0.80442548,2021,English,Family Sharing;Single-player;Steam Achievements;Steam Trading Cards,Adventure;Casual;Indie,2D;Adventure;Arcade;Casual;Cats;Creature Collector;Cute;Dog;Exploration;Family Friendly;Hand-drawn;Hidden Object;Minimalist;Nature;Point & Click;Puzzle;Relaxing;Side Scroller;Stylized;Trains,Art by Аnatoliy Loginovskikh Important information Press 'N' for night mode. Press 'Del' then 'Esc' to reset all achievements. 100 hidden cats 2 is a hidden object game in the city setting. Black and white hand-drawn graphics in a cartoon style. Ultra hard! Really very difficult! Cunning cats hid in the big city. They are disguised and very dangerous. Can you find 100 cats? Just click on the cat! Take care of your nerves!,"{""text_match"": 0.035801988, ""cosine_similarity"": 0.60885096}"
2026-02-10T19:44:33+00:00,CORTEX_DB.RAW.CAT_GAMES_SVC_1_5,default,"I remember a hidden object game: black-and-white city illustration, and after finding cats the picture gets colored","I remember a hidden object game: black-and-white city illustration, and after finding cats the picture gets colored",[],,False,,,,no_reranker_balanced,0.65,10,100,0,824,824,,01c25360-0005-0846-0001-397a0006e09e,,60,60,,9e-06,9e-06,,9e-06,,,,,[],[],[],[],[],[],,,,,,,True,False,[],[],,,,[],[],,,,3,Hidden Cats in Paris,0.8019307,2022,English,Family Sharing;Full controller support;Single-player;Steam Achievements;Steam Cloud;Steam Trading Cards,Casual;Indie,Cartoon;Casual;Cats;Cute;Hand-drawn;Hidden Object;Indie;Point & Click;Relaxing,"Meow meow meow mes amis! Cats are hidden in a unique lovely Paris scenario. A short and pleasant experience in a big and lovely illustration! Start with a Beautiful monochromatic scenario, relax, and find all the cats to reveal the final colored art. More than 680 hidden objects to find!!! Play through different modes, find special cats, and unlock bonus levels! NORMAL MODE Find 100 cats in fixed positions. 3 hints. ADVANCED MODE Find 150 cats in semi-random positions. 8 Special cats that unlock","{""text_match"": 0.026049701, ""cosine_similarity"": 0.6038614}"
2026-02-10T19:44:33+00:00,CORTEX_DB.RAW.CAT_GAMES_SVC_1_5,default,"I remember a hidden object game: black-and-white city illustration, and after finding cats the picture gets colored","I remember a hidden object game: black-and-white city illustration, and after finding cats the picture gets colored",[],,False,,,,no_reranker_balanced,0.65,10,100,0,824,824,,01c25360-0005-0846-0001-397a0006e09e,,60,60,,9e-06,9e-06,,9e-06,,,,,[],[],[],[],[],[],,,,,,,True,False,[],[],,,,[],[],,,,4,Cat city,0.7947136,2023,English;Russian,Family Sharing;Full controller support;Single-player;Steam Achievements,Adventure;Casual;Indie,2D;Atmospheric;Casual;Cats;Clicker;Controller;Creature Collector;Cute;Detective;Education;Exploration;Family Friendly;Hand-drawn;Hidden Object;Interactive Fiction;Point & Click;Puzzle;Side Scroller;Singleplayer;Trading Card Game,"'Cat city' is an exciting hidden objects game. In this game, you will have to explore the whole city to find all the cats (and various secrets) and get closer to the goal of making this world and the lives of the cats living in it a little better, and restore their faith in people! The main character will help you figure it out and get comfortable, and tell you about the necessary help in this exciting and extremely important matter! The help of each person is important so that the world becomes","{""text_match"": 0.026720256, ""cosine_similarity"": 0.5894272}"
2026-02-10T19:44:33+00:00,CORTEX_DB.RAW.CAT_GAMES_SVC_1_5,default,"I remember a hidden object game: black-and-white city illustration, and after finding cats the picture gets colored","I remember a hidden object game: black-and-white city illustration, and after finding cats the picture gets colored",[],,False,,,,no_reranker_balanced,0.65,10,100,0,824,824,,01c25360-0005-0846-0001-397a0006e09e,,60,60,,9e-06,9e-06,,9e-06,,,,,[],[],[],[],[],[],,,,,,,True,False,[],[],,,,[],[],,,,5,Hidden Cats - Winter,0.7920406,2024,English;French;German;Italian;Japanese;Korean;Portuguese - Portugal;Russian;Simplified Chinese;Spanish - Spain,Family Sharing;Single-player;Steam Achievements,Adventure;Casual,2D;Adventure;Cartoon;Cartoony;Casual;Cats;Colorful;Cozy;Creature Collector;Cute;Family Friendly;Funny;Hand-drawn;Hidden Object;Point & Click;Puzzle;Relaxing;Singleplayer;Stylized;Wholesome,"Dive into the enchanting world of 'Hidden Cats - Winter' a hidden object game where your mission is to uncover every cat hidden within stunning hand-painted artwork. Let your keen eye and curiosity guide you through this captivating journey. ※ Key Features: 😺 100 Hidden Cats: Discover 100 hidden cats scattered throughout the artwork. 💡 Unlimited Hints: Stuck? Use unlimited hints to find the hidden cats and keep progressing. 🎵 Custom Music: Enjoy unique background music for the artwork, enhancing","{""text_match"": 0.019201566, ""cosine_similarity"": 0.5840812}"
2026-02-10T19:44:33+00:00,CORTEX_DB.RAW.CAT_GAMES_SVC_1_5,default,"I remember a hidden object game: black-and-white city illustration, and after finding cats the picture gets colored","I remember a hidden object game: black-and-white city illustration, and after finding cats the picture gets colored",[],,False,,,,no_reranker_balanced,0.65,10,100,0,824,824,,01c25360-0005-0846-0001-397a0006e09e,,60,60,,9e-06,9e-06,,9e-06,,,,,[],[],[],[],[],[],,,,,,,True,False,[],[],,,,[],[],,,,6,Hidden Cats: Magic Forest,0.7882093,2023,English;French;German;Italian;Japanese;Korean;Portuguese - Portugal;Simplified Chinese;Spanish - Spain;Turkish,Family Sharing;Full controller support;Single-player;Steam Achievements,Casual;Indie,3D;Atmospheric;Casual;Cats;Colorful;Creature Collector;Cute;Exploration;Family Friendly;Hidden Object;Indie;Isometric;Minimalist;Nature;Point & Click;Puzzle;Relaxing;Singleplayer;Tutorial;Wholesome,"Hidden Cats: Magic Forest is a hidden object game where you'll search for hidden cats while exploring the mysteries of the magical forest. Find cats in black, white, and orange colors. Lift old trees and plant saplings in their place to create new trees. Discover the Hidden Egyptian Cat God. Learn interesting facts about cats. Touch the magical texture of the forest and interact with other surprise objects to earn all the achievements. If you enjoy games like 'A Building Full of Cats' and 'Hidde","{""text_match"": 0.036817066, ""cosine_similarity"": 0.5764186}"
2026-02-10T19:44:33+00:00,CORTEX_DB.RAW.CAT_GAMES_SVC_1_5,default,"I remember a hidden object game: black-and-white city illustration, and after finding cats the picture gets colored","I remember a hidden object game: black-and-white city illustration, and after finding cats the picture gets colored",[],,False,,,,no_reranker_balanced,0.65,10,100,0,824,824,,01c25360-0005-0846-0001-397a0006e09e,,60,60,,9e-06,9e-06,,9e-06,,,,,[],[],[],[],[],[],,,,,,,True,False,[],[],,,,[],[],,,,7,Hidden Cats in Spooky Town,0.7874074,2023,English,Family Sharing;Full controller support;Single-player;Steam Achievements;Steam Cloud;Steam Trading Cards,Casual,Adventure;Cartoony;Casual;Cats;Clicker;Collectathon;Colorful;Cozy;Creature Collector;Cute;Exploration;Family Friendly;Funny;Hand-drawn;Hidden Object;Point & Click;Puzzle;Relaxing;Satire;Wholesome,"It's Halloween time! Do you choose Trick or Cat? Enjoy and find all the Hidden Cats one by one in the Spooky Town to reveal the final colored art. Play through different modes, find special cats, and unlock bonus levels! More than 970 hidden objects to find! Got all cats, played all bonuses, and had a nice Halloween evening? This time we are giving you an EXTRA BONUS!!! Enjoy the AFTER PARTY at the park! More than 970 Hidden Objects to find in the entire game! Play through different modes, find ","{""text_match"": 0.027467526, ""cosine_similarity"": 0.5748148}"
2026-02-10T19:44:33+00:00,CORTEX_DB.RAW.CAT_GAMES_SVC_1_5,default,"I remember a hidden object game: black-and-white city illustration, and after finding cats the picture gets colored","I remember a hidden object game: black-and-white city illustration, and after finding cats the picture gets colored",[],,False,,,,no_reranker_balanced,0.65,10,100,0,824,824,,01c25360-0005-0846-0001-397a0006e09e,,60,60,,9e-06,9e-06,,9e-06,,,,,[],[],[],[],[],[],,,,,,,True,False,[],[],,,,[],[],,,,8,Hidden Cats - Easter,0.7889221,2025,English;French;German;Italian;Japanese;Korean;Portuguese - Portugal;Russian;Simplified Chinese;Spanish - Spain,Family Sharing;Single-player;Steam Achievements,Casual,2D;Cartoon;Cartoony;Casual;Cats;Colorful;Creature Collector;Cute;Family Friendly;Funny;Hand-drawn;Hidden Object;Point & Click;Puzzle;Relaxing;Singleplayer;Stylized;Wholesome,"Dive into the enchanting world of 'Hidden Cats - Easter' a hidden object game where your mission is to uncover every cat hidden within stunning hand-painted artwork. Let your keen eye and curiosity guide you through this captivating journey. ※ Key Features: 😺 100 Hidden Cats: Discover 100 hidden cats scattered throughout the artwork. 💡 Unlimited Hints: Stuck? Use unlimited hints to find the hidden cats and keep progressing. 🎵 Custom Music: Enjoy unique background music for the artwork, enhancing","{""text_match"": 0.019201566, ""cosine_similarity"": 0.5778442}"
2026-02-10T19:44:33+00:00,CORTEX_DB.RAW.CAT_GAMES_SVC_1_5,default,"I remember a hidden object game: black-and-white city illustration, and after finding cats the picture gets colored","I remember a hidden object game: black-and-white city illustration, and after finding cats the picture gets colored",[],,False,,,,no_reranker_balanced,0.65,10,100,0,824,824,,01c25360-0005-0846-0001-397a0006e09e,,60,60,,9e-06,9e-06,,9e-06,,,,,[],[],[],[],[],[],,,,,,,True,False,[],[],,,,[],[],,,,9,Hidden Cats - Zoo,0.7887439,2024,English;French;German;Italian;Japanese;Korean;Portuguese - Portugal;Russian;Simplified Chinese;Spanish - Spain,Family Sharing;Single-player;Steam Achievements,Adventure;Casual,2D;Adventure;Cartoon;Cartoony;Casual;Cats;Colorful;Cozy;Creature Collector;Cute;Family Friendly;Funny;Hand-drawn;Hidden Object;Point & Click;Puzzle;Relaxing;Singleplayer;Stylized;Wholesome,"Dive into the enchanting world of 'Hidden Cats - Zoo' a hidden object game where your mission is to uncover every cat hidden within stunning hand-painted artwork. Let your keen eye and curiosity guide you through this captivating journey. ※ Key Features: 😺 100 Hidden Cats: Discover 100 hidden cats scattered throughout the artwork. 💡 Unlimited Hints: Stuck? Use unlimited hints to find the hidden cats and keep progressing. 🎵 Custom Music: Enjoy unique background music for the artwork, enhancing yo","{""text_match"": 0.019201566, ""cosine_similarity"": 0.5774878}"
2026-02-10T19:44:33+00:00,CORTEX_DB.RAW.CAT_GAMES_SVC_1_5,default,"I remember a hidden object game: black-and-white city illustration, and after finding cats the picture gets colored","I remember a hidden object game: black-and-white city illustration, and after finding cats the picture gets colored",[],,False,,,,no_reranker_balanced,0.65,10,100,0,824,824,,01c25360-0005-0846-0001-397a0006e09e,,60,60,,9e-06,9e-06,,9e-06,,,,,[],[],[],[],[],[],,,,,,,True,False,[],[],,,,[],[],,,,10,Cats and Seek: Osaka,0.7877637749999999,2023,Dutch;English;French;German;Indonesian;Italian;Japanese;Korean;Polish;Portuguese - Brazil;Portuguese - Portugal;Russian;Simplified Chinese;Spanish - Spain;Thai;Traditional Chinese;Turkish,Full controller support;Single-player;Steam Achievements,Casual;Indie,2D;Cartoony;Casual;Cats;Collectathon;Cozy;Creature Collector;Cute;Exploration;Family Friendly;Free to Play;Hand-drawn;Hidden Object;Indie;Minimalist;Point & Click;Puzzle;Relaxing;Singleplayer;Wholesome,This is the first title of Cats and Seek series. Do you have 5 minutes to spare? Let's play hide and seek with 100 cats in Osaka! 😻 ❤️     Can you find them all? ❤️ 🎮 1 level :: 😻 100 Hidden cats :: 🏆 100 Achievements 🔆 Brightness setting :: 🎨 Choose your favorite color :: 🔔 Free hints 💾 Save system :: 🔍 Zoom :: 🔉 Cute cat sounds 🎁 Extra level DLC (207 cats) And if bored with black and white doddles you can choose your own favorite color .,"{""text_match"": 0.023099001, ""cosine_similarity"": 0.57552755}"
2026-02-10T19:44:34+00:00,CORTEX_DB.RAW.CAT_GAMES_SVC_1_5,default,"I remember a hidden object game: black-and-white city illustration, and after finding cats the picture gets colored","I remember a hidden object game: black-and-white city illustration, and after finding cats the picture gets colored",[],,False,,,,no_reranker_balanced,0.75,10,100,0,815,815,,01c25360-0005-0846-0001-397a0006e0a2,,36,36,,5e-06,5e-06,,5e-06,,,,,[],[],[],[],[],[],,,,,,,True,False,[],[],,,,[],[],,,,1,I commissioned some cats 3,0.808345885,2023,English,Family Sharing;Single-player;Steam Achievements,Casual;Indie,2D;Abstract;Cartoony;Casual;Cats;Colorful;Comic Book;Cute;Design & Illustration;Family Friendly;Fantasy;Hand-drawn;Hidden Object;Instrumental Music;Nature;Point & Click;Psychedelic;Puzzle;Relaxing;Singleplayer,A hidden object game where you must find all the cats and wool to complete each level. Key features: 🖼️ 15 Unique artworks ❓ 1500+ Hidden objects total 🐈 750+ Cats 🧶 750+ Wool 💡 ∞ Unlimited hints if you get stuck ♻️ Restore a small number of hidden objects to a painting so you can find them again! 🎵 Music for each artwork ⌨️ Use your keyboard to move/zoom in if you have no scroll wheel 💾 3x save slots 🗑️ Reset progress entirely and play again 🕒 Timer included to show how long you took to complet,"{""text_match"": 0.05555541, ""cosine_similarity"": 0.61669177}"
2026-02-10T19:44:34+00:00,CORTEX_DB.RAW.CAT_GAMES_SVC_1_5,default,"I remember a hidden object game: black-and-white city illustration, and after finding cats the picture gets colored","I remember a hidden object game: black-and-white city illustration, and after finding cats the picture gets colored",[],,False,,,,no_reranker_balanced,0.75,10,100,0,815,815,,01c25360-0005-0846-0001-397a0006e0a2,,36,36,,5e-06,5e-06,,5e-06,,,,,[],[],[],[],[],[],,,,,,,True,False,[],[],,,,[],[],,,,2,100 hidden cats 2,0.80442548,2021,English,Family Sharing;Single-player;Steam Achievements;Steam Trading Cards,Adventure;Casual;Indie,2D;Adventure;Arcade;Casual;Cats;Creature Collector;Cute;Dog;Exploration;Family Friendly;Hand-drawn;Hidden Object;Minimalist;Nature;Point & Click;Puzzle;Relaxing;Side Scroller;Stylized;Trains,Art by Аnatoliy Loginovskikh Important information Press 'N' for night mode. Press 'Del' then 'Esc' to reset all achievements. 100 hidden cats 2 is a hidden object game in the city setting. Black and white hand-drawn graphics in a cartoon style. Ultra hard! Really very difficult! Cunning cats hid in the big city. They are disguised and very dangerous. Can you find 100 cats? Just click on the cat! Take care of your nerves!,"{""text_match"": 0.035801988, ""cosine_similarity"": 0.60885096}"
2026-02-10T19:44:34+00:00,CORTEX_DB.RAW.CAT_GAMES_SVC_1_5,default,"I remember a hidden object game: black-and-white city illustration, and after finding cats the picture gets colored","I remember a hidden object game: black-and-white city illustration, and after finding cats the picture gets colored",[],,False,,,,no_reranker_balanced,0.75,10,100,0,815,815,,01c25360-0005-0846-0001-397a0006e0a2,,36,36,,5e-06,5e-06,,5e-06,,,,,[],[],[],[],[],[],,,,,,,True,False,[],[],,,,[],[],,,,3,Hidden Cats in Paris,0.8019307,2022,English,Family Sharing;Full controller support;Single-player;Steam Achievements;Steam Cloud;Steam Trading Cards,Casual;Indie,Cartoon;Casual;Cats;Cute;Hand-drawn;Hidden Object;Indie;Point & Click;Relaxing,"Meow meow meow mes amis! Cats are hidden in a unique lovely Paris scenario. A short and pleasant experience in a big and lovely illustration! Start with a Beautiful monochromatic scenario, relax, and find all the cats to reveal the final colored art. More than 680 hidden objects to find!!! Play through different modes, find special cats, and unlock bonus levels! NORMAL MODE Find 100 cats in fixed positions. 3 hints. ADVANCED MODE Find 150 cats in semi-random positions. 8 Special cats that unlock","{""text_match"": 0.026049701, ""cosine_similarity"": 0.6038614}"
2026-02-10T19:44:34+00:00,CORTEX_DB.RAW.CAT_GAMES_SVC_1_5,default,"I remember a hidden object game: black-and-white city illustration, and after finding cats the picture gets colored","I remember a hidden object game: black-and-white city illustration, and after finding cats the picture gets colored",[],,False,,,,no_reranker_balanced,0.75,10,100,0,815,815,,01c25360-0005-0846-0001-397a0006e0a2,,36,36,,5e-06,5e-06,,5e-06,,,,,[],[],[],[],[],[],,,,,,,True,False,[],[],,,,[],[],,,,4,Cat city,0.7947136,2023,English;Russian,Family Sharing;Full controller support;Single-player;Steam Achievements,Adventure;Casual;Indie,2D;Atmospheric;Casual;Cats;Clicker;Controller;Creature Collector;Cute;Detective;Education;Exploration;Family Friendly;Hand-drawn;Hidden Object;Interactive Fiction;Point & Click;Puzzle;Side Scroller;Singleplayer;Trading Card Game,"'Cat city' is an exciting hidden objects game. In this game, you will have to explore the whole city to find all the cats (and various secrets) and get closer to the goal of making this world and the lives of the cats living in it a little better, and restore their faith in people! The main character will help you figure it out and get comfortable, and tell you about the necessary help in this exciting and extremely important matter! The help of each person is important so that the world becomes","{""text_match"": 0.026720256, ""cosine_similarity"": 0.5894272}"
2026-02-10T19:44:34+00:00,CORTEX_DB.RAW.CAT_GAMES_SVC_1_5,default,"I remember a hidden object game: black-and-white city illustration, and after finding cats the picture gets colored","I remember a hidden object game: black-and-white city illustration, and after finding cats the picture gets colored",[],,False,,,,no_reranker_balanced,0.75,10,100,0,815,815,,01c25360-0005-0846-0001-397a0006e0a2,,36,36,,5e-06,5e-06,,5e-06,,,,,[],[],[],[],[],[],,,,,,,True,False,[],[],,,,[],[],,,,5,Hidden Cats - Winter,0.7920406,2024,English;French;German;Italian;Japanese;Korean;Portuguese - Portugal;Russian;Simplified Chinese;Spanish - Spain,Family Sharing;Single-player;Steam Achievements,Adventure;Casual,2D;Adventure;Cartoon;Cartoony;Casual;Cats;Colorful;Cozy;Creature Collector;Cute;Family Friendly;Funny;Hand-drawn;Hidden Object;Point & Click;Puzzle;Relaxing;Singleplayer;Stylized;Wholesome,"Dive into the enchanting world of 'Hidden Cats - Winter' a hidden object game where your mission is to uncover every cat hidden within stunning hand-painted artwork. Let your keen eye and curiosity guide you through this captivating journey. ※ Key Features: 😺 100 Hidden Cats: Discover 100 hidden cats scattered throughout the artwork. 💡 Unlimited Hints: Stuck? Use unlimited hints to find the hidden cats and keep progressing. 🎵 Custom Music: Enjoy unique background music for the artwork, enhancing","{""text_match"": 0.019201566, ""cosine_similarity"": 0.5840812}"
2026-02-10T19:44:34+00:00,CORTEX_DB.RAW.CAT_GAMES_SVC_1_5,default,"I remember a hidden object game: black-and-white city illustration, and after finding cats the picture gets colored","I remember a hidden object game: black-and-white city illustration, and after finding cats the picture gets colored",[],,False,,,,no_reranker_balanced,0.75,10,100,0,815,815,,01c25360-0005-0846-0001-397a0006e0a2,,36,36,,5e-06,5e-06,,5e-06,,,,,[],[],[],[],[],[],,,,,,,True,False,[],[],,,,[],[],,,,6,Hidden Cats: Magic Forest,0.7882093,2023,English;French;German;Italian;Japanese;Korean;Portuguese - Portugal;Simplified Chinese;Spanish - Spain;Turkish,Family Sharing;Full controller support;Single-player;Steam Achievements,Casual;Indie,3D;Atmospheric;Casual;Cats;Colorful;Creature Collector;Cute;Exploration;Family Friendly;Hidden Object;Indie;Isometric;Minimalist;Nature;Point & Click;Puzzle;Relaxing;Singleplayer;Tutorial;Wholesome,"Hidden Cats: Magic Forest is a hidden object game where you'll search for hidden cats while exploring the mysteries of the magical forest. Find cats in black, white, and orange colors. Lift old trees and plant saplings in their place to create new trees. Discover the Hidden Egyptian Cat God. Learn interesting facts about cats. Touch the magical texture of the forest and interact with other surprise objects to earn all the achievements. If you enjoy games like 'A Building Full of Cats' and 'Hidde","{""text_match"": 0.036817066, ""cosine_similarity"": 0.5764186}"
2026-02-10T19:44:34+00:00,CORTEX_DB.RAW.CAT_GAMES_SVC_1_5,default,"I remember a hidden object game: black-and-white city illustration, and after finding cats the picture gets colored","I remember a hidden object game: black-and-white city illustration, and after finding cats the picture gets colored",[],,False,,,,no_reranker_balanced,0.75,10,100,0,815,815,,01c25360-0005-0846-0001-397a0006e0a2,,36,36,,5e-06,5e-06,,5e-06,,,,,[],[],[],[],[],[],,,,,,,True,False,[],[],,,,[],[],,,,7,Hidden Cats in Spooky Town,0.7874074,2023,English,Family Sharing;Full controller support;Single-player;Steam Achievements;Steam Cloud;Steam Trading Cards,Casual,Adventure;Cartoony;Casual;Cats;Clicker;Collectathon;Colorful;Cozy;Creature Collector;Cute;Exploration;Family Friendly;Funny;Hand-drawn;Hidden Object;Point & Click;Puzzle;Relaxing;Satire;Wholesome,"It's Halloween time! Do you choose Trick or Cat? Enjoy and find all the Hidden Cats one by one in the Spooky Town to reveal the final colored art. Play through different modes, find special cats, and unlock bonus levels! More than 970 hidden objects to find! Got all cats, played all bonuses, and had a nice Halloween evening? This time we are giving you an EXTRA BONUS!!! Enjoy the AFTER PARTY at the park! More than 970 Hidden Objects to find in the entire game! Play through different modes, find ","{""text_match"": 0.027467526, ""cosine_similarity"": 0.5748148}"
2026-02-10T19:44:34+00:00,CORTEX_DB.RAW.CAT_GAMES_SVC_1_5,default,"I remember a hidden object game: black-and-white city illustration, and after finding cats the picture gets colored","I remember a hidden object game: black-and-white city illustration, and after finding cats the picture gets colored",[],,False,,,,no_reranker_balanced,0.75,10,100,0,815,815,,01c25360-0005-0846-0001-397a0006e0a2,,36,36,,5e-06,5e-06,,5e-06,,,,,[],[],[],[],[],[],,,,,,,True,False,[],[],,,,[],[],,,,8,Hidden Cats - Easter,0.7889221,2025,English;French;German;Italian;Japanese;Korean;Portuguese - Portugal;Russian;Simplified Chinese;Spanish - Spain,Family Sharing;Single-player;Steam Achievements,Casual,2D;Cartoon;Cartoony;Casual;Cats;Colorful;Creature Collector;Cute;Family Friendly;Funny;Hand-drawn;Hidden Object;Point & Click;Puzzle;Relaxing;Singleplayer;Stylized;Wholesome,"Dive into the enchanting world of 'Hidden Cats - Easter' a hidden object game where your mission is to uncover every cat hidden within stunning hand-painted artwork. Let your keen eye and curiosity guide you through this captivating journey. ※ Key Features: 😺 100 Hidden Cats: Discover 100 hidden cats scattered throughout the artwork. 💡 Unlimited Hints: Stuck? Use unlimited hints to find the hidden cats and keep progressing. 🎵 Custom Music: Enjoy unique background music for the artwork, enhancing","{""text_match"": 0.019201566, ""cosine_similarity"": 0.5778442}"
2026-02-10T19:44:34+00:00,CORTEX_DB.RAW.CAT_GAMES_SVC_1_5,default,"I remember a hidden object game: black-and-white city illustration, and after finding cats the picture gets colored","I remember a hidden object game: black-and-white city illustration, and after finding cats the picture gets colored",[],,False,,,,no_reranker_balanced,0.75,10,100,0,815,815,,01c25360-0005-0846-0001-397a0006e0a2,,36,36,,5e-06,5e-06,,5e-06,,,,,[],[],[],[],[],[],,,,,,,True,False,[],[],,,,[],[],,,,9,Hidden Cats - Zoo,0.7887439,2024,English;French;German;Italian;Japanese;Korean;Portuguese - Portugal;Russian;Simplified Chinese;Spanish - Spain,Family Sharing;Single-player;Steam Achievements,Adventure;Casual,2D;Adventure;Cartoon;Cartoony;Casual;Cats;Colorful;Cozy;Creature Collector;Cute;Family Friendly;Funny;Hand-drawn;Hidden Object;Point & Click;Puzzle;Relaxing;Singleplayer;Stylized;Wholesome,"Dive into the enchanting world of 'Hidden Cats - Zoo' a hidden object game where your mission is to uncover every cat hidden within stunning hand-painted artwork. Let your keen eye and curiosity guide you through this captivating journey. ※ Key Features: 😺 100 Hidden Cats: Discover 100 hidden cats scattered throughout the artwork. 💡 Unlimited Hints: Stuck? Use unlimited hints to find the hidden cats and keep progressing. 🎵 Custom Music: Enjoy unique background music for the artwork, enhancing yo","{""text_match"": 0.019201566, ""cosine_similarity"": 0.5774878}"
2026-02-10T19:44:34+00:00,CORTEX_DB.RAW.CAT_GAMES_SVC_1_5,default,"I remember a hidden object game: black-and-white city illustration, and after finding cats the picture gets colored","I remember a hidden object game: black-and-white city illustration, and after finding cats the picture gets colored",[],,False,,,,no_reranker_balanced,0.75,10,100,0,815,815,,01c25360-0005-0846-0001-397a0006e0a2,,36,36,,5e-06,5e-06,,5e-06,,,,,[],[],[],[],[],[],,,,,,,True,False,[],[],,,,[],[],,,,10,Cats and Seek: Osaka,0.7877637749999999,2023,Dutch;English;French;German;Indonesian;Italian;Japanese;Korean;Polish;Portuguese - Brazil;Portuguese - Portugal;Russian;Simplified Chinese;Spanish - Spain;Thai;Traditional Chinese;Turkish,Full controller support;Single-player;Steam Achievements,Casual;Indie,2D;Cartoony;Casual;Cats;Collectathon;Cozy;Creature Collector;Cute;Exploration;Family Friendly;Free to Play;Hand-drawn;Hidden Object;Indie;Minimalist;Point & Click;Puzzle;Relaxing;Singleplayer;Wholesome,This is the first title of Cats and Seek series. Do you have 5 minutes to spare? Let's play hide and seek with 100 cats in Osaka! 😻 ❤️     Can you find them all? ❤️ 🎮 1 level :: 😻 100 Hidden cats :: 🏆 100 Achievements 🔆 Brightness setting :: 🎨 Choose your favorite color :: 🔔 Free hints 💾 Save system :: 🔍 Zoom :: 🔉 Cute cat sounds 🎁 Extra level DLC (207 cats) And if bored with black and white doddles you can choose your own favorite color .,"{""text_match"": 0.023099001, ""cosine_similarity"": 0.57552755}"
2026-02-10T19:44:36+00:00,CORTEX_DB.RAW.CAT_GAMES_SVC_1_5,default,"I remember a hidden object game: black-and-white city illustration, and after finding cats the picture gets colored","I remember a hidden object game: black-and-white city illustration, and after finding cats the picture gets colored",[],,False,,,,low_latency,0.3,10,100,0,868,868,,01c25360-0005-0847-0001-397a0006c3ce,,37,37,,6e-06,6e-06,,6e-06,,,,,[],[],[],[],[],[],,,,,,,True,False,[],[],,,,[],[],,,,1,I commissioned some cats 3,0.808345885,2023,English,Family Sharing;Single-player;Steam Achievements,Casual;Indie,2D;Abstract;Cartoony;Casual;Cats;Colorful;Comic Book;Cute;Design & Illustration;Family Friendly;Fantasy;Hand-drawn;Hidden Object;Instrumental Music;Nature;Point & Click;Psychedelic;Puzzle;Relaxing;Singleplayer,A hidden object game where you must find all the cats and wool to complete each level. Key features: 🖼️ 15 Unique artworks ❓ 1500+ Hidden objects total 🐈 750+ Cats 🧶 750+ Wool 💡 ∞ Unlimited hints if you get stuck ♻️ Restore a small number of hidden objects to a painting so you can find them again! 🎵 Music for each artwork ⌨️ Use your keyboard to move/zoom in if you have no scroll wheel 💾 3x save slots 🗑️ Reset progress entirely and play again 🕒 Timer included to show how long you took to complet,"{""text_match"": 0.05555541, ""cosine_similarity"": 0.61669177}"
2026-02-10T19:44:36+00:00,CORTEX_DB.RAW.CAT_GAMES_SVC_1_5,default,"I remember a hidden object game: black-and-white city illustration, and after finding cats the picture gets colored","I remember a hidden object game: black-and-white city illustration, and after finding cats the picture gets colored",[],,False,,,,low_latency,0.3,10,100,0,868,868,,01c25360-0005-0847-0001-397a0006c3ce,,37,37,,6e-06,6e-06,,6e-06,,,,,[],[],[],[],[],[],,,,,,,True,False,[],[],,,,[],[],,,,2,100 hidden cats 2,0.80442548,2021,English,Family Sharing;Single-player;Steam Achievements;Steam Trading Cards,Adventure;Casual;Indie,2D;Adventure;Arcade;Casual;Cats;Creature Collector;Cute;Dog;Exploration;Family Friendly;Hand-drawn;Hidden Object;Minimalist;Nature;Point & Click;Puzzle;Relaxing;Side Scroller;Stylized;Trains,Art by Аnatoliy Loginovskikh Important information Press 'N' for night mode. Press 'Del' then 'Esc' to reset all achievements. 100 hidden cats 2 is a hidden object game in the city setting. Black and white hand-drawn graphics in a cartoon style. Ultra hard! Really very difficult! Cunning cats hid in the big city. They are disguised and very dangerous. Can you find 100 cats? Just click on the cat! Take care of your nerves!,"{""text_match"": 0.035801988, ""cosine_similarity"": 0.60885096}"
2026-02-10T19:44:36+00:00,CORTEX_DB.RAW.CAT_GAMES_SVC_1_5,default,"I remember a hidden object game: black-and-white city illustration, and after finding cats the picture gets colored","I remember a hidden object game: black-and-white city illustration, and after finding cats the picture gets colored",[],,False,,,,low_latency,0.3,10,100,0,868,868,,01c25360-0005-0847-0001-397a0006c3ce,,37,37,,6e-06,6e-06,,6e-06,,,,,[],[],[],[],[],[],,,,,,,True,False,[],[],,,,[],[],,,,3,Hidden Cats in Paris,0.8019307,2022,English,Family Sharing;Full controller support;Single-player;Steam Achievements;Steam Cloud;Steam Trading Cards,Casual;Indie,Cartoon;Casual;Cats;Cute;Hand-drawn;Hidden Object;Indie;Point & Click;Relaxing,"Meow meow meow mes amis! Cats are hidden in a unique lovely Paris scenario. A short and pleasant experience in a big and lovely illustration! Start with a Beautiful monochromatic scenario, relax, and find all the cats to reveal the final colored art. More than 680 hidden objects to find!!! Play through different modes, find special cats, and unlock bonus levels! NORMAL MODE Find 100 cats in fixed positions. 3 hints. ADVANCED MODE Find 150 cats in semi-random positions. 8 Special cats that unlock","{""text_match"": 0.026049701, ""cosine_similarity"": 0.6038614}"
2026-02-10T19:44:36+00:00,CORTEX_DB.RAW.CAT_GAMES_SVC_1_5,default,"I remember a hidden object game: black-and-white city illustration, and after finding cats the picture gets colored","I remember a hidden object game: black-and-white city illustration, and after finding cats the picture gets colored",[],,False,,,,low_latency,0.3,10,100,0,868,868,,01c25360-0005-0847-0001-397a0006c3ce,,37,37,,6e-06,6e-06,,6e-06,,,,,[],[],[],[],[],[],,,,,,,True,False,[],[],,,,[],[],,,,4,Cat city,0.7947136,2023,English;Russian,Family Sharing;Full controller support;Single-player;Steam Achievements,Adventure;Casual;Indie,2D;Atmospheric;Casual;Cats;Clicker;Controller;Creature Collector;Cute;Detective;Education;Exploration;Family Friendly;Hand-drawn;Hidden Object;Interactive Fiction;Point & Click;Puzzle;Side Scroller;Singleplayer;Trading Card Game,"'Cat city' is an exciting hidden objects game. In this game, you will have to explore the whole city to find all the cats (and various secrets) and get closer to the goal of making this world and the lives of the cats living in it a little better, and restore their faith in people! The main character will help you figure it out and get comfortable, and tell you about the necessary help in this exciting and extremely important matter! The help of each person is important so that the world becomes","{""text_match"": 0.026720256, ""cosine_similarity"": 0.5894272}"
2026-02-10T19:44:36+00:00,CORTEX_DB.RAW.CAT_GAMES_SVC_1_5,default,"I remember a hidden object game: black-and-white city illustration, and after finding cats the picture gets colored","I remember a hidden object game: black-and-white city illustration, and after finding cats the picture gets colored",[],,False,,,,low_latency,0.3,10,100,0,868,868,,01c25360-0005-0847-0001-397a0006c3ce,,37,37,,6e-06,6e-06,,6e-06,,,,,[],[],[],[],[],[],,,,,,,True,False,[],[],,,,[],[],,,,5,Hidden Cats - Winter,0.7920406,2024,English;French;German;Italian;Japanese;Korean;Portuguese - Portugal;Russian;Simplified Chinese;Spanish - Spain,Family Sharing;Single-player;Steam Achievements,Adventure;Casual,2D;Adventure;Cartoon;Cartoony;Casual;Cats;Colorful;Cozy;Creature Collector;Cute;Family Friendly;Funny;Hand-drawn;Hidden Object;Point & Click;Puzzle;Relaxing;Singleplayer;Stylized;Wholesome,"Dive into the enchanting world of 'Hidden Cats - Winter' a hidden object game where your mission is to uncover every cat hidden within stunning hand-painted artwork. Let your keen eye and curiosity guide you through this captivating journey. ※ Key Features: 😺 100 Hidden Cats: Discover 100 hidden cats scattered throughout the artwork. 💡 Unlimited Hints: Stuck? Use unlimited hints to find the hidden cats and keep progressing. 🎵 Custom Music: Enjoy unique background music for the artwork, enhancing","{""text_match"": 0.019201566, ""cosine_similarity"": 0.5840812}"
2026-02-10T19:44:36+00:00,CORTEX_DB.RAW.CAT_GAMES_SVC_1_5,default,"I remember a hidden object game: black-and-white city illustration, and after finding cats the picture gets colored","I remember a hidden object game: black-and-white city illustration, and after finding cats the picture gets colored",[],,False,,,,low_latency,0.3,10,100,0,868,868,,01c25360-0005-0847-0001-397a0006c3ce,,37,37,,6e-06,6e-06,,6e-06,,,,,[],[],[],[],[],[],,,,,,,True,False,[],[],,,,[],[],,,,6,Hidden Cats: Magic Forest,0.7882093,2023,English;French;German;Italian;Japanese;Korean;Portuguese - Portugal;Simplified Chinese;Spanish - Spain;Turkish,Family Sharing;Full controller support;Single-player;Steam Achievements,Casual;Indie,3D;Atmospheric;Casual;Cats;Colorful;Creature Collector;Cute;Exploration;Family Friendly;Hidden Object;Indie;Isometric;Minimalist;Nature;Point & Click;Puzzle;Relaxing;Singleplayer;Tutorial;Wholesome,"Hidden Cats: Magic Forest is a hidden object game where you'll search for hidden cats while exploring the mysteries of the magical forest. Find cats in black, white, and orange colors. Lift old trees and plant saplings in their place to create new trees. Discover the Hidden Egyptian Cat God. Learn interesting facts about cats. Touch the magical texture of the forest and interact with other surprise objects to earn all the achievements. If you enjoy games like 'A Building Full of Cats' and 'Hidde","{""text_match"": 0.036817066, ""cosine_similarity"": 0.5764186}"
2026-02-10T19:44:36+00:00,CORTEX_DB.RAW.CAT_GAMES_SVC_1_5,default,"I remember a hidden object game: black-and-white city illustration, and after finding cats the picture gets colored","I remember a hidden object game: black-and-white city illustration, and after finding cats the picture gets colored",[],,False,,,,low_latency,0.3,10,100,0,868,868,,01c25360-0005-0847-0001-397a0006c3ce,,37,37,,6e-06,6e-06,,6e-06,,,,,[],[],[],[],[],[],,,,,,,True,False,[],[],,,,[],[],,,,7,Hidden Cats in Spooky Town,0.7874074,2023,English,Family Sharing;Full controller support;Single-player;Steam Achievements;Steam Cloud;Steam Trading Cards,Casual,Adventure;Cartoony;Casual;Cats;Clicker;Collectathon;Colorful;Cozy;Creature Collector;Cute;Exploration;Family Friendly;Funny;Hand-drawn;Hidden Object;Point & Click;Puzzle;Relaxing;Satire;Wholesome,"It's Halloween time! Do you choose Trick or Cat? Enjoy and find all the Hidden Cats one by one in the Spooky Town to reveal the final colored art. Play through different modes, find special cats, and unlock bonus levels! More than 970 hidden objects to find! Got all cats, played all bonuses, and had a nice Halloween evening? This time we are giving you an EXTRA BONUS!!! Enjoy the AFTER PARTY at the park! More than 970 Hidden Objects to find in the entire game! Play through different modes, find ","{""text_match"": 0.027467526, ""cosine_similarity"": 0.5748148}"
2026-02-10T19:44:36+00:00,CORTEX_DB.RAW.CAT_GAMES_SVC_1_5,default,"I remember a hidden object game: black-and-white city illustration, and after finding cats the picture gets colored","I remember a hidden object game: black-and-white city illustration, and after finding cats the picture gets colored",[],,False,,,,low_latency,0.3,10,100,0,868,868,,01c25360-0005-0847-0001-397a0006c3ce,,37,37,,6e-06,6e-06,,6e-06,,,,,[],[],[],[],[],[],,,,,,,True,False,[],[],,,,[],[],,,,8,Hidden Cats - Easter,0.7889221,2025,English;French;German;Italian;Japanese;Korean;Portuguese - Portugal;Russian;Simplified Chinese;Spanish - Spain,Family Sharing;Single-player;Steam Achievements,Casual,2D;Cartoon;Cartoony;Casual;Cats;Colorful;Creature Collector;Cute;Family Friendly;Funny;Hand-drawn;Hidden Object;Point & Click;Puzzle;Relaxing;Singleplayer;Stylized;Wholesome,"Dive into the enchanting world of 'Hidden Cats - Easter' a hidden object game where your mission is to uncover every cat hidden within stunning hand-painted artwork. Let your keen eye and curiosity guide you through this captivating journey. ※ Key Features: 😺 100 Hidden Cats: Discover 100 hidden cats scattered throughout the artwork. 💡 Unlimited Hints: Stuck? Use unlimited hints to find the hidden cats and keep progressing. 🎵 Custom Music: Enjoy unique background music for the artwork, enhancing","{""text_match"": 0.019201566, ""cosine_similarity"": 0.5778442}"
2026-02-10T19:44:36+00:00,CORTEX_DB.RAW.CAT_GAMES_SVC_1_5,default,"I remember a hidden object game: black-and-white city illustration, and after finding cats the picture gets colored","I remember a hidden object game: black-and-white city illustration, and after finding cats the picture gets colored",[],,False,,,,low_latency,0.3,10,100,0,868,868,,01c25360-0005-0847-0001-397a0006c3ce,,37,37,,6e-06,6e-06,,6e-06,,,,,[],[],[],[],[],[],,,,,,,True,False,[],[],,,,[],[],,,,9,Hidden Cats - Zoo,0.7887439,2024,English;French;German;Italian;Japanese;Korean;Portuguese - Portugal;Russian;Simplified Chinese;Spanish - Spain,Family Sharing;Single-player;Steam Achievements,Adventure;Casual,2D;Adventure;Cartoon;Cartoony;Casual;Cats;Colorful;Cozy;Creature Collector;Cute;Family Friendly;Funny;Hand-drawn;Hidden Object;Point & Click;Puzzle;Relaxing;Singleplayer;Stylized;Wholesome,"Dive into the enchanting world of 'Hidden Cats - Zoo' a hidden object game where your mission is to uncover every cat hidden within stunning hand-painted artwork. Let your keen eye and curiosity guide you through this captivating journey. ※ Key Features: 😺 100 Hidden Cats: Discover 100 hidden cats scattered throughout the artwork. 💡 Unlimited Hints: Stuck? Use unlimited hints to find the hidden cats and keep progressing. 🎵 Custom Music: Enjoy unique background music for the artwork, enhancing yo","{""text_match"": 0.019201566, ""cosine_similarity"": 0.5774878}"
2026-02-10T19:44:36+00:00,CORTEX_DB.RAW.CAT_GAMES_SVC_1_5,default,"I remember a hidden object game: black-and-white city illustration, and after finding cats the picture gets colored","I remember a hidden object game: black-and-white city illustration, and after finding cats the picture gets colored",[],,False,,,,low_latency,0.3,10,100,0,868,868,,01c25360-0005-0847-0001-397a0006c3ce,,37,37,,6e-06,6e-06,,6e-06,,,,,[],[],[],[],[],[],,,,,,,True,False,[],[],,,,[],[],,,,10,Cats and Seek: Osaka,0.7877637749999999,2023,Dutch;English;French;German;Indonesian;Italian;Japanese;Korean;Polish;Portuguese - Brazil;Portuguese - Portugal;Russian;Simplified Chinese;Spanish - Spain;Thai;Traditional Chinese;Turkish,Full controller support;Single-player;Steam Achievements,Casual;Indie,2D;Cartoony;Casual;Cats;Collectathon;Cozy;Creature Collector;Cute;Exploration;Family Friendly;Free to Play;Hand-drawn;Hidden Object;Indie;Minimalist;Point & Click;Puzzle;Relaxing;Singleplayer;Wholesome,This is the first title of Cats and Seek series. Do you have 5 minutes to spare? Let's play hide and seek with 100 cats in Osaka! 😻 ❤️     Can you find them all? ❤️ 🎮 1 level :: 😻 100 Hidden cats :: 🏆 100 Achievements 🔆 Brightness setting :: 🎨 Choose your favorite color :: 🔔 Free hints 💾 Save system :: 🔍 Zoom :: 🔉 Cute cat sounds 🎁 Extra level DLC (207 cats) And if bored with black and white doddles you can choose your own favorite color .,"{""text_match"": 0.023099001, ""cosine_similarity"": 0.57552755}"
2026-02-10T19:44:37+00:00,CORTEX_DB.RAW.CAT_GAMES_SVC_1_5,default,"I remember a hidden object game: black-and-white city illustration, and after finding cats the picture gets colored","I remember a hidden object game: black-and-white city illustration, and after finding cats the picture gets colored",[],,False,,,,low_latency,0.65,10,100,0,921,921,,01c25360-0005-0843-0001-397a0006d39a,,49,49,,7e-06,7e-06,,7e-06,,,,,[],[],[],[],[],[],,,,,,,True,False,[],[],,,,[],[],,,,1,I commissioned some cats 3,0.808345885,2023,English,Family Sharing;Single-player;Steam Achievements,Casual;Indie,2D;Abstract;Cartoony;Casual;Cats;Colorful;Comic Book;Cute;Design & Illustration;Family Friendly;Fantasy;Hand-drawn;Hidden Object;Instrumental Music;Nature;Point & Click;Psychedelic;Puzzle;Relaxing;Singleplayer,A hidden object game where you must find all the cats and wool to complete each level. Key features: 🖼️ 15 Unique artworks ❓ 1500+ Hidden objects total 🐈 750+ Cats 🧶 750+ Wool 💡 ∞ Unlimited hints if you get stuck ♻️ Restore a small number of hidden objects to a painting so you can find them again! 🎵 Music for each artwork ⌨️ Use your keyboard to move/zoom in if you have no scroll wheel 💾 3x save slots 🗑️ Reset progress entirely and play again 🕒 Timer included to show how long you took to complet,"{""text_match"": 0.05555541, ""cosine_similarity"": 0.61669177}"
2026-02-10T19:44:37+00:00,CORTEX_DB.RAW.CAT_GAMES_SVC_1_5,default,"I remember a hidden object game: black-and-white city illustration, and after finding cats the picture gets colored","I remember a hidden object game: black-and-white city illustration, and after finding cats the picture gets colored",[],,False,,,,low_latency,0.65,10,100,0,921,921,,01c25360-0005-0843-0001-397a0006d39a,,49,49,,7e-06,7e-06,,7e-06,,,,,[],[],[],[],[],[],,,,,,,True,False,[],[],,,,[],[],,,,2,100 hidden cats 2,0.80442548,2021,English,Family Sharing;Single-player;Steam Achievements;Steam Trading Cards,Adventure;Casual;Indie,2D;Adventure;Arcade;Casual;Cats;Creature Collector;Cute;Dog;Exploration;Family Friendly;Hand-drawn;Hidden Object;Minimalist;Nature;Point & Click;Puzzle;Relaxing;Side Scroller;Stylized;Trains,Art by Аnatoliy Loginovskikh Important information Press 'N' for night mode. Press 'Del' then 'Esc' to reset all achievements. 100 hidden cats 2 is a hidden object game in the city setting. Black and white hand-drawn graphics in a cartoon style. Ultra hard! Really very difficult! Cunning cats hid in the big city. They are disguised and very dangerous. Can you find 100 cats? Just click on the cat! Take care of your nerves!,"{""text_match"": 0.035801988, ""cosine_similarity"": 0.60885096}"
2026-02-10T19:44:37+00:00,CORTEX_DB.RAW.CAT_GAMES_SVC_1_5,default,"I remember a hidden object game: black-and-white city illustration, and after finding cats the picture gets colored","I remember a hidden object game: black-and-white city illustration, and after finding cats the picture gets colored",[],,False,,,,low_latency,0.65,10,100,0,921,921,,01c25360-0005-0843-0001-397a0006d39a,,49,49,,7e-06,7e-06,,7e-06,,,,,[],[],[],[],[],[],,,,,,,True,False,[],[],,,,[],[],,,,3,Hidden Cats in Paris,0.8019307,2022,English,Family Sharing;Full controller support;Single-player;Steam Achievements;Steam Cloud;Steam Trading Cards,Casual;Indie,Cartoon;Casual;Cats;Cute;Hand-drawn;Hidden Object;Indie;Point & Click;Relaxing,"Meow meow meow mes amis! Cats are hidden in a unique lovely Paris scenario. A short and pleasant experience in a big and lovely illustration! Start with a Beautiful monochromatic scenario, relax, and find all the cats to reveal the final colored art. More than 680 hidden objects to find!!! Play through different modes, find special cats, and unlock bonus levels! NORMAL MODE Find 100 cats in fixed positions. 3 hints. ADVANCED MODE Find 150 cats in semi-random positions. 8 Special cats that unlock","{""text_match"": 0.026049701, ""cosine_similarity"": 0.6038614}"
2026-02-10T19:44:37+00:00,CORTEX_DB.RAW.CAT_GAMES_SVC_1_5,default,"I remember a hidden object game: black-and-white city illustration, and after finding cats the picture gets colored","I remember a hidden object game: black-and-white city illustration, and after finding cats the picture gets colored",[],,False,,,,low_latency,0.65,10,100,0,921,921,,01c25360-0005-0843-0001-397a0006d39a,,49,49,,7e-06,7e-06,,7e-06,,,,,[],[],[],[],[],[],,,,,,,True,False,[],[],,,,[],[],,,,4,Cat city,0.7947136,2023,English;Russian,Family Sharing;Full controller support;Single-player;Steam Achievements,Adventure;Casual;Indie,2D;Atmospheric;Casual;Cats;Clicker;Controller;Creature Collector;Cute;Detective;Education;Exploration;Family Friendly;Hand-drawn;Hidden Object;Interactive Fiction;Point & Click;Puzzle;Side Scroller;Singleplayer;Trading Card Game,"'Cat city' is an exciting hidden objects game. In this game, you will have to explore the whole city to find all the cats (and various secrets) and get closer to the goal of making this world and the lives of the cats living in it a little better, and restore their faith in people! The main character will help you figure it out and get comfortable, and tell you about the necessary help in this exciting and extremely important matter! The help of each person is important so that the world becomes","{""text_match"": 0.026720256, ""cosine_similarity"": 0.5894272}"
2026-02-10T19:44:37+00:00,CORTEX_DB.RAW.CAT_GAMES_SVC_1_5,default,"I remember a hidden object game: black-and-white city illustration, and after finding cats the picture gets colored","I remember a hidden object game: black-and-white city illustration, and after finding cats the picture gets colored",[],,False,,,,low_latency,0.65,10,100,0,921,921,,01c25360-0005-0843-0001-397a0006d39a,,49,49,,7e-06,7e-06,,7e-06,,,,,[],[],[],[],[],[],,,,,,,True,False,[],[],,,,[],[],,,,5,Hidden Cats - Winter,0.7920406,2024,English;French;German;Italian;Japanese;Korean;Portuguese - Portugal;Russian;Simplified Chinese;Spanish - Spain,Family Sharing;Single-player;Steam Achievements,Adventure;Casual,2D;Adventure;Cartoon;Cartoony;Casual;Cats;Colorful;Cozy;Creature Collector;Cute;Family Friendly;Funny;Hand-drawn;Hidden Object;Point & Click;Puzzle;Relaxing;Singleplayer;Stylized;Wholesome,"Dive into the enchanting world of 'Hidden Cats - Winter' a hidden object game where your mission is to uncover every cat hidden within stunning hand-painted artwork. Let your keen eye and curiosity guide you through this captivating journey. ※ Key Features: 😺 100 Hidden Cats: Discover 100 hidden cats scattered throughout the artwork. 💡 Unlimited Hints: Stuck? Use unlimited hints to find the hidden cats and keep progressing. 🎵 Custom Music: Enjoy unique background music for the artwork, enhancing","{""text_match"": 0.019201566, ""cosine_similarity"": 0.5840812}"
2026-02-10T19:44:37+00:00,CORTEX_DB.RAW.CAT_GAMES_SVC_1_5,default,"I remember a hidden object game: black-and-white city illustration, and after finding cats the picture gets colored","I remember a hidden object game: black-and-white city illustration, and after finding cats the picture gets colored",[],,False,,,,low_latency,0.65,10,100,0,921,921,,01c25360-0005-0843-0001-397a0006d39a,,49,49,,7e-06,7e-06,,7e-06,,,,,[],[],[],[],[],[],,,,,,,True,False,[],[],,,,[],[],,,,6,Hidden Cats: Magic Forest,0.7882093,2023,English;French;German;Italian;Japanese;Korean;Portuguese - Portugal;Simplified Chinese;Spanish - Spain;Turkish,Family Sharing;Full controller support;Single-player;Steam Achievements,Casual;Indie,3D;Atmospheric;Casual;Cats;Colorful;Creature Collector;Cute;Exploration;Family Friendly;Hidden Object;Indie;Isometric;Minimalist;Nature;Point & Click;Puzzle;Relaxing;Singleplayer;Tutorial;Wholesome,"Hidden Cats: Magic Forest is a hidden object game where you'll search for hidden cats while exploring the mysteries of the magical forest. Find cats in black, white, and orange colors. Lift old trees and plant saplings in their place to create new trees. Discover the Hidden Egyptian Cat God. Learn interesting facts about cats. Touch the magical texture of the forest and interact with other surprise objects to earn all the achievements. If you enjoy games like 'A Building Full of Cats' and 'Hidde","{""text_match"": 0.036817066, ""cosine_similarity"": 0.5764186}"
2026-02-10T19:44:37+00:00,CORTEX_DB.RAW.CAT_GAMES_SVC_1_5,default,"I remember a hidden object game: black-and-white city illustration, and after finding cats the picture gets colored","I remember a hidden object game: black-and-white city illustration, and after finding cats the picture gets colored",[],,False,,,,low_latency,0.65,10,100,0,921,921,,01c25360-0005-0843-0001-397a0006d39a,,49,49,,7e-06,7e-06,,7e-06,,,,,[],[],[],[],[],[],,,,,,,True,False,[],[],,,,[],[],,,,7,Hidden Cats in Spooky Town,0.7874074,2023,English,Family Sharing;Full controller support;Single-player;Steam Achievements;Steam Cloud;Steam Trading Cards,Casual,Adventure;Cartoony;Casual;Cats;Clicker;Collectathon;Colorful;Cozy;Creature Collector;Cute;Exploration;Family Friendly;Funny;Hand-drawn;Hidden Object;Point & Click;Puzzle;Relaxing;Satire;Wholesome,"It's Halloween time! Do you choose Trick or Cat? Enjoy and find all the Hidden Cats one by one in the Spooky Town to reveal the final colored art. Play through different modes, find special cats, and unlock bonus levels! More than 970 hidden objects to find! Got all cats, played all bonuses, and had a nice Halloween evening? This time we are giving you an EXTRA BONUS!!! Enjoy the AFTER PARTY at the park! More than 970 Hidden Objects to find in the entire game! Play through different modes, find ","{""text_match"": 0.027467526, ""cosine_similarity"": 0.5748148}"
2026-02-10T19:44:37+00:00,CORTEX_DB.RAW.CAT_GAMES_SVC_1_5,default,"I remember a hidden object game: black-and-white city illustration, and after finding cats the picture gets colored","I remember a hidden object game: black-and-white city illustration, and after finding cats the picture gets colored",[],,False,,,,low_latency,0.65,10,100,0,921,921,,01c25360-0005-0843-0001-397a0006d39a,,49,49,,7e-06,7e-06,,7e-06,,,,,[],[],[],[],[],[],,,,,,,True,False,[],[],,,,[],[],,,,8,Hidden Cats - Easter,0.7889221,2025,English;French;German;Italian;Japanese;Korean;Portuguese - Portugal;Russian;Simplified Chinese;Spanish - Spain,Family Sharing;Single-player;Steam Achievements,Casual,2D;Cartoon;Cartoony;Casual;Cats;Colorful;Creature Collector;Cute;Family Friendly;Funny;Hand-drawn;Hidden Object;Point & Click;Puzzle;Relaxing;Singleplayer;Stylized;Wholesome,"Dive into the enchanting world of 'Hidden Cats - Easter' a hidden object game where your mission is to uncover every cat hidden within stunning hand-painted artwork. Let your keen eye and curiosity guide you through this captivating journey. ※ Key Features: 😺 100 Hidden Cats: Discover 100 hidden cats scattered throughout the artwork. 💡 Unlimited Hints: Stuck? Use unlimited hints to find the hidden cats and keep progressing. 🎵 Custom Music: Enjoy unique background music for the artwork, enhancing","{""text_match"": 0.019201566, ""cosine_similarity"": 0.5778442}"
2026-02-10T19:44:37+00:00,CORTEX_DB.RAW.CAT_GAMES_SVC_1_5,default,"I remember a hidden object game: black-and-white city illustration, and after finding cats the picture gets colored","I remember a hidden object game: black-and-white city illustration, and after finding cats the picture gets colored",[],,False,,,,low_latency,0.65,10,100,0,921,921,,01c25360-0005-0843-0001-397a0006d39a,,49,49,,7e-06,7e-06,,7e-06,,,,,[],[],[],[],[],[],,,,,,,True,False,[],[],,,,[],[],,,,9,Hidden Cats - Zoo,0.7887439,2024,English;French;German;Italian;Japanese;Korean;Portuguese - Portugal;Russian;Simplified Chinese;Spanish - Spain,Family Sharing;Single-player;Steam Achievements,Adventure;Casual,2D;Adventure;Cartoon;Cartoony;Casual;Cats;Colorful;Cozy;Creature Collector;Cute;Family Friendly;Funny;Hand-drawn;Hidden Object;Point & Click;Puzzle;Relaxing;Singleplayer;Stylized;Wholesome,"Dive into the enchanting world of 'Hidden Cats - Zoo' a hidden object game where your mission is to uncover every cat hidden within stunning hand-painted artwork. Let your keen eye and curiosity guide you through this captivating journey. ※ Key Features: 😺 100 Hidden Cats: Discover 100 hidden cats scattered throughout the artwork. 💡 Unlimited Hints: Stuck? Use unlimited hints to find the hidden cats and keep progressing. 🎵 Custom Music: Enjoy unique background music for the artwork, enhancing yo","{""text_match"": 0.019201566, ""cosine_similarity"": 0.5774878}"
2026-02-10T19:44:37+00:00,CORTEX_DB.RAW.CAT_GAMES_SVC_1_5,default,"I remember a hidden object game: black-and-white city illustration, and after finding cats the picture gets colored","I remember a hidden object game: black-and-white city illustration, and after finding cats the picture gets colored",[],,False,,,,low_latency,0.65,10,100,0,921,921,,01c25360-0005-0843-0001-397a0006d39a,,49,49,,7e-06,7e-06,,7e-06,,,,,[],[],[],[],[],[],,,,,,,True,False,[],[],,,,[],[],,,,10,Cats and Seek: Osaka,0.7877637749999999,2023,Dutch;English;French;German;Indonesian;Italian;Japanese;Korean;Polish;Portuguese - Brazil;Portuguese - Portugal;Russian;Simplified Chinese;Spanish - Spain;Thai;Traditional Chinese;Turkish,Full controller support;Single-player;Steam Achievements,Casual;Indie,2D;Cartoony;Casual;Cats;Collectathon;Cozy;Creature Collector;Cute;Exploration;Family Friendly;Free to Play;Hand-drawn;Hidden Object;Indie;Minimalist;Point & Click;Puzzle;Relaxing;Singleplayer;Wholesome,This is the first title of Cats and Seek series. Do you have 5 minutes to spare? Let's play hide and seek with 100 cats in Osaka! 😻 ❤️     Can you find them all? ❤️ 🎮 1 level :: 😻 100 Hidden cats :: 🏆 100 Achievements 🔆 Brightness setting :: 🎨 Choose your favorite color :: 🔔 Free hints 💾 Save system :: 🔍 Zoom :: 🔉 Cute cat sounds 🎁 Extra level DLC (207 cats) And if bored with black and white doddles you can choose your own favorite color .,"{""text_match"": 0.023099001, ""cosine_similarity"": 0.57552755}"
2026-02-10T19:44:38+00:00,CORTEX_DB.RAW.CAT_GAMES_SVC_1_5,default,"I remember a hidden object game: black-and-white city illustration, and after finding cats the picture gets colored","I remember a hidden object game: black-and-white city illustration, and after finding cats the picture gets colored",[],,False,,,,low_latency,0.75,10,100,0,920,920,,01c25360-0005-0843-0001-397a0006d39e,,34,34,,5e-06,5e-06,,5e-06,,,,,[],[],[],[],[],[],,,,,,,True,False,[],[],,,,[],[],,,,1,I commissioned some cats 3,0.808345885,2023,English,Family Sharing;Single-player;Steam Achievements,Casual;Indie,2D;Abstract;Cartoony;Casual;Cats;Colorful;Comic Book;Cute;Design & Illustration;Family Friendly;Fantasy;Hand-drawn;Hidden Object;Instrumental Music;Nature;Point & Click;Psychedelic;Puzzle;Relaxing;Singleplayer,A hidden object game where you must find all the cats and wool to complete each level. Key features: 🖼️ 15 Unique artworks ❓ 1500+ Hidden objects total 🐈 750+ Cats 🧶 750+ Wool 💡 ∞ Unlimited hints if you get stuck ♻️ Restore a small number of hidden objects to a painting so you can find them again! 🎵 Music for each artwork ⌨️ Use your keyboard to move/zoom in if you have no scroll wheel 💾 3x save slots 🗑️ Reset progress entirely and play again 🕒 Timer included to show how long you took to complet,"{""text_match"": 0.05555541, ""cosine_similarity"": 0.61669177}"
2026-02-10T19:44:38+00:00,CORTEX_DB.RAW.CAT_GAMES_SVC_1_5,default,"I remember a hidden object game: black-and-white city illustration, and after finding cats the picture gets colored","I remember a hidden object game: black-and-white city illustration, and after finding cats the picture gets colored",[],,False,,,,low_latency,0.75,10,100,0,920,920,,01c25360-0005-0843-0001-397a0006d39e,,34,34,,5e-06,5e-06,,5e-06,,,,,[],[],[],[],[],[],,,,,,,True,False,[],[],,,,[],[],,,,2,100 hidden cats 2,0.80442548,2021,English,Family Sharing;Single-player;Steam Achievements;Steam Trading Cards,Adventure;Casual;Indie,2D;Adventure;Arcade;Casual;Cats;Creature Collector;Cute;Dog;Exploration;Family Friendly;Hand-drawn;Hidden Object;Minimalist;Nature;Point & Click;Puzzle;Relaxing;Side Scroller;Stylized;Trains,Art by Аnatoliy Loginovskikh Important information Press 'N' for night mode. Press 'Del' then 'Esc' to reset all achievements. 100 hidden cats 2 is a hidden object game in the city setting. Black and white hand-drawn graphics in a cartoon style. Ultra hard! Really very difficult! Cunning cats hid in the big city. They are disguised and very dangerous. Can you find 100 cats? Just click on the cat! Take care of your nerves!,"{""text_match"": 0.035801988, ""cosine_similarity"": 0.60885096}"
2026-02-10T19:44:38+00:00,CORTEX_DB.RAW.CAT_GAMES_SVC_1_5,default,"I remember a hidden object game: black-and-white city illustration, and after finding cats the picture gets colored","I remember a hidden object game: black-and-white city illustration, and after finding cats the picture gets colored",[],,False,,,,low_latency,0.75,10,100,0,920,920,,01c25360-0005-0843-0001-397a0006d39e,,34,34,,5e-06,5e-06,,5e-06,,,,,[],[],[],[],[],[],,,,,,,True,False,[],[],,,,[],[],,,,3,Hidden Cats in Paris,0.8019307,2022,English,Family Sharing;Full controller support;Single-player;Steam Achievements;Steam Cloud;Steam Trading Cards,Casual;Indie,Cartoon;Casual;Cats;Cute;Hand-drawn;Hidden Object;Indie;Point & Click;Relaxing,"Meow meow meow mes amis! Cats are hidden in a unique lovely Paris scenario. A short and pleasant experience in a big and lovely illustration! Start with a Beautiful monochromatic scenario, relax, and find all the cats to reveal the final colored art. More than 680 hidden objects to find!!! Play through different modes, find special cats, and unlock bonus levels! NORMAL MODE Find 100 cats in fixed positions. 3 hints. ADVANCED MODE Find 150 cats in semi-random positions. 8 Special cats that unlock","{""text_match"": 0.026049701, ""cosine_similarity"": 0.6038614}"
2026-02-10T19:44:38+00:00,CORTEX_DB.RAW.CAT_GAMES_SVC_1_5,default,"I remember a hidden object game: black-and-white city illustration, and after finding cats the picture gets colored","I remember a hidden object game: black-and-white city illustration, and after finding cats the picture gets colored",[],,False,,,,low_latency,0.75,10,100,0,920,920,,01c25360-0005-0843-0001-397a0006d39e,,34,34,,5e-06,5e-06,,5e-06,,,,,[],[],[],[],[],[],,,,,,,True,False,[],[],,,,[],[],,,,4,Cat city,0.7947136,2023,English;Russian,Family Sharing;Full controller support;Single-player;Steam Achievements,Adventure;Casual;Indie,2D;Atmospheric;Casual;Cats;Clicker;Controller;Creature Collector;Cute;Detective;Education;Exploration;Family Friendly;Hand-drawn;Hidden Object;Interactive Fiction;Point & Click;Puzzle;Side Scroller;Singleplayer;Trading Card Game,"'Cat city' is an exciting hidden objects game. In this game, you will have to explore the whole city to find all the cats (and various secrets) and get closer to the goal of making this world and the lives of the cats living in it a little better, and restore their faith in people! The main character will help you figure it out and get comfortable, and tell you about the necessary help in this exciting and extremely important matter! The help of each person is important so that the world becomes","{""text_match"": 0.026720256, ""cosine_similarity"": 0.5894272}"
2026-02-10T19:44:38+00:00,CORTEX_DB.RAW.CAT_GAMES_SVC_1_5,default,"I remember a hidden object game: black-and-white city illustration, and after finding cats the picture gets colored","I remember a hidden object game: black-and-white city illustration, and after finding cats the picture gets colored",[],,False,,,,low_latency,0.75,10,100,0,920,920,,01c25360-0005-0843-0001-397a0006d39e,,34,34,,5e-06,5e-06,,5e-06,,,,,[],[],[],[],[],[],,,,,,,True,False,[],[],,,,[],[],,,,5,Hidden Cats - Winter,0.7920406,2024,English;French;German;Italian;Japanese;Korean;Portuguese - Portugal;Russian;Simplified Chinese;Spanish - Spain,Family Sharing;Single-player;Steam Achievements,Adventure;Casual,2D;Adventure;Cartoon;Cartoony;Casual;Cats;Colorful;Cozy;Creature Collector;Cute;Family Friendly;Funny;Hand-drawn;Hidden Object;Point & Click;Puzzle;Relaxing;Singleplayer;Stylized;Wholesome,"Dive into the enchanting world of 'Hidden Cats - Winter' a hidden object game where your mission is to uncover every cat hidden within stunning hand-painted artwork. Let your keen eye and curiosity guide you through this captivating journey. ※ Key Features: 😺 100 Hidden Cats: Discover 100 hidden cats scattered throughout the artwork. 💡 Unlimited Hints: Stuck? Use unlimited hints to find the hidden cats and keep progressing. 🎵 Custom Music: Enjoy unique background music for the artwork, enhancing","{""text_match"": 0.019201566, ""cosine_similarity"": 0.5840812}"
2026-02-10T19:44:38+00:00,CORTEX_DB.RAW.CAT_GAMES_SVC_1_5,default,"I remember a hidden object game: black-and-white city illustration, and after finding cats the picture gets colored","I remember a hidden object game: black-and-white city illustration, and after finding cats the picture gets colored",[],,False,,,,low_latency,0.75,10,100,0,920,920,,01c25360-0005-0843-0001-397a0006d39e,,34,34,,5e-06,5e-06,,5e-06,,,,,[],[],[],[],[],[],,,,,,,True,False,[],[],,,,[],[],,,,6,Hidden Cats: Magic Forest,0.7882093,2023,English;French;German;Italian;Japanese;Korean;Portuguese - Portugal;Simplified Chinese;Spanish - Spain;Turkish,Family Sharing;Full controller support;Single-player;Steam Achievements,Casual;Indie,3D;Atmospheric;Casual;Cats;Colorful;Creature Collector;Cute;Exploration;Family Friendly;Hidden Object;Indie;Isometric;Minimalist;Nature;Point & Click;Puzzle;Relaxing;Singleplayer;Tutorial;Wholesome,"Hidden Cats: Magic Forest is a hidden object game where you'll search for hidden cats while exploring the mysteries of the magical forest. Find cats in black, white, and orange colors. Lift old trees and plant saplings in their place to create new trees. Discover the Hidden Egyptian Cat God. Learn interesting facts about cats. Touch the magical texture of the forest and interact with other surprise objects to earn all the achievements. If you enjoy games like 'A Building Full of Cats' and 'Hidde","{""text_match"": 0.036817066, ""cosine_similarity"": 0.5764186}"
2026-02-10T19:44:38+00:00,CORTEX_DB.RAW.CAT_GAMES_SVC_1_5,default,"I remember a hidden object game: black-and-white city illustration, and after finding cats the picture gets colored","I remember a hidden object game: black-and-white city illustration, and after finding cats the picture gets colored",[],,False,,,,low_latency,0.75,10,100,0,920,920,,01c25360-0005-0843-0001-397a0006d39e,,34,34,,5e-06,5e-06,,5e-06,,,,,[],[],[],[],[],[],,,,,,,True,False,[],[],,,,[],[],,,,7,Hidden Cats in Spooky Town,0.7874074,2023,English,Family Sharing;Full controller support;Single-player;Steam Achievements;Steam Cloud;Steam Trading Cards,Casual,Adventure;Cartoony;Casual;Cats;Clicker;Collectathon;Colorful;Cozy;Creature Collector;Cute;Exploration;Family Friendly;Funny;Hand-drawn;Hidden Object;Point & Click;Puzzle;Relaxing;Satire;Wholesome,"It's Halloween time! Do you choose Trick or Cat? Enjoy and find all the Hidden Cats one by one in the Spooky Town to reveal the final colored art. Play through different modes, find special cats, and unlock bonus levels! More than 970 hidden objects to find! Got all cats, played all bonuses, and had a nice Halloween evening? This time we are giving you an EXTRA BONUS!!! Enjoy the AFTER PARTY at the park! More than 970 Hidden Objects to find in the entire game! Play through different modes, find ","{""text_match"": 0.027467526, ""cosine_similarity"": 0.5748148}"
2026-02-10T19:44:38+00:00,CORTEX_DB.RAW.CAT_GAMES_SVC_1_5,default,"I remember a hidden object game: black-and-white city illustration, and after finding cats the picture gets colored","I remember a hidden object game: black-and-white city illustration, and after finding cats the picture gets colored",[],,False,,,,low_latency,0.75,10,100,0,920,920,,01c25360-0005-0843-0001-397a0006d39e,,34,34,,5e-06,5e-06,,5e-06,,,,,[],[],[],[],[],[],,,,,,,True,False,[],[],,,,[],[],,,,8,Hidden Cats - Easter,0.7889221,2025,English;French;German;Italian;Japanese;Korean;Portuguese - Portugal;Russian;Simplified Chinese;Spanish - Spain,Family Sharing;Single-player;Steam Achievements,Casual,2D;Cartoon;Cartoony;Casual;Cats;Colorful;Creature Collector;Cute;Family Friendly;Funny;Hand-drawn;Hidden Object;Point & Click;Puzzle;Relaxing;Singleplayer;Stylized;Wholesome,"Dive into the enchanting world of 'Hidden Cats - Easter' a hidden object game where your mission is to uncover every cat hidden within stunning hand-painted artwork. Let your keen eye and curiosity guide you through this captivating journey. ※ Key Features: 😺 100 Hidden Cats: Discover 100 hidden cats scattered throughout the artwork. 💡 Unlimited Hints: Stuck? Use unlimited hints to find the hidden cats and keep progressing. 🎵 Custom Music: Enjoy unique background music for the artwork, enhancing","{""text_match"": 0.019201566, ""cosine_similarity"": 0.5778442}"
2026-02-10T19:44:38+00:00,CORTEX_DB.RAW.CAT_GAMES_SVC_1_5,default,"I remember a hidden object game: black-and-white city illustration, and after finding cats the picture gets colored","I remember a hidden object game: black-and-white city illustration, and after finding cats the picture gets colored",[],,False,,,,low_latency,0.75,10,100,0,920,920,,01c25360-0005-0843-0001-397a0006d39e,,34,34,,5e-06,5e-06,,5e-06,,,,,[],[],[],[],[],[],,,,,,,True,False,[],[],,,,[],[],,,,9,Hidden Cats - Zoo,0.7887439,2024,English;French;German;Italian;Japanese;Korean;Portuguese - Portugal;Russian;Simplified Chinese;Spanish - Spain,Family Sharing;Single-player;Steam Achievements,Adventure;Casual,2D;Adventure;Cartoon;Cartoony;Casual;Cats;Colorful;Cozy;Creature Collector;Cute;Family Friendly;Funny;Hand-drawn;Hidden Object;Point & Click;Puzzle;Relaxing;Singleplayer;Stylized;Wholesome,"Dive into the enchanting world of 'Hidden Cats - Zoo' a hidden object game where your mission is to uncover every cat hidden within stunning hand-painted artwork. Let your keen eye and curiosity guide you through this captivating journey. ※ Key Features: 😺 100 Hidden Cats: Discover 100 hidden cats scattered throughout the artwork. 💡 Unlimited Hints: Stuck? Use unlimited hints to find the hidden cats and keep progressing. 🎵 Custom Music: Enjoy unique background music for the artwork, enhancing yo","{""text_match"": 0.019201566, ""cosine_similarity"": 0.5774878}"
2026-02-10T19:44:38+00:00,CORTEX_DB.RAW.CAT_GAMES_SVC_1_5,default,"I remember a hidden object game: black-and-white city illustration, and after finding cats the picture gets colored","I remember a hidden object game: black-and-white city illustration, and after finding cats the picture gets colored",[],,False,,,,low_latency,0.75,10,100,0,920,920,,01c25360-0005-0843-0001-397a0006d39e,,34,34,,5e-06,5e-06,,5e-06,,,,,[],[],[],[],[],[],,,,,,,True,False,[],[],,,,[],[],,,,10,Cats and Seek: Osaka,0.7877637749999999,2023,Dutch;English;French;German;Indonesian;Italian;Japanese;Korean;Polish;Portuguese - Brazil;Portuguese - Portugal;Russian;Simplified Chinese;Spanish - Spain;Thai;Traditional Chinese;Turkish,Full controller support;Single-player;Steam Achievements,Casual;Indie,2D;Cartoony;Casual;Cats;Collectathon;Cozy;Creature Collector;Cute;Exploration;Family Friendly;Free to Play;Hand-drawn;Hidden Object;Indie;Minimalist;Point & Click;Puzzle;Relaxing;Singleplayer;Wholesome,This is the first title of Cats and Seek series. Do you have 5 minutes to spare? Let's play hide and seek with 100 cats in Osaka! 😻 ❤️     Can you find them all? ❤️ 🎮 1 level :: 😻 100 Hidden cats :: 🏆 100 Achievements 🔆 Brightness setting :: 🎨 Choose your favorite color :: 🔔 Free hints 💾 Save system :: 🔍 Zoom :: 🔉 Cute cat sounds 🎁 Extra level DLC (207 cats) And if bored with black and white doddles you can choose your own favorite color .,"{""text_match"": 0.023099001, ""cosine_similarity"": 0.57552755}"
2026-02-10T19:44:39+00:00,CORTEX_DB.RAW.CAT_GAMES_SVC_1_5,default,"I remember a hidden object game: black-and-white city illustration, and after finding cats the picture gets colored","I remember a hidden object game: black-and-white city illustration, and after finding cats the picture gets colored",[],,False,,,,reranker_heavy,0.3,10,100,0,922,922,,01c25360-0005-0843-0001-397a0006d3a6,,34,34,,5e-06,5e-06,,5e-06,,,,,[],[],[],[],[],[],,,,,,,True,False,[],[],,,,[],[],,,,1,Hidden Cats in Paris,0.8019307,2022,English,Family Sharing;Full controller support;Single-player;Steam Achievements;Steam Cloud;Steam Trading Cards,Casual;Indie,Cartoon;Casual;Cats;Cute;Hand-drawn;Hidden Object;Indie;Point & Click;Relaxing,"Meow meow meow mes amis! Cats are hidden in a unique lovely Paris scenario. A short and pleasant experience in a big and lovely illustration! Start with a Beautiful monochromatic scenario, relax, and find all the cats to reveal the final colored art. More than 680 hidden objects to find!!! Play through different modes, find special cats, and unlock bonus levels! NORMAL MODE Find 100 cats in fixed positions. 3 hints. ADVANCED MODE Find 150 cats in semi-random positions. 8 Special cats that unlock","{""text_match"": 0.026049701, ""cosine_similarity"": 0.6038614, ""reranker_score"": -4.6134124}"
2026-02-10T19:44:39+00:00,CORTEX_DB.RAW.CAT_GAMES_SVC_1_5,default,"I remember a hidden object game: black-and-white city illustration, and after finding cats the picture gets colored","I remember a hidden object game: black-and-white city illustration, and after finding cats the picture gets colored",[],,False,,,,reranker_heavy,0.3,10,100,0,922,922,,01c25360-0005-0843-0001-397a0006d3a6,,34,34,,5e-06,5e-06,,5e-06,,,,,[],[],[],[],[],[],,,,,,,True,False,[],[],,,,[],[],,,,2,I commissioned some cats 3,0.808345885,2023,English,Family Sharing;Single-player;Steam Achievements,Casual;Indie,2D;Abstract;Cartoony;Casual;Cats;Colorful;Comic Book;Cute;Design & Illustration;Family Friendly;Fantasy;Hand-drawn;Hidden Object;Instrumental Music;Nature;Point & Click;Psychedelic;Puzzle;Relaxing;Singleplayer,A hidden object game where you must find all the cats and wool to complete each level. Key features: 🖼️ 15 Unique artworks ❓ 1500+ Hidden objects total 🐈 750+ Cats 🧶 750+ Wool 💡 ∞ Unlimited hints if you get stuck ♻️ Restore a small number of hidden objects to a painting so you can find them again! 🎵 Music for each artwork ⌨️ Use your keyboard to move/zoom in if you have no scroll wheel 💾 3x save slots 🗑️ Reset progress entirely and play again 🕒 Timer included to show how long you took to complet,"{""text_match"": 0.05555541, ""cosine_similarity"": 0.61669177, ""reranker_score"": -5.232831}"
2026-02-10T19:44:39+00:00,CORTEX_DB.RAW.CAT_GAMES_SVC_1_5,default,"I remember a hidden object game: black-and-white city illustration, and after finding cats the picture gets colored","I remember a hidden object game: black-and-white city illustration, and after finding cats the picture gets colored",[],,False,,,,reranker_heavy,0.3,10,100,0,922,922,,01c25360-0005-0843-0001-397a0006d3a6,,34,34,,5e-06,5e-06,,5e-06,,,,,[],[],[],[],[],[],,,,,,,True,False,[],[],,,,[],[],,,,3,100 hidden cats 2,0.80442548,2021,English,Family Sharing;Single-player;Steam Achievements;Steam Trading Cards,Adventure;Casual;Indie,2D;Adventure;Arcade;Casual;Cats;Creature Collector;Cute;Dog;Exploration;Family Friendly;Hand-drawn;Hidden Object;Minimalist;Nature;Point & Click;Puzzle;Relaxing;Side Scroller;Stylized;Trains,Art by Аnatoliy Loginovskikh Important information Press 'N' for night mode. Press 'Del' then 'Esc' to reset all achievements. 100 hidden cats 2 is a hidden object game in the city setting. Black and white hand-drawn graphics in a cartoon style. Ultra hard! Really very difficult! Cunning cats hid in the big city. They are disguised and very dangerous. Can you find 100 cats? Just click on the cat! Take care of your nerves!,"{""text_match"": 0.035801988, ""cosine_similarity"": 0.60885096, ""reranker_score"": -5.430273}"
2026-02-10T19:44:39+00:00,CORTEX_DB.RAW.CAT_GAMES_SVC_1_5,default,"I remember a hidden object game: black-and-white city illustration, and after finding cats the picture gets colored","I remember a hidden object game: black-and-white city illustration, and after finding cats the picture gets colored",[],,False,,,,reranker_heavy,0.3,10,100,0,922,922,,01c25360-0005-0843-0001-397a0006d3a6,,34,34,,5e-06,5e-06,,5e-06,,,,,[],[],[],[],[],[],,,,,,,True,False,[],[],,,,[],[],,,,4,Cat city,0.7947136,2023,English;Russian,Family Sharing;Full controller support;Single-player;Steam Achievements,Adventure;Casual;Indie,2D;Atmospheric;Casual;Cats;Clicker;Controller;Creature Collector;Cute;Detective;Education;Exploration;Family Friendly;Hand-drawn;Hidden Object;Interactive Fiction;Point & Click;Puzzle;Side Scroller;Singleplayer;Trading Card Game,"'Cat city' is an exciting hidden objects game. In this game, you will have to explore the whole city to find all the cats (and various secrets) and get closer to the goal of making this world and the lives of the cats living in it a little better, and restore their faith in people! The main character will help you figure it out and get comfortable, and tell you about the necessary help in this exciting and extremely important matter! The help of each person is important so that the world becomes","{""text_match"": 0.026720256, ""cosine_similarity"": 0.5894272, ""reranker_score"": -6.69383}"
2026-02-10T19:44:39+00:00,CORTEX_DB.RAW.CAT_GAMES_SVC_1_5,default,"I remember a hidden object game: black-and-white city illustration, and after finding cats the picture gets colored","I remember a hidden object game: black-and-white city illustration, and after finding cats the picture gets colored",[],,False,,,,reranker_heavy,0.3,10,100,0,922,922,,01c25360-0005-0843-0001-397a0006d3a6,,34,34,,5e-06,5e-06,,5e-06,,,,,[],[],[],[],[],[],,,,,,,True,False,[],[],,,,[],[],,,,5,Hidden Cats: Magic Forest,0.7882093,2023,English;French;German;Italian;Japanese;Korean;Portuguese - Portugal;Simplified Chinese;Spanish - Spain;Turkish,Family Sharing;Full controller support;Single-player;Steam Achievements,Casual;Indie,3D;Atmospheric;Casual;Cats;Colorful;Creature Collector;Cute;Exploration;Family Friendly;Hidden Object;Indie;Isometric;Minimalist;Nature;Point & Click;Puzzle;Relaxing;Singleplayer;Tutorial;Wholesome,"Hidden Cats: Magic Forest is a hidden object game where you'll search for hidden cats while exploring the mysteries of the magical forest. Find cats in black, white, and orange colors. Lift old trees and plant saplings in their place to create new trees. Discover the Hidden Egyptian Cat God. Learn interesting facts about cats. Touch the magical texture of the forest and interact with other surprise objects to earn all the achievements. If you enjoy games like 'A Building Full of Cats' and 'Hidde","{""text_match"": 0.036817066, ""cosine_similarity"": 0.5764186, ""reranker_score"": -6.5692043}"
2026-02-10T19:44:39+00:00,CORTEX_DB.RAW.CAT_GAMES_SVC_1_5,default,"I remember a hidden object game: black-and-white city illustration, and after finding cats the picture gets colored","I remember a hidden object game: black-and-white city illustration, and after finding cats the picture gets colored",[],,False,,,,reranker_heavy,0.3,10,100,0,922,922,,01c25360-0005-0843-0001-397a0006d3a6,,34,34,,5e-06,5e-06,,5e-06,,,,,[],[],[],[],[],[],,,,,,,True,False,[],[],,,,[],[],,,,6,Hidden Cats in Spooky Town,0.7874074,2023,English,Family Sharing;Full controller support;Single-player;Steam Achievements;Steam Cloud;Steam Trading Cards,Casual,Adventure;Cartoony;Casual;Cats;Clicker;Collectathon;Colorful;Cozy;Creature Collector;Cute;Exploration;Family Friendly;Funny;Hand-drawn;Hidden Object;Point & Click;Puzzle;Relaxing;Satire;Wholesome,"It's Halloween time! Do you choose Trick or Cat? Enjoy and find all the Hidden Cats one by one in the Spooky Town to reveal the final colored art. Play through different modes, find special cats, and unlock bonus levels! More than 970 hidden objects to find! Got all cats, played all bonuses, and had a nice Halloween evening? This time we are giving you an EXTRA BONUS!!! Enjoy the AFTER PARTY at the park! More than 970 Hidden Objects to find in the entire game! Play through different modes, find ","{""text_match"": 0.027467526, ""cosine_similarity"": 0.5748148, ""reranker_score"": -6.576153}"
2026-02-10T19:44:39+00:00,CORTEX_DB.RAW.CAT_GAMES_SVC_1_5,default,"I remember a hidden object game: black-and-white city illustration, and after finding cats the picture gets colored","I remember a hidden object game: black-and-white city illustration, and after finding cats the picture gets colored",[],,False,,,,reranker_heavy,0.3,10,100,0,922,922,,01c25360-0005-0843-0001-397a0006d3a6,,34,34,,5e-06,5e-06,,5e-06,,,,,[],[],[],[],[],[],,,,,,,True,False,[],[],,,,[],[],,,,7,Hidden Cats - Winter,0.7920406,2024,English;French;German;Italian;Japanese;Korean;Portuguese - Portugal;Russian;Simplified Chinese;Spanish - Spain,Family Sharing;Single-player;Steam Achievements,Adventure;Casual,2D;Adventure;Cartoon;Cartoony;Casual;Cats;Colorful;Cozy;Creature Collector;Cute;Family Friendly;Funny;Hand-drawn;Hidden Object;Point & Click;Puzzle;Relaxing;Singleplayer;Stylized;Wholesome,"Dive into the enchanting world of 'Hidden Cats - Winter' a hidden object game where your mission is to uncover every cat hidden within stunning hand-painted artwork. Let your keen eye and curiosity guide you through this captivating journey. ※ Key Features: 😺 100 Hidden Cats: Discover 100 hidden cats scattered throughout the artwork. 💡 Unlimited Hints: Stuck? Use unlimited hints to find the hidden cats and keep progressing. 🎵 Custom Music: Enjoy unique background music for the artwork, enhancing","{""text_match"": 0.019201566, ""cosine_similarity"": 0.5840812, ""reranker_score"": -7.0142865}"
2026-02-10T19:44:39+00:00,CORTEX_DB.RAW.CAT_GAMES_SVC_1_5,default,"I remember a hidden object game: black-and-white city illustration, and after finding cats the picture gets colored","I remember a hidden object game: black-and-white city illustration, and after finding cats the picture gets colored",[],,False,,,,reranker_heavy,0.3,10,100,0,922,922,,01c25360-0005-0843-0001-397a0006d3a6,,34,34,,5e-06,5e-06,,5e-06,,,,,[],[],[],[],[],[],,,,,,,True,False,[],[],,,,[],[],,,,8,Hidden Cats - Easter,0.7889221,2025,English;French;German;Italian;Japanese;Korean;Portuguese - Portugal;Russian;Simplified Chinese;Spanish - Spain,Family Sharing;Single-player;Steam Achievements,Casual,2D;Cartoon;Cartoony;Casual;Cats;Colorful;Creature Collector;Cute;Family Friendly;Funny;Hand-drawn;Hidden Object;Point & Click;Puzzle;Relaxing;Singleplayer;Stylized;Wholesome,"Dive into the enchanting world of 'Hidden Cats - Easter' a hidden object game where your mission is to uncover every cat hidden within stunning hand-painted artwork. Let your keen eye and curiosity guide you through this captivating journey. ※ Key Features: 😺 100 Hidden Cats: Discover 100 hidden cats scattered throughout the artwork. 💡 Unlimited Hints: Stuck? Use unlimited hints to find the hidden cats and keep progressing. 🎵 Custom Music: Enjoy unique background music for the artwork, enhancing","{""text_match"": 0.019201566, ""cosine_similarity"": 0.5778442, ""reranker_score"": -7.029936}"
2026-02-10T19:44:39+00:00,CORTEX_DB.RAW.CAT_GAMES_SVC_1_5,default,"I remember a hidden object game: black-and-white city illustration, and after finding cats the picture gets colored","I remember a hidden object game: black-and-white city illustration, and after finding cats the picture gets colored",[],,False,,,,reranker_heavy,0.3,10,100,0,922,922,,01c25360-0005-0843-0001-397a0006d3a6,,34,34,,5e-06,5e-06,,5e-06,,,,,[],[],[],[],[],[],,,,,,,True,False,[],[],,,,[],[],,,,9,Hidden Cats - Zoo,0.7887439,2024,English;French;German;Italian;Japanese;Korean;Portuguese - Portugal;Russian;Simplified Chinese;Spanish - Spain,Family Sharing;Single-player;Steam Achievements,Adventure;Casual,2D;Adventure;Cartoon;Cartoony;Casual;Cats;Colorful;Cozy;Creature Collector;Cute;Family Friendly;Funny;Hand-drawn;Hidden Object;Point & Click;Puzzle;Relaxing;Singleplayer;Stylized;Wholesome,"Dive into the enchanting world of 'Hidden Cats - Zoo' a hidden object game where your mission is to uncover every cat hidden within stunning hand-painted artwork. Let your keen eye and curiosity guide you through this captivating journey. ※ Key Features: 😺 100 Hidden Cats: Discover 100 hidden cats scattered throughout the artwork. 💡 Unlimited Hints: Stuck? Use unlimited hints to find the hidden cats and keep progressing. 🎵 Custom Music: Enjoy unique background music for the artwork, enhancing yo","{""text_match"": 0.019201566, ""cosine_similarity"": 0.5774878, ""reranker_score"": -7.089733}"
2026-02-10T19:44:39+00:00,CORTEX_DB.RAW.CAT_GAMES_SVC_1_5,default,"I remember a hidden object game: black-and-white city illustration, and after finding cats the picture gets colored","I remember a hidden object game: black-and-white city illustration, and after finding cats the picture gets colored",[],,False,,,,reranker_heavy,0.3,10,100,0,922,922,,01c25360-0005-0843-0001-397a0006d3a6,,34,34,,5e-06,5e-06,,5e-06,,,,,[],[],[],[],[],[],,,,,,,True,False,[],[],,,,[],[],,,,10,Hidden Office,0.7821505,2021,Arabic;Bulgarian;Czech;Danish;Dutch;English;Finnish;French;German;Greek;Hungarian;Italian;Japanese;Korean;Norwegian;Polish;Portuguese - Brazil;Portuguese - Portugal;Romanian;Russian;Simplified Chinese;Spanish - Latin America;Spanish - Spain;Swedish;Thai;Traditional Chinese;Turkish;Ukrainian;Vietnamese,Family Sharing;Single-player;Steam Achievements,Casual;Indie,3D;Arcade;Atmospheric;Cartoony;Casual;Cats;Colorful;Cute;Exploration;Family Friendly;Female Protagonist;Hidden Object;Indie;Investigation;Logic;Minimalist;Narration;Puzzle;Relaxing;Stylized,Office is empty now... Except cats. There are 12 rooms with plenty items. Find everything in a checklist and have fun! Classic Hidden Object game in 3D Extra achivements: find all 30 cats and get animated collectible cards 12 areas (108 levels) to unlock Plenty classic and unique challenges Easy to use Comfortable Zoom and Rotation No time limit - just relax and have fun Don't forget to,"{""text_match"": 0.0068693855, ""cosine_similarity"": 0.564301, ""reranker_score"": -6.534436}"
2026-02-10T19:44:41+00:00,CORTEX_DB.RAW.CAT_GAMES_SVC_1_5,default,"I remember a hidden object game: black-and-white city illustration, and after finding cats the picture gets colored","I remember a hidden object game: black-and-white city illustration, and after finding cats the picture gets colored",[],,False,,,,reranker_heavy,0.65,10,100,0,1331,1331,,01c25360-0005-0847-0001-397a0006c3e2,,36,36,,5e-06,5e-06,,5e-06,,,,,[],[],[],[],[],[],,,,,,,True,False,[],[],,,,[],[],,,,1,Hidden Cats in Paris,0.8019307,2022,English,Family Sharing;Full controller support;Single-player;Steam Achievements;Steam Cloud;Steam Trading Cards,Casual;Indie,Cartoon;Casual;Cats;Cute;Hand-drawn;Hidden Object;Indie;Point & Click;Relaxing,"Meow meow meow mes amis! Cats are hidden in a unique lovely Paris scenario. A short and pleasant experience in a big and lovely illustration! Start with a Beautiful monochromatic scenario, relax, and find all the cats to reveal the final colored art. More than 680 hidden objects to find!!! Play through different modes, find special cats, and unlock bonus levels! NORMAL MODE Find 100 cats in fixed positions. 3 hints. ADVANCED MODE Find 150 cats in semi-random positions. 8 Special cats that unlock","{""text_match"": 0.026049701, ""cosine_similarity"": 0.6038614, ""reranker_score"": -4.6134124}"
2026-02-10T19:44:41+00:00,CORTEX_DB.RAW.CAT_GAMES_SVC_1_5,default,"I remember a hidden object game: black-and-white city illustration, and after finding cats the picture gets colored","I remember a hidden object game: black-and-white city illustration, and after finding cats the picture gets colored",[],,False,,,,reranker_heavy,0.65,10,100,0,1331,1331,,01c25360-0005-0847-0001-397a0006c3e2,,36,36,,5e-06,5e-06,,5e-06,,,,,[],[],[],[],[],[],,,,,,,True,False,[],[],,,,[],[],,,,2,I commissioned some cats 3,0.808345885,2023,English,Family Sharing;Single-player;Steam Achievements,Casual;Indie,2D;Abstract;Cartoony;Casual;Cats;Colorful;Comic Book;Cute;Design & Illustration;Family Friendly;Fantasy;Hand-drawn;Hidden Object;Instrumental Music;Nature;Point & Click;Psychedelic;Puzzle;Relaxing;Singleplayer,A hidden object game where you must find all the cats and wool to complete each level. Key features: 🖼️ 15 Unique artworks ❓ 1500+ Hidden objects total 🐈 750+ Cats 🧶 750+ Wool 💡 ∞ Unlimited hints if you get stuck ♻️ Restore a small number of hidden objects to a painting so you can find them again! 🎵 Music for each artwork ⌨️ Use your keyboard to move/zoom in if you have no scroll wheel 💾 3x save slots 🗑️ Reset progress entirely and play again 🕒 Timer included to show how long you took to complet,"{""text_match"": 0.05555541, ""cosine_similarity"": 0.61669177, ""reranker_score"": -5.232831}"
2026-02-10T19:44:41+00:00,CORTEX_DB.RAW.CAT_GAMES_SVC_1_5,default,"I remember a hidden object game: black-and-white city illustration, and after finding cats the picture gets colored","I remember a hidden object game: black-and-white city illustration, and after finding cats the picture gets colored",[],,False,,,,reranker_heavy,0.65,10,100,0,1331,1331,,01c25360-0005-0847-0001-397a0006c3e2,,36,36,,5e-06,5e-06,,5e-06,,,,,[],[],[],[],[],[],,,,,,,True,False,[],[],,,,[],[],,,,3,100 hidden cats 2,0.80442548,2021,English,Family Sharing;Single-player;Steam Achievements;Steam Trading Cards,Adventure;Casual;Indie,2D;Adventure;Arcade;Casual;Cats;Creature Collector;Cute;Dog;Exploration;Family Friendly;Hand-drawn;Hidden Object;Minimalist;Nature;Point & Click;Puzzle;Relaxing;Side Scroller;Stylized;Trains,Art by Аnatoliy Loginovskikh Important information Press 'N' for night mode. Press 'Del' then 'Esc' to reset all achievements. 100 hidden cats 2 is a hidden object game in the city setting. Black and white hand-drawn graphics in a cartoon style. Ultra hard! Really very difficult! Cunning cats hid in the big city. They are disguised and very dangerous. Can you find 100 cats? Just click on the cat! Take care of your nerves!,"{""text_match"": 0.035801988, ""cosine_similarity"": 0.60885096, ""reranker_score"": -5.430273}"
2026-02-10T19:44:41+00:00,CORTEX_DB.RAW.CAT_GAMES_SVC_1_5,default,"I remember a hidden object game: black-and-white city illustration, and after finding cats the picture gets colored","I remember a hidden object game: black-and-white city illustration, and after finding cats the picture gets colored",[],,False,,,,reranker_heavy,0.65,10,100,0,1331,1331,,01c25360-0005-0847-0001-397a0006c3e2,,36,36,,5e-06,5e-06,,5e-06,,,,,[],[],[],[],[],[],,,,,,,True,False,[],[],,,,[],[],,,,4,Cat city,0.7947136,2023,English;Russian,Family Sharing;Full controller support;Single-player;Steam Achievements,Adventure;Casual;Indie,2D;Atmospheric;Casual;Cats;Clicker;Controller;Creature Collector;Cute;Detective;Education;Exploration;Family Friendly;Hand-drawn;Hidden Object;Interactive Fiction;Point & Click;Puzzle;Side Scroller;Singleplayer;Trading Card Game,"'Cat city' is an exciting hidden objects game. In this game, you will have to explore the whole city to find all the cats (and various secrets) and get closer to the goal of making this world and the lives of the cats living in it a little better, and restore their faith in people! The main character will help you figure it out and get comfortable, and tell you about the necessary help in this exciting and extremely important matter! The help of each person is important so that the world becomes","{""text_match"": 0.026720256, ""cosine_similarity"": 0.5894272, ""reranker_score"": -6.69383}"
2026-02-10T19:44:41+00:00,CORTEX_DB.RAW.CAT_GAMES_SVC_1_5,default,"I remember a hidden object game: black-and-white city illustration, and after finding cats the picture gets colored","I remember a hidden object game: black-and-white city illustration, and after finding cats the picture gets colored",[],,False,,,,reranker_heavy,0.65,10,100,0,1331,1331,,01c25360-0005-0847-0001-397a0006c3e2,,36,36,,5e-06,5e-06,,5e-06,,,,,[],[],[],[],[],[],,,,,,,True,False,[],[],,,,[],[],,,,5,Hidden Cats: Magic Forest,0.7882093,2023,English;French;German;Italian;Japanese;Korean;Portuguese - Portugal;Simplified Chinese;Spanish - Spain;Turkish,Family Sharing;Full controller support;Single-player;Steam Achievements,Casual;Indie,3D;Atmospheric;Casual;Cats;Colorful;Creature Collector;Cute;Exploration;Family Friendly;Hidden Object;Indie;Isometric;Minimalist;Nature;Point & Click;Puzzle;Relaxing;Singleplayer;Tutorial;Wholesome,"Hidden Cats: Magic Forest is a hidden object game where you'll search for hidden cats while exploring the mysteries of the magical forest. Find cats in black, white, and orange colors. Lift old trees and plant saplings in their place to create new trees. Discover the Hidden Egyptian Cat God. Learn interesting facts about cats. Touch the magical texture of the forest and interact with other surprise objects to earn all the achievements. If you enjoy games like 'A Building Full of Cats' and 'Hidde","{""text_match"": 0.036817066, ""cosine_similarity"": 0.5764186, ""reranker_score"": -6.5692043}"
2026-02-10T19:44:41+00:00,CORTEX_DB.RAW.CAT_GAMES_SVC_1_5,default,"I remember a hidden object game: black-and-white city illustration, and after finding cats the picture gets colored","I remember a hidden object game: black-and-white city illustration, and after finding cats the picture gets colored",[],,False,,,,reranker_heavy,0.65,10,100,0,1331,1331,,01c25360-0005-0847-0001-397a0006c3e2,,36,36,,5e-06,5e-06,,5e-06,,,,,[],[],[],[],[],[],,,,,,,True,False,[],[],,,,[],[],,,,6,Hidden Cats in Spooky Town,0.7874074,2023,English,Family Sharing;Full controller support;Single-player;Steam Achievements;Steam Cloud;Steam Trading Cards,Casual,Adventure;Cartoony;Casual;Cats;Clicker;Collectathon;Colorful;Cozy;Creature Collector;Cute;Exploration;Family Friendly;Funny;Hand-drawn;Hidden Object;Point & Click;Puzzle;Relaxing;Satire;Wholesome,"It's Halloween time! Do you choose Trick or Cat? Enjoy and find all the Hidden Cats one by one in the Spooky Town to reveal the final colored art. Play through different modes, find special cats, and unlock bonus levels! More than 970 hidden objects to find! Got all cats, played all bonuses, and had a nice Halloween evening? This time we are giving you an EXTRA BONUS!!! Enjoy the AFTER PARTY at the park! More than 970 Hidden Objects to find in the entire game! Play through different modes, find ","{""text_match"": 0.027467526, ""cosine_similarity"": 0.5748148, ""reranker_score"": -6.576153}"
2026-02-10T19:44:41+00:00,CORTEX_DB.RAW.CAT_GAMES_SVC_1_5,default,"I remember a hidden object game: black-and-white city illustration, and after finding cats the picture gets colored","I remember a hidden object game: black-and-white city illustration, and after finding cats the picture gets colored",[],,False,,,,reranker_heavy,0.65,10,100,0,1331,1331,,01c25360-0005-0847-0001-397a0006c3e2,,36,36,,5e-06,5e-06,,5e-06,,,,,[],[],[],[],[],[],,,,,,,True,False,[],[],,,,[],[],,,,7,Hidden Cats - Winter,0.7920406,2024,English;French;German;Italian;Japanese;Korean;Portuguese - Portugal;Russian;Simplified Chinese;Spanish - Spain,Family Sharing;Single-player;Steam Achievements,Adventure;Casual,2D;Adventure;Cartoon;Cartoony;Casual;Cats;Colorful;Cozy;Creature Collector;Cute;Family Friendly;Funny;Hand-drawn;Hidden Object;Point & Click;Puzzle;Relaxing;Singleplayer;Stylized;Wholesome,"Dive into the enchanting world of 'Hidden Cats - Winter' a hidden object game where your mission is to uncover every cat hidden within stunning hand-painted artwork. Let your keen eye and curiosity guide you through this captivating journey. ※ Key Features: 😺 100 Hidden Cats: Discover 100 hidden cats scattered throughout the artwork. 💡 Unlimited Hints: Stuck? Use unlimited hints to find the hidden cats and keep progressing. 🎵 Custom Music: Enjoy unique background music for the artwork, enhancing","{""text_match"": 0.019201566, ""cosine_similarity"": 0.5840812, ""reranker_score"": -7.0142865}"
2026-02-10T19:44:41+00:00,CORTEX_DB.RAW.CAT_GAMES_SVC_1_5,default,"I remember a hidden object game: black-and-white city illustration, and after finding cats the picture gets colored","I remember a hidden object game: black-and-white city illustration, and after finding cats the picture gets colored",[],,False,,,,reranker_heavy,0.65,10,100,0,1331,1331,,01c25360-0005-0847-0001-397a0006c3e2,,36,36,,5e-06,5e-06,,5e-06,,,,,[],[],[],[],[],[],,,,,,,True,False,[],[],,,,[],[],,,,8,Hidden Cats - Easter,0.7889221,2025,English;French;German;Italian;Japanese;Korean;Portuguese - Portugal;Russian;Simplified Chinese;Spanish - Spain,Family Sharing;Single-player;Steam Achievements,Casual,2D;Cartoon;Cartoony;Casual;Cats;Colorful;Creature Collector;Cute;Family Friendly;Funny;Hand-drawn;Hidden Object;Point & Click;Puzzle;Relaxing;Singleplayer;Stylized;Wholesome,"Dive into the enchanting world of 'Hidden Cats - Easter' a hidden object game where your mission is to uncover every cat hidden within stunning hand-painted artwork. Let your keen eye and curiosity guide you through this captivating journey. ※ Key Features: 😺 100 Hidden Cats: Discover 100 hidden cats scattered throughout the artwork. 💡 Unlimited Hints: Stuck? Use unlimited hints to find the hidden cats and keep progressing. 🎵 Custom Music: Enjoy unique background music for the artwork, enhancing","{""text_match"": 0.019201566, ""cosine_similarity"": 0.5778442, ""reranker_score"": -7.029936}"
2026-02-10T19:44:41+00:00,CORTEX_DB.RAW.CAT_GAMES_SVC_1_5,default,"I remember a hidden object game: black-and-white city illustration, and after finding cats the picture gets colored","I remember a hidden object game: black-and-white city illustration, and after finding cats the picture gets colored",[],,False,,,,reranker_heavy,0.65,10,100,0,1331,1331,,01c25360-0005-0847-0001-397a0006c3e2,,36,36,,5e-06,5e-06,,5e-06,,,,,[],[],[],[],[],[],,,,,,,True,False,[],[],,,,[],[],,,,9,Hidden Cats - Zoo,0.7887439,2024,English;French;German;Italian;Japanese;Korean;Portuguese - Portugal;Russian;Simplified Chinese;Spanish - Spain,Family Sharing;Single-player;Steam Achievements,Adventure;Casual,2D;Adventure;Cartoon;Cartoony;Casual;Cats;Colorful;Cozy;Creature Collector;Cute;Family Friendly;Funny;Hand-drawn;Hidden Object;Point & Click;Puzzle;Relaxing;Singleplayer;Stylized;Wholesome,"Dive into the enchanting world of 'Hidden Cats - Zoo' a hidden object game where your mission is to uncover every cat hidden within stunning hand-painted artwork. Let your keen eye and curiosity guide you through this captivating journey. ※ Key Features: 😺 100 Hidden Cats: Discover 100 hidden cats scattered throughout the artwork. 💡 Unlimited Hints: Stuck? Use unlimited hints to find the hidden cats and keep progressing. 🎵 Custom Music: Enjoy unique background music for the artwork, enhancing yo","{""text_match"": 0.019201566, ""cosine_similarity"": 0.5774878, ""reranker_score"": -7.089733}"
2026-02-10T19:44:41+00:00,CORTEX_DB.RAW.CAT_GAMES_SVC_1_5,default,"I remember a hidden object game: black-and-white city illustration, and after finding cats the picture gets colored","I remember a hidden object game: black-and-white city illustration, and after finding cats the picture gets colored",[],,False,,,,reranker_heavy,0.65,10,100,0,1331,1331,,01c25360-0005-0847-0001-397a0006c3e2,,36,36,,5e-06,5e-06,,5e-06,,,,,[],[],[],[],[],[],,,,,,,True,False,[],[],,,,[],[],,,,10,Hidden Office,0.7821505,2021,Arabic;Bulgarian;Czech;Danish;Dutch;English;Finnish;French;German;Greek;Hungarian;Italian;Japanese;Korean;Norwegian;Polish;Portuguese - Brazil;Portuguese - Portugal;Romanian;Russian;Simplified Chinese;Spanish - Latin America;Spanish - Spain;Swedish;Thai;Traditional Chinese;Turkish;Ukrainian;Vietnamese,Family Sharing;Single-player;Steam Achievements,Casual;Indie,3D;Arcade;Atmospheric;Cartoony;Casual;Cats;Colorful;Cute;Exploration;Family Friendly;Female Protagonist;Hidden Object;Indie;Investigation;Logic;Minimalist;Narration;Puzzle;Relaxing;Stylized,Office is empty now... Except cats. There are 12 rooms with plenty items. Find everything in a checklist and have fun! Classic Hidden Object game in 3D Extra achivements: find all 30 cats and get animated collectible cards 12 areas (108 levels) to unlock Plenty classic and unique challenges Easy to use Comfortable Zoom and Rotation No time limit - just relax and have fun Don't forget to,"{""text_match"": 0.0068693855, ""cosine_similarity"": 0.564301, ""reranker_score"": -6.534436}"
2026-02-10T19:44:42+00:00,CORTEX_DB.RAW.CAT_GAMES_SVC_1_5,default,"I remember a hidden object game: black-and-white city illustration, and after finding cats the picture gets colored","I remember a hidden object game: black-and-white city illustration, and after finding cats the picture gets colored",[],,False,,,,reranker_heavy,0.75,10,100,0,1035,1035,,01c25360-0005-0847-0001-397a0006c3e6,,38,38,,6e-06,6e-06,,6e-06,,,,,[],[],[],[],[],[],,,,,,,True,False,[],[],,,,[],[],,,,1,Hidden Cats in Paris,0.8019307,2022,English,Family Sharing;Full controller support;Single-player;Steam Achievements;Steam Cloud;Steam Trading Cards,Casual;Indie,Cartoon;Casual;Cats;Cute;Hand-drawn;Hidden Object;Indie;Point & Click;Relaxing,"Meow meow meow mes amis! Cats are hidden in a unique lovely Paris scenario. A short and pleasant experience in a big and lovely illustration! Start with a Beautiful monochromatic scenario, relax, and find all the cats to reveal the final colored art. More than 680 hidden objects to find!!! Play through different modes, find special cats, and unlock bonus levels! NORMAL MODE Find 100 cats in fixed positions. 3 hints. ADVANCED MODE Find 150 cats in semi-random positions. 8 Special cats that unlock","{""text_match"": 0.026049701, ""cosine_similarity"": 0.6038614, ""reranker_score"": -4.6134124}"
2026-02-10T19:44:42+00:00,CORTEX_DB.RAW.CAT_GAMES_SVC_1_5,default,"I remember a hidden object game: black-and-white city illustration, and after finding cats the picture gets colored","I remember a hidden object game: black-and-white city illustration, and after finding cats the picture gets colored",[],,False,,,,reranker_heavy,0.75,10,100,0,1035,1035,,01c25360-0005-0847-0001-397a0006c3e6,,38,38,,6e-06,6e-06,,6e-06,,,,,[],[],[],[],[],[],,,,,,,True,False,[],[],,,,[],[],,,,2,I commissioned some cats 3,0.808345885,2023,English,Family Sharing;Single-player;Steam Achievements,Casual;Indie,2D;Abstract;Cartoony;Casual;Cats;Colorful;Comic Book;Cute;Design & Illustration;Family Friendly;Fantasy;Hand-drawn;Hidden Object;Instrumental Music;Nature;Point & Click;Psychedelic;Puzzle;Relaxing;Singleplayer,A hidden object game where you must find all the cats and wool to complete each level. Key features: 🖼️ 15 Unique artworks ❓ 1500+ Hidden objects total 🐈 750+ Cats 🧶 750+ Wool 💡 ∞ Unlimited hints if you get stuck ♻️ Restore a small number of hidden objects to a painting so you can find them again! 🎵 Music for each artwork ⌨️ Use your keyboard to move/zoom in if you have no scroll wheel 💾 3x save slots 🗑️ Reset progress entirely and play again 🕒 Timer included to show how long you took to complet,"{""text_match"": 0.05555541, ""cosine_similarity"": 0.61669177, ""reranker_score"": -5.232831}"
2026-02-10T19:44:42+00:00,CORTEX_DB.RAW.CAT_GAMES_SVC_1_5,default,"I remember a hidden object game: black-and-white city illustration, and after finding cats the picture gets colored","I remember a hidden object game: black-and-white city illustration, and after finding cats the picture gets colored",[],,False,,,,reranker_heavy,0.75,10,100,0,1035,1035,,01c25360-0005-0847-0001-397a0006c3e6,,38,38,,6e-06,6e-06,,6e-06,,,,,[],[],[],[],[],[],,,,,,,True,False,[],[],,,,[],[],,,,3,100 hidden cats 2,0.80442548,2021,English,Family Sharing;Single-player;Steam Achievements;Steam Trading Cards,Adventure;Casual;Indie,2D;Adventure;Arcade;Casual;Cats;Creature Collector;Cute;Dog;Exploration;Family Friendly;Hand-drawn;Hidden Object;Minimalist;Nature;Point & Click;Puzzle;Relaxing;Side Scroller;Stylized;Trains,Art by Аnatoliy Loginovskikh Important information Press 'N' for night mode. Press 'Del' then 'Esc' to reset all achievements. 100 hidden cats 2 is a hidden object game in the city setting. Black and white hand-drawn graphics in a cartoon style. Ultra hard! Really very difficult! Cunning cats hid in the big city. They are disguised and very dangerous. Can you find 100 cats? Just click on the cat! Take care of your nerves!,"{""text_match"": 0.035801988, ""cosine_similarity"": 0.60885096, ""reranker_score"": -5.430273}"
2026-02-10T19:44:42+00:00,CORTEX_DB.RAW.CAT_GAMES_SVC_1_5,default,"I remember a hidden object game: black-and-white city illustration, and after finding cats the picture gets colored","I remember a hidden object game: black-and-white city illustration, and after finding cats the picture gets colored",[],,False,,,,reranker_heavy,0.75,10,100,0,1035,1035,,01c25360-0005-0847-0001-397a0006c3e6,,38,38,,6e-06,6e-06,,6e-06,,,,,[],[],[],[],[],[],,,,,,,True,False,[],[],,,,[],[],,,,4,Cat city,0.7947136,2023,English;Russian,Family Sharing;Full controller support;Single-player;Steam Achievements,Adventure;Casual;Indie,2D;Atmospheric;Casual;Cats;Clicker;Controller;Creature Collector;Cute;Detective;Education;Exploration;Family Friendly;Hand-drawn;Hidden Object;Interactive Fiction;Point & Click;Puzzle;Side Scroller;Singleplayer;Trading Card Game,"'Cat city' is an exciting hidden objects game. In this game, you will have to explore the whole city to find all the cats (and various secrets) and get closer to the goal of making this world and the lives of the cats living in it a little better, and restore their faith in people! The main character will help you figure it out and get comfortable, and tell you about the necessary help in this exciting and extremely important matter! The help of each person is important so that the world becomes","{""text_match"": 0.026720256, ""cosine_similarity"": 0.5894272, ""reranker_score"": -6.69383}"
2026-02-10T19:44:42+00:00,CORTEX_DB.RAW.CAT_GAMES_SVC_1_5,default,"I remember a hidden object game: black-and-white city illustration, and after finding cats the picture gets colored","I remember a hidden object game: black-and-white city illustration, and after finding cats the picture gets colored",[],,False,,,,reranker_heavy,0.75,10,100,0,1035,1035,,01c25360-0005-0847-0001-397a0006c3e6,,38,38,,6e-06,6e-06,,6e-06,,,,,[],[],[],[],[],[],,,,,,,True,False,[],[],,,,[],[],,,,5,Hidden Cats: Magic Forest,0.7882093,2023,English;French;German;Italian;Japanese;Korean;Portuguese - Portugal;Simplified Chinese;Spanish - Spain;Turkish,Family Sharing;Full controller support;Single-player;Steam Achievements,Casual;Indie,3D;Atmospheric;Casual;Cats;Colorful;Creature Collector;Cute;Exploration;Family Friendly;Hidden Object;Indie;Isometric;Minimalist;Nature;Point & Click;Puzzle;Relaxing;Singleplayer;Tutorial;Wholesome,"Hidden Cats: Magic Forest is a hidden object game where you'll search for hidden cats while exploring the mysteries of the magical forest. Find cats in black, white, and orange colors. Lift old trees and plant saplings in their place to create new trees. Discover the Hidden Egyptian Cat God. Learn interesting facts about cats. Touch the magical texture of the forest and interact with other surprise objects to earn all the achievements. If you enjoy games like 'A Building Full of Cats' and 'Hidde","{""text_match"": 0.036817066, ""cosine_similarity"": 0.5764186, ""reranker_score"": -6.5692043}"
2026-02-10T19:44:42+00:00,CORTEX_DB.RAW.CAT_GAMES_SVC_1_5,default,"I remember a hidden object game: black-and-white city illustration, and after finding cats the picture gets colored","I remember a hidden object game: black-and-white city illustration, and after finding cats the picture gets colored",[],,False,,,,reranker_heavy,0.75,10,100,0,1035,1035,,01c25360-0005-0847-0001-397a0006c3e6,,38,38,,6e-06,6e-06,,6e-06,,,,,[],[],[],[],[],[],,,,,,,True,False,[],[],,,,[],[],,,,6,Hidden Cats in Spooky Town,0.7874074,2023,English,Family Sharing;Full controller support;Single-player;Steam Achievements;Steam Cloud;Steam Trading Cards,Casual,Adventure;Cartoony;Casual;Cats;Clicker;Collectathon;Colorful;Cozy;Creature Collector;Cute;Exploration;Family Friendly;Funny;Hand-drawn;Hidden Object;Point & Click;Puzzle;Relaxing;Satire;Wholesome,"It's Halloween time! Do you choose Trick or Cat? Enjoy and find all the Hidden Cats one by one in the Spooky Town to reveal the final colored art. Play through different modes, find special cats, and unlock bonus levels! More than 970 hidden objects to find! Got all cats, played all bonuses, and had a nice Halloween evening? This time we are giving you an EXTRA BONUS!!! Enjoy the AFTER PARTY at the park! More than 970 Hidden Objects to find in the entire game! Play through different modes, find ","{""text_match"": 0.027467526, ""cosine_similarity"": 0.5748148, ""reranker_score"": -6.576153}"
2026-02-10T19:44:42+00:00,CORTEX_DB.RAW.CAT_GAMES_SVC_1_5,default,"I remember a hidden object game: black-and-white city illustration, and after finding cats the picture gets colored","I remember a hidden object game: black-and-white city illustration, and after finding cats the picture gets colored",[],,False,,,,reranker_heavy,0.75,10,100,0,1035,1035,,01c25360-0005-0847-0001-397a0006c3e6,,38,38,,6e-06,6e-06,,6e-06,,,,,[],[],[],[],[],[],,,,,,,True,False,[],[],,,,[],[],,,,7,Hidden Cats - Winter,0.7920406,2024,English;French;German;Italian;Japanese;Korean;Portuguese - Portugal;Russian;Simplified Chinese;Spanish - Spain,Family Sharing;Single-player;Steam Achievements,Adventure;Casual,2D;Adventure;Cartoon;Cartoony;Casual;Cats;Colorful;Cozy;Creature Collector;Cute;Family Friendly;Funny;Hand-drawn;Hidden Object;Point & Click;Puzzle;Relaxing;Singleplayer;Stylized;Wholesome,"Dive into the enchanting world of 'Hidden Cats - Winter' a hidden object game where your mission is to uncover every cat hidden within stunning hand-painted artwork. Let your keen eye and curiosity guide you through this captivating journey. ※ Key Features: 😺 100 Hidden Cats: Discover 100 hidden cats scattered throughout the artwork. 💡 Unlimited Hints: Stuck? Use unlimited hints to find the hidden cats and keep progressing. 🎵 Custom Music: Enjoy unique background music for the artwork, enhancing","{""text_match"": 0.019201566, ""cosine_similarity"": 0.5840812, ""reranker_score"": -7.0142865}"
2026-02-10T19:44:42+00:00,CORTEX_DB.RAW.CAT_GAMES_SVC_1_5,default,"I remember a hidden object game: black-and-white city illustration, and after finding cats the picture gets colored","I remember a hidden object game: black-and-white city illustration, and after finding cats the picture gets colored",[],,False,,,,reranker_heavy,0.75,10,100,0,1035,1035,,01c25360-0005-0847-0001-397a0006c3e6,,38,38,,6e-06,6e-06,,6e-06,,,,,[],[],[],[],[],[],,,,,,,True,False,[],[],,,,[],[],,,,8,Hidden Cats - Easter,0.7889221,2025,English;French;German;Italian;Japanese;Korean;Portuguese - Portugal;Russian;Simplified Chinese;Spanish - Spain,Family Sharing;Single-player;Steam Achievements,Casual,2D;Cartoon;Cartoony;Casual;Cats;Colorful;Creature Collector;Cute;Family Friendly;Funny;Hand-drawn;Hidden Object;Point & Click;Puzzle;Relaxing;Singleplayer;Stylized;Wholesome,"Dive into the enchanting world of 'Hidden Cats - Easter' a hidden object game where your mission is to uncover every cat hidden within stunning hand-painted artwork. Let your keen eye and curiosity guide you through this captivating journey. ※ Key Features: 😺 100 Hidden Cats: Discover 100 hidden cats scattered throughout the artwork. 💡 Unlimited Hints: Stuck? Use unlimited hints to find the hidden cats and keep progressing. 🎵 Custom Music: Enjoy unique background music for the artwork, enhancing","{""text_match"": 0.019201566, ""cosine_similarity"": 0.5778442, ""reranker_score"": -7.029936}"
2026-02-10T19:44:42+00:00,CORTEX_DB.RAW.CAT_GAMES_SVC_1_5,default,"I remember a hidden object game: black-and-white city illustration, and after finding cats the picture gets colored","I remember a hidden object game: black-and-white city illustration, and after finding cats the picture gets colored",[],,False,,,,reranker_heavy,0.75,10,100,0,1035,1035,,01c25360-0005-0847-0001-397a0006c3e6,,38,38,,6e-06,6e-06,,6e-06,,,,,[],[],[],[],[],[],,,,,,,True,False,[],[],,,,[],[],,,,9,Hidden Cats - Zoo,0.7887439,2024,English;French;German;Italian;Japanese;Korean;Portuguese - Portugal;Russian;Simplified Chinese;Spanish - Spain,Family Sharing;Single-player;Steam Achievements,Adventure;Casual,2D;Adventure;Cartoon;Cartoony;Casual;Cats;Colorful;Cozy;Creature Collector;Cute;Family Friendly;Funny;Hand-drawn;Hidden Object;Point & Click;Puzzle;Relaxing;Singleplayer;Stylized;Wholesome,"Dive into the enchanting world of 'Hidden Cats - Zoo' a hidden object game where your mission is to uncover every cat hidden within stunning hand-painted artwork. Let your keen eye and curiosity guide you through this captivating journey. ※ Key Features: 😺 100 Hidden Cats: Discover 100 hidden cats scattered throughout the artwork. 💡 Unlimited Hints: Stuck? Use unlimited hints to find the hidden cats and keep progressing. 🎵 Custom Music: Enjoy unique background music for the artwork, enhancing yo","{""text_match"": 0.019201566, ""cosine_similarity"": 0.5774878, ""reranker_score"": -7.089733}"
2026-02-10T19:44:42+00:00,CORTEX_DB.RAW.CAT_GAMES_SVC_1_5,default,"I remember a hidden object game: black-and-white city illustration, and after finding cats the picture gets colored","I remember a hidden object game: black-and-white city illustration, and after finding cats the picture gets colored",[],,False,,,,reranker_heavy,0.75,10,100,0,1035,1035,,01c25360-0005-0847-0001-397a0006c3e6,,38,38,,6e-06,6e-06,,6e-06,,,,,[],[],[],[],[],[],,,,,,,True,False,[],[],,,,[],[],,,,10,Hidden Office,0.7821505,2021,Arabic;Bulgarian;Czech;Danish;Dutch;English;Finnish;French;German;Greek;Hungarian;Italian;Japanese;Korean;Norwegian;Polish;Portuguese - Brazil;Portuguese - Portugal;Romanian;Russian;Simplified Chinese;Spanish - Latin America;Spanish - Spain;Swedish;Thai;Traditional Chinese;Turkish;Ukrainian;Vietnamese,Family Sharing;Single-player;Steam Achievements,Casual;Indie,3D;Arcade;Atmospheric;Cartoony;Casual;Cats;Colorful;Cute;Exploration;Family Friendly;Female Protagonist;Hidden Object;Indie;Investigation;Logic;Minimalist;Narration;Puzzle;Relaxing;Stylized,Office is empty now... Except cats. There are 12 rooms with plenty items. Find everything in a checklist and have fun! Classic Hidden Object game in 3D Extra achivements: find all 30 cats and get animated collectible cards 12 areas (108 levels) to unlock Plenty classic and unique challenges Easy to use Comfortable Zoom and Rotation No time limit - just relax and have fun Don't forget to,"{""text_match"": 0.0068693855, ""cosine_similarity"": 0.564301, ""reranker_score"": -6.534436}"
2026-02-10T19:44:44+00:00,CORTEX_DB.RAW.CAT_GAMES_SVC_1_5,default,hidden cats + time manipulation: you rewind time / a timeline slider to find cats across different eras,hidden cats + time manipulation: you rewind time / a timeline slider to find cats across different eras,[],,False,,,,balanced_default,0.3,10,100,0,988,988,,01c25360-0005-0843-0001-397a0006d3b6,,37,37,,6e-06,6e-06,,6e-06,,,,,[],[],[],[],[],[],,,,,,,True,False,[],[],,,,[],[],,,,1,Cats Hidden Timeline,0.8393818,2024,Arabic;Czech;Danish;English;Finnish;French;German;Hungarian;Indonesian;Italian;Japanese;Korean;Norwegian;Polish;Portuguese - Brazil;Romanian;Russian;Simplified Chinese;Spanish - Spain;Swedish;Thai;Traditional Chinese;Turkish;Ukrainian;Vietnamese,Family Sharing;Single-player;Steam Achievements,Casual;Indie,3D;Atmospheric;Casual;Hidden Object;Indie;Puzzle;Singleplayer;Time Manipulation,"Cats Hidden Timeline has 200 cats hidden in various places in the town, forest, farm, amusement park, and house. Use the seek bar to move forward or backward in time to find the cats hiding in the grass, under chairs, in boxes, and more. 🎮 10 levels 😻 200 hidden cats 🏆 10 Achievements","{""text_match"": 0.063739456, ""cosine_similarity"": 0.6787636, ""reranker_score"": -2.322325}"
2026-02-10T19:44:44+00:00,CORTEX_DB.RAW.CAT_GAMES_SVC_1_5,default,hidden cats + time manipulation: you rewind time / a timeline slider to find cats across different eras,hidden cats + time manipulation: you rewind time / a timeline slider to find cats across different eras,[],,False,,,,balanced_default,0.3,10,100,0,988,988,,01c25360-0005-0843-0001-397a0006d3b6,,37,37,,6e-06,6e-06,,6e-06,,,,,[],[],[],[],[],[],,,,,,,True,False,[],[],,,,[],[],,,,2,Cats in Time,0.80668745,2021,Arabic;Bosnian;Croatian;English;French;German;Italian;Japanese;Korean;Portuguese - Portugal;Russian;Serbian;Simplified Chinese;Spanish - Spain;Traditional Chinese,Family Sharing;Full controller support;Remote Play on Phone;Remote Play on Tablet;Single-player;Steam Achievements;Steam Cloud;Steam Trading Cards,Adventure;Casual;Indie,3D;Adventure;Cartoony;Casual;Cats;Collectathon;Cute;Family Friendly;Hidden Object;Indie;Multiplayer;Point & Click;Puzzle;Relaxing;Singleplayer;Time Travel,"Hello explorers! My name is Professor Tim Edger, and I'm the inventor of the time machine and an avid cat lover! Sadly, I have a problem, and maybe YOU can help me. You see, my beloved cats are missing. While playing in the lab, they've activated my time machine and ⚡ ZAP ⚡, now they are lost in space and time! You have to travel from ancient Egypt, all the way to the streets of late 20. century New York, and even beyond the present - to future Tokyo. Your goal is to find all the cats! Please be","{""text_match"": 0.00041786896, ""cosine_similarity"": 0.6133749, ""reranker_score"": -5.5759172}"
2026-02-10T19:44:44+00:00,CORTEX_DB.RAW.CAT_GAMES_SVC_1_5,default,hidden cats + time manipulation: you rewind time / a timeline slider to find cats across different eras,hidden cats + time manipulation: you rewind time / a timeline slider to find cats across different eras,[],,False,,,,balanced_default,0.3,10,100,0,988,988,,01c25360-0005-0843-0001-397a0006d3b6,,37,37,,6e-06,6e-06,,6e-06,,,,,[],[],[],[],[],[],,,,,,,True,False,[],[],,,,[],[],,,,3,Hidden Cats - Winter,0.7792111349999999,2024,English;French;German;Italian;Japanese;Korean;Portuguese - Portugal;Russian;Simplified Chinese;Spanish - Spain,Family Sharing;Single-player;Steam Achievements,Adventure;Casual,2D;Adventure;Cartoon;Cartoony;Casual;Cats;Colorful;Cozy;Creature Collector;Cute;Family Friendly;Funny;Hand-drawn;Hidden Object;Point & Click;Puzzle;Relaxing;Singleplayer;Stylized;Wholesome,"Dive into the enchanting world of 'Hidden Cats - Winter' a hidden object game where your mission is to uncover every cat hidden within stunning hand-painted artwork. Let your keen eye and curiosity guide you through this captivating journey. ※ Key Features: 😺 100 Hidden Cats: Discover 100 hidden cats scattered throughout the artwork. 💡 Unlimited Hints: Stuck? Use unlimited hints to find the hidden cats and keep progressing. 🎵 Custom Music: Enjoy unique background music for the artwork, enhancing","{""text_match"": 0.057795964, ""cosine_similarity"": 0.55842227, ""reranker_score"": -4.7002}"
2026-02-10T19:44:44+00:00,CORTEX_DB.RAW.CAT_GAMES_SVC_1_5,default,hidden cats + time manipulation: you rewind time / a timeline slider to find cats across different eras,hidden cats + time manipulation: you rewind time / a timeline slider to find cats across different eras,[],,False,,,,balanced_default,0.3,10,100,0,988,988,,01c25360-0005-0843-0001-397a0006d3b6,,37,37,,6e-06,6e-06,,6e-06,,,,,[],[],[],[],[],[],,,,,,,True,False,[],[],,,,[],[],,,,4,Hidden Cats - Zoo,0.78059718,2024,English;French;German;Italian;Japanese;Korean;Portuguese - Portugal;Russian;Simplified Chinese;Spanish - Spain,Family Sharing;Single-player;Steam Achievements,Adventure;Casual,2D;Adventure;Cartoon;Cartoony;Casual;Cats;Colorful;Cozy;Creature Collector;Cute;Family Friendly;Funny;Hand-drawn;Hidden Object;Point & Click;Puzzle;Relaxing;Singleplayer;Stylized;Wholesome,"Dive into the enchanting world of 'Hidden Cats - Zoo' a hidden object game where your mission is to uncover every cat hidden within stunning hand-painted artwork. Let your keen eye and curiosity guide you through this captivating journey. ※ Key Features: 😺 100 Hidden Cats: Discover 100 hidden cats scattered throughout the artwork. 💡 Unlimited Hints: Stuck? Use unlimited hints to find the hidden cats and keep progressing. 🎵 Custom Music: Enjoy unique background music for the artwork, enhancing yo","{""text_match"": 0.057795964, ""cosine_similarity"": 0.56119436, ""reranker_score"": -4.77793}"
2026-02-10T19:44:44+00:00,CORTEX_DB.RAW.CAT_GAMES_SVC_1_5,default,hidden cats + time manipulation: you rewind time / a timeline slider to find cats across different eras,hidden cats + time manipulation: you rewind time / a timeline slider to find cats across different eras,[],,False,,,,balanced_default,0.3,10,100,0,988,988,,01c25360-0005-0843-0001-397a0006d3b6,,37,37,,6e-06,6e-06,,6e-06,,,,,[],[],[],[],[],[],,,,,,,True,False,[],[],,,,[],[],,,,5,Hidden Cats - Easter,0.7721994,2025,English;French;German;Italian;Japanese;Korean;Portuguese - Portugal;Russian;Simplified Chinese;Spanish - Spain,Family Sharing;Single-player;Steam Achievements,Casual,2D;Cartoon;Cartoony;Casual;Cats;Colorful;Creature Collector;Cute;Family Friendly;Funny;Hand-drawn;Hidden Object;Point & Click;Puzzle;Relaxing;Singleplayer;Stylized;Wholesome,"Dive into the enchanting world of 'Hidden Cats - Easter' a hidden object game where your mission is to uncover every cat hidden within stunning hand-painted artwork. Let your keen eye and curiosity guide you through this captivating journey. ※ Key Features: 😺 100 Hidden Cats: Discover 100 hidden cats scattered throughout the artwork. 💡 Unlimited Hints: Stuck? Use unlimited hints to find the hidden cats and keep progressing. 🎵 Custom Music: Enjoy unique background music for the artwork, enhancing","{""text_match"": 0.057795964, ""cosine_similarity"": 0.5443988, ""reranker_score"": -4.7023044}"
2026-02-10T19:44:44+00:00,CORTEX_DB.RAW.CAT_GAMES_SVC_1_5,default,hidden cats + time manipulation: you rewind time / a timeline slider to find cats across different eras,hidden cats + time manipulation: you rewind time / a timeline slider to find cats across different eras,[],,False,,,,balanced_default,0.3,10,100,0,988,988,,01c25360-0005-0843-0001-397a0006d3b6,,37,37,,6e-06,6e-06,,6e-06,,,,,[],[],[],[],[],[],,,,,,,True,False,[],[],,,,[],[],,,,6,Hidden Cats: Magic Forest,0.767878175,2023,English;French;German;Italian;Japanese;Korean;Portuguese - Portugal;Simplified Chinese;Spanish - Spain;Turkish,Family Sharing;Full controller support;Single-player;Steam Achievements,Casual;Indie,3D;Atmospheric;Casual;Cats;Colorful;Creature Collector;Cute;Exploration;Family Friendly;Hidden Object;Indie;Isometric;Minimalist;Nature;Point & Click;Puzzle;Relaxing;Singleplayer;Tutorial;Wholesome,"Hidden Cats: Magic Forest is a hidden object game where you'll search for hidden cats while exploring the mysteries of the magical forest. Find cats in black, white, and orange colors. Lift old trees and plant saplings in their place to create new trees. Discover the Hidden Egyptian Cat God. Learn interesting facts about cats. Touch the magical texture of the forest and interact with other surprise objects to earn all the achievements. If you enjoy games like 'A Building Full of Cats' and 'Hidde","{""text_match"": 0.07765368, ""cosine_similarity"": 0.53575635, ""reranker_score"": -4.8198256}"
2026-02-10T19:44:44+00:00,CORTEX_DB.RAW.CAT_GAMES_SVC_1_5,default,hidden cats + time manipulation: you rewind time / a timeline slider to find cats across different eras,hidden cats + time manipulation: you rewind time / a timeline slider to find cats across different eras,[],,False,,,,balanced_default,0.3,10,100,0,988,988,,01c25360-0005-0843-0001-397a0006d3b6,,37,37,,6e-06,6e-06,,6e-06,,,,,[],[],[],[],[],[],,,,,,,True,False,[],[],,,,[],[],,,,7,Cats Hidden in Germany,0.7594803999999999,2024,Arabic;English;French;German;Indonesian;Italian;Japanese;Korean;Polish;Portuguese - Brazil;Portuguese - Portugal;Russian;Simplified Chinese;Spanish - Latin America;Spanish - Spain;Thai;Traditional Chinese;Turkish;Ukrainian,Color Alternatives;Custom Volume Controls;Family Sharing;Full controller support;Mouse Only Option;Playable without Timed Input;Save Anytime;Single-player;Steam Achievements;Steam Cloud;Steam Trading Cards;Touch Only Option,Casual;Indie,Cartoony;Casual;Cats;Collectathon;Controller;Cozy;Creature Collector;Cute;Exploration;Hand-drawn;Hidden Object;Indie;Minimalist;Point & Click;Puzzle;Relaxing;Score Attack;Singleplayer;Time Attack;Wholesome,"Cats Hidden in Germany is a cute hidden object game set in medieval Germany. 100 cats are waiting for you to be discovered within a hand-drawn background. Relax thanks to the chill soundtrack Found a cat? Click on it! Features 🐾 1 Level, 100 cats ❔ Easter Eggs 💡 Hint System ⏰ Timer mode with leaderboard ⚙️ In-game Settings","{""text_match"": 0.0011796332, ""cosine_similarity"": 0.5189608, ""reranker_score"": -5.352621}"
2026-02-10T19:44:44+00:00,CORTEX_DB.RAW.CAT_GAMES_SVC_1_5,default,hidden cats + time manipulation: you rewind time / a timeline slider to find cats across different eras,hidden cats + time manipulation: you rewind time / a timeline slider to find cats across different eras,[],,False,,,,balanced_default,0.3,10,100,0,988,988,,01c25360-0005-0843-0001-397a0006d3b6,,37,37,,6e-06,6e-06,,6e-06,,,,,[],[],[],[],[],[],,,,,,,True,False,[],[],,,,[],[],,,,8,Hidden Cats: Rome,0.7620079,2025,Czech;English;Japanese;Russian,Family Sharing;Single-player;Steam Achievements;Steam Cloud,Casual;Indie,2D;Casual;Cats;Cute;Family Friendly;Hand-drawn;Hidden Object;Indie;Point & Click;Puzzle;Singleplayer,Explore the amazing hand-drawn ancient rome world and find cleverly hidden cute cats. Nice background music will provide complete relaxation) Suitable for the whole family) Game Features: 100 hidden cats There is a hint The map is colorable 2.5D effect Customize brightness Saving progress Scaling Relaxing music,"{""text_match"": 0.053332493, ""cosine_similarity"": 0.5240158, ""reranker_score"": -5.8139954}"
2026-02-10T19:44:44+00:00,CORTEX_DB.RAW.CAT_GAMES_SVC_1_5,default,hidden cats + time manipulation: you rewind time / a timeline slider to find cats across different eras,hidden cats + time manipulation: you rewind time / a timeline slider to find cats across different eras,[],,False,,,,balanced_default,0.3,10,100,0,988,988,,01c25360-0005-0843-0001-397a0006d3b6,,37,37,,6e-06,6e-06,,6e-06,,,,,[],[],[],[],[],[],,,,,,,True,False,[],[],,,,[],[],,,,9,Timelie,0.76037723,2020,English;French;German;Italian;Japanese;Korean;Portuguese - Brazil;Russian;Simplified Chinese;Spanish - Spain;Thai;Traditional Chinese;Turkish,Family Sharing;Full controller support;Single-player;Steam Achievements;Steam Cloud;Steam Trading Cards,Adventure;Indie;Strategy,3D;Adventure;Anime;Atmospheric;Cats;Cute;Difficult;Female Protagonist;Indie;Isometric;Point & Click;Puzzle;Puzzle-Platformer;Relaxing;Sci-fi;Singleplayer;Stealth;Tactical;Third Person;Time Manipulation,"Every second matters in Timelie, a stealth puzzle adventure, where you control time like a media player. Perceive future events to plan your escape strategy from the past, sneak an enemy, and manipulate time through this companionship journey of a mysterious cat and a little girl with a precognitive power. The Timeline ability gives players the power to control time just like a media player. Drag the Timeline left to rewind time and undo your past mistakes. Drag it right to watch your future unf","{""text_match"": 0.06028719, ""cosine_similarity"": 0.52075446, ""reranker_score"": -5.879028}"
2026-02-10T19:44:44+00:00,CORTEX_DB.RAW.CAT_GAMES_SVC_1_5,default,hidden cats + time manipulation: you rewind time / a timeline slider to find cats across different eras,hidden cats + time manipulation: you rewind time / a timeline slider to find cats across different eras,[],,False,,,,balanced_default,0.3,10,100,0,988,988,,01c25360-0005-0843-0001-397a0006d3b6,,37,37,,6e-06,6e-06,,6e-06,,,,,[],[],[],[],[],[],,,,,,,True,False,[],[],,,,[],[],,,,10,时间之神的猫,0.7692642199999999,2021,English;Simplified Chinese,Family Sharing;Single-player,Casual;Indie;Strategy,2D;Cartoon;Casual;Cats;Colorful;Cute;Difficult;Fantasy;Indie;Logic;Pixel Graphics;Puzzle;Singleplayer;Strategy;Time Management;Time Manipulation;Time Travel,"A holy cat came to the mortal world to eat fish. It has no frontal combat capability, nor can it sneak in stealth. But it has its own unique skill-time travel. When the mortal guards followed the timeline to track the cat's figure, they had fallen into a trap. By rationally planning when to appear, the cat will play around with the guard. After eating countless fish, the cat discovered that the most powerful force is not time travel, but wisdom. Cat just want to eat fish There is no complicated ","{""text_match"": 0.029840453, ""cosine_similarity"": 0.53852844, ""reranker_score"": -6.2866282}"
2026-02-10T19:44:45+00:00,CORTEX_DB.RAW.CAT_GAMES_SVC_1_5,default,hidden cats + time manipulation: you rewind time / a timeline slider to find cats across different eras,hidden cats + time manipulation: you rewind time / a timeline slider to find cats across different eras,[],,False,,,,balanced_default,0.65,10,100,0,1155,1155,,01c25360-0005-0843-0001-397a0006d3ba,,39,39,,6e-06,6e-06,,6e-06,,,,,[],[],[],[],[],[],,,,,,,True,False,[],[],,,,[],[],,,,1,Cats Hidden Timeline,0.8393818,2024,Arabic;Czech;Danish;English;Finnish;French;German;Hungarian;Indonesian;Italian;Japanese;Korean;Norwegian;Polish;Portuguese - Brazil;Romanian;Russian;Simplified Chinese;Spanish - Spain;Swedish;Thai;Traditional Chinese;Turkish;Ukrainian;Vietnamese,Family Sharing;Single-player;Steam Achievements,Casual;Indie,3D;Atmospheric;Casual;Hidden Object;Indie;Puzzle;Singleplayer;Time Manipulation,"Cats Hidden Timeline has 200 cats hidden in various places in the town, forest, farm, amusement park, and house. Use the seek bar to move forward or backward in time to find the cats hiding in the grass, under chairs, in boxes, and more. 🎮 10 levels 😻 200 hidden cats 🏆 10 Achievements","{""text_match"": 0.063739456, ""cosine_similarity"": 0.6787636, ""reranker_score"": -2.322325}"
2026-02-10T19:44:45+00:00,CORTEX_DB.RAW.CAT_GAMES_SVC_1_5,default,hidden cats + time manipulation: you rewind time / a timeline slider to find cats across different eras,hidden cats + time manipulation: you rewind time / a timeline slider to find cats across different eras,[],,False,,,,balanced_default,0.65,10,100,0,1155,1155,,01c25360-0005-0843-0001-397a0006d3ba,,39,39,,6e-06,6e-06,,6e-06,,,,,[],[],[],[],[],[],,,,,,,True,False,[],[],,,,[],[],,,,2,Cats in Time,0.80668745,2021,Arabic;Bosnian;Croatian;English;French;German;Italian;Japanese;Korean;Portuguese - Portugal;Russian;Serbian;Simplified Chinese;Spanish - Spain;Traditional Chinese,Family Sharing;Full controller support;Remote Play on Phone;Remote Play on Tablet;Single-player;Steam Achievements;Steam Cloud;Steam Trading Cards,Adventure;Casual;Indie,3D;Adventure;Cartoony;Casual;Cats;Collectathon;Cute;Family Friendly;Hidden Object;Indie;Multiplayer;Point & Click;Puzzle;Relaxing;Singleplayer;Time Travel,"Hello explorers! My name is Professor Tim Edger, and I'm the inventor of the time machine and an avid cat lover! Sadly, I have a problem, and maybe YOU can help me. You see, my beloved cats are missing. While playing in the lab, they've activated my time machine and ⚡ ZAP ⚡, now they are lost in space and time! You have to travel from ancient Egypt, all the way to the streets of late 20. century New York, and even beyond the present - to future Tokyo. Your goal is to find all the cats! Please be","{""text_match"": 0.00041786896, ""cosine_similarity"": 0.6133749, ""reranker_score"": -5.5759172}"
2026-02-10T19:44:45+00:00,CORTEX_DB.RAW.CAT_GAMES_SVC_1_5,default,hidden cats + time manipulation: you rewind time / a timeline slider to find cats across different eras,hidden cats + time manipulation: you rewind time / a timeline slider to find cats across different eras,[],,False,,,,balanced_default,0.65,10,100,0,1155,1155,,01c25360-0005-0843-0001-397a0006d3ba,,39,39,,6e-06,6e-06,,6e-06,,,,,[],[],[],[],[],[],,,,,,,True,False,[],[],,,,[],[],,,,3,Hidden Cats - Winter,0.7792111349999999,2024,English;French;German;Italian;Japanese;Korean;Portuguese - Portugal;Russian;Simplified Chinese;Spanish - Spain,Family Sharing;Single-player;Steam Achievements,Adventure;Casual,2D;Adventure;Cartoon;Cartoony;Casual;Cats;Colorful;Cozy;Creature Collector;Cute;Family Friendly;Funny;Hand-drawn;Hidden Object;Point & Click;Puzzle;Relaxing;Singleplayer;Stylized;Wholesome,"Dive into the enchanting world of 'Hidden Cats - Winter' a hidden object game where your mission is to uncover every cat hidden within stunning hand-painted artwork. Let your keen eye and curiosity guide you through this captivating journey. ※ Key Features: 😺 100 Hidden Cats: Discover 100 hidden cats scattered throughout the artwork. 💡 Unlimited Hints: Stuck? Use unlimited hints to find the hidden cats and keep progressing. 🎵 Custom Music: Enjoy unique background music for the artwork, enhancing","{""text_match"": 0.057795964, ""cosine_similarity"": 0.55842227, ""reranker_score"": -4.7002}"
2026-02-10T19:44:45+00:00,CORTEX_DB.RAW.CAT_GAMES_SVC_1_5,default,hidden cats + time manipulation: you rewind time / a timeline slider to find cats across different eras,hidden cats + time manipulation: you rewind time / a timeline slider to find cats across different eras,[],,False,,,,balanced_default,0.65,10,100,0,1155,1155,,01c25360-0005-0843-0001-397a0006d3ba,,39,39,,6e-06,6e-06,,6e-06,,,,,[],[],[],[],[],[],,,,,,,True,False,[],[],,,,[],[],,,,4,Hidden Cats - Zoo,0.78059718,2024,English;French;German;Italian;Japanese;Korean;Portuguese - Portugal;Russian;Simplified Chinese;Spanish - Spain,Family Sharing;Single-player;Steam Achievements,Adventure;Casual,2D;Adventure;Cartoon;Cartoony;Casual;Cats;Colorful;Cozy;Creature Collector;Cute;Family Friendly;Funny;Hand-drawn;Hidden Object;Point & Click;Puzzle;Relaxing;Singleplayer;Stylized;Wholesome,"Dive into the enchanting world of 'Hidden Cats - Zoo' a hidden object game where your mission is to uncover every cat hidden within stunning hand-painted artwork. Let your keen eye and curiosity guide you through this captivating journey. ※ Key Features: 😺 100 Hidden Cats: Discover 100 hidden cats scattered throughout the artwork. 💡 Unlimited Hints: Stuck? Use unlimited hints to find the hidden cats and keep progressing. 🎵 Custom Music: Enjoy unique background music for the artwork, enhancing yo","{""text_match"": 0.057795964, ""cosine_similarity"": 0.56119436, ""reranker_score"": -4.77793}"
2026-02-10T19:44:45+00:00,CORTEX_DB.RAW.CAT_GAMES_SVC_1_5,default,hidden cats + time manipulation: you rewind time / a timeline slider to find cats across different eras,hidden cats + time manipulation: you rewind time / a timeline slider to find cats across different eras,[],,False,,,,balanced_default,0.65,10,100,0,1155,1155,,01c25360-0005-0843-0001-397a0006d3ba,,39,39,,6e-06,6e-06,,6e-06,,,,,[],[],[],[],[],[],,,,,,,True,False,[],[],,,,[],[],,,,5,Hidden Cats - Easter,0.7721994,2025,English;French;German;Italian;Japanese;Korean;Portuguese - Portugal;Russian;Simplified Chinese;Spanish - Spain,Family Sharing;Single-player;Steam Achievements,Casual,2D;Cartoon;Cartoony;Casual;Cats;Colorful;Creature Collector;Cute;Family Friendly;Funny;Hand-drawn;Hidden Object;Point & Click;Puzzle;Relaxing;Singleplayer;Stylized;Wholesome,"Dive into the enchanting world of 'Hidden Cats - Easter' a hidden object game where your mission is to uncover every cat hidden within stunning hand-painted artwork. Let your keen eye and curiosity guide you through this captivating journey. ※ Key Features: 😺 100 Hidden Cats: Discover 100 hidden cats scattered throughout the artwork. 💡 Unlimited Hints: Stuck? Use unlimited hints to find the hidden cats and keep progressing. 🎵 Custom Music: Enjoy unique background music for the artwork, enhancing","{""text_match"": 0.057795964, ""cosine_similarity"": 0.5443988, ""reranker_score"": -4.7023044}"
2026-02-10T19:44:45+00:00,CORTEX_DB.RAW.CAT_GAMES_SVC_1_5,default,hidden cats + time manipulation: you rewind time / a timeline slider to find cats across different eras,hidden cats + time manipulation: you rewind time / a timeline slider to find cats across different eras,[],,False,,,,balanced_default,0.65,10,100,0,1155,1155,,01c25360-0005-0843-0001-397a0006d3ba,,39,39,,6e-06,6e-06,,6e-06,,,,,[],[],[],[],[],[],,,,,,,True,False,[],[],,,,[],[],,,,6,Hidden Cats: Magic Forest,0.767878175,2023,English;French;German;Italian;Japanese;Korean;Portuguese - Portugal;Simplified Chinese;Spanish - Spain;Turkish,Family Sharing;Full controller support;Single-player;Steam Achievements,Casual;Indie,3D;Atmospheric;Casual;Cats;Colorful;Creature Collector;Cute;Exploration;Family Friendly;Hidden Object;Indie;Isometric;Minimalist;Nature;Point & Click;Puzzle;Relaxing;Singleplayer;Tutorial;Wholesome,"Hidden Cats: Magic Forest is a hidden object game where you'll search for hidden cats while exploring the mysteries of the magical forest. Find cats in black, white, and orange colors. Lift old trees and plant saplings in their place to create new trees. Discover the Hidden Egyptian Cat God. Learn interesting facts about cats. Touch the magical texture of the forest and interact with other surprise objects to earn all the achievements. If you enjoy games like 'A Building Full of Cats' and 'Hidde","{""text_match"": 0.07765368, ""cosine_similarity"": 0.53575635, ""reranker_score"": -4.8198256}"
2026-02-10T19:44:45+00:00,CORTEX_DB.RAW.CAT_GAMES_SVC_1_5,default,hidden cats + time manipulation: you rewind time / a timeline slider to find cats across different eras,hidden cats + time manipulation: you rewind time / a timeline slider to find cats across different eras,[],,False,,,,balanced_default,0.65,10,100,0,1155,1155,,01c25360-0005-0843-0001-397a0006d3ba,,39,39,,6e-06,6e-06,,6e-06,,,,,[],[],[],[],[],[],,,,,,,True,False,[],[],,,,[],[],,,,7,Cats Hidden in Germany,0.7594803999999999,2024,Arabic;English;French;German;Indonesian;Italian;Japanese;Korean;Polish;Portuguese - Brazil;Portuguese - Portugal;Russian;Simplified Chinese;Spanish - Latin America;Spanish - Spain;Thai;Traditional Chinese;Turkish;Ukrainian,Color Alternatives;Custom Volume Controls;Family Sharing;Full controller support;Mouse Only Option;Playable without Timed Input;Save Anytime;Single-player;Steam Achievements;Steam Cloud;Steam Trading Cards;Touch Only Option,Casual;Indie,Cartoony;Casual;Cats;Collectathon;Controller;Cozy;Creature Collector;Cute;Exploration;Hand-drawn;Hidden Object;Indie;Minimalist;Point & Click;Puzzle;Relaxing;Score Attack;Singleplayer;Time Attack;Wholesome,"Cats Hidden in Germany is a cute hidden object game set in medieval Germany. 100 cats are waiting for you to be discovered within a hand-drawn background. Relax thanks to the chill soundtrack Found a cat? Click on it! Features 🐾 1 Level, 100 cats ❔ Easter Eggs 💡 Hint System ⏰ Timer mode with leaderboard ⚙️ In-game Settings","{""text_match"": 0.0011796332, ""cosine_similarity"": 0.5189608, ""reranker_score"": -5.352621}"
2026-02-10T19:44:45+00:00,CORTEX_DB.RAW.CAT_GAMES_SVC_1_5,default,hidden cats + time manipulation: you rewind time / a timeline slider to find cats across different eras,hidden cats + time manipulation: you rewind time / a timeline slider to find cats across different eras,[],,False,,,,balanced_default,0.65,10,100,0,1155,1155,,01c25360-0005-0843-0001-397a0006d3ba,,39,39,,6e-06,6e-06,,6e-06,,,,,[],[],[],[],[],[],,,,,,,True,False,[],[],,,,[],[],,,,8,Hidden Cats: Rome,0.7620079,2025,Czech;English;Japanese;Russian,Family Sharing;Single-player;Steam Achievements;Steam Cloud,Casual;Indie,2D;Casual;Cats;Cute;Family Friendly;Hand-drawn;Hidden Object;Indie;Point & Click;Puzzle;Singleplayer,Explore the amazing hand-drawn ancient rome world and find cleverly hidden cute cats. Nice background music will provide complete relaxation) Suitable for the whole family) Game Features: 100 hidden cats There is a hint The map is colorable 2.5D effect Customize brightness Saving progress Scaling Relaxing music,"{""text_match"": 0.053332493, ""cosine_similarity"": 0.5240158, ""reranker_score"": -5.8139954}"
2026-02-10T19:44:45+00:00,CORTEX_DB.RAW.CAT_GAMES_SVC_1_5,default,hidden cats + time manipulation: you rewind time / a timeline slider to find cats across different eras,hidden cats + time manipulation: you rewind time / a timeline slider to find cats across different eras,[],,False,,,,balanced_default,0.65,10,100,0,1155,1155,,01c25360-0005-0843-0001-397a0006d3ba,,39,39,,6e-06,6e-06,,6e-06,,,,,[],[],[],[],[],[],,,,,,,True,False,[],[],,,,[],[],,,,9,Timelie,0.76037723,2020,English;French;German;Italian;Japanese;Korean;Portuguese - Brazil;Russian;Simplified Chinese;Spanish - Spain;Thai;Traditional Chinese;Turkish,Family Sharing;Full controller support;Single-player;Steam Achievements;Steam Cloud;Steam Trading Cards,Adventure;Indie;Strategy,3D;Adventure;Anime;Atmospheric;Cats;Cute;Difficult;Female Protagonist;Indie;Isometric;Point & Click;Puzzle;Puzzle-Platformer;Relaxing;Sci-fi;Singleplayer;Stealth;Tactical;Third Person;Time Manipulation,"Every second matters in Timelie, a stealth puzzle adventure, where you control time like a media player. Perceive future events to plan your escape strategy from the past, sneak an enemy, and manipulate time through this companionship journey of a mysterious cat and a little girl with a precognitive power. The Timeline ability gives players the power to control time just like a media player. Drag the Timeline left to rewind time and undo your past mistakes. Drag it right to watch your future unf","{""text_match"": 0.06028719, ""cosine_similarity"": 0.52075446, ""reranker_score"": -5.879028}"
2026-02-10T19:44:45+00:00,CORTEX_DB.RAW.CAT_GAMES_SVC_1_5,default,hidden cats + time manipulation: you rewind time / a timeline slider to find cats across different eras,hidden cats + time manipulation: you rewind time / a timeline slider to find cats across different eras,[],,False,,,,balanced_default,0.65,10,100,0,1155,1155,,01c25360-0005-0843-0001-397a0006d3ba,,39,39,,6e-06,6e-06,,6e-06,,,,,[],[],[],[],[],[],,,,,,,True,False,[],[],,,,[],[],,,,10,时间之神的猫,0.7692642199999999,2021,English;Simplified Chinese,Family Sharing;Single-player,Casual;Indie;Strategy,2D;Cartoon;Casual;Cats;Colorful;Cute;Difficult;Fantasy;Indie;Logic;Pixel Graphics;Puzzle;Singleplayer;Strategy;Time Management;Time Manipulation;Time Travel,"A holy cat came to the mortal world to eat fish. It has no frontal combat capability, nor can it sneak in stealth. But it has its own unique skill-time travel. When the mortal guards followed the timeline to track the cat's figure, they had fallen into a trap. By rationally planning when to appear, the cat will play around with the guard. After eating countless fish, the cat discovered that the most powerful force is not time travel, but wisdom. Cat just want to eat fish There is no complicated ","{""text_match"": 0.029840453, ""cosine_similarity"": 0.53852844, ""reranker_score"": -6.2866282}"
2026-02-10T19:44:46+00:00,CORTEX_DB.RAW.CAT_GAMES_SVC_1_5,default,hidden cats + time manipulation: you rewind time / a timeline slider to find cats across different eras,hidden cats + time manipulation: you rewind time / a timeline slider to find cats across different eras,[],,False,,,,balanced_default,0.75,10,100,0,1075,1075,,01c25360-0005-0846-0001-397a0006e0d2,,51,51,,8e-06,8e-06,,8e-06,,,,,[],[],[],[],[],[],,,,,,,True,False,[],[],,,,[],[],,,,1,Cats Hidden Timeline,0.8393818,2024,Arabic;Czech;Danish;English;Finnish;French;German;Hungarian;Indonesian;Italian;Japanese;Korean;Norwegian;Polish;Portuguese - Brazil;Romanian;Russian;Simplified Chinese;Spanish - Spain;Swedish;Thai;Traditional Chinese;Turkish;Ukrainian;Vietnamese,Family Sharing;Single-player;Steam Achievements,Casual;Indie,3D;Atmospheric;Casual;Hidden Object;Indie;Puzzle;Singleplayer;Time Manipulation,"Cats Hidden Timeline has 200 cats hidden in various places in the town, forest, farm, amusement park, and house. Use the seek bar to move forward or backward in time to find the cats hiding in the grass, under chairs, in boxes, and more. 🎮 10 levels 😻 200 hidden cats 🏆 10 Achievements","{""text_match"": 0.063739456, ""cosine_similarity"": 0.6787636, ""reranker_score"": -2.322325}"
2026-02-10T19:44:46+00:00,CORTEX_DB.RAW.CAT_GAMES_SVC_1_5,default,hidden cats + time manipulation: you rewind time / a timeline slider to find cats across different eras,hidden cats + time manipulation: you rewind time / a timeline slider to find cats across different eras,[],,False,,,,balanced_default,0.75,10,100,0,1075,1075,,01c25360-0005-0846-0001-397a0006e0d2,,51,51,,8e-06,8e-06,,8e-06,,,,,[],[],[],[],[],[],,,,,,,True,False,[],[],,,,[],[],,,,2,Cats in Time,0.80668745,2021,Arabic;Bosnian;Croatian;English;French;German;Italian;Japanese;Korean;Portuguese - Portugal;Russian;Serbian;Simplified Chinese;Spanish - Spain;Traditional Chinese,Family Sharing;Full controller support;Remote Play on Phone;Remote Play on Tablet;Single-player;Steam Achievements;Steam Cloud;Steam Trading Cards,Adventure;Casual;Indie,3D;Adventure;Cartoony;Casual;Cats;Collectathon;Cute;Family Friendly;Hidden Object;Indie;Multiplayer;Point & Click;Puzzle;Relaxing;Singleplayer;Time Travel,"Hello explorers! My name is Professor Tim Edger, and I'm the inventor of the time machine and an avid cat lover! Sadly, I have a problem, and maybe YOU can help me. You see, my beloved cats are missing. While playing in the lab, they've activated my time machine and ⚡ ZAP ⚡, now they are lost in space and time! You have to travel from ancient Egypt, all the way to the streets of late 20. century New York, and even beyond the present - to future Tokyo. Your goal is to find all the cats! Please be","{""text_match"": 0.00041786896, ""cosine_similarity"": 0.6133749, ""reranker_score"": -5.5759172}"
2026-02-10T19:44:46+00:00,CORTEX_DB.RAW.CAT_GAMES_SVC_1_5,default,hidden cats + time manipulation: you rewind time / a timeline slider to find cats across different eras,hidden cats + time manipulation: you rewind time / a timeline slider to find cats across different eras,[],,False,,,,balanced_default,0.75,10,100,0,1075,1075,,01c25360-0005-0846-0001-397a0006e0d2,,51,51,,8e-06,8e-06,,8e-06,,,,,[],[],[],[],[],[],,,,,,,True,False,[],[],,,,[],[],,,,3,Hidden Cats - Winter,0.7792111349999999,2024,English;French;German;Italian;Japanese;Korean;Portuguese - Portugal;Russian;Simplified Chinese;Spanish - Spain,Family Sharing;Single-player;Steam Achievements,Adventure;Casual,2D;Adventure;Cartoon;Cartoony;Casual;Cats;Colorful;Cozy;Creature Collector;Cute;Family Friendly;Funny;Hand-drawn;Hidden Object;Point & Click;Puzzle;Relaxing;Singleplayer;Stylized;Wholesome,"Dive into the enchanting world of 'Hidden Cats - Winter' a hidden object game where your mission is to uncover every cat hidden within stunning hand-painted artwork. Let your keen eye and curiosity guide you through this captivating journey. ※ Key Features: 😺 100 Hidden Cats: Discover 100 hidden cats scattered throughout the artwork. 💡 Unlimited Hints: Stuck? Use unlimited hints to find the hidden cats and keep progressing. 🎵 Custom Music: Enjoy unique background music for the artwork, enhancing","{""text_match"": 0.057795964, ""cosine_similarity"": 0.55842227, ""reranker_score"": -4.7002}"
2026-02-10T19:44:46+00:00,CORTEX_DB.RAW.CAT_GAMES_SVC_1_5,default,hidden cats + time manipulation: you rewind time / a timeline slider to find cats across different eras,hidden cats + time manipulation: you rewind time / a timeline slider to find cats across different eras,[],,False,,,,balanced_default,0.75,10,100,0,1075,1075,,01c25360-0005-0846-0001-397a0006e0d2,,51,51,,8e-06,8e-06,,8e-06,,,,,[],[],[],[],[],[],,,,,,,True,False,[],[],,,,[],[],,,,4,Hidden Cats - Zoo,0.78059718,2024,English;French;German;Italian;Japanese;Korean;Portuguese - Portugal;Russian;Simplified Chinese;Spanish - Spain,Family Sharing;Single-player;Steam Achievements,Adventure;Casual,2D;Adventure;Cartoon;Cartoony;Casual;Cats;Colorful;Cozy;Creature Collector;Cute;Family Friendly;Funny;Hand-drawn;Hidden Object;Point & Click;Puzzle;Relaxing;Singleplayer;Stylized;Wholesome,"Dive into the enchanting world of 'Hidden Cats - Zoo' a hidden object game where your mission is to uncover every cat hidden within stunning hand-painted artwork. Let your keen eye and curiosity guide you through this captivating journey. ※ Key Features: 😺 100 Hidden Cats: Discover 100 hidden cats scattered throughout the artwork. 💡 Unlimited Hints: Stuck? Use unlimited hints to find the hidden cats and keep progressing. 🎵 Custom Music: Enjoy unique background music for the artwork, enhancing yo","{""text_match"": 0.057795964, ""cosine_similarity"": 0.56119436, ""reranker_score"": -4.77793}"
2026-02-10T19:44:46+00:00,CORTEX_DB.RAW.CAT_GAMES_SVC_1_5,default,hidden cats + time manipulation: you rewind time / a timeline slider to find cats across different eras,hidden cats + time manipulation: you rewind time / a timeline slider to find cats across different eras,[],,False,,,,balanced_default,0.75,10,100,0,1075,1075,,01c25360-0005-0846-0001-397a0006e0d2,,51,51,,8e-06,8e-06,,8e-06,,,,,[],[],[],[],[],[],,,,,,,True,False,[],[],,,,[],[],,,,5,Hidden Cats - Easter,0.7721994,2025,English;French;German;Italian;Japanese;Korean;Portuguese - Portugal;Russian;Simplified Chinese;Spanish - Spain,Family Sharing;Single-player;Steam Achievements,Casual,2D;Cartoon;Cartoony;Casual;Cats;Colorful;Creature Collector;Cute;Family Friendly;Funny;Hand-drawn;Hidden Object;Point & Click;Puzzle;Relaxing;Singleplayer;Stylized;Wholesome,"Dive into the enchanting world of 'Hidden Cats - Easter' a hidden object game where your mission is to uncover every cat hidden within stunning hand-painted artwork. Let your keen eye and curiosity guide you through this captivating journey. ※ Key Features: 😺 100 Hidden Cats: Discover 100 hidden cats scattered throughout the artwork. 💡 Unlimited Hints: Stuck? Use unlimited hints to find the hidden cats and keep progressing. 🎵 Custom Music: Enjoy unique background music for the artwork, enhancing","{""text_match"": 0.057795964, ""cosine_similarity"": 0.5443988, ""reranker_score"": -4.7023044}"
2026-02-10T19:44:46+00:00,CORTEX_DB.RAW.CAT_GAMES_SVC_1_5,default,hidden cats + time manipulation: you rewind time / a timeline slider to find cats across different eras,hidden cats + time manipulation: you rewind time / a timeline slider to find cats across different eras,[],,False,,,,balanced_default,0.75,10,100,0,1075,1075,,01c25360-0005-0846-0001-397a0006e0d2,,51,51,,8e-06,8e-06,,8e-06,,,,,[],[],[],[],[],[],,,,,,,True,False,[],[],,,,[],[],,,,6,Hidden Cats: Magic Forest,0.767878175,2023,English;French;German;Italian;Japanese;Korean;Portuguese - Portugal;Simplified Chinese;Spanish - Spain;Turkish,Family Sharing;Full controller support;Single-player;Steam Achievements,Casual;Indie,3D;Atmospheric;Casual;Cats;Colorful;Creature Collector;Cute;Exploration;Family Friendly;Hidden Object;Indie;Isometric;Minimalist;Nature;Point & Click;Puzzle;Relaxing;Singleplayer;Tutorial;Wholesome,"Hidden Cats: Magic Forest is a hidden object game where you'll search for hidden cats while exploring the mysteries of the magical forest. Find cats in black, white, and orange colors. Lift old trees and plant saplings in their place to create new trees. Discover the Hidden Egyptian Cat God. Learn interesting facts about cats. Touch the magical texture of the forest and interact with other surprise objects to earn all the achievements. If you enjoy games like 'A Building Full of Cats' and 'Hidde","{""text_match"": 0.07765368, ""cosine_similarity"": 0.53575635, ""reranker_score"": -4.8198256}"
2026-02-10T19:44:46+00:00,CORTEX_DB.RAW.CAT_GAMES_SVC_1_5,default,hidden cats + time manipulation: you rewind time / a timeline slider to find cats across different eras,hidden cats + time manipulation: you rewind time / a timeline slider to find cats across different eras,[],,False,,,,balanced_default,0.75,10,100,0,1075,1075,,01c25360-0005-0846-0001-397a0006e0d2,,51,51,,8e-06,8e-06,,8e-06,,,,,[],[],[],[],[],[],,,,,,,True,False,[],[],,,,[],[],,,,7,Cats Hidden in Germany,0.7594803999999999,2024,Arabic;English;French;German;Indonesian;Italian;Japanese;Korean;Polish;Portuguese - Brazil;Portuguese - Portugal;Russian;Simplified Chinese;Spanish - Latin America;Spanish - Spain;Thai;Traditional Chinese;Turkish;Ukrainian,Color Alternatives;Custom Volume Controls;Family Sharing;Full controller support;Mouse Only Option;Playable without Timed Input;Save Anytime;Single-player;Steam Achievements;Steam Cloud;Steam Trading Cards;Touch Only Option,Casual;Indie,Cartoony;Casual;Cats;Collectathon;Controller;Cozy;Creature Collector;Cute;Exploration;Hand-drawn;Hidden Object;Indie;Minimalist;Point & Click;Puzzle;Relaxing;Score Attack;Singleplayer;Time Attack;Wholesome,"Cats Hidden in Germany is a cute hidden object game set in medieval Germany. 100 cats are waiting for you to be discovered within a hand-drawn background. Relax thanks to the chill soundtrack Found a cat? Click on it! Features 🐾 1 Level, 100 cats ❔ Easter Eggs 💡 Hint System ⏰ Timer mode with leaderboard ⚙️ In-game Settings","{""text_match"": 0.0011796332, ""cosine_similarity"": 0.5189608, ""reranker_score"": -5.352621}"
2026-02-10T19:44:46+00:00,CORTEX_DB.RAW.CAT_GAMES_SVC_1_5,default,hidden cats + time manipulation: you rewind time / a timeline slider to find cats across different eras,hidden cats + time manipulation: you rewind time / a timeline slider to find cats across different eras,[],,False,,,,balanced_default,0.75,10,100,0,1075,1075,,01c25360-0005-0846-0001-397a0006e0d2,,51,51,,8e-06,8e-06,,8e-06,,,,,[],[],[],[],[],[],,,,,,,True,False,[],[],,,,[],[],,,,8,Hidden Cats: Rome,0.7620079,2025,Czech;English;Japanese;Russian,Family Sharing;Single-player;Steam Achievements;Steam Cloud,Casual;Indie,2D;Casual;Cats;Cute;Family Friendly;Hand-drawn;Hidden Object;Indie;Point & Click;Puzzle;Singleplayer,Explore the amazing hand-drawn ancient rome world and find cleverly hidden cute cats. Nice background music will provide complete relaxation) Suitable for the whole family) Game Features: 100 hidden cats There is a hint The map is colorable 2.5D effect Customize brightness Saving progress Scaling Relaxing music,"{""text_match"": 0.053332493, ""cosine_similarity"": 0.5240158, ""reranker_score"": -5.8139954}"
2026-02-10T19:44:46+00:00,CORTEX_DB.RAW.CAT_GAMES_SVC_1_5,default,hidden cats + time manipulation: you rewind time / a timeline slider to find cats across different eras,hidden cats + time manipulation: you rewind time / a timeline slider to find cats across different eras,[],,False,,,,balanced_default,0.75,10,100,0,1075,1075,,01c25360-0005-0846-0001-397a0006e0d2,,51,51,,8e-06,8e-06,,8e-06,,,,,[],[],[],[],[],[],,,,,,,True,False,[],[],,,,[],[],,,,9,Timelie,0.76037723,2020,English;French;German;Italian;Japanese;Korean;Portuguese - Brazil;Russian;Simplified Chinese;Spanish - Spain;Thai;Traditional Chinese;Turkish,Family Sharing;Full controller support;Single-player;Steam Achievements;Steam Cloud;Steam Trading Cards,Adventure;Indie;Strategy,3D;Adventure;Anime;Atmospheric;Cats;Cute;Difficult;Female Protagonist;Indie;Isometric;Point & Click;Puzzle;Puzzle-Platformer;Relaxing;Sci-fi;Singleplayer;Stealth;Tactical;Third Person;Time Manipulation,"Every second matters in Timelie, a stealth puzzle adventure, where you control time like a media player. Perceive future events to plan your escape strategy from the past, sneak an enemy, and manipulate time through this companionship journey of a mysterious cat and a little girl with a precognitive power. The Timeline ability gives players the power to control time just like a media player. Drag the Timeline left to rewind time and undo your past mistakes. Drag it right to watch your future unf","{""text_match"": 0.06028719, ""cosine_similarity"": 0.52075446, ""reranker_score"": -5.879028}"
2026-02-10T19:44:46+00:00,CORTEX_DB.RAW.CAT_GAMES_SVC_1_5,default,hidden cats + time manipulation: you rewind time / a timeline slider to find cats across different eras,hidden cats + time manipulation: you rewind time / a timeline slider to find cats across different eras,[],,False,,,,balanced_default,0.75,10,100,0,1075,1075,,01c25360-0005-0846-0001-397a0006e0d2,,51,51,,8e-06,8e-06,,8e-06,,,,,[],[],[],[],[],[],,,,,,,True,False,[],[],,,,[],[],,,,10,时间之神的猫,0.7692642199999999,2021,English;Simplified Chinese,Family Sharing;Single-player,Casual;Indie;Strategy,2D;Cartoon;Casual;Cats;Colorful;Cute;Difficult;Fantasy;Indie;Logic;Pixel Graphics;Puzzle;Singleplayer;Strategy;Time Management;Time Manipulation;Time Travel,"A holy cat came to the mortal world to eat fish. It has no frontal combat capability, nor can it sneak in stealth. But it has its own unique skill-time travel. When the mortal guards followed the timeline to track the cat's figure, they had fallen into a trap. By rationally planning when to appear, the cat will play around with the guard. After eating countless fish, the cat discovered that the most powerful force is not time travel, but wisdom. Cat just want to eat fish There is no complicated ","{""text_match"": 0.029840453, ""cosine_similarity"": 0.53852844, ""reranker_score"": -6.2866282}"
2026-02-10T19:44:49+00:00,CORTEX_DB.RAW.CAT_GAMES_SVC_1_5,default,hidden cats + time manipulation: you rewind time / a timeline slider to find cats across different eras,hidden cats + time manipulation: you rewind time / a timeline slider to find cats across different eras,[],,False,,,,keyword_focus,0.3,10,100,0,1317,1317,,01c25360-0005-0846-0001-397a0006e0da,,38,38,,6e-06,6e-06,,6e-06,,,,,[],[],[],[],[],[],,,,,,,True,False,[],[],,,,[],[],,,,1,Cats Hidden Timeline,0.8393818,2024,Arabic;Czech;Danish;English;Finnish;French;German;Hungarian;Indonesian;Italian;Japanese;Korean;Norwegian;Polish;Portuguese - Brazil;Romanian;Russian;Simplified Chinese;Spanish - Spain;Swedish;Thai;Traditional Chinese;Turkish;Ukrainian;Vietnamese,Family Sharing;Single-player;Steam Achievements,Casual;Indie,3D;Atmospheric;Casual;Hidden Object;Indie;Puzzle;Singleplayer;Time Manipulation,"Cats Hidden Timeline has 200 cats hidden in various places in the town, forest, farm, amusement park, and house. Use the seek bar to move forward or backward in time to find the cats hiding in the grass, under chairs, in boxes, and more. 🎮 10 levels 😻 200 hidden cats 🏆 10 Achievements","{""text_match"": 0.063739456, ""cosine_similarity"": 0.6787636, ""reranker_score"": -2.322325}"
2026-02-10T19:44:49+00:00,CORTEX_DB.RAW.CAT_GAMES_SVC_1_5,default,hidden cats + time manipulation: you rewind time / a timeline slider to find cats across different eras,hidden cats + time manipulation: you rewind time / a timeline slider to find cats across different eras,[],,False,,,,keyword_focus,0.3,10,100,0,1317,1317,,01c25360-0005-0846-0001-397a0006e0da,,38,38,,6e-06,6e-06,,6e-06,,,,,[],[],[],[],[],[],,,,,,,True,False,[],[],,,,[],[],,,,2,Cats in Time,0.80668745,2021,Arabic;Bosnian;Croatian;English;French;German;Italian;Japanese;Korean;Portuguese - Portugal;Russian;Serbian;Simplified Chinese;Spanish - Spain;Traditional Chinese,Family Sharing;Full controller support;Remote Play on Phone;Remote Play on Tablet;Single-player;Steam Achievements;Steam Cloud;Steam Trading Cards,Adventure;Casual;Indie,3D;Adventure;Cartoony;Casual;Cats;Collectathon;Cute;Family Friendly;Hidden Object;Indie;Multiplayer;Point & Click;Puzzle;Relaxing;Singleplayer;Time Travel,"Hello explorers! My name is Professor Tim Edger, and I'm the inventor of the time machine and an avid cat lover! Sadly, I have a problem, and maybe YOU can help me. You see, my beloved cats are missing. While playing in the lab, they've activated my time machine and ⚡ ZAP ⚡, now they are lost in space and time! You have to travel from ancient Egypt, all the way to the streets of late 20. century New York, and even beyond the present - to future Tokyo. Your goal is to find all the cats! Please be","{""text_match"": 0.00041786896, ""cosine_similarity"": 0.6133749, ""reranker_score"": -5.5759172}"
2026-02-10T19:44:49+00:00,CORTEX_DB.RAW.CAT_GAMES_SVC_1_5,default,hidden cats + time manipulation: you rewind time / a timeline slider to find cats across different eras,hidden cats + time manipulation: you rewind time / a timeline slider to find cats across different eras,[],,False,,,,keyword_focus,0.3,10,100,0,1317,1317,,01c25360-0005-0846-0001-397a0006e0da,,38,38,,6e-06,6e-06,,6e-06,,,,,[],[],[],[],[],[],,,,,,,True,False,[],[],,,,[],[],,,,3,Hidden Cats - Winter,0.7792111349999999,2024,English;French;German;Italian;Japanese;Korean;Portuguese - Portugal;Russian;Simplified Chinese;Spanish - Spain,Family Sharing;Single-player;Steam Achievements,Adventure;Casual,2D;Adventure;Cartoon;Cartoony;Casual;Cats;Colorful;Cozy;Creature Collector;Cute;Family Friendly;Funny;Hand-drawn;Hidden Object;Point & Click;Puzzle;Relaxing;Singleplayer;Stylized;Wholesome,"Dive into the enchanting world of 'Hidden Cats - Winter' a hidden object game where your mission is to uncover every cat hidden within stunning hand-painted artwork. Let your keen eye and curiosity guide you through this captivating journey. ※ Key Features: 😺 100 Hidden Cats: Discover 100 hidden cats scattered throughout the artwork. 💡 Unlimited Hints: Stuck? Use unlimited hints to find the hidden cats and keep progressing. 🎵 Custom Music: Enjoy unique background music for the artwork, enhancing","{""text_match"": 0.057795964, ""cosine_similarity"": 0.55842227, ""reranker_score"": -4.7002}"
2026-02-10T19:44:49+00:00,CORTEX_DB.RAW.CAT_GAMES_SVC_1_5,default,hidden cats + time manipulation: you rewind time / a timeline slider to find cats across different eras,hidden cats + time manipulation: you rewind time / a timeline slider to find cats across different eras,[],,False,,,,keyword_focus,0.3,10,100,0,1317,1317,,01c25360-0005-0846-0001-397a0006e0da,,38,38,,6e-06,6e-06,,6e-06,,,,,[],[],[],[],[],[],,,,,,,True,False,[],[],,,,[],[],,,,4,Hidden Cats - Zoo,0.78059718,2024,English;French;German;Italian;Japanese;Korean;Portuguese - Portugal;Russian;Simplified Chinese;Spanish - Spain,Family Sharing;Single-player;Steam Achievements,Adventure;Casual,2D;Adventure;Cartoon;Cartoony;Casual;Cats;Colorful;Cozy;Creature Collector;Cute;Family Friendly;Funny;Hand-drawn;Hidden Object;Point & Click;Puzzle;Relaxing;Singleplayer;Stylized;Wholesome,"Dive into the enchanting world of 'Hidden Cats - Zoo' a hidden object game where your mission is to uncover every cat hidden within stunning hand-painted artwork. Let your keen eye and curiosity guide you through this captivating journey. ※ Key Features: 😺 100 Hidden Cats: Discover 100 hidden cats scattered throughout the artwork. 💡 Unlimited Hints: Stuck? Use unlimited hints to find the hidden cats and keep progressing. 🎵 Custom Music: Enjoy unique background music for the artwork, enhancing yo","{""text_match"": 0.057795964, ""cosine_similarity"": 0.56119436, ""reranker_score"": -4.77793}"
2026-02-10T19:44:49+00:00,CORTEX_DB.RAW.CAT_GAMES_SVC_1_5,default,hidden cats + time manipulation: you rewind time / a timeline slider to find cats across different eras,hidden cats + time manipulation: you rewind time / a timeline slider to find cats across different eras,[],,False,,,,keyword_focus,0.3,10,100,0,1317,1317,,01c25360-0005-0846-0001-397a0006e0da,,38,38,,6e-06,6e-06,,6e-06,,,,,[],[],[],[],[],[],,,,,,,True,False,[],[],,,,[],[],,,,5,Hidden Cats - Easter,0.7721994,2025,English;French;German;Italian;Japanese;Korean;Portuguese - Portugal;Russian;Simplified Chinese;Spanish - Spain,Family Sharing;Single-player;Steam Achievements,Casual,2D;Cartoon;Cartoony;Casual;Cats;Colorful;Creature Collector;Cute;Family Friendly;Funny;Hand-drawn;Hidden Object;Point & Click;Puzzle;Relaxing;Singleplayer;Stylized;Wholesome,"Dive into the enchanting world of 'Hidden Cats - Easter' a hidden object game where your mission is to uncover every cat hidden within stunning hand-painted artwork. Let your keen eye and curiosity guide you through this captivating journey. ※ Key Features: 😺 100 Hidden Cats: Discover 100 hidden cats scattered throughout the artwork. 💡 Unlimited Hints: Stuck? Use unlimited hints to find the hidden cats and keep progressing. 🎵 Custom Music: Enjoy unique background music for the artwork, enhancing","{""text_match"": 0.057795964, ""cosine_similarity"": 0.5443988, ""reranker_score"": -4.7023044}"
2026-02-10T19:44:49+00:00,CORTEX_DB.RAW.CAT_GAMES_SVC_1_5,default,hidden cats + time manipulation: you rewind time / a timeline slider to find cats across different eras,hidden cats + time manipulation: you rewind time / a timeline slider to find cats across different eras,[],,False,,,,keyword_focus,0.3,10,100,0,1317,1317,,01c25360-0005-0846-0001-397a0006e0da,,38,38,,6e-06,6e-06,,6e-06,,,,,[],[],[],[],[],[],,,,,,,True,False,[],[],,,,[],[],,,,6,Hidden Cats: Magic Forest,0.767878175,2023,English;French;German;Italian;Japanese;Korean;Portuguese - Portugal;Simplified Chinese;Spanish - Spain;Turkish,Family Sharing;Full controller support;Single-player;Steam Achievements,Casual;Indie,3D;Atmospheric;Casual;Cats;Colorful;Creature Collector;Cute;Exploration;Family Friendly;Hidden Object;Indie;Isometric;Minimalist;Nature;Point & Click;Puzzle;Relaxing;Singleplayer;Tutorial;Wholesome,"Hidden Cats: Magic Forest is a hidden object game where you'll search for hidden cats while exploring the mysteries of the magical forest. Find cats in black, white, and orange colors. Lift old trees and plant saplings in their place to create new trees. Discover the Hidden Egyptian Cat God. Learn interesting facts about cats. Touch the magical texture of the forest and interact with other surprise objects to earn all the achievements. If you enjoy games like 'A Building Full of Cats' and 'Hidde","{""text_match"": 0.07765368, ""cosine_similarity"": 0.53575635, ""reranker_score"": -4.8198256}"
2026-02-10T19:44:49+00:00,CORTEX_DB.RAW.CAT_GAMES_SVC_1_5,default,hidden cats + time manipulation: you rewind time / a timeline slider to find cats across different eras,hidden cats + time manipulation: you rewind time / a timeline slider to find cats across different eras,[],,False,,,,keyword_focus,0.3,10,100,0,1317,1317,,01c25360-0005-0846-0001-397a0006e0da,,38,38,,6e-06,6e-06,,6e-06,,,,,[],[],[],[],[],[],,,,,,,True,False,[],[],,,,[],[],,,,7,Cats Hidden in Germany,0.7594803999999999,2024,Arabic;English;French;German;Indonesian;Italian;Japanese;Korean;Polish;Portuguese - Brazil;Portuguese - Portugal;Russian;Simplified Chinese;Spanish - Latin America;Spanish - Spain;Thai;Traditional Chinese;Turkish;Ukrainian,Color Alternatives;Custom Volume Controls;Family Sharing;Full controller support;Mouse Only Option;Playable without Timed Input;Save Anytime;Single-player;Steam Achievements;Steam Cloud;Steam Trading Cards;Touch Only Option,Casual;Indie,Cartoony;Casual;Cats;Collectathon;Controller;Cozy;Creature Collector;Cute;Exploration;Hand-drawn;Hidden Object;Indie;Minimalist;Point & Click;Puzzle;Relaxing;Score Attack;Singleplayer;Time Attack;Wholesome,"Cats Hidden in Germany is a cute hidden object game set in medieval Germany. 100 cats are waiting for you to be discovered within a hand-drawn background. Relax thanks to the chill soundtrack Found a cat? Click on it! Features 🐾 1 Level, 100 cats ❔ Easter Eggs 💡 Hint System ⏰ Timer mode with leaderboard ⚙️ In-game Settings","{""text_match"": 0.0011796332, ""cosine_similarity"": 0.5189608, ""reranker_score"": -5.352621}"
2026-02-10T19:44:49+00:00,CORTEX_DB.RAW.CAT_GAMES_SVC_1_5,default,hidden cats + time manipulation: you rewind time / a timeline slider to find cats across different eras,hidden cats + time manipulation: you rewind time / a timeline slider to find cats across different eras,[],,False,,,,keyword_focus,0.3,10,100,0,1317,1317,,01c25360-0005-0846-0001-397a0006e0da,,38,38,,6e-06,6e-06,,6e-06,,,,,[],[],[],[],[],[],,,,,,,True,False,[],[],,,,[],[],,,,8,Hidden Cats: Rome,0.7620079,2025,Czech;English;Japanese;Russian,Family Sharing;Single-player;Steam Achievements;Steam Cloud,Casual;Indie,2D;Casual;Cats;Cute;Family Friendly;Hand-drawn;Hidden Object;Indie;Point & Click;Puzzle;Singleplayer,Explore the amazing hand-drawn ancient rome world and find cleverly hidden cute cats. Nice background music will provide complete relaxation) Suitable for the whole family) Game Features: 100 hidden cats There is a hint The map is colorable 2.5D effect Customize brightness Saving progress Scaling Relaxing music,"{""text_match"": 0.053332493, ""cosine_similarity"": 0.5240158, ""reranker_score"": -5.8139954}"
2026-02-10T19:44:49+00:00,CORTEX_DB.RAW.CAT_GAMES_SVC_1_5,default,hidden cats + time manipulation: you rewind time / a timeline slider to find cats across different eras,hidden cats + time manipulation: you rewind time / a timeline slider to find cats across different eras,[],,False,,,,keyword_focus,0.3,10,100,0,1317,1317,,01c25360-0005-0846-0001-397a0006e0da,,38,38,,6e-06,6e-06,,6e-06,,,,,[],[],[],[],[],[],,,,,,,True,False,[],[],,,,[],[],,,,9,Timelie,0.76037723,2020,English;French;German;Italian;Japanese;Korean;Portuguese - Brazil;Russian;Simplified Chinese;Spanish - Spain;Thai;Traditional Chinese;Turkish,Family Sharing;Full controller support;Single-player;Steam Achievements;Steam Cloud;Steam Trading Cards,Adventure;Indie;Strategy,3D;Adventure;Anime;Atmospheric;Cats;Cute;Difficult;Female Protagonist;Indie;Isometric;Point & Click;Puzzle;Puzzle-Platformer;Relaxing;Sci-fi;Singleplayer;Stealth;Tactical;Third Person;Time Manipulation,"Every second matters in Timelie, a stealth puzzle adventure, where you control time like a media player. Perceive future events to plan your escape strategy from the past, sneak an enemy, and manipulate time through this companionship journey of a mysterious cat and a little girl with a precognitive power. The Timeline ability gives players the power to control time just like a media player. Drag the Timeline left to rewind time and undo your past mistakes. Drag it right to watch your future unf","{""text_match"": 0.06028719, ""cosine_similarity"": 0.52075446, ""reranker_score"": -5.879028}"
2026-02-10T19:44:49+00:00,CORTEX_DB.RAW.CAT_GAMES_SVC_1_5,default,hidden cats + time manipulation: you rewind time / a timeline slider to find cats across different eras,hidden cats + time manipulation: you rewind time / a timeline slider to find cats across different eras,[],,False,,,,keyword_focus,0.3,10,100,0,1317,1317,,01c25360-0005-0846-0001-397a0006e0da,,38,38,,6e-06,6e-06,,6e-06,,,,,[],[],[],[],[],[],,,,,,,True,False,[],[],,,,[],[],,,,10,时间之神的猫,0.7692642199999999,2021,English;Simplified Chinese,Family Sharing;Single-player,Casual;Indie;Strategy,2D;Cartoon;Casual;Cats;Colorful;Cute;Difficult;Fantasy;Indie;Logic;Pixel Graphics;Puzzle;Singleplayer;Strategy;Time Management;Time Manipulation;Time Travel,"A holy cat came to the mortal world to eat fish. It has no frontal combat capability, nor can it sneak in stealth. But it has its own unique skill-time travel. When the mortal guards followed the timeline to track the cat's figure, they had fallen into a trap. By rationally planning when to appear, the cat will play around with the guard. After eating countless fish, the cat discovered that the most powerful force is not time travel, but wisdom. Cat just want to eat fish There is no complicated ","{""text_match"": 0.029840453, ""cosine_similarity"": 0.53852844, ""reranker_score"": -6.2866282}"
2026-02-10T19:44:50+00:00,CORTEX_DB.RAW.CAT_GAMES_SVC_1_5,default,hidden cats + time manipulation: you rewind time / a timeline slider to find cats across different eras,hidden cats + time manipulation: you rewind time / a timeline slider to find cats across different eras,[],,False,,,,keyword_focus,0.65,10,100,0,1142,1142,,01c25360-0005-0846-0001-397a0006e0de,,35,35,,5e-06,5e-06,,5e-06,,,,,[],[],[],[],[],[],,,,,,,True,False,[],[],,,,[],[],,,,1,Cats Hidden Timeline,0.8393818,2024,Arabic;Czech;Danish;English;Finnish;French;German;Hungarian;Indonesian;Italian;Japanese;Korean;Norwegian;Polish;Portuguese - Brazil;Romanian;Russian;Simplified Chinese;Spanish - Spain;Swedish;Thai;Traditional Chinese;Turkish;Ukrainian;Vietnamese,Family Sharing;Single-player;Steam Achievements,Casual;Indie,3D;Atmospheric;Casual;Hidden Object;Indie;Puzzle;Singleplayer;Time Manipulation,"Cats Hidden Timeline has 200 cats hidden in various places in the town, forest, farm, amusement park, and house. Use the seek bar to move forward or backward in time to find the cats hiding in the grass, under chairs, in boxes, and more. 🎮 10 levels 😻 200 hidden cats 🏆 10 Achievements","{""text_match"": 0.063739456, ""cosine_similarity"": 0.6787636, ""reranker_score"": -2.322325}"
2026-02-10T19:44:50+00:00,CORTEX_DB.RAW.CAT_GAMES_SVC_1_5,default,hidden cats + time manipulation: you rewind time / a timeline slider to find cats across different eras,hidden cats + time manipulation: you rewind time / a timeline slider to find cats across different eras,[],,False,,,,keyword_focus,0.65,10,100,0,1142,1142,,01c25360-0005-0846-0001-397a0006e0de,,35,35,,5e-06,5e-06,,5e-06,,,,,[],[],[],[],[],[],,,,,,,True,False,[],[],,,,[],[],,,,2,Cats in Time,0.80668745,2021,Arabic;Bosnian;Croatian;English;French;German;Italian;Japanese;Korean;Portuguese - Portugal;Russian;Serbian;Simplified Chinese;Spanish - Spain;Traditional Chinese,Family Sharing;Full controller support;Remote Play on Phone;Remote Play on Tablet;Single-player;Steam Achievements;Steam Cloud;Steam Trading Cards,Adventure;Casual;Indie,3D;Adventure;Cartoony;Casual;Cats;Collectathon;Cute;Family Friendly;Hidden Object;Indie;Multiplayer;Point & Click;Puzzle;Relaxing;Singleplayer;Time Travel,"Hello explorers! My name is Professor Tim Edger, and I'm the inventor of the time machine and an avid cat lover! Sadly, I have a problem, and maybe YOU can help me. You see, my beloved cats are missing. While playing in the lab, they've activated my time machine and ⚡ ZAP ⚡, now they are lost in space and time! You have to travel from ancient Egypt, all the way to the streets of late 20. century New York, and even beyond the present - to future Tokyo. Your goal is to find all the cats! Please be","{""text_match"": 0.00041786896, ""cosine_similarity"": 0.6133749, ""reranker_score"": -5.5759172}"
2026-02-10T19:44:50+00:00,CORTEX_DB.RAW.CAT_GAMES_SVC_1_5,default,hidden cats + time manipulation: you rewind time / a timeline slider to find cats across different eras,hidden cats + time manipulation: you rewind time / a timeline slider to find cats across different eras,[],,False,,,,keyword_focus,0.65,10,100,0,1142,1142,,01c25360-0005-0846-0001-397a0006e0de,,35,35,,5e-06,5e-06,,5e-06,,,,,[],[],[],[],[],[],,,,,,,True,False,[],[],,,,[],[],,,,3,Hidden Cats - Winter,0.7792111349999999,2024,English;French;German;Italian;Japanese;Korean;Portuguese - Portugal;Russian;Simplified Chinese;Spanish - Spain,Family Sharing;Single-player;Steam Achievements,Adventure;Casual,2D;Adventure;Cartoon;Cartoony;Casual;Cats;Colorful;Cozy;Creature Collector;Cute;Family Friendly;Funny;Hand-drawn;Hidden Object;Point & Click;Puzzle;Relaxing;Singleplayer;Stylized;Wholesome,"Dive into the enchanting world of 'Hidden Cats - Winter' a hidden object game where your mission is to uncover every cat hidden within stunning hand-painted artwork. Let your keen eye and curiosity guide you through this captivating journey. ※ Key Features: 😺 100 Hidden Cats: Discover 100 hidden cats scattered throughout the artwork. 💡 Unlimited Hints: Stuck? Use unlimited hints to find the hidden cats and keep progressing. 🎵 Custom Music: Enjoy unique background music for the artwork, enhancing","{""text_match"": 0.057795964, ""cosine_similarity"": 0.55842227, ""reranker_score"": -4.7002}"
2026-02-10T19:44:50+00:00,CORTEX_DB.RAW.CAT_GAMES_SVC_1_5,default,hidden cats + time manipulation: you rewind time / a timeline slider to find cats across different eras,hidden cats + time manipulation: you rewind time / a timeline slider to find cats across different eras,[],,False,,,,keyword_focus,0.65,10,100,0,1142,1142,,01c25360-0005-0846-0001-397a0006e0de,,35,35,,5e-06,5e-06,,5e-06,,,,,[],[],[],[],[],[],,,,,,,True,False,[],[],,,,[],[],,,,4,Hidden Cats - Zoo,0.78059718,2024,English;French;German;Italian;Japanese;Korean;Portuguese - Portugal;Russian;Simplified Chinese;Spanish - Spain,Family Sharing;Single-player;Steam Achievements,Adventure;Casual,2D;Adventure;Cartoon;Cartoony;Casual;Cats;Colorful;Cozy;Creature Collector;Cute;Family Friendly;Funny;Hand-drawn;Hidden Object;Point & Click;Puzzle;Relaxing;Singleplayer;Stylized;Wholesome,"Dive into the enchanting world of 'Hidden Cats - Zoo' a hidden object game where your mission is to uncover every cat hidden within stunning hand-painted artwork. Let your keen eye and curiosity guide you through this captivating journey. ※ Key Features: 😺 100 Hidden Cats: Discover 100 hidden cats scattered throughout the artwork. 💡 Unlimited Hints: Stuck? Use unlimited hints to find the hidden cats and keep progressing. 🎵 Custom Music: Enjoy unique background music for the artwork, enhancing yo","{""text_match"": 0.057795964, ""cosine_similarity"": 0.56119436, ""reranker_score"": -4.77793}"
2026-02-10T19:44:50+00:00,CORTEX_DB.RAW.CAT_GAMES_SVC_1_5,default,hidden cats + time manipulation: you rewind time / a timeline slider to find cats across different eras,hidden cats + time manipulation: you rewind time / a timeline slider to find cats across different eras,[],,False,,,,keyword_focus,0.65,10,100,0,1142,1142,,01c25360-0005-0846-0001-397a0006e0de,,35,35,,5e-06,5e-06,,5e-06,,,,,[],[],[],[],[],[],,,,,,,True,False,[],[],,,,[],[],,,,5,Hidden Cats - Easter,0.7721994,2025,English;French;German;Italian;Japanese;Korean;Portuguese - Portugal;Russian;Simplified Chinese;Spanish - Spain,Family Sharing;Single-player;Steam Achievements,Casual,2D;Cartoon;Cartoony;Casual;Cats;Colorful;Creature Collector;Cute;Family Friendly;Funny;Hand-drawn;Hidden Object;Point & Click;Puzzle;Relaxing;Singleplayer;Stylized;Wholesome,"Dive into the enchanting world of 'Hidden Cats - Easter' a hidden object game where your mission is to uncover every cat hidden within stunning hand-painted artwork. Let your keen eye and curiosity guide you through this captivating journey. ※ Key Features: 😺 100 Hidden Cats: Discover 100 hidden cats scattered throughout the artwork. 💡 Unlimited Hints: Stuck? Use unlimited hints to find the hidden cats and keep progressing. 🎵 Custom Music: Enjoy unique background music for the artwork, enhancing","{""text_match"": 0.057795964, ""cosine_similarity"": 0.5443988, ""reranker_score"": -4.7023044}"
2026-02-10T19:44:50+00:00,CORTEX_DB.RAW.CAT_GAMES_SVC_1_5,default,hidden cats + time manipulation: you rewind time / a timeline slider to find cats across different eras,hidden cats + time manipulation: you rewind time / a timeline slider to find cats across different eras,[],,False,,,,keyword_focus,0.65,10,100,0,1142,1142,,01c25360-0005-0846-0001-397a0006e0de,,35,35,,5e-06,5e-06,,5e-06,,,,,[],[],[],[],[],[],,,,,,,True,False,[],[],,,,[],[],,,,6,Hidden Cats: Magic Forest,0.767878175,2023,English;French;German;Italian;Japanese;Korean;Portuguese - Portugal;Simplified Chinese;Spanish - Spain;Turkish,Family Sharing;Full controller support;Single-player;Steam Achievements,Casual;Indie,3D;Atmospheric;Casual;Cats;Colorful;Creature Collector;Cute;Exploration;Family Friendly;Hidden Object;Indie;Isometric;Minimalist;Nature;Point & Click;Puzzle;Relaxing;Singleplayer;Tutorial;Wholesome,"Hidden Cats: Magic Forest is a hidden object game where you'll search for hidden cats while exploring the mysteries of the magical forest. Find cats in black, white, and orange colors. Lift old trees and plant saplings in their place to create new trees. Discover the Hidden Egyptian Cat God. Learn interesting facts about cats. Touch the magical texture of the forest and interact with other surprise objects to earn all the achievements. If you enjoy games like 'A Building Full of Cats' and 'Hidde","{""text_match"": 0.07765368, ""cosine_similarity"": 0.53575635, ""reranker_score"": -4.8198256}"
2026-02-10T19:44:50+00:00,CORTEX_DB.RAW.CAT_GAMES_SVC_1_5,default,hidden cats + time manipulation: you rewind time / a timeline slider to find cats across different eras,hidden cats + time manipulation: you rewind time / a timeline slider to find cats across different eras,[],,False,,,,keyword_focus,0.65,10,100,0,1142,1142,,01c25360-0005-0846-0001-397a0006e0de,,35,35,,5e-06,5e-06,,5e-06,,,,,[],[],[],[],[],[],,,,,,,True,False,[],[],,,,[],[],,,,7,Cats Hidden in Germany,0.7594803999999999,2024,Arabic;English;French;German;Indonesian;Italian;Japanese;Korean;Polish;Portuguese - Brazil;Portuguese - Portugal;Russian;Simplified Chinese;Spanish - Latin America;Spanish - Spain;Thai;Traditional Chinese;Turkish;Ukrainian,Color Alternatives;Custom Volume Controls;Family Sharing;Full controller support;Mouse Only Option;Playable without Timed Input;Save Anytime;Single-player;Steam Achievements;Steam Cloud;Steam Trading Cards;Touch Only Option,Casual;Indie,Cartoony;Casual;Cats;Collectathon;Controller;Cozy;Creature Collector;Cute;Exploration;Hand-drawn;Hidden Object;Indie;Minimalist;Point & Click;Puzzle;Relaxing;Score Attack;Singleplayer;Time Attack;Wholesome,"Cats Hidden in Germany is a cute hidden object game set in medieval Germany. 100 cats are waiting for you to be discovered within a hand-drawn background. Relax thanks to the chill soundtrack Found a cat? Click on it! Features 🐾 1 Level, 100 cats ❔ Easter Eggs 💡 Hint System ⏰ Timer mode with leaderboard ⚙️ In-game Settings","{""text_match"": 0.0011796332, ""cosine_similarity"": 0.5189608, ""reranker_score"": -5.352621}"
2026-02-10T19:44:50+00:00,CORTEX_DB.RAW.CAT_GAMES_SVC_1_5,default,hidden cats + time manipulation: you rewind time / a timeline slider to find cats across different eras,hidden cats + time manipulation: you rewind time / a timeline slider to find cats across different eras,[],,False,,,,keyword_focus,0.65,10,100,0,1142,1142,,01c25360-0005-0846-0001-397a0006e0de,,35,35,,5e-06,5e-06,,5e-06,,,,,[],[],[],[],[],[],,,,,,,True,False,[],[],,,,[],[],,,,8,Hidden Cats: Rome,0.7620079,2025,Czech;English;Japanese;Russian,Family Sharing;Single-player;Steam Achievements;Steam Cloud,Casual;Indie,2D;Casual;Cats;Cute;Family Friendly;Hand-drawn;Hidden Object;Indie;Point & Click;Puzzle;Singleplayer,Explore the amazing hand-drawn ancient rome world and find cleverly hidden cute cats. Nice background music will provide complete relaxation) Suitable for the whole family) Game Features: 100 hidden cats There is a hint The map is colorable 2.5D effect Customize brightness Saving progress Scaling Relaxing music,"{""text_match"": 0.053332493, ""cosine_similarity"": 0.5240158, ""reranker_score"": -5.8139954}"
2026-02-10T19:44:50+00:00,CORTEX_DB.RAW.CAT_GAMES_SVC_1_5,default,hidden cats + time manipulation: you rewind time / a timeline slider to find cats across different eras,hidden cats + time manipulation: you rewind time / a timeline slider to find cats across different eras,[],,False,,,,keyword_focus,0.65,10,100,0,1142,1142,,01c25360-0005-0846-0001-397a0006e0de,,35,35,,5e-06,5e-06,,5e-06,,,,,[],[],[],[],[],[],,,,,,,True,False,[],[],,,,[],[],,,,9,Timelie,0.76037723,2020,English;French;German;Italian;Japanese;Korean;Portuguese - Brazil;Russian;Simplified Chinese;Spanish - Spain;Thai;Traditional Chinese;Turkish,Family Sharing;Full controller support;Single-player;Steam Achievements;Steam Cloud;Steam Trading Cards,Adventure;Indie;Strategy,3D;Adventure;Anime;Atmospheric;Cats;Cute;Difficult;Female Protagonist;Indie;Isometric;Point & Click;Puzzle;Puzzle-Platformer;Relaxing;Sci-fi;Singleplayer;Stealth;Tactical;Third Person;Time Manipulation,"Every second matters in Timelie, a stealth puzzle adventure, where you control time like a media player. Perceive future events to plan your escape strategy from the past, sneak an enemy, and manipulate time through this companionship journey of a mysterious cat and a little girl with a precognitive power. The Timeline ability gives players the power to control time just like a media player. Drag the Timeline left to rewind time and undo your past mistakes. Drag it right to watch your future unf","{""text_match"": 0.06028719, ""cosine_similarity"": 0.52075446, ""reranker_score"": -5.879028}"
2026-02-10T19:44:50+00:00,CORTEX_DB.RAW.CAT_GAMES_SVC_1_5,default,hidden cats + time manipulation: you rewind time / a timeline slider to find cats across different eras,hidden cats + time manipulation: you rewind time / a timeline slider to find cats across different eras,[],,False,,,,keyword_focus,0.65,10,100,0,1142,1142,,01c25360-0005-0846-0001-397a0006e0de,,35,35,,5e-06,5e-06,,5e-06,,,,,[],[],[],[],[],[],,,,,,,True,False,[],[],,,,[],[],,,,10,时间之神的猫,0.7692642199999999,2021,English;Simplified Chinese,Family Sharing;Single-player,Casual;Indie;Strategy,2D;Cartoon;Casual;Cats;Colorful;Cute;Difficult;Fantasy;Indie;Logic;Pixel Graphics;Puzzle;Singleplayer;Strategy;Time Management;Time Manipulation;Time Travel,"A holy cat came to the mortal world to eat fish. It has no frontal combat capability, nor can it sneak in stealth. But it has its own unique skill-time travel. When the mortal guards followed the timeline to track the cat's figure, they had fallen into a trap. By rationally planning when to appear, the cat will play around with the guard. After eating countless fish, the cat discovered that the most powerful force is not time travel, but wisdom. Cat just want to eat fish There is no complicated ","{""text_match"": 0.029840453, ""cosine_similarity"": 0.53852844, ""reranker_score"": -6.2866282}"
2026-02-10T19:44:51+00:00,CORTEX_DB.RAW.CAT_GAMES_SVC_1_5,default,hidden cats + time manipulation: you rewind time / a timeline slider to find cats across different eras,hidden cats + time manipulation: you rewind time / a timeline slider to find cats across different eras,[],,False,,,,keyword_focus,0.75,10,100,0,1123,1123,,01c25360-0005-0847-0001-397a0006c40a,,54,54,,8e-06,8e-06,,8e-06,,,,,[],[],[],[],[],[],,,,,,,True,False,[],[],,,,[],[],,,,1,Cats Hidden Timeline,0.8393818,2024,Arabic;Czech;Danish;English;Finnish;French;German;Hungarian;Indonesian;Italian;Japanese;Korean;Norwegian;Polish;Portuguese - Brazil;Romanian;Russian;Simplified Chinese;Spanish - Spain;Swedish;Thai;Traditional Chinese;Turkish;Ukrainian;Vietnamese,Family Sharing;Single-player;Steam Achievements,Casual;Indie,3D;Atmospheric;Casual;Hidden Object;Indie;Puzzle;Singleplayer;Time Manipulation,"Cats Hidden Timeline has 200 cats hidden in various places in the town, forest, farm, amusement park, and house. Use the seek bar to move forward or backward in time to find the cats hiding in the grass, under chairs, in boxes, and more. 🎮 10 levels 😻 200 hidden cats 🏆 10 Achievements","{""text_match"": 0.063739456, ""cosine_similarity"": 0.6787636, ""reranker_score"": -2.322325}"
2026-02-10T19:44:51+00:00,CORTEX_DB.RAW.CAT_GAMES_SVC_1_5,default,hidden cats + time manipulation: you rewind time / a timeline slider to find cats across different eras,hidden cats + time manipulation: you rewind time / a timeline slider to find cats across different eras,[],,False,,,,keyword_focus,0.75,10,100,0,1123,1123,,01c25360-0005-0847-0001-397a0006c40a,,54,54,,8e-06,8e-06,,8e-06,,,,,[],[],[],[],[],[],,,,,,,True,False,[],[],,,,[],[],,,,2,Cats in Time,0.80668745,2021,Arabic;Bosnian;Croatian;English;French;German;Italian;Japanese;Korean;Portuguese - Portugal;Russian;Serbian;Simplified Chinese;Spanish - Spain;Traditional Chinese,Family Sharing;Full controller support;Remote Play on Phone;Remote Play on Tablet;Single-player;Steam Achievements;Steam Cloud;Steam Trading Cards,Adventure;Casual;Indie,3D;Adventure;Cartoony;Casual;Cats;Collectathon;Cute;Family Friendly;Hidden Object;Indie;Multiplayer;Point & Click;Puzzle;Relaxing;Singleplayer;Time Travel,"Hello explorers! My name is Professor Tim Edger, and I'm the inventor of the time machine and an avid cat lover! Sadly, I have a problem, and maybe YOU can help me. You see, my beloved cats are missing. While playing in the lab, they've activated my time machine and ⚡ ZAP ⚡, now they are lost in space and time! You have to travel from ancient Egypt, all the way to the streets of late 20. century New York, and even beyond the present - to future Tokyo. Your goal is to find all the cats! Please be","{""text_match"": 0.00041786896, ""cosine_similarity"": 0.6133749, ""reranker_score"": -5.5759172}"
2026-02-10T19:44:51+00:00,CORTEX_DB.RAW.CAT_GAMES_SVC_1_5,default,hidden cats + time manipulation: you rewind time / a timeline slider to find cats across different eras,hidden cats + time manipulation: you rewind time / a timeline slider to find cats across different eras,[],,False,,,,keyword_focus,0.75,10,100,0,1123,1123,,01c25360-0005-0847-0001-397a0006c40a,,54,54,,8e-06,8e-06,,8e-06,,,,,[],[],[],[],[],[],,,,,,,True,False,[],[],,,,[],[],,,,3,Hidden Cats - Winter,0.7792111349999999,2024,English;French;German;Italian;Japanese;Korean;Portuguese - Portugal;Russian;Simplified Chinese;Spanish - Spain,Family Sharing;Single-player;Steam Achievements,Adventure;Casual,2D;Adventure;Cartoon;Cartoony;Casual;Cats;Colorful;Cozy;Creature Collector;Cute;Family Friendly;Funny;Hand-drawn;Hidden Object;Point & Click;Puzzle;Relaxing;Singleplayer;Stylized;Wholesome,"Dive into the enchanting world of 'Hidden Cats - Winter' a hidden object game where your mission is to uncover every cat hidden within stunning hand-painted artwork. Let your keen eye and curiosity guide you through this captivating journey. ※ Key Features: 😺 100 Hidden Cats: Discover 100 hidden cats scattered throughout the artwork. 💡 Unlimited Hints: Stuck? Use unlimited hints to find the hidden cats and keep progressing. 🎵 Custom Music: Enjoy unique background music for the artwork, enhancing","{""text_match"": 0.057795964, ""cosine_similarity"": 0.55842227, ""reranker_score"": -4.7002}"
2026-02-10T19:44:51+00:00,CORTEX_DB.RAW.CAT_GAMES_SVC_1_5,default,hidden cats + time manipulation: you rewind time / a timeline slider to find cats across different eras,hidden cats + time manipulation: you rewind time / a timeline slider to find cats across different eras,[],,False,,,,keyword_focus,0.75,10,100,0,1123,1123,,01c25360-0005-0847-0001-397a0006c40a,,54,54,,8e-06,8e-06,,8e-06,,,,,[],[],[],[],[],[],,,,,,,True,False,[],[],,,,[],[],,,,4,Hidden Cats - Zoo,0.78059718,2024,English;French;German;Italian;Japanese;Korean;Portuguese - Portugal;Russian;Simplified Chinese;Spanish - Spain,Family Sharing;Single-player;Steam Achievements,Adventure;Casual,2D;Adventure;Cartoon;Cartoony;Casual;Cats;Colorful;Cozy;Creature Collector;Cute;Family Friendly;Funny;Hand-drawn;Hidden Object;Point & Click;Puzzle;Relaxing;Singleplayer;Stylized;Wholesome,"Dive into the enchanting world of 'Hidden Cats - Zoo' a hidden object game where your mission is to uncover every cat hidden within stunning hand-painted artwork. Let your keen eye and curiosity guide you through this captivating journey. ※ Key Features: 😺 100 Hidden Cats: Discover 100 hidden cats scattered throughout the artwork. 💡 Unlimited Hints: Stuck? Use unlimited hints to find the hidden cats and keep progressing. 🎵 Custom Music: Enjoy unique background music for the artwork, enhancing yo","{""text_match"": 0.057795964, ""cosine_similarity"": 0.56119436, ""reranker_score"": -4.77793}"
2026-02-10T19:44:51+00:00,CORTEX_DB.RAW.CAT_GAMES_SVC_1_5,default,hidden cats + time manipulation: you rewind time / a timeline slider to find cats across different eras,hidden cats + time manipulation: you rewind time / a timeline slider to find cats across different eras,[],,False,,,,keyword_focus,0.75,10,100,0,1123,1123,,01c25360-0005-0847-0001-397a0006c40a,,54,54,,8e-06,8e-06,,8e-06,,,,,[],[],[],[],[],[],,,,,,,True,False,[],[],,,,[],[],,,,5,Hidden Cats - Easter,0.7721994,2025,English;French;German;Italian;Japanese;Korean;Portuguese - Portugal;Russian;Simplified Chinese;Spanish - Spain,Family Sharing;Single-player;Steam Achievements,Casual,2D;Cartoon;Cartoony;Casual;Cats;Colorful;Creature Collector;Cute;Family Friendly;Funny;Hand-drawn;Hidden Object;Point & Click;Puzzle;Relaxing;Singleplayer;Stylized;Wholesome,"Dive into the enchanting world of 'Hidden Cats - Easter' a hidden object game where your mission is to uncover every cat hidden within stunning hand-painted artwork. Let your keen eye and curiosity guide you through this captivating journey. ※ Key Features: 😺 100 Hidden Cats: Discover 100 hidden cats scattered throughout the artwork. 💡 Unlimited Hints: Stuck? Use unlimited hints to find the hidden cats and keep progressing. 🎵 Custom Music: Enjoy unique background music for the artwork, enhancing","{""text_match"": 0.057795964, ""cosine_similarity"": 0.5443988, ""reranker_score"": -4.7023044}"
2026-02-10T19:44:51+00:00,CORTEX_DB.RAW.CAT_GAMES_SVC_1_5,default,hidden cats + time manipulation: you rewind time / a timeline slider to find cats across different eras,hidden cats + time manipulation: you rewind time / a timeline slider to find cats across different eras,[],,False,,,,keyword_focus,0.75,10,100,0,1123,1123,,01c25360-0005-0847-0001-397a0006c40a,,54,54,,8e-06,8e-06,,8e-06,,,,,[],[],[],[],[],[],,,,,,,True,False,[],[],,,,[],[],,,,6,Hidden Cats: Magic Forest,0.767878175,2023,English;French;German;Italian;Japanese;Korean;Portuguese - Portugal;Simplified Chinese;Spanish - Spain;Turkish,Family Sharing;Full controller support;Single-player;Steam Achievements,Casual;Indie,3D;Atmospheric;Casual;Cats;Colorful;Creature Collector;Cute;Exploration;Family Friendly;Hidden Object;Indie;Isometric;Minimalist;Nature;Point & Click;Puzzle;Relaxing;Singleplayer;Tutorial;Wholesome,"Hidden Cats: Magic Forest is a hidden object game where you'll search for hidden cats while exploring the mysteries of the magical forest. Find cats in black, white, and orange colors. Lift old trees and plant saplings in their place to create new trees. Discover the Hidden Egyptian Cat God. Learn interesting facts about cats. Touch the magical texture of the forest and interact with other surprise objects to earn all the achievements. If you enjoy games like 'A Building Full of Cats' and 'Hidde","{""text_match"": 0.07765368, ""cosine_similarity"": 0.53575635, ""reranker_score"": -4.8198256}"
2026-02-10T19:44:51+00:00,CORTEX_DB.RAW.CAT_GAMES_SVC_1_5,default,hidden cats + time manipulation: you rewind time / a timeline slider to find cats across different eras,hidden cats + time manipulation: you rewind time / a timeline slider to find cats across different eras,[],,False,,,,keyword_focus,0.75,10,100,0,1123,1123,,01c25360-0005-0847-0001-397a0006c40a,,54,54,,8e-06,8e-06,,8e-06,,,,,[],[],[],[],[],[],,,,,,,True,False,[],[],,,,[],[],,,,7,Cats Hidden in Germany,0.7594803999999999,2024,Arabic;English;French;German;Indonesian;Italian;Japanese;Korean;Polish;Portuguese - Brazil;Portuguese - Portugal;Russian;Simplified Chinese;Spanish - Latin America;Spanish - Spain;Thai;Traditional Chinese;Turkish;Ukrainian,Color Alternatives;Custom Volume Controls;Family Sharing;Full controller support;Mouse Only Option;Playable without Timed Input;Save Anytime;Single-player;Steam Achievements;Steam Cloud;Steam Trading Cards;Touch Only Option,Casual;Indie,Cartoony;Casual;Cats;Collectathon;Controller;Cozy;Creature Collector;Cute;Exploration;Hand-drawn;Hidden Object;Indie;Minimalist;Point & Click;Puzzle;Relaxing;Score Attack;Singleplayer;Time Attack;Wholesome,"Cats Hidden in Germany is a cute hidden object game set in medieval Germany. 100 cats are waiting for you to be discovered within a hand-drawn background. Relax thanks to the chill soundtrack Found a cat? Click on it! Features 🐾 1 Level, 100 cats ❔ Easter Eggs 💡 Hint System ⏰ Timer mode with leaderboard ⚙️ In-game Settings","{""text_match"": 0.0011796332, ""cosine_similarity"": 0.5189608, ""reranker_score"": -5.352621}"
2026-02-10T19:44:51+00:00,CORTEX_DB.RAW.CAT_GAMES_SVC_1_5,default,hidden cats + time manipulation: you rewind time / a timeline slider to find cats across different eras,hidden cats + time manipulation: you rewind time / a timeline slider to find cats across different eras,[],,False,,,,keyword_focus,0.75,10,100,0,1123,1123,,01c25360-0005-0847-0001-397a0006c40a,,54,54,,8e-06,8e-06,,8e-06,,,,,[],[],[],[],[],[],,,,,,,True,False,[],[],,,,[],[],,,,8,Hidden Cats: Rome,0.7620079,2025,Czech;English;Japanese;Russian,Family Sharing;Single-player;Steam Achievements;Steam Cloud,Casual;Indie,2D;Casual;Cats;Cute;Family Friendly;Hand-drawn;Hidden Object;Indie;Point & Click;Puzzle;Singleplayer,Explore the amazing hand-drawn ancient rome world and find cleverly hidden cute cats. Nice background music will provide complete relaxation) Suitable for the whole family) Game Features: 100 hidden cats There is a hint The map is colorable 2.5D effect Customize brightness Saving progress Scaling Relaxing music,"{""text_match"": 0.053332493, ""cosine_similarity"": 0.5240158, ""reranker_score"": -5.8139954}"
2026-02-10T19:44:51+00:00,CORTEX_DB.RAW.CAT_GAMES_SVC_1_5,default,hidden cats + time manipulation: you rewind time / a timeline slider to find cats across different eras,hidden cats + time manipulation: you rewind time / a timeline slider to find cats across different eras,[],,False,,,,keyword_focus,0.75,10,100,0,1123,1123,,01c25360-0005-0847-0001-397a0006c40a,,54,54,,8e-06,8e-06,,8e-06,,,,,[],[],[],[],[],[],,,,,,,True,False,[],[],,,,[],[],,,,9,Timelie,0.76037723,2020,English;French;German;Italian;Japanese;Korean;Portuguese - Brazil;Russian;Simplified Chinese;Spanish - Spain;Thai;Traditional Chinese;Turkish,Family Sharing;Full controller support;Single-player;Steam Achievements;Steam Cloud;Steam Trading Cards,Adventure;Indie;Strategy,3D;Adventure;Anime;Atmospheric;Cats;Cute;Difficult;Female Protagonist;Indie;Isometric;Point & Click;Puzzle;Puzzle-Platformer;Relaxing;Sci-fi;Singleplayer;Stealth;Tactical;Third Person;Time Manipulation,"Every second matters in Timelie, a stealth puzzle adventure, where you control time like a media player. Perceive future events to plan your escape strategy from the past, sneak an enemy, and manipulate time through this companionship journey of a mysterious cat and a little girl with a precognitive power. The Timeline ability gives players the power to control time just like a media player. Drag the Timeline left to rewind time and undo your past mistakes. Drag it right to watch your future unf","{""text_match"": 0.06028719, ""cosine_similarity"": 0.52075446, ""reranker_score"": -5.879028}"
2026-02-10T19:44:51+00:00,CORTEX_DB.RAW.CAT_GAMES_SVC_1_5,default,hidden cats + time manipulation: you rewind time / a timeline slider to find cats across different eras,hidden cats + time manipulation: you rewind time / a timeline slider to find cats across different eras,[],,False,,,,keyword_focus,0.75,10,100,0,1123,1123,,01c25360-0005-0847-0001-397a0006c40a,,54,54,,8e-06,8e-06,,8e-06,,,,,[],[],[],[],[],[],,,,,,,True,False,[],[],,,,[],[],,,,10,时间之神的猫,0.7692642199999999,2021,English;Simplified Chinese,Family Sharing;Single-player,Casual;Indie;Strategy,2D;Cartoon;Casual;Cats;Colorful;Cute;Difficult;Fantasy;Indie;Logic;Pixel Graphics;Puzzle;Singleplayer;Strategy;Time Management;Time Manipulation;Time Travel,"A holy cat came to the mortal world to eat fish. It has no frontal combat capability, nor can it sneak in stealth. But it has its own unique skill-time travel. When the mortal guards followed the timeline to track the cat's figure, they had fallen into a trap. By rationally planning when to appear, the cat will play around with the guard. After eating countless fish, the cat discovered that the most powerful force is not time travel, but wisdom. Cat just want to eat fish There is no complicated ","{""text_match"": 0.029840453, ""cosine_similarity"": 0.53852844, ""reranker_score"": -6.2866282}"
2026-02-10T19:44:53+00:00,CORTEX_DB.RAW.CAT_GAMES_SVC_1_5,default,hidden cats + time manipulation: you rewind time / a timeline slider to find cats across different eras,hidden cats + time manipulation: you rewind time / a timeline slider to find cats across different eras,[],,False,,,,semantic_focus,0.3,10,100,0,1126,1126,,01c25360-0005-0846-0001-397a0006e0e6,,39,39,,6e-06,6e-06,,6e-06,,,,,[],[],[],[],[],[],,,,,,,True,False,[],[],,,,[],[],,,,1,Cats Hidden Timeline,0.8393818,2024,Arabic;Czech;Danish;English;Finnish;French;German;Hungarian;Indonesian;Italian;Japanese;Korean;Norwegian;Polish;Portuguese - Brazil;Romanian;Russian;Simplified Chinese;Spanish - Spain;Swedish;Thai;Traditional Chinese;Turkish;Ukrainian;Vietnamese,Family Sharing;Single-player;Steam Achievements,Casual;Indie,3D;Atmospheric;Casual;Hidden Object;Indie;Puzzle;Singleplayer;Time Manipulation,"Cats Hidden Timeline has 200 cats hidden in various places in the town, forest, farm, amusement park, and house. Use the seek bar to move forward or backward in time to find the cats hiding in the grass, under chairs, in boxes, and more. 🎮 10 levels 😻 200 hidden cats 🏆 10 Achievements","{""text_match"": 0.063739456, ""cosine_similarity"": 0.6787636, ""reranker_score"": -2.322325}"
2026-02-10T19:44:53+00:00,CORTEX_DB.RAW.CAT_GAMES_SVC_1_5,default,hidden cats + time manipulation: you rewind time / a timeline slider to find cats across different eras,hidden cats + time manipulation: you rewind time / a timeline slider to find cats across different eras,[],,False,,,,semantic_focus,0.3,10,100,0,1126,1126,,01c25360-0005-0846-0001-397a0006e0e6,,39,39,,6e-06,6e-06,,6e-06,,,,,[],[],[],[],[],[],,,,,,,True,False,[],[],,,,[],[],,,,2,Cats in Time,0.80668745,2021,Arabic;Bosnian;Croatian;English;French;German;Italian;Japanese;Korean;Portuguese - Portugal;Russian;Serbian;Simplified Chinese;Spanish - Spain;Traditional Chinese,Family Sharing;Full controller support;Remote Play on Phone;Remote Play on Tablet;Single-player;Steam Achievements;Steam Cloud;Steam Trading Cards,Adventure;Casual;Indie,3D;Adventure;Cartoony;Casual;Cats;Collectathon;Cute;Family Friendly;Hidden Object;Indie;Multiplayer;Point & Click;Puzzle;Relaxing;Singleplayer;Time Travel,"Hello explorers! My name is Professor Tim Edger, and I'm the inventor of the time machine and an avid cat lover! Sadly, I have a problem, and maybe YOU can help me. You see, my beloved cats are missing. While playing in the lab, they've activated my time machine and ⚡ ZAP ⚡, now they are lost in space and time! You have to travel from ancient Egypt, all the way to the streets of late 20. century New York, and even beyond the present - to future Tokyo. Your goal is to find all the cats! Please be","{""text_match"": 0.00041786896, ""cosine_similarity"": 0.6133749, ""reranker_score"": -5.5759172}"
2026-02-10T19:44:53+00:00,CORTEX_DB.RAW.CAT_GAMES_SVC_1_5,default,hidden cats + time manipulation: you rewind time / a timeline slider to find cats across different eras,hidden cats + time manipulation: you rewind time / a timeline slider to find cats across different eras,[],,False,,,,semantic_focus,0.3,10,100,0,1126,1126,,01c25360-0005-0846-0001-397a0006e0e6,,39,39,,6e-06,6e-06,,6e-06,,,,,[],[],[],[],[],[],,,,,,,True,False,[],[],,,,[],[],,,,3,Hidden Cats - Winter,0.7792111349999999,2024,English;French;German;Italian;Japanese;Korean;Portuguese - Portugal;Russian;Simplified Chinese;Spanish - Spain,Family Sharing;Single-player;Steam Achievements,Adventure;Casual,2D;Adventure;Cartoon;Cartoony;Casual;Cats;Colorful;Cozy;Creature Collector;Cute;Family Friendly;Funny;Hand-drawn;Hidden Object;Point & Click;Puzzle;Relaxing;Singleplayer;Stylized;Wholesome,"Dive into the enchanting world of 'Hidden Cats - Winter' a hidden object game where your mission is to uncover every cat hidden within stunning hand-painted artwork. Let your keen eye and curiosity guide you through this captivating journey. ※ Key Features: 😺 100 Hidden Cats: Discover 100 hidden cats scattered throughout the artwork. 💡 Unlimited Hints: Stuck? Use unlimited hints to find the hidden cats and keep progressing. 🎵 Custom Music: Enjoy unique background music for the artwork, enhancing","{""text_match"": 0.057795964, ""cosine_similarity"": 0.55842227, ""reranker_score"": -4.7002}"
2026-02-10T19:44:53+00:00,CORTEX_DB.RAW.CAT_GAMES_SVC_1_5,default,hidden cats + time manipulation: you rewind time / a timeline slider to find cats across different eras,hidden cats + time manipulation: you rewind time / a timeline slider to find cats across different eras,[],,False,,,,semantic_focus,0.3,10,100,0,1126,1126,,01c25360-0005-0846-0001-397a0006e0e6,,39,39,,6e-06,6e-06,,6e-06,,,,,[],[],[],[],[],[],,,,,,,True,False,[],[],,,,[],[],,,,4,Hidden Cats - Zoo,0.78059718,2024,English;French;German;Italian;Japanese;Korean;Portuguese - Portugal;Russian;Simplified Chinese;Spanish - Spain,Family Sharing;Single-player;Steam Achievements,Adventure;Casual,2D;Adventure;Cartoon;Cartoony;Casual;Cats;Colorful;Cozy;Creature Collector;Cute;Family Friendly;Funny;Hand-drawn;Hidden Object;Point & Click;Puzzle;Relaxing;Singleplayer;Stylized;Wholesome,"Dive into the enchanting world of 'Hidden Cats - Zoo' a hidden object game where your mission is to uncover every cat hidden within stunning hand-painted artwork. Let your keen eye and curiosity guide you through this captivating journey. ※ Key Features: 😺 100 Hidden Cats: Discover 100 hidden cats scattered throughout the artwork. 💡 Unlimited Hints: Stuck? Use unlimited hints to find the hidden cats and keep progressing. 🎵 Custom Music: Enjoy unique background music for the artwork, enhancing yo","{""text_match"": 0.057795964, ""cosine_similarity"": 0.56119436, ""reranker_score"": -4.77793}"
2026-02-10T19:44:53+00:00,CORTEX_DB.RAW.CAT_GAMES_SVC_1_5,default,hidden cats + time manipulation: you rewind time / a timeline slider to find cats across different eras,hidden cats + time manipulation: you rewind time / a timeline slider to find cats across different eras,[],,False,,,,semantic_focus,0.3,10,100,0,1126,1126,,01c25360-0005-0846-0001-397a0006e0e6,,39,39,,6e-06,6e-06,,6e-06,,,,,[],[],[],[],[],[],,,,,,,True,False,[],[],,,,[],[],,,,5,Hidden Cats - Easter,0.7721994,2025,English;French;German;Italian;Japanese;Korean;Portuguese - Portugal;Russian;Simplified Chinese;Spanish - Spain,Family Sharing;Single-player;Steam Achievements,Casual,2D;Cartoon;Cartoony;Casual;Cats;Colorful;Creature Collector;Cute;Family Friendly;Funny;Hand-drawn;Hidden Object;Point & Click;Puzzle;Relaxing;Singleplayer;Stylized;Wholesome,"Dive into the enchanting world of 'Hidden Cats - Easter' a hidden object game where your mission is to uncover every cat hidden within stunning hand-painted artwork. Let your keen eye and curiosity guide you through this captivating journey. ※ Key Features: 😺 100 Hidden Cats: Discover 100 hidden cats scattered throughout the artwork. 💡 Unlimited Hints: Stuck? Use unlimited hints to find the hidden cats and keep progressing. 🎵 Custom Music: Enjoy unique background music for the artwork, enhancing","{""text_match"": 0.057795964, ""cosine_similarity"": 0.5443988, ""reranker_score"": -4.7023044}"
2026-02-10T19:44:53+00:00,CORTEX_DB.RAW.CAT_GAMES_SVC_1_5,default,hidden cats + time manipulation: you rewind time / a timeline slider to find cats across different eras,hidden cats + time manipulation: you rewind time / a timeline slider to find cats across different eras,[],,False,,,,semantic_focus,0.3,10,100,0,1126,1126,,01c25360-0005-0846-0001-397a0006e0e6,,39,39,,6e-06,6e-06,,6e-06,,,,,[],[],[],[],[],[],,,,,,,True,False,[],[],,,,[],[],,,,6,Hidden Cats: Magic Forest,0.767878175,2023,English;French;German;Italian;Japanese;Korean;Portuguese - Portugal;Simplified Chinese;Spanish - Spain;Turkish,Family Sharing;Full controller support;Single-player;Steam Achievements,Casual;Indie,3D;Atmospheric;Casual;Cats;Colorful;Creature Collector;Cute;Exploration;Family Friendly;Hidden Object;Indie;Isometric;Minimalist;Nature;Point & Click;Puzzle;Relaxing;Singleplayer;Tutorial;Wholesome,"Hidden Cats: Magic Forest is a hidden object game where you'll search for hidden cats while exploring the mysteries of the magical forest. Find cats in black, white, and orange colors. Lift old trees and plant saplings in their place to create new trees. Discover the Hidden Egyptian Cat God. Learn interesting facts about cats. Touch the magical texture of the forest and interact with other surprise objects to earn all the achievements. If you enjoy games like 'A Building Full of Cats' and 'Hidde","{""text_match"": 0.07765368, ""cosine_similarity"": 0.53575635, ""reranker_score"": -4.8198256}"
2026-02-10T19:44:53+00:00,CORTEX_DB.RAW.CAT_GAMES_SVC_1_5,default,hidden cats + time manipulation: you rewind time / a timeline slider to find cats across different eras,hidden cats + time manipulation: you rewind time / a timeline slider to find cats across different eras,[],,False,,,,semantic_focus,0.3,10,100,0,1126,1126,,01c25360-0005-0846-0001-397a0006e0e6,,39,39,,6e-06,6e-06,,6e-06,,,,,[],[],[],[],[],[],,,,,,,True,False,[],[],,,,[],[],,,,7,Cats Hidden in Germany,0.7594803999999999,2024,Arabic;English;French;German;Indonesian;Italian;Japanese;Korean;Polish;Portuguese - Brazil;Portuguese - Portugal;Russian;Simplified Chinese;Spanish - Latin America;Spanish - Spain;Thai;Traditional Chinese;Turkish;Ukrainian,Color Alternatives;Custom Volume Controls;Family Sharing;Full controller support;Mouse Only Option;Playable without Timed Input;Save Anytime;Single-player;Steam Achievements;Steam Cloud;Steam Trading Cards;Touch Only Option,Casual;Indie,Cartoony;Casual;Cats;Collectathon;Controller;Cozy;Creature Collector;Cute;Exploration;Hand-drawn;Hidden Object;Indie;Minimalist;Point & Click;Puzzle;Relaxing;Score Attack;Singleplayer;Time Attack;Wholesome,"Cats Hidden in Germany is a cute hidden object game set in medieval Germany. 100 cats are waiting for you to be discovered within a hand-drawn background. Relax thanks to the chill soundtrack Found a cat? Click on it! Features 🐾 1 Level, 100 cats ❔ Easter Eggs 💡 Hint System ⏰ Timer mode with leaderboard ⚙️ In-game Settings","{""text_match"": 0.0011796332, ""cosine_similarity"": 0.5189608, ""reranker_score"": -5.352621}"
2026-02-10T19:44:53+00:00,CORTEX_DB.RAW.CAT_GAMES_SVC_1_5,default,hidden cats + time manipulation: you rewind time / a timeline slider to find cats across different eras,hidden cats + time manipulation: you rewind time / a timeline slider to find cats across different eras,[],,False,,,,semantic_focus,0.3,10,100,0,1126,1126,,01c25360-0005-0846-0001-397a0006e0e6,,39,39,,6e-06,6e-06,,6e-06,,,,,[],[],[],[],[],[],,,,,,,True,False,[],[],,,,[],[],,,,8,Hidden Cats: Rome,0.7620079,2025,Czech;English;Japanese;Russian,Family Sharing;Single-player;Steam Achievements;Steam Cloud,Casual;Indie,2D;Casual;Cats;Cute;Family Friendly;Hand-drawn;Hidden Object;Indie;Point & Click;Puzzle;Singleplayer,Explore the amazing hand-drawn ancient rome world and find cleverly hidden cute cats. Nice background music will provide complete relaxation) Suitable for the whole family) Game Features: 100 hidden cats There is a hint The map is colorable 2.5D effect Customize brightness Saving progress Scaling Relaxing music,"{""text_match"": 0.053332493, ""cosine_similarity"": 0.5240158, ""reranker_score"": -5.8139954}"
2026-02-10T19:44:53+00:00,CORTEX_DB.RAW.CAT_GAMES_SVC_1_5,default,hidden cats + time manipulation: you rewind time / a timeline slider to find cats across different eras,hidden cats + time manipulation: you rewind time / a timeline slider to find cats across different eras,[],,False,,,,semantic_focus,0.3,10,100,0,1126,1126,,01c25360-0005-0846-0001-397a0006e0e6,,39,39,,6e-06,6e-06,,6e-06,,,,,[],[],[],[],[],[],,,,,,,True,False,[],[],,,,[],[],,,,9,Timelie,0.76037723,2020,English;French;German;Italian;Japanese;Korean;Portuguese - Brazil;Russian;Simplified Chinese;Spanish - Spain;Thai;Traditional Chinese;Turkish,Family Sharing;Full controller support;Single-player;Steam Achievements;Steam Cloud;Steam Trading Cards,Adventure;Indie;Strategy,3D;Adventure;Anime;Atmospheric;Cats;Cute;Difficult;Female Protagonist;Indie;Isometric;Point & Click;Puzzle;Puzzle-Platformer;Relaxing;Sci-fi;Singleplayer;Stealth;Tactical;Third Person;Time Manipulation,"Every second matters in Timelie, a stealth puzzle adventure, where you control time like a media player. Perceive future events to plan your escape strategy from the past, sneak an enemy, and manipulate time through this companionship journey of a mysterious cat and a little girl with a precognitive power. The Timeline ability gives players the power to control time just like a media player. Drag the Timeline left to rewind time and undo your past mistakes. Drag it right to watch your future unf","{""text_match"": 0.06028719, ""cosine_similarity"": 0.52075446, ""reranker_score"": -5.879028}"
2026-02-10T19:44:53+00:00,CORTEX_DB.RAW.CAT_GAMES_SVC_1_5,default,hidden cats + time manipulation: you rewind time / a timeline slider to find cats across different eras,hidden cats + time manipulation: you rewind time / a timeline slider to find cats across different eras,[],,False,,,,semantic_focus,0.3,10,100,0,1126,1126,,01c25360-0005-0846-0001-397a0006e0e6,,39,39,,6e-06,6e-06,,6e-06,,,,,[],[],[],[],[],[],,,,,,,True,False,[],[],,,,[],[],,,,10,时间之神的猫,0.7692642199999999,2021,English;Simplified Chinese,Family Sharing;Single-player,Casual;Indie;Strategy,2D;Cartoon;Casual;Cats;Colorful;Cute;Difficult;Fantasy;Indie;Logic;Pixel Graphics;Puzzle;Singleplayer;Strategy;Time Management;Time Manipulation;Time Travel,"A holy cat came to the mortal world to eat fish. It has no frontal combat capability, nor can it sneak in stealth. But it has its own unique skill-time travel. When the mortal guards followed the timeline to track the cat's figure, they had fallen into a trap. By rationally planning when to appear, the cat will play around with the guard. After eating countless fish, the cat discovered that the most powerful force is not time travel, but wisdom. Cat just want to eat fish There is no complicated ","{""text_match"": 0.029840453, ""cosine_similarity"": 0.53852844, ""reranker_score"": -6.2866282}"
2026-02-10T19:44:54+00:00,CORTEX_DB.RAW.CAT_GAMES_SVC_1_5,default,hidden cats + time manipulation: you rewind time / a timeline slider to find cats across different eras,hidden cats + time manipulation: you rewind time / a timeline slider to find cats across different eras,[],,False,,,,semantic_focus,0.65,10,100,0,1126,1126,,01c25360-0005-0843-0001-397a0006d3d2,,53,53,,8e-06,8e-06,,8e-06,,,,,[],[],[],[],[],[],,,,,,,True,False,[],[],,,,[],[],,,,1,Cats Hidden Timeline,0.8393818,2024,Arabic;Czech;Danish;English;Finnish;French;German;Hungarian;Indonesian;Italian;Japanese;Korean;Norwegian;Polish;Portuguese - Brazil;Romanian;Russian;Simplified Chinese;Spanish - Spain;Swedish;Thai;Traditional Chinese;Turkish;Ukrainian;Vietnamese,Family Sharing;Single-player;Steam Achievements,Casual;Indie,3D;Atmospheric;Casual;Hidden Object;Indie;Puzzle;Singleplayer;Time Manipulation,"Cats Hidden Timeline has 200 cats hidden in various places in the town, forest, farm, amusement park, and house. Use the seek bar to move forward or backward in time to find the cats hiding in the grass, under chairs, in boxes, and more. 🎮 10 levels 😻 200 hidden cats 🏆 10 Achievements","{""text_match"": 0.063739456, ""cosine_similarity"": 0.6787636, ""reranker_score"": -2.322325}"
2026-02-10T19:44:54+00:00,CORTEX_DB.RAW.CAT_GAMES_SVC_1_5,default,hidden cats + time manipulation: you rewind time / a timeline slider to find cats across different eras,hidden cats + time manipulation: you rewind time / a timeline slider to find cats across different eras,[],,False,,,,semantic_focus,0.65,10,100,0,1126,1126,,01c25360-0005-0843-0001-397a0006d3d2,,53,53,,8e-06,8e-06,,8e-06,,,,,[],[],[],[],[],[],,,,,,,True,False,[],[],,,,[],[],,,,2,Cats in Time,0.80668745,2021,Arabic;Bosnian;Croatian;English;French;German;Italian;Japanese;Korean;Portuguese - Portugal;Russian;Serbian;Simplified Chinese;Spanish - Spain;Traditional Chinese,Family Sharing;Full controller support;Remote Play on Phone;Remote Play on Tablet;Single-player;Steam Achievements;Steam Cloud;Steam Trading Cards,Adventure;Casual;Indie,3D;Adventure;Cartoony;Casual;Cats;Collectathon;Cute;Family Friendly;Hidden Object;Indie;Multiplayer;Point & Click;Puzzle;Relaxing;Singleplayer;Time Travel,"Hello explorers! My name is Professor Tim Edger, and I'm the inventor of the time machine and an avid cat lover! Sadly, I have a problem, and maybe YOU can help me. You see, my beloved cats are missing. While playing in the lab, they've activated my time machine and ⚡ ZAP ⚡, now they are lost in space and time! You have to travel from ancient Egypt, all the way to the streets of late 20. century New York, and even beyond the present - to future Tokyo. Your goal is to find all the cats! Please be","{""text_match"": 0.00041786896, ""cosine_similarity"": 0.6133749, ""reranker_score"": -5.5759172}"
2026-02-10T19:44:54+00:00,CORTEX_DB.RAW.CAT_GAMES_SVC_1_5,default,hidden cats + time manipulation: you rewind time / a timeline slider to find cats across different eras,hidden cats + time manipulation: you rewind time / a timeline slider to find cats across different eras,[],,False,,,,semantic_focus,0.65,10,100,0,1126,1126,,01c25360-0005-0843-0001-397a0006d3d2,,53,53,,8e-06,8e-06,,8e-06,,,,,[],[],[],[],[],[],,,,,,,True,False,[],[],,,,[],[],,,,3,Hidden Cats - Winter,0.7792111349999999,2024,English;French;German;Italian;Japanese;Korean;Portuguese - Portugal;Russian;Simplified Chinese;Spanish - Spain,Family Sharing;Single-player;Steam Achievements,Adventure;Casual,2D;Adventure;Cartoon;Cartoony;Casual;Cats;Colorful;Cozy;Creature Collector;Cute;Family Friendly;Funny;Hand-drawn;Hidden Object;Point & Click;Puzzle;Relaxing;Singleplayer;Stylized;Wholesome,"Dive into the enchanting world of 'Hidden Cats - Winter' a hidden object game where your mission is to uncover every cat hidden within stunning hand-painted artwork. Let your keen eye and curiosity guide you through this captivating journey. ※ Key Features: 😺 100 Hidden Cats: Discover 100 hidden cats scattered throughout the artwork. 💡 Unlimited Hints: Stuck? Use unlimited hints to find the hidden cats and keep progressing. 🎵 Custom Music: Enjoy unique background music for the artwork, enhancing","{""text_match"": 0.057795964, ""cosine_similarity"": 0.55842227, ""reranker_score"": -4.7002}"
2026-02-10T19:44:54+00:00,CORTEX_DB.RAW.CAT_GAMES_SVC_1_5,default,hidden cats + time manipulation: you rewind time / a timeline slider to find cats across different eras,hidden cats + time manipulation: you rewind time / a timeline slider to find cats across different eras,[],,False,,,,semantic_focus,0.65,10,100,0,1126,1126,,01c25360-0005-0843-0001-397a0006d3d2,,53,53,,8e-06,8e-06,,8e-06,,,,,[],[],[],[],[],[],,,,,,,True,False,[],[],,,,[],[],,,,4,Hidden Cats - Zoo,0.78059718,2024,English;French;German;Italian;Japanese;Korean;Portuguese - Portugal;Russian;Simplified Chinese;Spanish - Spain,Family Sharing;Single-player;Steam Achievements,Adventure;Casual,2D;Adventure;Cartoon;Cartoony;Casual;Cats;Colorful;Cozy;Creature Collector;Cute;Family Friendly;Funny;Hand-drawn;Hidden Object;Point & Click;Puzzle;Relaxing;Singleplayer;Stylized;Wholesome,"Dive into the enchanting world of 'Hidden Cats - Zoo' a hidden object game where your mission is to uncover every cat hidden within stunning hand-painted artwork. Let your keen eye and curiosity guide you through this captivating journey. ※ Key Features: 😺 100 Hidden Cats: Discover 100 hidden cats scattered throughout the artwork. 💡 Unlimited Hints: Stuck? Use unlimited hints to find the hidden cats and keep progressing. 🎵 Custom Music: Enjoy unique background music for the artwork, enhancing yo","{""text_match"": 0.057795964, ""cosine_similarity"": 0.56119436, ""reranker_score"": -4.77793}"
2026-02-10T19:44:54+00:00,CORTEX_DB.RAW.CAT_GAMES_SVC_1_5,default,hidden cats + time manipulation: you rewind time / a timeline slider to find cats across different eras,hidden cats + time manipulation: you rewind time / a timeline slider to find cats across different eras,[],,False,,,,semantic_focus,0.65,10,100,0,1126,1126,,01c25360-0005-0843-0001-397a0006d3d2,,53,53,,8e-06,8e-06,,8e-06,,,,,[],[],[],[],[],[],,,,,,,True,False,[],[],,,,[],[],,,,5,Hidden Cats - Easter,0.7721994,2025,English;French;German;Italian;Japanese;Korean;Portuguese - Portugal;Russian;Simplified Chinese;Spanish - Spain,Family Sharing;Single-player;Steam Achievements,Casual,2D;Cartoon;Cartoony;Casual;Cats;Colorful;Creature Collector;Cute;Family Friendly;Funny;Hand-drawn;Hidden Object;Point & Click;Puzzle;Relaxing;Singleplayer;Stylized;Wholesome,"Dive into the enchanting world of 'Hidden Cats - Easter' a hidden object game where your mission is to uncover every cat hidden within stunning hand-painted artwork. Let your keen eye and curiosity guide you through this captivating journey. ※ Key Features: 😺 100 Hidden Cats: Discover 100 hidden cats scattered throughout the artwork. 💡 Unlimited Hints: Stuck? Use unlimited hints to find the hidden cats and keep progressing. 🎵 Custom Music: Enjoy unique background music for the artwork, enhancing","{""text_match"": 0.057795964, ""cosine_similarity"": 0.5443988, ""reranker_score"": -4.7023044}"
2026-02-10T19:44:54+00:00,CORTEX_DB.RAW.CAT_GAMES_SVC_1_5,default,hidden cats + time manipulation: you rewind time / a timeline slider to find cats across different eras,hidden cats + time manipulation: you rewind time / a timeline slider to find cats across different eras,[],,False,,,,semantic_focus,0.65,10,100,0,1126,1126,,01c25360-0005-0843-0001-397a0006d3d2,,53,53,,8e-06,8e-06,,8e-06,,,,,[],[],[],[],[],[],,,,,,,True,False,[],[],,,,[],[],,,,6,Hidden Cats: Magic Forest,0.767878175,2023,English;French;German;Italian;Japanese;Korean;Portuguese - Portugal;Simplified Chinese;Spanish - Spain;Turkish,Family Sharing;Full controller support;Single-player;Steam Achievements,Casual;Indie,3D;Atmospheric;Casual;Cats;Colorful;Creature Collector;Cute;Exploration;Family Friendly;Hidden Object;Indie;Isometric;Minimalist;Nature;Point & Click;Puzzle;Relaxing;Singleplayer;Tutorial;Wholesome,"Hidden Cats: Magic Forest is a hidden object game where you'll search for hidden cats while exploring the mysteries of the magical forest. Find cats in black, white, and orange colors. Lift old trees and plant saplings in their place to create new trees. Discover the Hidden Egyptian Cat God. Learn interesting facts about cats. Touch the magical texture of the forest and interact with other surprise objects to earn all the achievements. If you enjoy games like 'A Building Full of Cats' and 'Hidde","{""text_match"": 0.07765368, ""cosine_similarity"": 0.53575635, ""reranker_score"": -4.8198256}"
2026-02-10T19:44:54+00:00,CORTEX_DB.RAW.CAT_GAMES_SVC_1_5,default,hidden cats + time manipulation: you rewind time / a timeline slider to find cats across different eras,hidden cats + time manipulation: you rewind time / a timeline slider to find cats across different eras,[],,False,,,,semantic_focus,0.65,10,100,0,1126,1126,,01c25360-0005-0843-0001-397a0006d3d2,,53,53,,8e-06,8e-06,,8e-06,,,,,[],[],[],[],[],[],,,,,,,True,False,[],[],,,,[],[],,,,7,Cats Hidden in Germany,0.7594803999999999,2024,Arabic;English;French;German;Indonesian;Italian;Japanese;Korean;Polish;Portuguese - Brazil;Portuguese - Portugal;Russian;Simplified Chinese;Spanish - Latin America;Spanish - Spain;Thai;Traditional Chinese;Turkish;Ukrainian,Color Alternatives;Custom Volume Controls;Family Sharing;Full controller support;Mouse Only Option;Playable without Timed Input;Save Anytime;Single-player;Steam Achievements;Steam Cloud;Steam Trading Cards;Touch Only Option,Casual;Indie,Cartoony;Casual;Cats;Collectathon;Controller;Cozy;Creature Collector;Cute;Exploration;Hand-drawn;Hidden Object;Indie;Minimalist;Point & Click;Puzzle;Relaxing;Score Attack;Singleplayer;Time Attack;Wholesome,"Cats Hidden in Germany is a cute hidden object game set in medieval Germany. 100 cats are waiting for you to be discovered within a hand-drawn background. Relax thanks to the chill soundtrack Found a cat? Click on it! Features 🐾 1 Level, 100 cats ❔ Easter Eggs 💡 Hint System ⏰ Timer mode with leaderboard ⚙️ In-game Settings","{""text_match"": 0.0011796332, ""cosine_similarity"": 0.5189608, ""reranker_score"": -5.352621}"
2026-02-10T19:44:54+00:00,CORTEX_DB.RAW.CAT_GAMES_SVC_1_5,default,hidden cats + time manipulation: you rewind time / a timeline slider to find cats across different eras,hidden cats + time manipulation: you rewind time / a timeline slider to find cats across different eras,[],,False,,,,semantic_focus,0.65,10,100,0,1126,1126,,01c25360-0005-0843-0001-397a0006d3d2,,53,53,,8e-06,8e-06,,8e-06,,,,,[],[],[],[],[],[],,,,,,,True,False,[],[],,,,[],[],,,,8,Hidden Cats: Rome,0.7620079,2025,Czech;English;Japanese;Russian,Family Sharing;Single-player;Steam Achievements;Steam Cloud,Casual;Indie,2D;Casual;Cats;Cute;Family Friendly;Hand-drawn;Hidden Object;Indie;Point & Click;Puzzle;Singleplayer,Explore the amazing hand-drawn ancient rome world and find cleverly hidden cute cats. Nice background music will provide complete relaxation) Suitable for the whole family) Game Features: 100 hidden cats There is a hint The map is colorable 2.5D effect Customize brightness Saving progress Scaling Relaxing music,"{""text_match"": 0.053332493, ""cosine_similarity"": 0.5240158, ""reranker_score"": -5.8139954}"
2026-02-10T19:44:54+00:00,CORTEX_DB.RAW.CAT_GAMES_SVC_1_5,default,hidden cats + time manipulation: you rewind time / a timeline slider to find cats across different eras,hidden cats + time manipulation: you rewind time / a timeline slider to find cats across different eras,[],,False,,,,semantic_focus,0.65,10,100,0,1126,1126,,01c25360-0005-0843-0001-397a0006d3d2,,53,53,,8e-06,8e-06,,8e-06,,,,,[],[],[],[],[],[],,,,,,,True,False,[],[],,,,[],[],,,,9,Timelie,0.76037723,2020,English;French;German;Italian;Japanese;Korean;Portuguese - Brazil;Russian;Simplified Chinese;Spanish - Spain;Thai;Traditional Chinese;Turkish,Family Sharing;Full controller support;Single-player;Steam Achievements;Steam Cloud;Steam Trading Cards,Adventure;Indie;Strategy,3D;Adventure;Anime;Atmospheric;Cats;Cute;Difficult;Female Protagonist;Indie;Isometric;Point & Click;Puzzle;Puzzle-Platformer;Relaxing;Sci-fi;Singleplayer;Stealth;Tactical;Third Person;Time Manipulation,"Every second matters in Timelie, a stealth puzzle adventure, where you control time like a media player. Perceive future events to plan your escape strategy from the past, sneak an enemy, and manipulate time through this companionship journey of a mysterious cat and a little girl with a precognitive power. The Timeline ability gives players the power to control time just like a media player. Drag the Timeline left to rewind time and undo your past mistakes. Drag it right to watch your future unf","{""text_match"": 0.06028719, ""cosine_similarity"": 0.52075446, ""reranker_score"": -5.879028}"
2026-02-10T19:44:54+00:00,CORTEX_DB.RAW.CAT_GAMES_SVC_1_5,default,hidden cats + time manipulation: you rewind time / a timeline slider to find cats across different eras,hidden cats + time manipulation: you rewind time / a timeline slider to find cats across different eras,[],,False,,,,semantic_focus,0.65,10,100,0,1126,1126,,01c25360-0005-0843-0001-397a0006d3d2,,53,53,,8e-06,8e-06,,8e-06,,,,,[],[],[],[],[],[],,,,,,,True,False,[],[],,,,[],[],,,,10,时间之神的猫,0.7692642199999999,2021,English;Simplified Chinese,Family Sharing;Single-player,Casual;Indie;Strategy,2D;Cartoon;Casual;Cats;Colorful;Cute;Difficult;Fantasy;Indie;Logic;Pixel Graphics;Puzzle;Singleplayer;Strategy;Time Management;Time Manipulation;Time Travel,"A holy cat came to the mortal world to eat fish. It has no frontal combat capability, nor can it sneak in stealth. But it has its own unique skill-time travel. When the mortal guards followed the timeline to track the cat's figure, they had fallen into a trap. By rationally planning when to appear, the cat will play around with the guard. After eating countless fish, the cat discovered that the most powerful force is not time travel, but wisdom. Cat just want to eat fish There is no complicated ","{""text_match"": 0.029840453, ""cosine_similarity"": 0.53852844, ""reranker_score"": -6.2866282}"
2026-02-10T19:44:55+00:00,CORTEX_DB.RAW.CAT_GAMES_SVC_1_5,default,hidden cats + time manipulation: you rewind time / a timeline slider to find cats across different eras,hidden cats + time manipulation: you rewind time / a timeline slider to find cats across different eras,[],,False,,,,semantic_focus,0.75,10,100,0,1027,1027,,01c25360-0005-0846-0001-397a0006e0ee,,38,38,,6e-06,6e-06,,6e-06,,,,,[],[],[],[],[],[],,,,,,,True,False,[],[],,,,[],[],,,,1,Cats Hidden Timeline,0.8393818,2024,Arabic;Czech;Danish;English;Finnish;French;German;Hungarian;Indonesian;Italian;Japanese;Korean;Norwegian;Polish;Portuguese - Brazil;Romanian;Russian;Simplified Chinese;Spanish - Spain;Swedish;Thai;Traditional Chinese;Turkish;Ukrainian;Vietnamese,Family Sharing;Single-player;Steam Achievements,Casual;Indie,3D;Atmospheric;Casual;Hidden Object;Indie;Puzzle;Singleplayer;Time Manipulation,"Cats Hidden Timeline has 200 cats hidden in various places in the town, forest, farm, amusement park, and house. Use the seek bar to move forward or backward in time to find the cats hiding in the grass, under chairs, in boxes, and more. 🎮 10 levels 😻 200 hidden cats 🏆 10 Achievements","{""text_match"": 0.063739456, ""cosine_similarity"": 0.6787636, ""reranker_score"": -2.322325}"
2026-02-10T19:44:55+00:00,CORTEX_DB.RAW.CAT_GAMES_SVC_1_5,default,hidden cats + time manipulation: you rewind time / a timeline slider to find cats across different eras,hidden cats + time manipulation: you rewind time / a timeline slider to find cats across different eras,[],,False,,,,semantic_focus,0.75,10,100,0,1027,1027,,01c25360-0005-0846-0001-397a0006e0ee,,38,38,,6e-06,6e-06,,6e-06,,,,,[],[],[],[],[],[],,,,,,,True,False,[],[],,,,[],[],,,,2,Cats in Time,0.80668745,2021,Arabic;Bosnian;Croatian;English;French;German;Italian;Japanese;Korean;Portuguese - Portugal;Russian;Serbian;Simplified Chinese;Spanish - Spain;Traditional Chinese,Family Sharing;Full controller support;Remote Play on Phone;Remote Play on Tablet;Single-player;Steam Achievements;Steam Cloud;Steam Trading Cards,Adventure;Casual;Indie,3D;Adventure;Cartoony;Casual;Cats;Collectathon;Cute;Family Friendly;Hidden Object;Indie;Multiplayer;Point & Click;Puzzle;Relaxing;Singleplayer;Time Travel,"Hello explorers! My name is Professor Tim Edger, and I'm the inventor of the time machine and an avid cat lover! Sadly, I have a problem, and maybe YOU can help me. You see, my beloved cats are missing. While playing in the lab, they've activated my time machine and ⚡ ZAP ⚡, now they are lost in space and time! You have to travel from ancient Egypt, all the way to the streets of late 20. century New York, and even beyond the present - to future Tokyo. Your goal is to find all the cats! Please be","{""text_match"": 0.00041786896, ""cosine_similarity"": 0.6133749, ""reranker_score"": -5.5759172}"
2026-02-10T19:44:55+00:00,CORTEX_DB.RAW.CAT_GAMES_SVC_1_5,default,hidden cats + time manipulation: you rewind time / a timeline slider to find cats across different eras,hidden cats + time manipulation: you rewind time / a timeline slider to find cats across different eras,[],,False,,,,semantic_focus,0.75,10,100,0,1027,1027,,01c25360-0005-0846-0001-397a0006e0ee,,38,38,,6e-06,6e-06,,6e-06,,,,,[],[],[],[],[],[],,,,,,,True,False,[],[],,,,[],[],,,,3,Hidden Cats - Winter,0.7792111349999999,2024,English;French;German;Italian;Japanese;Korean;Portuguese - Portugal;Russian;Simplified Chinese;Spanish - Spain,Family Sharing;Single-player;Steam Achievements,Adventure;Casual,2D;Adventure;Cartoon;Cartoony;Casual;Cats;Colorful;Cozy;Creature Collector;Cute;Family Friendly;Funny;Hand-drawn;Hidden Object;Point & Click;Puzzle;Relaxing;Singleplayer;Stylized;Wholesome,"Dive into the enchanting world of 'Hidden Cats - Winter' a hidden object game where your mission is to uncover every cat hidden within stunning hand-painted artwork. Let your keen eye and curiosity guide you through this captivating journey. ※ Key Features: 😺 100 Hidden Cats: Discover 100 hidden cats scattered throughout the artwork. 💡 Unlimited Hints: Stuck? Use unlimited hints to find the hidden cats and keep progressing. 🎵 Custom Music: Enjoy unique background music for the artwork, enhancing","{""text_match"": 0.057795964, ""cosine_similarity"": 0.55842227, ""reranker_score"": -4.7002}"
2026-02-10T19:44:55+00:00,CORTEX_DB.RAW.CAT_GAMES_SVC_1_5,default,hidden cats + time manipulation: you rewind time / a timeline slider to find cats across different eras,hidden cats + time manipulation: you rewind time / a timeline slider to find cats across different eras,[],,False,,,,semantic_focus,0.75,10,100,0,1027,1027,,01c25360-0005-0846-0001-397a0006e0ee,,38,38,,6e-06,6e-06,,6e-06,,,,,[],[],[],[],[],[],,,,,,,True,False,[],[],,,,[],[],,,,4,Hidden Cats - Zoo,0.78059718,2024,English;French;German;Italian;Japanese;Korean;Portuguese - Portugal;Russian;Simplified Chinese;Spanish - Spain,Family Sharing;Single-player;Steam Achievements,Adventure;Casual,2D;Adventure;Cartoon;Cartoony;Casual;Cats;Colorful;Cozy;Creature Collector;Cute;Family Friendly;Funny;Hand-drawn;Hidden Object;Point & Click;Puzzle;Relaxing;Singleplayer;Stylized;Wholesome,"Dive into the enchanting world of 'Hidden Cats - Zoo' a hidden object game where your mission is to uncover every cat hidden within stunning hand-painted artwork. Let your keen eye and curiosity guide you through this captivating journey. ※ Key Features: 😺 100 Hidden Cats: Discover 100 hidden cats scattered throughout the artwork. 💡 Unlimited Hints: Stuck? Use unlimited hints to find the hidden cats and keep progressing. 🎵 Custom Music: Enjoy unique background music for the artwork, enhancing yo","{""text_match"": 0.057795964, ""cosine_similarity"": 0.56119436, ""reranker_score"": -4.77793}"
2026-02-10T19:44:55+00:00,CORTEX_DB.RAW.CAT_GAMES_SVC_1_5,default,hidden cats + time manipulation: you rewind time / a timeline slider to find cats across different eras,hidden cats + time manipulation: you rewind time / a timeline slider to find cats across different eras,[],,False,,,,semantic_focus,0.75,10,100,0,1027,1027,,01c25360-0005-0846-0001-397a0006e0ee,,38,38,,6e-06,6e-06,,6e-06,,,,,[],[],[],[],[],[],,,,,,,True,False,[],[],,,,[],[],,,,5,Hidden Cats - Easter,0.7721994,2025,English;French;German;Italian;Japanese;Korean;Portuguese - Portugal;Russian;Simplified Chinese;Spanish - Spain,Family Sharing;Single-player;Steam Achievements,Casual,2D;Cartoon;Cartoony;Casual;Cats;Colorful;Creature Collector;Cute;Family Friendly;Funny;Hand-drawn;Hidden Object;Point & Click;Puzzle;Relaxing;Singleplayer;Stylized;Wholesome,"Dive into the enchanting world of 'Hidden Cats - Easter' a hidden object game where your mission is to uncover every cat hidden within stunning hand-painted artwork. Let your keen eye and curiosity guide you through this captivating journey. ※ Key Features: 😺 100 Hidden Cats: Discover 100 hidden cats scattered throughout the artwork. 💡 Unlimited Hints: Stuck? Use unlimited hints to find the hidden cats and keep progressing. 🎵 Custom Music: Enjoy unique background music for the artwork, enhancing","{""text_match"": 0.057795964, ""cosine_similarity"": 0.5443988, ""reranker_score"": -4.7023044}"
2026-02-10T19:44:55+00:00,CORTEX_DB.RAW.CAT_GAMES_SVC_1_5,default,hidden cats + time manipulation: you rewind time / a timeline slider to find cats across different eras,hidden cats + time manipulation: you rewind time / a timeline slider to find cats across different eras,[],,False,,,,semantic_focus,0.75,10,100,0,1027,1027,,01c25360-0005-0846-0001-397a0006e0ee,,38,38,,6e-06,6e-06,,6e-06,,,,,[],[],[],[],[],[],,,,,,,True,False,[],[],,,,[],[],,,,6,Hidden Cats: Magic Forest,0.767878175,2023,English;French;German;Italian;Japanese;Korean;Portuguese - Portugal;Simplified Chinese;Spanish - Spain;Turkish,Family Sharing;Full controller support;Single-player;Steam Achievements,Casual;Indie,3D;Atmospheric;Casual;Cats;Colorful;Creature Collector;Cute;Exploration;Family Friendly;Hidden Object;Indie;Isometric;Minimalist;Nature;Point & Click;Puzzle;Relaxing;Singleplayer;Tutorial;Wholesome,"Hidden Cats: Magic Forest is a hidden object game where you'll search for hidden cats while exploring the mysteries of the magical forest. Find cats in black, white, and orange colors. Lift old trees and plant saplings in their place to create new trees. Discover the Hidden Egyptian Cat God. Learn interesting facts about cats. Touch the magical texture of the forest and interact with other surprise objects to earn all the achievements. If you enjoy games like 'A Building Full of Cats' and 'Hidde","{""text_match"": 0.07765368, ""cosine_similarity"": 0.53575635, ""reranker_score"": -4.8198256}"
2026-02-10T19:44:55+00:00,CORTEX_DB.RAW.CAT_GAMES_SVC_1_5,default,hidden cats + time manipulation: you rewind time / a timeline slider to find cats across different eras,hidden cats + time manipulation: you rewind time / a timeline slider to find cats across different eras,[],,False,,,,semantic_focus,0.75,10,100,0,1027,1027,,01c25360-0005-0846-0001-397a0006e0ee,,38,38,,6e-06,6e-06,,6e-06,,,,,[],[],[],[],[],[],,,,,,,True,False,[],[],,,,[],[],,,,7,Cats Hidden in Germany,0.7594803999999999,2024,Arabic;English;French;German;Indonesian;Italian;Japanese;Korean;Polish;Portuguese - Brazil;Portuguese - Portugal;Russian;Simplified Chinese;Spanish - Latin America;Spanish - Spain;Thai;Traditional Chinese;Turkish;Ukrainian,Color Alternatives;Custom Volume Controls;Family Sharing;Full controller support;Mouse Only Option;Playable without Timed Input;Save Anytime;Single-player;Steam Achievements;Steam Cloud;Steam Trading Cards;Touch Only Option,Casual;Indie,Cartoony;Casual;Cats;Collectathon;Controller;Cozy;Creature Collector;Cute;Exploration;Hand-drawn;Hidden Object;Indie;Minimalist;Point & Click;Puzzle;Relaxing;Score Attack;Singleplayer;Time Attack;Wholesome,"Cats Hidden in Germany is a cute hidden object game set in medieval Germany. 100 cats are waiting for you to be discovered within a hand-drawn background. Relax thanks to the chill soundtrack Found a cat? Click on it! Features 🐾 1 Level, 100 cats ❔ Easter Eggs 💡 Hint System ⏰ Timer mode with leaderboard ⚙️ In-game Settings","{""text_match"": 0.0011796332, ""cosine_similarity"": 0.5189608, ""reranker_score"": -5.352621}"
2026-02-10T19:44:55+00:00,CORTEX_DB.RAW.CAT_GAMES_SVC_1_5,default,hidden cats + time manipulation: you rewind time / a timeline slider to find cats across different eras,hidden cats + time manipulation: you rewind time / a timeline slider to find cats across different eras,[],,False,,,,semantic_focus,0.75,10,100,0,1027,1027,,01c25360-0005-0846-0001-397a0006e0ee,,38,38,,6e-06,6e-06,,6e-06,,,,,[],[],[],[],[],[],,,,,,,True,False,[],[],,,,[],[],,,,8,Hidden Cats: Rome,0.7620079,2025,Czech;English;Japanese;Russian,Family Sharing;Single-player;Steam Achievements;Steam Cloud,Casual;Indie,2D;Casual;Cats;Cute;Family Friendly;Hand-drawn;Hidden Object;Indie;Point & Click;Puzzle;Singleplayer,Explore the amazing hand-drawn ancient rome world and find cleverly hidden cute cats. Nice background music will provide complete relaxation) Suitable for the whole family) Game Features: 100 hidden cats There is a hint The map is colorable 2.5D effect Customize brightness Saving progress Scaling Relaxing music,"{""text_match"": 0.053332493, ""cosine_similarity"": 0.5240158, ""reranker_score"": -5.8139954}"
2026-02-10T19:44:55+00:00,CORTEX_DB.RAW.CAT_GAMES_SVC_1_5,default,hidden cats + time manipulation: you rewind time / a timeline slider to find cats across different eras,hidden cats + time manipulation: you rewind time / a timeline slider to find cats across different eras,[],,False,,,,semantic_focus,0.75,10,100,0,1027,1027,,01c25360-0005-0846-0001-397a0006e0ee,,38,38,,6e-06,6e-06,,6e-06,,,,,[],[],[],[],[],[],,,,,,,True,False,[],[],,,,[],[],,,,9,Timelie,0.76037723,2020,English;French;German;Italian;Japanese;Korean;Portuguese - Brazil;Russian;Simplified Chinese;Spanish - Spain;Thai;Traditional Chinese;Turkish,Family Sharing;Full controller support;Single-player;Steam Achievements;Steam Cloud;Steam Trading Cards,Adventure;Indie;Strategy,3D;Adventure;Anime;Atmospheric;Cats;Cute;Difficult;Female Protagonist;Indie;Isometric;Point & Click;Puzzle;Puzzle-Platformer;Relaxing;Sci-fi;Singleplayer;Stealth;Tactical;Third Person;Time Manipulation,"Every second matters in Timelie, a stealth puzzle adventure, where you control time like a media player. Perceive future events to plan your escape strategy from the past, sneak an enemy, and manipulate time through this companionship journey of a mysterious cat and a little girl with a precognitive power. The Timeline ability gives players the power to control time just like a media player. Drag the Timeline left to rewind time and undo your past mistakes. Drag it right to watch your future unf","{""text_match"": 0.06028719, ""cosine_similarity"": 0.52075446, ""reranker_score"": -5.879028}"
2026-02-10T19:44:55+00:00,CORTEX_DB.RAW.CAT_GAMES_SVC_1_5,default,hidden cats + time manipulation: you rewind time / a timeline slider to find cats across different eras,hidden cats + time manipulation: you rewind time / a timeline slider to find cats across different eras,[],,False,,,,semantic_focus,0.75,10,100,0,1027,1027,,01c25360-0005-0846-0001-397a0006e0ee,,38,38,,6e-06,6e-06,,6e-06,,,,,[],[],[],[],[],[],,,,,,,True,False,[],[],,,,[],[],,,,10,时间之神的猫,0.7692642199999999,2021,English;Simplified Chinese,Family Sharing;Single-player,Casual;Indie;Strategy,2D;Cartoon;Casual;Cats;Colorful;Cute;Difficult;Fantasy;Indie;Logic;Pixel Graphics;Puzzle;Singleplayer;Strategy;Time Management;Time Manipulation;Time Travel,"A holy cat came to the mortal world to eat fish. It has no frontal combat capability, nor can it sneak in stealth. But it has its own unique skill-time travel. When the mortal guards followed the timeline to track the cat's figure, they had fallen into a trap. By rationally planning when to appear, the cat will play around with the guard. After eating countless fish, the cat discovered that the most powerful force is not time travel, but wisdom. Cat just want to eat fish There is no complicated ","{""text_match"": 0.029840453, ""cosine_similarity"": 0.53852844, ""reranker_score"": -6.2866282}"
2026-02-10T19:44:57+00:00,CORTEX_DB.RAW.CAT_GAMES_SVC_1_5,default,hidden cats + time manipulation: you rewind time / a timeline slider to find cats across different eras,hidden cats + time manipulation: you rewind time / a timeline slider to find cats across different eras,[],,False,,,,keyword_extreme,0.3,10,100,0,1074,1074,,01c25360-0005-0843-0001-397a0006d3e2,,33,33,,5e-06,5e-06,,5e-06,,,,,[],[],[],[],[],[],,,,,,,True,False,[],[],,,,[],[],,,,1,Cats Hidden Timeline,0.8393818,2024,Arabic;Czech;Danish;English;Finnish;French;German;Hungarian;Indonesian;Italian;Japanese;Korean;Norwegian;Polish;Portuguese - Brazil;Romanian;Russian;Simplified Chinese;Spanish - Spain;Swedish;Thai;Traditional Chinese;Turkish;Ukrainian;Vietnamese,Family Sharing;Single-player;Steam Achievements,Casual;Indie,3D;Atmospheric;Casual;Hidden Object;Indie;Puzzle;Singleplayer;Time Manipulation,"Cats Hidden Timeline has 200 cats hidden in various places in the town, forest, farm, amusement park, and house. Use the seek bar to move forward or backward in time to find the cats hiding in the grass, under chairs, in boxes, and more. 🎮 10 levels 😻 200 hidden cats 🏆 10 Achievements","{""text_match"": 0.063739456, ""cosine_similarity"": 0.6787636, ""reranker_score"": -2.322325}"
2026-02-10T19:44:57+00:00,CORTEX_DB.RAW.CAT_GAMES_SVC_1_5,default,hidden cats + time manipulation: you rewind time / a timeline slider to find cats across different eras,hidden cats + time manipulation: you rewind time / a timeline slider to find cats across different eras,[],,False,,,,keyword_extreme,0.3,10,100,0,1074,1074,,01c25360-0005-0843-0001-397a0006d3e2,,33,33,,5e-06,5e-06,,5e-06,,,,,[],[],[],[],[],[],,,,,,,True,False,[],[],,,,[],[],,,,2,Cats in Time,0.80668745,2021,Arabic;Bosnian;Croatian;English;French;German;Italian;Japanese;Korean;Portuguese - Portugal;Russian;Serbian;Simplified Chinese;Spanish - Spain;Traditional Chinese,Family Sharing;Full controller support;Remote Play on Phone;Remote Play on Tablet;Single-player;Steam Achievements;Steam Cloud;Steam Trading Cards,Adventure;Casual;Indie,3D;Adventure;Cartoony;Casual;Cats;Collectathon;Cute;Family Friendly;Hidden Object;Indie;Multiplayer;Point & Click;Puzzle;Relaxing;Singleplayer;Time Travel,"Hello explorers! My name is Professor Tim Edger, and I'm the inventor of the time machine and an avid cat lover! Sadly, I have a problem, and maybe YOU can help me. You see, my beloved cats are missing. While playing in the lab, they've activated my time machine and ⚡ ZAP ⚡, now they are lost in space and time! You have to travel from ancient Egypt, all the way to the streets of late 20. century New York, and even beyond the present - to future Tokyo. Your goal is to find all the cats! Please be","{""text_match"": 0.00041786896, ""cosine_similarity"": 0.6133749, ""reranker_score"": -5.5759172}"
2026-02-10T19:44:57+00:00,CORTEX_DB.RAW.CAT_GAMES_SVC_1_5,default,hidden cats + time manipulation: you rewind time / a timeline slider to find cats across different eras,hidden cats + time manipulation: you rewind time / a timeline slider to find cats across different eras,[],,False,,,,keyword_extreme,0.3,10,100,0,1074,1074,,01c25360-0005-0843-0001-397a0006d3e2,,33,33,,5e-06,5e-06,,5e-06,,,,,[],[],[],[],[],[],,,,,,,True,False,[],[],,,,[],[],,,,3,Hidden Cats - Winter,0.7792111349999999,2024,English;French;German;Italian;Japanese;Korean;Portuguese - Portugal;Russian;Simplified Chinese;Spanish - Spain,Family Sharing;Single-player;Steam Achievements,Adventure;Casual,2D;Adventure;Cartoon;Cartoony;Casual;Cats;Colorful;Cozy;Creature Collector;Cute;Family Friendly;Funny;Hand-drawn;Hidden Object;Point & Click;Puzzle;Relaxing;Singleplayer;Stylized;Wholesome,"Dive into the enchanting world of 'Hidden Cats - Winter' a hidden object game where your mission is to uncover every cat hidden within stunning hand-painted artwork. Let your keen eye and curiosity guide you through this captivating journey. ※ Key Features: 😺 100 Hidden Cats: Discover 100 hidden cats scattered throughout the artwork. 💡 Unlimited Hints: Stuck? Use unlimited hints to find the hidden cats and keep progressing. 🎵 Custom Music: Enjoy unique background music for the artwork, enhancing","{""text_match"": 0.057795964, ""cosine_similarity"": 0.55842227, ""reranker_score"": -4.7002}"
2026-02-10T19:44:57+00:00,CORTEX_DB.RAW.CAT_GAMES_SVC_1_5,default,hidden cats + time manipulation: you rewind time / a timeline slider to find cats across different eras,hidden cats + time manipulation: you rewind time / a timeline slider to find cats across different eras,[],,False,,,,keyword_extreme,0.3,10,100,0,1074,1074,,01c25360-0005-0843-0001-397a0006d3e2,,33,33,,5e-06,5e-06,,5e-06,,,,,[],[],[],[],[],[],,,,,,,True,False,[],[],,,,[],[],,,,4,Hidden Cats - Zoo,0.78059718,2024,English;French;German;Italian;Japanese;Korean;Portuguese - Portugal;Russian;Simplified Chinese;Spanish - Spain,Family Sharing;Single-player;Steam Achievements,Adventure;Casual,2D;Adventure;Cartoon;Cartoony;Casual;Cats;Colorful;Cozy;Creature Collector;Cute;Family Friendly;Funny;Hand-drawn;Hidden Object;Point & Click;Puzzle;Relaxing;Singleplayer;Stylized;Wholesome,"Dive into the enchanting world of 'Hidden Cats - Zoo' a hidden object game where your mission is to uncover every cat hidden within stunning hand-painted artwork. Let your keen eye and curiosity guide you through this captivating journey. ※ Key Features: 😺 100 Hidden Cats: Discover 100 hidden cats scattered throughout the artwork. 💡 Unlimited Hints: Stuck? Use unlimited hints to find the hidden cats and keep progressing. 🎵 Custom Music: Enjoy unique background music for the artwork, enhancing yo","{""text_match"": 0.057795964, ""cosine_similarity"": 0.56119436, ""reranker_score"": -4.77793}"
2026-02-10T19:44:57+00:00,CORTEX_DB.RAW.CAT_GAMES_SVC_1_5,default,hidden cats + time manipulation: you rewind time / a timeline slider to find cats across different eras,hidden cats + time manipulation: you rewind time / a timeline slider to find cats across different eras,[],,False,,,,keyword_extreme,0.3,10,100,0,1074,1074,,01c25360-0005-0843-0001-397a0006d3e2,,33,33,,5e-06,5e-06,,5e-06,,,,,[],[],[],[],[],[],,,,,,,True,False,[],[],,,,[],[],,,,5,Hidden Cats - Easter,0.7721994,2025,English;French;German;Italian;Japanese;Korean;Portuguese - Portugal;Russian;Simplified Chinese;Spanish - Spain,Family Sharing;Single-player;Steam Achievements,Casual,2D;Cartoon;Cartoony;Casual;Cats;Colorful;Creature Collector;Cute;Family Friendly;Funny;Hand-drawn;Hidden Object;Point & Click;Puzzle;Relaxing;Singleplayer;Stylized;Wholesome,"Dive into the enchanting world of 'Hidden Cats - Easter' a hidden object game where your mission is to uncover every cat hidden within stunning hand-painted artwork. Let your keen eye and curiosity guide you through this captivating journey. ※ Key Features: 😺 100 Hidden Cats: Discover 100 hidden cats scattered throughout the artwork. 💡 Unlimited Hints: Stuck? Use unlimited hints to find the hidden cats and keep progressing. 🎵 Custom Music: Enjoy unique background music for the artwork, enhancing","{""text_match"": 0.057795964, ""cosine_similarity"": 0.5443988, ""reranker_score"": -4.7023044}"
2026-02-10T19:44:57+00:00,CORTEX_DB.RAW.CAT_GAMES_SVC_1_5,default,hidden cats + time manipulation: you rewind time / a timeline slider to find cats across different eras,hidden cats + time manipulation: you rewind time / a timeline slider to find cats across different eras,[],,False,,,,keyword_extreme,0.3,10,100,0,1074,1074,,01c25360-0005-0843-0001-397a0006d3e2,,33,33,,5e-06,5e-06,,5e-06,,,,,[],[],[],[],[],[],,,,,,,True,False,[],[],,,,[],[],,,,6,Hidden Cats: Magic Forest,0.767878175,2023,English;French;German;Italian;Japanese;Korean;Portuguese - Portugal;Simplified Chinese;Spanish - Spain;Turkish,Family Sharing;Full controller support;Single-player;Steam Achievements,Casual;Indie,3D;Atmospheric;Casual;Cats;Colorful;Creature Collector;Cute;Exploration;Family Friendly;Hidden Object;Indie;Isometric;Minimalist;Nature;Point & Click;Puzzle;Relaxing;Singleplayer;Tutorial;Wholesome,"Hidden Cats: Magic Forest is a hidden object game where you'll search for hidden cats while exploring the mysteries of the magical forest. Find cats in black, white, and orange colors. Lift old trees and plant saplings in their place to create new trees. Discover the Hidden Egyptian Cat God. Learn interesting facts about cats. Touch the magical texture of the forest and interact with other surprise objects to earn all the achievements. If you enjoy games like 'A Building Full of Cats' and 'Hidde","{""text_match"": 0.07765368, ""cosine_similarity"": 0.53575635, ""reranker_score"": -4.8198256}"
2026-02-10T19:44:57+00:00,CORTEX_DB.RAW.CAT_GAMES_SVC_1_5,default,hidden cats + time manipulation: you rewind time / a timeline slider to find cats across different eras,hidden cats + time manipulation: you rewind time / a timeline slider to find cats across different eras,[],,False,,,,keyword_extreme,0.3,10,100,0,1074,1074,,01c25360-0005-0843-0001-397a0006d3e2,,33,33,,5e-06,5e-06,,5e-06,,,,,[],[],[],[],[],[],,,,,,,True,False,[],[],,,,[],[],,,,7,Cats Hidden in Germany,0.7594803999999999,2024,Arabic;English;French;German;Indonesian;Italian;Japanese;Korean;Polish;Portuguese - Brazil;Portuguese - Portugal;Russian;Simplified Chinese;Spanish - Latin America;Spanish - Spain;Thai;Traditional Chinese;Turkish;Ukrainian,Color Alternatives;Custom Volume Controls;Family Sharing;Full controller support;Mouse Only Option;Playable without Timed Input;Save Anytime;Single-player;Steam Achievements;Steam Cloud;Steam Trading Cards;Touch Only Option,Casual;Indie,Cartoony;Casual;Cats;Collectathon;Controller;Cozy;Creature Collector;Cute;Exploration;Hand-drawn;Hidden Object;Indie;Minimalist;Point & Click;Puzzle;Relaxing;Score Attack;Singleplayer;Time Attack;Wholesome,"Cats Hidden in Germany is a cute hidden object game set in medieval Germany. 100 cats are waiting for you to be discovered within a hand-drawn background. Relax thanks to the chill soundtrack Found a cat? Click on it! Features 🐾 1 Level, 100 cats ❔ Easter Eggs 💡 Hint System ⏰ Timer mode with leaderboard ⚙️ In-game Settings","{""text_match"": 0.0011796332, ""cosine_similarity"": 0.5189608, ""reranker_score"": -5.352621}"
2026-02-10T19:44:57+00:00,CORTEX_DB.RAW.CAT_GAMES_SVC_1_5,default,hidden cats + time manipulation: you rewind time / a timeline slider to find cats across different eras,hidden cats + time manipulation: you rewind time / a timeline slider to find cats across different eras,[],,False,,,,keyword_extreme,0.3,10,100,0,1074,1074,,01c25360-0005-0843-0001-397a0006d3e2,,33,33,,5e-06,5e-06,,5e-06,,,,,[],[],[],[],[],[],,,,,,,True,False,[],[],,,,[],[],,,,8,Hidden Cats: Rome,0.7620079,2025,Czech;English;Japanese;Russian,Family Sharing;Single-player;Steam Achievements;Steam Cloud,Casual;Indie,2D;Casual;Cats;Cute;Family Friendly;Hand-drawn;Hidden Object;Indie;Point & Click;Puzzle;Singleplayer,Explore the amazing hand-drawn ancient rome world and find cleverly hidden cute cats. Nice background music will provide complete relaxation) Suitable for the whole family) Game Features: 100 hidden cats There is a hint The map is colorable 2.5D effect Customize brightness Saving progress Scaling Relaxing music,"{""text_match"": 0.053332493, ""cosine_similarity"": 0.5240158, ""reranker_score"": -5.8139954}"
2026-02-10T19:44:57+00:00,CORTEX_DB.RAW.CAT_GAMES_SVC_1_5,default,hidden cats + time manipulation: you rewind time / a timeline slider to find cats across different eras,hidden cats + time manipulation: you rewind time / a timeline slider to find cats across different eras,[],,False,,,,keyword_extreme,0.3,10,100,0,1074,1074,,01c25360-0005-0843-0001-397a0006d3e2,,33,33,,5e-06,5e-06,,5e-06,,,,,[],[],[],[],[],[],,,,,,,True,False,[],[],,,,[],[],,,,9,Timelie,0.76037723,2020,English;French;German;Italian;Japanese;Korean;Portuguese - Brazil;Russian;Simplified Chinese;Spanish - Spain;Thai;Traditional Chinese;Turkish,Family Sharing;Full controller support;Single-player;Steam Achievements;Steam Cloud;Steam Trading Cards,Adventure;Indie;Strategy,3D;Adventure;Anime;Atmospheric;Cats;Cute;Difficult;Female Protagonist;Indie;Isometric;Point & Click;Puzzle;Puzzle-Platformer;Relaxing;Sci-fi;Singleplayer;Stealth;Tactical;Third Person;Time Manipulation,"Every second matters in Timelie, a stealth puzzle adventure, where you control time like a media player. Perceive future events to plan your escape strategy from the past, sneak an enemy, and manipulate time through this companionship journey of a mysterious cat and a little girl with a precognitive power. The Timeline ability gives players the power to control time just like a media player. Drag the Timeline left to rewind time and undo your past mistakes. Drag it right to watch your future unf","{""text_match"": 0.06028719, ""cosine_similarity"": 0.52075446, ""reranker_score"": -5.879028}"
2026-02-10T19:44:57+00:00,CORTEX_DB.RAW.CAT_GAMES_SVC_1_5,default,hidden cats + time manipulation: you rewind time / a timeline slider to find cats across different eras,hidden cats + time manipulation: you rewind time / a timeline slider to find cats across different eras,[],,False,,,,keyword_extreme,0.3,10,100,0,1074,1074,,01c25360-0005-0843-0001-397a0006d3e2,,33,33,,5e-06,5e-06,,5e-06,,,,,[],[],[],[],[],[],,,,,,,True,False,[],[],,,,[],[],,,,10,时间之神的猫,0.7692642199999999,2021,English;Simplified Chinese,Family Sharing;Single-player,Casual;Indie;Strategy,2D;Cartoon;Casual;Cats;Colorful;Cute;Difficult;Fantasy;Indie;Logic;Pixel Graphics;Puzzle;Singleplayer;Strategy;Time Management;Time Manipulation;Time Travel,"A holy cat came to the mortal world to eat fish. It has no frontal combat capability, nor can it sneak in stealth. But it has its own unique skill-time travel. When the mortal guards followed the timeline to track the cat's figure, they had fallen into a trap. By rationally planning when to appear, the cat will play around with the guard. After eating countless fish, the cat discovered that the most powerful force is not time travel, but wisdom. Cat just want to eat fish There is no complicated ","{""text_match"": 0.029840453, ""cosine_similarity"": 0.53852844, ""reranker_score"": -6.2866282}"
2026-02-10T19:44:59+00:00,CORTEX_DB.RAW.CAT_GAMES_SVC_1_5,default,hidden cats + time manipulation: you rewind time / a timeline slider to find cats across different eras,hidden cats + time manipulation: you rewind time / a timeline slider to find cats across different eras,[],,False,,,,keyword_extreme,0.65,10,100,0,1125,1125,,01c25360-0005-0843-0001-397a0006d3e6,,31,31,,5e-06,5e-06,,5e-06,,,,,[],[],[],[],[],[],,,,,,,True,False,[],[],,,,[],[],,,,1,Cats Hidden Timeline,0.8393818,2024,Arabic;Czech;Danish;English;Finnish;French;German;Hungarian;Indonesian;Italian;Japanese;Korean;Norwegian;Polish;Portuguese - Brazil;Romanian;Russian;Simplified Chinese;Spanish - Spain;Swedish;Thai;Traditional Chinese;Turkish;Ukrainian;Vietnamese,Family Sharing;Single-player;Steam Achievements,Casual;Indie,3D;Atmospheric;Casual;Hidden Object;Indie;Puzzle;Singleplayer;Time Manipulation,"Cats Hidden Timeline has 200 cats hidden in various places in the town, forest, farm, amusement park, and house. Use the seek bar to move forward or backward in time to find the cats hiding in the grass, under chairs, in boxes, and more. 🎮 10 levels 😻 200 hidden cats 🏆 10 Achievements","{""text_match"": 0.063739456, ""cosine_similarity"": 0.6787636, ""reranker_score"": -2.322325}"
2026-02-10T19:44:59+00:00,CORTEX_DB.RAW.CAT_GAMES_SVC_1_5,default,hidden cats + time manipulation: you rewind time / a timeline slider to find cats across different eras,hidden cats + time manipulation: you rewind time / a timeline slider to find cats across different eras,[],,False,,,,keyword_extreme,0.65,10,100,0,1125,1125,,01c25360-0005-0843-0001-397a0006d3e6,,31,31,,5e-06,5e-06,,5e-06,,,,,[],[],[],[],[],[],,,,,,,True,False,[],[],,,,[],[],,,,2,Cats in Time,0.80668745,2021,Arabic;Bosnian;Croatian;English;French;German;Italian;Japanese;Korean;Portuguese - Portugal;Russian;Serbian;Simplified Chinese;Spanish - Spain;Traditional Chinese,Family Sharing;Full controller support;Remote Play on Phone;Remote Play on Tablet;Single-player;Steam Achievements;Steam Cloud;Steam Trading Cards,Adventure;Casual;Indie,3D;Adventure;Cartoony;Casual;Cats;Collectathon;Cute;Family Friendly;Hidden Object;Indie;Multiplayer;Point & Click;Puzzle;Relaxing;Singleplayer;Time Travel,"Hello explorers! My name is Professor Tim Edger, and I'm the inventor of the time machine and an avid cat lover! Sadly, I have a problem, and maybe YOU can help me. You see, my beloved cats are missing. While playing in the lab, they've activated my time machine and ⚡ ZAP ⚡, now they are lost in space and time! You have to travel from ancient Egypt, all the way to the streets of late 20. century New York, and even beyond the present - to future Tokyo. Your goal is to find all the cats! Please be","{""text_match"": 0.00041786896, ""cosine_similarity"": 0.6133749, ""reranker_score"": -5.5759172}"
2026-02-10T19:44:59+00:00,CORTEX_DB.RAW.CAT_GAMES_SVC_1_5,default,hidden cats + time manipulation: you rewind time / a timeline slider to find cats across different eras,hidden cats + time manipulation: you rewind time / a timeline slider to find cats across different eras,[],,False,,,,keyword_extreme,0.65,10,100,0,1125,1125,,01c25360-0005-0843-0001-397a0006d3e6,,31,31,,5e-06,5e-06,,5e-06,,,,,[],[],[],[],[],[],,,,,,,True,False,[],[],,,,[],[],,,,3,Hidden Cats - Winter,0.7792111349999999,2024,English;French;German;Italian;Japanese;Korean;Portuguese - Portugal;Russian;Simplified Chinese;Spanish - Spain,Family Sharing;Single-player;Steam Achievements,Adventure;Casual,2D;Adventure;Cartoon;Cartoony;Casual;Cats;Colorful;Cozy;Creature Collector;Cute;Family Friendly;Funny;Hand-drawn;Hidden Object;Point & Click;Puzzle;Relaxing;Singleplayer;Stylized;Wholesome,"Dive into the enchanting world of 'Hidden Cats - Winter' a hidden object game where your mission is to uncover every cat hidden within stunning hand-painted artwork. Let your keen eye and curiosity guide you through this captivating journey. ※ Key Features: 😺 100 Hidden Cats: Discover 100 hidden cats scattered throughout the artwork. 💡 Unlimited Hints: Stuck? Use unlimited hints to find the hidden cats and keep progressing. 🎵 Custom Music: Enjoy unique background music for the artwork, enhancing","{""text_match"": 0.057795964, ""cosine_similarity"": 0.55842227, ""reranker_score"": -4.7002}"
2026-02-10T19:44:59+00:00,CORTEX_DB.RAW.CAT_GAMES_SVC_1_5,default,hidden cats + time manipulation: you rewind time / a timeline slider to find cats across different eras,hidden cats + time manipulation: you rewind time / a timeline slider to find cats across different eras,[],,False,,,,keyword_extreme,0.65,10,100,0,1125,1125,,01c25360-0005-0843-0001-397a0006d3e6,,31,31,,5e-06,5e-06,,5e-06,,,,,[],[],[],[],[],[],,,,,,,True,False,[],[],,,,[],[],,,,4,Hidden Cats - Zoo,0.78059718,2024,English;French;German;Italian;Japanese;Korean;Portuguese - Portugal;Russian;Simplified Chinese;Spanish - Spain,Family Sharing;Single-player;Steam Achievements,Adventure;Casual,2D;Adventure;Cartoon;Cartoony;Casual;Cats;Colorful;Cozy;Creature Collector;Cute;Family Friendly;Funny;Hand-drawn;Hidden Object;Point & Click;Puzzle;Relaxing;Singleplayer;Stylized;Wholesome,"Dive into the enchanting world of 'Hidden Cats - Zoo' a hidden object game where your mission is to uncover every cat hidden within stunning hand-painted artwork. Let your keen eye and curiosity guide you through this captivating journey. ※ Key Features: 😺 100 Hidden Cats: Discover 100 hidden cats scattered throughout the artwork. 💡 Unlimited Hints: Stuck? Use unlimited hints to find the hidden cats and keep progressing. 🎵 Custom Music: Enjoy unique background music for the artwork, enhancing yo","{""text_match"": 0.057795964, ""cosine_similarity"": 0.56119436, ""reranker_score"": -4.77793}"
2026-02-10T19:44:59+00:00,CORTEX_DB.RAW.CAT_GAMES_SVC_1_5,default,hidden cats + time manipulation: you rewind time / a timeline slider to find cats across different eras,hidden cats + time manipulation: you rewind time / a timeline slider to find cats across different eras,[],,False,,,,keyword_extreme,0.65,10,100,0,1125,1125,,01c25360-0005-0843-0001-397a0006d3e6,,31,31,,5e-06,5e-06,,5e-06,,,,,[],[],[],[],[],[],,,,,,,True,False,[],[],,,,[],[],,,,5,Hidden Cats - Easter,0.7721994,2025,English;French;German;Italian;Japanese;Korean;Portuguese - Portugal;Russian;Simplified Chinese;Spanish - Spain,Family Sharing;Single-player;Steam Achievements,Casual,2D;Cartoon;Cartoony;Casual;Cats;Colorful;Creature Collector;Cute;Family Friendly;Funny;Hand-drawn;Hidden Object;Point & Click;Puzzle;Relaxing;Singleplayer;Stylized;Wholesome,"Dive into the enchanting world of 'Hidden Cats - Easter' a hidden object game where your mission is to uncover every cat hidden within stunning hand-painted artwork. Let your keen eye and curiosity guide you through this captivating journey. ※ Key Features: 😺 100 Hidden Cats: Discover 100 hidden cats scattered throughout the artwork. 💡 Unlimited Hints: Stuck? Use unlimited hints to find the hidden cats and keep progressing. 🎵 Custom Music: Enjoy unique background music for the artwork, enhancing","{""text_match"": 0.057795964, ""cosine_similarity"": 0.5443988, ""reranker_score"": -4.7023044}"
2026-02-10T19:44:59+00:00,CORTEX_DB.RAW.CAT_GAMES_SVC_1_5,default,hidden cats + time manipulation: you rewind time / a timeline slider to find cats across different eras,hidden cats + time manipulation: you rewind time / a timeline slider to find cats across different eras,[],,False,,,,keyword_extreme,0.65,10,100,0,1125,1125,,01c25360-0005-0843-0001-397a0006d3e6,,31,31,,5e-06,5e-06,,5e-06,,,,,[],[],[],[],[],[],,,,,,,True,False,[],[],,,,[],[],,,,6,Hidden Cats: Magic Forest,0.767878175,2023,English;French;German;Italian;Japanese;Korean;Portuguese - Portugal;Simplified Chinese;Spanish - Spain;Turkish,Family Sharing;Full controller support;Single-player;Steam Achievements,Casual;Indie,3D;Atmospheric;Casual;Cats;Colorful;Creature Collector;Cute;Exploration;Family Friendly;Hidden Object;Indie;Isometric;Minimalist;Nature;Point & Click;Puzzle;Relaxing;Singleplayer;Tutorial;Wholesome,"Hidden Cats: Magic Forest is a hidden object game where you'll search for hidden cats while exploring the mysteries of the magical forest. Find cats in black, white, and orange colors. Lift old trees and plant saplings in their place to create new trees. Discover the Hidden Egyptian Cat God. Learn interesting facts about cats. Touch the magical texture of the forest and interact with other surprise objects to earn all the achievements. If you enjoy games like 'A Building Full of Cats' and 'Hidde","{""text_match"": 0.07765368, ""cosine_similarity"": 0.53575635, ""reranker_score"": -4.8198256}"
2026-02-10T19:44:59+00:00,CORTEX_DB.RAW.CAT_GAMES_SVC_1_5,default,hidden cats + time manipulation: you rewind time / a timeline slider to find cats across different eras,hidden cats + time manipulation: you rewind time / a timeline slider to find cats across different eras,[],,False,,,,keyword_extreme,0.65,10,100,0,1125,1125,,01c25360-0005-0843-0001-397a0006d3e6,,31,31,,5e-06,5e-06,,5e-06,,,,,[],[],[],[],[],[],,,,,,,True,False,[],[],,,,[],[],,,,7,Cats Hidden in Germany,0.7594803999999999,2024,Arabic;English;French;German;Indonesian;Italian;Japanese;Korean;Polish;Portuguese - Brazil;Portuguese - Portugal;Russian;Simplified Chinese;Spanish - Latin America;Spanish - Spain;Thai;Traditional Chinese;Turkish;Ukrainian,Color Alternatives;Custom Volume Controls;Family Sharing;Full controller support;Mouse Only Option;Playable without Timed Input;Save Anytime;Single-player;Steam Achievements;Steam Cloud;Steam Trading Cards;Touch Only Option,Casual;Indie,Cartoony;Casual;Cats;Collectathon;Controller;Cozy;Creature Collector;Cute;Exploration;Hand-drawn;Hidden Object;Indie;Minimalist;Point & Click;Puzzle;Relaxing;Score Attack;Singleplayer;Time Attack;Wholesome,"Cats Hidden in Germany is a cute hidden object game set in medieval Germany. 100 cats are waiting for you to be discovered within a hand-drawn background. Relax thanks to the chill soundtrack Found a cat? Click on it! Features 🐾 1 Level, 100 cats ❔ Easter Eggs 💡 Hint System ⏰ Timer mode with leaderboard ⚙️ In-game Settings","{""text_match"": 0.0011796332, ""cosine_similarity"": 0.5189608, ""reranker_score"": -5.352621}"
2026-02-10T19:44:59+00:00,CORTEX_DB.RAW.CAT_GAMES_SVC_1_5,default,hidden cats + time manipulation: you rewind time / a timeline slider to find cats across different eras,hidden cats + time manipulation: you rewind time / a timeline slider to find cats across different eras,[],,False,,,,keyword_extreme,0.65,10,100,0,1125,1125,,01c25360-0005-0843-0001-397a0006d3e6,,31,31,,5e-06,5e-06,,5e-06,,,,,[],[],[],[],[],[],,,,,,,True,False,[],[],,,,[],[],,,,8,Hidden Cats: Rome,0.7620079,2025,Czech;English;Japanese;Russian,Family Sharing;Single-player;Steam Achievements;Steam Cloud,Casual;Indie,2D;Casual;Cats;Cute;Family Friendly;Hand-drawn;Hidden Object;Indie;Point & Click;Puzzle;Singleplayer,Explore the amazing hand-drawn ancient rome world and find cleverly hidden cute cats. Nice background music will provide complete relaxation) Suitable for the whole family) Game Features: 100 hidden cats There is a hint The map is colorable 2.5D effect Customize brightness Saving progress Scaling Relaxing music,"{""text_match"": 0.053332493, ""cosine_similarity"": 0.5240158, ""reranker_score"": -5.8139954}"
2026-02-10T19:44:59+00:00,CORTEX_DB.RAW.CAT_GAMES_SVC_1_5,default,hidden cats + time manipulation: you rewind time / a timeline slider to find cats across different eras,hidden cats + time manipulation: you rewind time / a timeline slider to find cats across different eras,[],,False,,,,keyword_extreme,0.65,10,100,0,1125,1125,,01c25360-0005-0843-0001-397a0006d3e6,,31,31,,5e-06,5e-06,,5e-06,,,,,[],[],[],[],[],[],,,,,,,True,False,[],[],,,,[],[],,,,9,Timelie,0.76037723,2020,English;French;German;Italian;Japanese;Korean;Portuguese - Brazil;Russian;Simplified Chinese;Spanish - Spain;Thai;Traditional Chinese;Turkish,Family Sharing;Full controller support;Single-player;Steam Achievements;Steam Cloud;Steam Trading Cards,Adventure;Indie;Strategy,3D;Adventure;Anime;Atmospheric;Cats;Cute;Difficult;Female Protagonist;Indie;Isometric;Point & Click;Puzzle;Puzzle-Platformer;Relaxing;Sci-fi;Singleplayer;Stealth;Tactical;Third Person;Time Manipulation,"Every second matters in Timelie, a stealth puzzle adventure, where you control time like a media player. Perceive future events to plan your escape strategy from the past, sneak an enemy, and manipulate time through this companionship journey of a mysterious cat and a little girl with a precognitive power. The Timeline ability gives players the power to control time just like a media player. Drag the Timeline left to rewind time and undo your past mistakes. Drag it right to watch your future unf","{""text_match"": 0.06028719, ""cosine_similarity"": 0.52075446, ""reranker_score"": -5.879028}"
2026-02-10T19:44:59+00:00,CORTEX_DB.RAW.CAT_GAMES_SVC_1_5,default,hidden cats + time manipulation: you rewind time / a timeline slider to find cats across different eras,hidden cats + time manipulation: you rewind time / a timeline slider to find cats across different eras,[],,False,,,,keyword_extreme,0.65,10,100,0,1125,1125,,01c25360-0005-0843-0001-397a0006d3e6,,31,31,,5e-06,5e-06,,5e-06,,,,,[],[],[],[],[],[],,,,,,,True,False,[],[],,,,[],[],,,,10,时间之神的猫,0.7692642199999999,2021,English;Simplified Chinese,Family Sharing;Single-player,Casual;Indie;Strategy,2D;Cartoon;Casual;Cats;Colorful;Cute;Difficult;Fantasy;Indie;Logic;Pixel Graphics;Puzzle;Singleplayer;Strategy;Time Management;Time Manipulation;Time Travel,"A holy cat came to the mortal world to eat fish. It has no frontal combat capability, nor can it sneak in stealth. But it has its own unique skill-time travel. When the mortal guards followed the timeline to track the cat's figure, they had fallen into a trap. By rationally planning when to appear, the cat will play around with the guard. After eating countless fish, the cat discovered that the most powerful force is not time travel, but wisdom. Cat just want to eat fish There is no complicated ","{""text_match"": 0.029840453, ""cosine_similarity"": 0.53852844, ""reranker_score"": -6.2866282}"
2026-02-10T19:45:00+00:00,CORTEX_DB.RAW.CAT_GAMES_SVC_1_5,default,hidden cats + time manipulation: you rewind time / a timeline slider to find cats across different eras,hidden cats + time manipulation: you rewind time / a timeline slider to find cats across different eras,[],,False,,,,keyword_extreme,0.75,10,100,0,1025,1025,,01c25360-0005-0843-0001-397a0006d3ea,,31,31,,5e-06,5e-06,,5e-06,,,,,[],[],[],[],[],[],,,,,,,True,False,[],[],,,,[],[],,,,1,Cats Hidden Timeline,0.8393818,2024,Arabic;Czech;Danish;English;Finnish;French;German;Hungarian;Indonesian;Italian;Japanese;Korean;Norwegian;Polish;Portuguese - Brazil;Romanian;Russian;Simplified Chinese;Spanish - Spain;Swedish;Thai;Traditional Chinese;Turkish;Ukrainian;Vietnamese,Family Sharing;Single-player;Steam Achievements,Casual;Indie,3D;Atmospheric;Casual;Hidden Object;Indie;Puzzle;Singleplayer;Time Manipulation,"Cats Hidden Timeline has 200 cats hidden in various places in the town, forest, farm, amusement park, and house. Use the seek bar to move forward or backward in time to find the cats hiding in the grass, under chairs, in boxes, and more. 🎮 10 levels 😻 200 hidden cats 🏆 10 Achievements","{""text_match"": 0.063739456, ""cosine_similarity"": 0.6787636, ""reranker_score"": -2.322325}"
2026-02-10T19:45:00+00:00,CORTEX_DB.RAW.CAT_GAMES_SVC_1_5,default,hidden cats + time manipulation: you rewind time / a timeline slider to find cats across different eras,hidden cats + time manipulation: you rewind time / a timeline slider to find cats across different eras,[],,False,,,,keyword_extreme,0.75,10,100,0,1025,1025,,01c25360-0005-0843-0001-397a0006d3ea,,31,31,,5e-06,5e-06,,5e-06,,,,,[],[],[],[],[],[],,,,,,,True,False,[],[],,,,[],[],,,,2,Cats in Time,0.80668745,2021,Arabic;Bosnian;Croatian;English;French;German;Italian;Japanese;Korean;Portuguese - Portugal;Russian;Serbian;Simplified Chinese;Spanish - Spain;Traditional Chinese,Family Sharing;Full controller support;Remote Play on Phone;Remote Play on Tablet;Single-player;Steam Achievements;Steam Cloud;Steam Trading Cards,Adventure;Casual;Indie,3D;Adventure;Cartoony;Casual;Cats;Collectathon;Cute;Family Friendly;Hidden Object;Indie;Multiplayer;Point & Click;Puzzle;Relaxing;Singleplayer;Time Travel,"Hello explorers! My name is Professor Tim Edger, and I'm the inventor of the time machine and an avid cat lover! Sadly, I have a problem, and maybe YOU can help me. You see, my beloved cats are missing. While playing in the lab, they've activated my time machine and ⚡ ZAP ⚡, now they are lost in space and time! You have to travel from ancient Egypt, all the way to the streets of late 20. century New York, and even beyond the present - to future Tokyo. Your goal is to find all the cats! Please be","{""text_match"": 0.00041786896, ""cosine_similarity"": 0.6133749, ""reranker_score"": -5.5759172}"
2026-02-10T19:45:00+00:00,CORTEX_DB.RAW.CAT_GAMES_SVC_1_5,default,hidden cats + time manipulation: you rewind time / a timeline slider to find cats across different eras,hidden cats + time manipulation: you rewind time / a timeline slider to find cats across different eras,[],,False,,,,keyword_extreme,0.75,10,100,0,1025,1025,,01c25360-0005-0843-0001-397a0006d3ea,,31,31,,5e-06,5e-06,,5e-06,,,,,[],[],[],[],[],[],,,,,,,True,False,[],[],,,,[],[],,,,3,Hidden Cats - Winter,0.7792111349999999,2024,English;French;German;Italian;Japanese;Korean;Portuguese - Portugal;Russian;Simplified Chinese;Spanish - Spain,Family Sharing;Single-player;Steam Achievements,Adventure;Casual,2D;Adventure;Cartoon;Cartoony;Casual;Cats;Colorful;Cozy;Creature Collector;Cute;Family Friendly;Funny;Hand-drawn;Hidden Object;Point & Click;Puzzle;Relaxing;Singleplayer;Stylized;Wholesome,"Dive into the enchanting world of 'Hidden Cats - Winter' a hidden object game where your mission is to uncover every cat hidden within stunning hand-painted artwork. Let your keen eye and curiosity guide you through this captivating journey. ※ Key Features: 😺 100 Hidden Cats: Discover 100 hidden cats scattered throughout the artwork. 💡 Unlimited Hints: Stuck? Use unlimited hints to find the hidden cats and keep progressing. 🎵 Custom Music: Enjoy unique background music for the artwork, enhancing","{""text_match"": 0.057795964, ""cosine_similarity"": 0.55842227, ""reranker_score"": -4.7002}"
2026-02-10T19:45:00+00:00,CORTEX_DB.RAW.CAT_GAMES_SVC_1_5,default,hidden cats + time manipulation: you rewind time / a timeline slider to find cats across different eras,hidden cats + time manipulation: you rewind time / a timeline slider to find cats across different eras,[],,False,,,,keyword_extreme,0.75,10,100,0,1025,1025,,01c25360-0005-0843-0001-397a0006d3ea,,31,31,,5e-06,5e-06,,5e-06,,,,,[],[],[],[],[],[],,,,,,,True,False,[],[],,,,[],[],,,,4,Hidden Cats - Zoo,0.78059718,2024,English;French;German;Italian;Japanese;Korean;Portuguese - Portugal;Russian;Simplified Chinese;Spanish - Spain,Family Sharing;Single-player;Steam Achievements,Adventure;Casual,2D;Adventure;Cartoon;Cartoony;Casual;Cats;Colorful;Cozy;Creature Collector;Cute;Family Friendly;Funny;Hand-drawn;Hidden Object;Point & Click;Puzzle;Relaxing;Singleplayer;Stylized;Wholesome,"Dive into the enchanting world of 'Hidden Cats - Zoo' a hidden object game where your mission is to uncover every cat hidden within stunning hand-painted artwork. Let your keen eye and curiosity guide you through this captivating journey. ※ Key Features: 😺 100 Hidden Cats: Discover 100 hidden cats scattered throughout the artwork. 💡 Unlimited Hints: Stuck? Use unlimited hints to find the hidden cats and keep progressing. 🎵 Custom Music: Enjoy unique background music for the artwork, enhancing yo","{""text_match"": 0.057795964, ""cosine_similarity"": 0.56119436, ""reranker_score"": -4.77793}"
2026-02-10T19:45:00+00:00,CORTEX_DB.RAW.CAT_GAMES_SVC_1_5,default,hidden cats + time manipulation: you rewind time / a timeline slider to find cats across different eras,hidden cats + time manipulation: you rewind time / a timeline slider to find cats across different eras,[],,False,,,,keyword_extreme,0.75,10,100,0,1025,1025,,01c25360-0005-0843-0001-397a0006d3ea,,31,31,,5e-06,5e-06,,5e-06,,,,,[],[],[],[],[],[],,,,,,,True,False,[],[],,,,[],[],,,,5,Hidden Cats - Easter,0.7721994,2025,English;French;German;Italian;Japanese;Korean;Portuguese - Portugal;Russian;Simplified Chinese;Spanish - Spain,Family Sharing;Single-player;Steam Achievements,Casual,2D;Cartoon;Cartoony;Casual;Cats;Colorful;Creature Collector;Cute;Family Friendly;Funny;Hand-drawn;Hidden Object;Point & Click;Puzzle;Relaxing;Singleplayer;Stylized;Wholesome,"Dive into the enchanting world of 'Hidden Cats - Easter' a hidden object game where your mission is to uncover every cat hidden within stunning hand-painted artwork. Let your keen eye and curiosity guide you through this captivating journey. ※ Key Features: 😺 100 Hidden Cats: Discover 100 hidden cats scattered throughout the artwork. 💡 Unlimited Hints: Stuck? Use unlimited hints to find the hidden cats and keep progressing. 🎵 Custom Music: Enjoy unique background music for the artwork, enhancing","{""text_match"": 0.057795964, ""cosine_similarity"": 0.5443988, ""reranker_score"": -4.7023044}"
2026-02-10T19:45:00+00:00,CORTEX_DB.RAW.CAT_GAMES_SVC_1_5,default,hidden cats + time manipulation: you rewind time / a timeline slider to find cats across different eras,hidden cats + time manipulation: you rewind time / a timeline slider to find cats across different eras,[],,False,,,,keyword_extreme,0.75,10,100,0,1025,1025,,01c25360-0005-0843-0001-397a0006d3ea,,31,31,,5e-06,5e-06,,5e-06,,,,,[],[],[],[],[],[],,,,,,,True,False,[],[],,,,[],[],,,,6,Hidden Cats: Magic Forest,0.767878175,2023,English;French;German;Italian;Japanese;Korean;Portuguese - Portugal;Simplified Chinese;Spanish - Spain;Turkish,Family Sharing;Full controller support;Single-player;Steam Achievements,Casual;Indie,3D;Atmospheric;Casual;Cats;Colorful;Creature Collector;Cute;Exploration;Family Friendly;Hidden Object;Indie;Isometric;Minimalist;Nature;Point & Click;Puzzle;Relaxing;Singleplayer;Tutorial;Wholesome,"Hidden Cats: Magic Forest is a hidden object game where you'll search for hidden cats while exploring the mysteries of the magical forest. Find cats in black, white, and orange colors. Lift old trees and plant saplings in their place to create new trees. Discover the Hidden Egyptian Cat God. Learn interesting facts about cats. Touch the magical texture of the forest and interact with other surprise objects to earn all the achievements. If you enjoy games like 'A Building Full of Cats' and 'Hidde","{""text_match"": 0.07765368, ""cosine_similarity"": 0.53575635, ""reranker_score"": -4.8198256}"
2026-02-10T19:45:00+00:00,CORTEX_DB.RAW.CAT_GAMES_SVC_1_5,default,hidden cats + time manipulation: you rewind time / a timeline slider to find cats across different eras,hidden cats + time manipulation: you rewind time / a timeline slider to find cats across different eras,[],,False,,,,keyword_extreme,0.75,10,100,0,1025,1025,,01c25360-0005-0843-0001-397a0006d3ea,,31,31,,5e-06,5e-06,,5e-06,,,,,[],[],[],[],[],[],,,,,,,True,False,[],[],,,,[],[],,,,7,Cats Hidden in Germany,0.7594803999999999,2024,Arabic;English;French;German;Indonesian;Italian;Japanese;Korean;Polish;Portuguese - Brazil;Portuguese - Portugal;Russian;Simplified Chinese;Spanish - Latin America;Spanish - Spain;Thai;Traditional Chinese;Turkish;Ukrainian,Color Alternatives;Custom Volume Controls;Family Sharing;Full controller support;Mouse Only Option;Playable without Timed Input;Save Anytime;Single-player;Steam Achievements;Steam Cloud;Steam Trading Cards;Touch Only Option,Casual;Indie,Cartoony;Casual;Cats;Collectathon;Controller;Cozy;Creature Collector;Cute;Exploration;Hand-drawn;Hidden Object;Indie;Minimalist;Point & Click;Puzzle;Relaxing;Score Attack;Singleplayer;Time Attack;Wholesome,"Cats Hidden in Germany is a cute hidden object game set in medieval Germany. 100 cats are waiting for you to be discovered within a hand-drawn background. Relax thanks to the chill soundtrack Found a cat? Click on it! Features 🐾 1 Level, 100 cats ❔ Easter Eggs 💡 Hint System ⏰ Timer mode with leaderboard ⚙️ In-game Settings","{""text_match"": 0.0011796332, ""cosine_similarity"": 0.5189608, ""reranker_score"": -5.352621}"
2026-02-10T19:45:00+00:00,CORTEX_DB.RAW.CAT_GAMES_SVC_1_5,default,hidden cats + time manipulation: you rewind time / a timeline slider to find cats across different eras,hidden cats + time manipulation: you rewind time / a timeline slider to find cats across different eras,[],,False,,,,keyword_extreme,0.75,10,100,0,1025,1025,,01c25360-0005-0843-0001-397a0006d3ea,,31,31,,5e-06,5e-06,,5e-06,,,,,[],[],[],[],[],[],,,,,,,True,False,[],[],,,,[],[],,,,8,Hidden Cats: Rome,0.7620079,2025,Czech;English;Japanese;Russian,Family Sharing;Single-player;Steam Achievements;Steam Cloud,Casual;Indie,2D;Casual;Cats;Cute;Family Friendly;Hand-drawn;Hidden Object;Indie;Point & Click;Puzzle;Singleplayer,Explore the amazing hand-drawn ancient rome world and find cleverly hidden cute cats. Nice background music will provide complete relaxation) Suitable for the whole family) Game Features: 100 hidden cats There is a hint The map is colorable 2.5D effect Customize brightness Saving progress Scaling Relaxing music,"{""text_match"": 0.053332493, ""cosine_similarity"": 0.5240158, ""reranker_score"": -5.8139954}"
2026-02-10T19:45:00+00:00,CORTEX_DB.RAW.CAT_GAMES_SVC_1_5,default,hidden cats + time manipulation: you rewind time / a timeline slider to find cats across different eras,hidden cats + time manipulation: you rewind time / a timeline slider to find cats across different eras,[],,False,,,,keyword_extreme,0.75,10,100,0,1025,1025,,01c25360-0005-0843-0001-397a0006d3ea,,31,31,,5e-06,5e-06,,5e-06,,,,,[],[],[],[],[],[],,,,,,,True,False,[],[],,,,[],[],,,,9,Timelie,0.76037723,2020,English;French;German;Italian;Japanese;Korean;Portuguese - Brazil;Russian;Simplified Chinese;Spanish - Spain;Thai;Traditional Chinese;Turkish,Family Sharing;Full controller support;Single-player;Steam Achievements;Steam Cloud;Steam Trading Cards,Adventure;Indie;Strategy,3D;Adventure;Anime;Atmospheric;Cats;Cute;Difficult;Female Protagonist;Indie;Isometric;Point & Click;Puzzle;Puzzle-Platformer;Relaxing;Sci-fi;Singleplayer;Stealth;Tactical;Third Person;Time Manipulation,"Every second matters in Timelie, a stealth puzzle adventure, where you control time like a media player. Perceive future events to plan your escape strategy from the past, sneak an enemy, and manipulate time through this companionship journey of a mysterious cat and a little girl with a precognitive power. The Timeline ability gives players the power to control time just like a media player. Drag the Timeline left to rewind time and undo your past mistakes. Drag it right to watch your future unf","{""text_match"": 0.06028719, ""cosine_similarity"": 0.52075446, ""reranker_score"": -5.879028}"
2026-02-10T19:45:00+00:00,CORTEX_DB.RAW.CAT_GAMES_SVC_1_5,default,hidden cats + time manipulation: you rewind time / a timeline slider to find cats across different eras,hidden cats + time manipulation: you rewind time / a timeline slider to find cats across different eras,[],,False,,,,keyword_extreme,0.75,10,100,0,1025,1025,,01c25360-0005-0843-0001-397a0006d3ea,,31,31,,5e-06,5e-06,,5e-06,,,,,[],[],[],[],[],[],,,,,,,True,False,[],[],,,,[],[],,,,10,时间之神的猫,0.7692642199999999,2021,English;Simplified Chinese,Family Sharing;Single-player,Casual;Indie;Strategy,2D;Cartoon;Casual;Cats;Colorful;Cute;Difficult;Fantasy;Indie;Logic;Pixel Graphics;Puzzle;Singleplayer;Strategy;Time Management;Time Manipulation;Time Travel,"A holy cat came to the mortal world to eat fish. It has no frontal combat capability, nor can it sneak in stealth. But it has its own unique skill-time travel. When the mortal guards followed the timeline to track the cat's figure, they had fallen into a trap. By rationally planning when to appear, the cat will play around with the guard. After eating countless fish, the cat discovered that the most powerful force is not time travel, but wisdom. Cat just want to eat fish There is no complicated ","{""text_match"": 0.029840453, ""cosine_similarity"": 0.53852844, ""reranker_score"": -6.2866282}"
2026-02-10T19:45:02+00:00,CORTEX_DB.RAW.CAT_GAMES_SVC_1_5,default,hidden cats + time manipulation: you rewind time / a timeline slider to find cats across different eras,hidden cats + time manipulation: you rewind time / a timeline slider to find cats across different eras,[],,False,,,,no_reranker_balanced,0.3,10,100,0,921,921,,01c25361-0005-0843-0001-397a0006d3f2,,35,35,,5e-06,5e-06,,5e-06,,,,,[],[],[],[],[],[],,,,,,,True,False,[],[],,,,[],[],,,,1,Cats Hidden Timeline,0.8393818,2024,Arabic;Czech;Danish;English;Finnish;French;German;Hungarian;Indonesian;Italian;Japanese;Korean;Norwegian;Polish;Portuguese - Brazil;Romanian;Russian;Simplified Chinese;Spanish - Spain;Swedish;Thai;Traditional Chinese;Turkish;Ukrainian;Vietnamese,Family Sharing;Single-player;Steam Achievements,Casual;Indie,3D;Atmospheric;Casual;Hidden Object;Indie;Puzzle;Singleplayer;Time Manipulation,"Cats Hidden Timeline has 200 cats hidden in various places in the town, forest, farm, amusement park, and house. Use the seek bar to move forward or backward in time to find the cats hiding in the grass, under chairs, in boxes, and more. 🎮 10 levels 😻 200 hidden cats 🏆 10 Achievements","{""text_match"": 0.063739456, ""cosine_similarity"": 0.6787636}"
2026-02-10T19:45:02+00:00,CORTEX_DB.RAW.CAT_GAMES_SVC_1_5,default,hidden cats + time manipulation: you rewind time / a timeline slider to find cats across different eras,hidden cats + time manipulation: you rewind time / a timeline slider to find cats across different eras,[],,False,,,,no_reranker_balanced,0.3,10,100,0,921,921,,01c25361-0005-0843-0001-397a0006d3f2,,35,35,,5e-06,5e-06,,5e-06,,,,,[],[],[],[],[],[],,,,,,,True,False,[],[],,,,[],[],,,,2,Cats in Time,0.80668745,2021,Arabic;Bosnian;Croatian;English;French;German;Italian;Japanese;Korean;Portuguese - Portugal;Russian;Serbian;Simplified Chinese;Spanish - Spain;Traditional Chinese,Family Sharing;Full controller support;Remote Play on Phone;Remote Play on Tablet;Single-player;Steam Achievements;Steam Cloud;Steam Trading Cards,Adventure;Casual;Indie,3D;Adventure;Cartoony;Casual;Cats;Collectathon;Cute;Family Friendly;Hidden Object;Indie;Multiplayer;Point & Click;Puzzle;Relaxing;Singleplayer;Time Travel,"Hello explorers! My name is Professor Tim Edger, and I'm the inventor of the time machine and an avid cat lover! Sadly, I have a problem, and maybe YOU can help me. You see, my beloved cats are missing. While playing in the lab, they've activated my time machine and ⚡ ZAP ⚡, now they are lost in space and time! You have to travel from ancient Egypt, all the way to the streets of late 20. century New York, and even beyond the present - to future Tokyo. Your goal is to find all the cats! Please be","{""text_match"": 0.00041786896, ""cosine_similarity"": 0.6133749}"
2026-02-10T19:45:02+00:00,CORTEX_DB.RAW.CAT_GAMES_SVC_1_5,default,hidden cats + time manipulation: you rewind time / a timeline slider to find cats across different eras,hidden cats + time manipulation: you rewind time / a timeline slider to find cats across different eras,[],,False,,,,no_reranker_balanced,0.3,10,100,0,921,921,,01c25361-0005-0843-0001-397a0006d3f2,,35,35,,5e-06,5e-06,,5e-06,,,,,[],[],[],[],[],[],,,,,,,True,False,[],[],,,,[],[],,,,3,Hidden Cats - Zoo,0.78059718,2024,English;French;German;Italian;Japanese;Korean;Portuguese - Portugal;Russian;Simplified Chinese;Spanish - Spain,Family Sharing;Single-player;Steam Achievements,Adventure;Casual,2D;Adventure;Cartoon;Cartoony;Casual;Cats;Colorful;Cozy;Creature Collector;Cute;Family Friendly;Funny;Hand-drawn;Hidden Object;Point & Click;Puzzle;Relaxing;Singleplayer;Stylized;Wholesome,"Dive into the enchanting world of 'Hidden Cats - Zoo' a hidden object game where your mission is to uncover every cat hidden within stunning hand-painted artwork. Let your keen eye and curiosity guide you through this captivating journey. ※ Key Features: 😺 100 Hidden Cats: Discover 100 hidden cats scattered throughout the artwork. 💡 Unlimited Hints: Stuck? Use unlimited hints to find the hidden cats and keep progressing. 🎵 Custom Music: Enjoy unique background music for the artwork, enhancing yo","{""text_match"": 0.057795964, ""cosine_similarity"": 0.56119436}"
2026-02-10T19:45:02+00:00,CORTEX_DB.RAW.CAT_GAMES_SVC_1_5,default,hidden cats + time manipulation: you rewind time / a timeline slider to find cats across different eras,hidden cats + time manipulation: you rewind time / a timeline slider to find cats across different eras,[],,False,,,,no_reranker_balanced,0.3,10,100,0,921,921,,01c25361-0005-0843-0001-397a0006d3f2,,35,35,,5e-06,5e-06,,5e-06,,,,,[],[],[],[],[],[],,,,,,,True,False,[],[],,,,[],[],,,,4,Hidden Cats - Winter,0.7792111349999999,2024,English;French;German;Italian;Japanese;Korean;Portuguese - Portugal;Russian;Simplified Chinese;Spanish - Spain,Family Sharing;Single-player;Steam Achievements,Adventure;Casual,2D;Adventure;Cartoon;Cartoony;Casual;Cats;Colorful;Cozy;Creature Collector;Cute;Family Friendly;Funny;Hand-drawn;Hidden Object;Point & Click;Puzzle;Relaxing;Singleplayer;Stylized;Wholesome,"Dive into the enchanting world of 'Hidden Cats - Winter' a hidden object game where your mission is to uncover every cat hidden within stunning hand-painted artwork. Let your keen eye and curiosity guide you through this captivating journey. ※ Key Features: 😺 100 Hidden Cats: Discover 100 hidden cats scattered throughout the artwork. 💡 Unlimited Hints: Stuck? Use unlimited hints to find the hidden cats and keep progressing. 🎵 Custom Music: Enjoy unique background music for the artwork, enhancing","{""text_match"": 0.057795964, ""cosine_similarity"": 0.55842227}"
2026-02-10T19:45:02+00:00,CORTEX_DB.RAW.CAT_GAMES_SVC_1_5,default,hidden cats + time manipulation: you rewind time / a timeline slider to find cats across different eras,hidden cats + time manipulation: you rewind time / a timeline slider to find cats across different eras,[],,False,,,,no_reranker_balanced,0.3,10,100,0,921,921,,01c25361-0005-0843-0001-397a0006d3f2,,35,35,,5e-06,5e-06,,5e-06,,,,,[],[],[],[],[],[],,,,,,,True,False,[],[],,,,[],[],,,,5,Hidden Cats - Easter,0.7721994,2025,English;French;German;Italian;Japanese;Korean;Portuguese - Portugal;Russian;Simplified Chinese;Spanish - Spain,Family Sharing;Single-player;Steam Achievements,Casual,2D;Cartoon;Cartoony;Casual;Cats;Colorful;Creature Collector;Cute;Family Friendly;Funny;Hand-drawn;Hidden Object;Point & Click;Puzzle;Relaxing;Singleplayer;Stylized;Wholesome,"Dive into the enchanting world of 'Hidden Cats - Easter' a hidden object game where your mission is to uncover every cat hidden within stunning hand-painted artwork. Let your keen eye and curiosity guide you through this captivating journey. ※ Key Features: 😺 100 Hidden Cats: Discover 100 hidden cats scattered throughout the artwork. 💡 Unlimited Hints: Stuck? Use unlimited hints to find the hidden cats and keep progressing. 🎵 Custom Music: Enjoy unique background music for the artwork, enhancing","{""text_match"": 0.057795964, ""cosine_similarity"": 0.5443988}"
2026-02-10T19:45:02+00:00,CORTEX_DB.RAW.CAT_GAMES_SVC_1_5,default,hidden cats + time manipulation: you rewind time / a timeline slider to find cats across different eras,hidden cats + time manipulation: you rewind time / a timeline slider to find cats across different eras,[],,False,,,,no_reranker_balanced,0.3,10,100,0,921,921,,01c25361-0005-0843-0001-397a0006d3f2,,35,35,,5e-06,5e-06,,5e-06,,,,,[],[],[],[],[],[],,,,,,,True,False,[],[],,,,[],[],,,,6,Hidden Cats: Magic Forest,0.767878175,2023,English;French;German;Italian;Japanese;Korean;Portuguese - Portugal;Simplified Chinese;Spanish - Spain;Turkish,Family Sharing;Full controller support;Single-player;Steam Achievements,Casual;Indie,3D;Atmospheric;Casual;Cats;Colorful;Creature Collector;Cute;Exploration;Family Friendly;Hidden Object;Indie;Isometric;Minimalist;Nature;Point & Click;Puzzle;Relaxing;Singleplayer;Tutorial;Wholesome,"Hidden Cats: Magic Forest is a hidden object game where you'll search for hidden cats while exploring the mysteries of the magical forest. Find cats in black, white, and orange colors. Lift old trees and plant saplings in their place to create new trees. Discover the Hidden Egyptian Cat God. Learn interesting facts about cats. Touch the magical texture of the forest and interact with other surprise objects to earn all the achievements. If you enjoy games like 'A Building Full of Cats' and 'Hidde","{""text_match"": 0.07765368, ""cosine_similarity"": 0.53575635}"
2026-02-10T19:45:02+00:00,CORTEX_DB.RAW.CAT_GAMES_SVC_1_5,default,hidden cats + time manipulation: you rewind time / a timeline slider to find cats across different eras,hidden cats + time manipulation: you rewind time / a timeline slider to find cats across different eras,[],,False,,,,no_reranker_balanced,0.3,10,100,0,921,921,,01c25361-0005-0843-0001-397a0006d3f2,,35,35,,5e-06,5e-06,,5e-06,,,,,[],[],[],[],[],[],,,,,,,True,False,[],[],,,,[],[],,,,7,时间之神的猫,0.7692642199999999,2021,English;Simplified Chinese,Family Sharing;Single-player,Casual;Indie;Strategy,2D;Cartoon;Casual;Cats;Colorful;Cute;Difficult;Fantasy;Indie;Logic;Pixel Graphics;Puzzle;Singleplayer;Strategy;Time Management;Time Manipulation;Time Travel,"A holy cat came to the mortal world to eat fish. It has no frontal combat capability, nor can it sneak in stealth. But it has its own unique skill-time travel. When the mortal guards followed the timeline to track the cat's figure, they had fallen into a trap. By rationally planning when to appear, the cat will play around with the guard. After eating countless fish, the cat discovered that the most powerful force is not time travel, but wisdom. Cat just want to eat fish There is no complicated ","{""text_match"": 0.029840453, ""cosine_similarity"": 0.53852844}"
2026-02-10T19:45:02+00:00,CORTEX_DB.RAW.CAT_GAMES_SVC_1_5,default,hidden cats + time manipulation: you rewind time / a timeline slider to find cats across different eras,hidden cats + time manipulation: you rewind time / a timeline slider to find cats across different eras,[],,False,,,,no_reranker_balanced,0.3,10,100,0,921,921,,01c25361-0005-0843-0001-397a0006d3f2,,35,35,,5e-06,5e-06,,5e-06,,,,,[],[],[],[],[],[],,,,,,,True,False,[],[],,,,[],[],,,,8,Hidden Cats: Rome,0.7620079,2025,Czech;English;Japanese;Russian,Family Sharing;Single-player;Steam Achievements;Steam Cloud,Casual;Indie,2D;Casual;Cats;Cute;Family Friendly;Hand-drawn;Hidden Object;Indie;Point & Click;Puzzle;Singleplayer,Explore the amazing hand-drawn ancient rome world and find cleverly hidden cute cats. Nice background music will provide complete relaxation) Suitable for the whole family) Game Features: 100 hidden cats There is a hint The map is colorable 2.5D effect Customize brightness Saving progress Scaling Relaxing music,"{""text_match"": 0.053332493, ""cosine_similarity"": 0.5240158}"
2026-02-10T19:45:02+00:00,CORTEX_DB.RAW.CAT_GAMES_SVC_1_5,default,hidden cats + time manipulation: you rewind time / a timeline slider to find cats across different eras,hidden cats + time manipulation: you rewind time / a timeline slider to find cats across different eras,[],,False,,,,no_reranker_balanced,0.3,10,100,0,921,921,,01c25361-0005-0843-0001-397a0006d3f2,,35,35,,5e-06,5e-06,,5e-06,,,,,[],[],[],[],[],[],,,,,,,True,False,[],[],,,,[],[],,,,9,Timelie,0.76037723,2020,English;French;German;Italian;Japanese;Korean;Portuguese - Brazil;Russian;Simplified Chinese;Spanish - Spain;Thai;Traditional Chinese;Turkish,Family Sharing;Full controller support;Single-player;Steam Achievements;Steam Cloud;Steam Trading Cards,Adventure;Indie;Strategy,3D;Adventure;Anime;Atmospheric;Cats;Cute;Difficult;Female Protagonist;Indie;Isometric;Point & Click;Puzzle;Puzzle-Platformer;Relaxing;Sci-fi;Singleplayer;Stealth;Tactical;Third Person;Time Manipulation,"Every second matters in Timelie, a stealth puzzle adventure, where you control time like a media player. Perceive future events to plan your escape strategy from the past, sneak an enemy, and manipulate time through this companionship journey of a mysterious cat and a little girl with a precognitive power. The Timeline ability gives players the power to control time just like a media player. Drag the Timeline left to rewind time and undo your past mistakes. Drag it right to watch your future unf","{""text_match"": 0.06028719, ""cosine_similarity"": 0.52075446}"
2026-02-10T19:45:02+00:00,CORTEX_DB.RAW.CAT_GAMES_SVC_1_5,default,hidden cats + time manipulation: you rewind time / a timeline slider to find cats across different eras,hidden cats + time manipulation: you rewind time / a timeline slider to find cats across different eras,[],,False,,,,no_reranker_balanced,0.3,10,100,0,921,921,,01c25361-0005-0843-0001-397a0006d3f2,,35,35,,5e-06,5e-06,,5e-06,,,,,[],[],[],[],[],[],,,,,,,True,False,[],[],,,,[],[],,,,10,A Tower Full of Cats,0.7660029500000001,2024,English;French;German;Italian;Japanese;Korean;Polish;Portuguese - Brazil;Russian;Simplified Chinese;Spanish - Latin America;Spanish - Spain;Turkish;Ukrainian,Family Sharing;Single-player;Steam Achievements;Steam Trading Cards,Adventure;Casual,Adventure;Alternate History;Casual;Cats;Collectathon;Colorful;Cozy;Creature Collector;Cute;Family Friendly;Hand-drawn;Hidden Object;Historical;Minimalist;Point & Click;Puzzle;Relaxing;Story Rich;Time Travel;Wholesome,A Tower Full of Cats is a hidden object game where you need to gather cats through the whole history of catkind... and beyond! Climb the tower of time in this vertical adventure. 1400+ cats Extra stuff to find Adaptive Soundtrack,"{""text_match"": 0.011416285, ""cosine_similarity"": 0.5320059}"
2026-02-10T19:45:03+00:00,CORTEX_DB.RAW.CAT_GAMES_SVC_1_5,default,hidden cats + time manipulation: you rewind time / a timeline slider to find cats across different eras,hidden cats + time manipulation: you rewind time / a timeline slider to find cats across different eras,[],,False,,,,no_reranker_balanced,0.65,10,100,0,920,920,,01c25361-0005-0843-0001-397a0006d3f6,,34,34,,5e-06,5e-06,,5e-06,,,,,[],[],[],[],[],[],,,,,,,True,False,[],[],,,,[],[],,,,1,Cats Hidden Timeline,0.8393818,2024,Arabic;Czech;Danish;English;Finnish;French;German;Hungarian;Indonesian;Italian;Japanese;Korean;Norwegian;Polish;Portuguese - Brazil;Romanian;Russian;Simplified Chinese;Spanish - Spain;Swedish;Thai;Traditional Chinese;Turkish;Ukrainian;Vietnamese,Family Sharing;Single-player;Steam Achievements,Casual;Indie,3D;Atmospheric;Casual;Hidden Object;Indie;Puzzle;Singleplayer;Time Manipulation,"Cats Hidden Timeline has 200 cats hidden in various places in the town, forest, farm, amusement park, and house. Use the seek bar to move forward or backward in time to find the cats hiding in the grass, under chairs, in boxes, and more. 🎮 10 levels 😻 200 hidden cats 🏆 10 Achievements","{""text_match"": 0.063739456, ""cosine_similarity"": 0.6787636}"
2026-02-10T19:45:03+00:00,CORTEX_DB.RAW.CAT_GAMES_SVC_1_5,default,hidden cats + time manipulation: you rewind time / a timeline slider to find cats across different eras,hidden cats + time manipulation: you rewind time / a timeline slider to find cats across different eras,[],,False,,,,no_reranker_balanced,0.65,10,100,0,920,920,,01c25361-0005-0843-0001-397a0006d3f6,,34,34,,5e-06,5e-06,,5e-06,,,,,[],[],[],[],[],[],,,,,,,True,False,[],[],,,,[],[],,,,2,Cats in Time,0.80668745,2021,Arabic;Bosnian;Croatian;English;French;German;Italian;Japanese;Korean;Portuguese - Portugal;Russian;Serbian;Simplified Chinese;Spanish - Spain;Traditional Chinese,Family Sharing;Full controller support;Remote Play on Phone;Remote Play on Tablet;Single-player;Steam Achievements;Steam Cloud;Steam Trading Cards,Adventure;Casual;Indie,3D;Adventure;Cartoony;Casual;Cats;Collectathon;Cute;Family Friendly;Hidden Object;Indie;Multiplayer;Point & Click;Puzzle;Relaxing;Singleplayer;Time Travel,"Hello explorers! My name is Professor Tim Edger, and I'm the inventor of the time machine and an avid cat lover! Sadly, I have a problem, and maybe YOU can help me. You see, my beloved cats are missing. While playing in the lab, they've activated my time machine and ⚡ ZAP ⚡, now they are lost in space and time! You have to travel from ancient Egypt, all the way to the streets of late 20. century New York, and even beyond the present - to future Tokyo. Your goal is to find all the cats! Please be","{""text_match"": 0.00041786896, ""cosine_similarity"": 0.6133749}"
2026-02-10T19:45:03+00:00,CORTEX_DB.RAW.CAT_GAMES_SVC_1_5,default,hidden cats + time manipulation: you rewind time / a timeline slider to find cats across different eras,hidden cats + time manipulation: you rewind time / a timeline slider to find cats across different eras,[],,False,,,,no_reranker_balanced,0.65,10,100,0,920,920,,01c25361-0005-0843-0001-397a0006d3f6,,34,34,,5e-06,5e-06,,5e-06,,,,,[],[],[],[],[],[],,,,,,,True,False,[],[],,,,[],[],,,,3,Hidden Cats - Zoo,0.78059718,2024,English;French;German;Italian;Japanese;Korean;Portuguese - Portugal;Russian;Simplified Chinese;Spanish - Spain,Family Sharing;Single-player;Steam Achievements,Adventure;Casual,2D;Adventure;Cartoon;Cartoony;Casual;Cats;Colorful;Cozy;Creature Collector;Cute;Family Friendly;Funny;Hand-drawn;Hidden Object;Point & Click;Puzzle;Relaxing;Singleplayer;Stylized;Wholesome,"Dive into the enchanting world of 'Hidden Cats - Zoo' a hidden object game where your mission is to uncover every cat hidden within stunning hand-painted artwork. Let your keen eye and curiosity guide you through this captivating journey. ※ Key Features: 😺 100 Hidden Cats: Discover 100 hidden cats scattered throughout the artwork. 💡 Unlimited Hints: Stuck? Use unlimited hints to find the hidden cats and keep progressing. 🎵 Custom Music: Enjoy unique background music for the artwork, enhancing yo","{""text_match"": 0.057795964, ""cosine_similarity"": 0.56119436}"
2026-02-10T19:45:03+00:00,CORTEX_DB.RAW.CAT_GAMES_SVC_1_5,default,hidden cats + time manipulation: you rewind time / a timeline slider to find cats across different eras,hidden cats + time manipulation: you rewind time / a timeline slider to find cats across different eras,[],,False,,,,no_reranker_balanced,0.65,10,100,0,920,920,,01c25361-0005-0843-0001-397a0006d3f6,,34,34,,5e-06,5e-06,,5e-06,,,,,[],[],[],[],[],[],,,,,,,True,False,[],[],,,,[],[],,,,4,Hidden Cats - Winter,0.7792111349999999,2024,English;French;German;Italian;Japanese;Korean;Portuguese - Portugal;Russian;Simplified Chinese;Spanish - Spain,Family Sharing;Single-player;Steam Achievements,Adventure;Casual,2D;Adventure;Cartoon;Cartoony;Casual;Cats;Colorful;Cozy;Creature Collector;Cute;Family Friendly;Funny;Hand-drawn;Hidden Object;Point & Click;Puzzle;Relaxing;Singleplayer;Stylized;Wholesome,"Dive into the enchanting world of 'Hidden Cats - Winter' a hidden object game where your mission is to uncover every cat hidden within stunning hand-painted artwork. Let your keen eye and curiosity guide you through this captivating journey. ※ Key Features: 😺 100 Hidden Cats: Discover 100 hidden cats scattered throughout the artwork. 💡 Unlimited Hints: Stuck? Use unlimited hints to find the hidden cats and keep progressing. 🎵 Custom Music: Enjoy unique background music for the artwork, enhancing","{""text_match"": 0.057795964, ""cosine_similarity"": 0.55842227}"
2026-02-10T19:45:03+00:00,CORTEX_DB.RAW.CAT_GAMES_SVC_1_5,default,hidden cats + time manipulation: you rewind time / a timeline slider to find cats across different eras,hidden cats + time manipulation: you rewind time / a timeline slider to find cats across different eras,[],,False,,,,no_reranker_balanced,0.65,10,100,0,920,920,,01c25361-0005-0843-0001-397a0006d3f6,,34,34,,5e-06,5e-06,,5e-06,,,,,[],[],[],[],[],[],,,,,,,True,False,[],[],,,,[],[],,,,5,Hidden Cats - Easter,0.7721994,2025,English;French;German;Italian;Japanese;Korean;Portuguese - Portugal;Russian;Simplified Chinese;Spanish - Spain,Family Sharing;Single-player;Steam Achievements,Casual,2D;Cartoon;Cartoony;Casual;Cats;Colorful;Creature Collector;Cute;Family Friendly;Funny;Hand-drawn;Hidden Object;Point & Click;Puzzle;Relaxing;Singleplayer;Stylized;Wholesome,"Dive into the enchanting world of 'Hidden Cats - Easter' a hidden object game where your mission is to uncover every cat hidden within stunning hand-painted artwork. Let your keen eye and curiosity guide you through this captivating journey. ※ Key Features: 😺 100 Hidden Cats: Discover 100 hidden cats scattered throughout the artwork. 💡 Unlimited Hints: Stuck? Use unlimited hints to find the hidden cats and keep progressing. 🎵 Custom Music: Enjoy unique background music for the artwork, enhancing","{""text_match"": 0.057795964, ""cosine_similarity"": 0.5443988}"
2026-02-10T19:45:03+00:00,CORTEX_DB.RAW.CAT_GAMES_SVC_1_5,default,hidden cats + time manipulation: you rewind time / a timeline slider to find cats across different eras,hidden cats + time manipulation: you rewind time / a timeline slider to find cats across different eras,[],,False,,,,no_reranker_balanced,0.65,10,100,0,920,920,,01c25361-0005-0843-0001-397a0006d3f6,,34,34,,5e-06,5e-06,,5e-06,,,,,[],[],[],[],[],[],,,,,,,True,False,[],[],,,,[],[],,,,6,Hidden Cats: Magic Forest,0.767878175,2023,English;French;German;Italian;Japanese;Korean;Portuguese - Portugal;Simplified Chinese;Spanish - Spain;Turkish,Family Sharing;Full controller support;Single-player;Steam Achievements,Casual;Indie,3D;Atmospheric;Casual;Cats;Colorful;Creature Collector;Cute;Exploration;Family Friendly;Hidden Object;Indie;Isometric;Minimalist;Nature;Point & Click;Puzzle;Relaxing;Singleplayer;Tutorial;Wholesome,"Hidden Cats: Magic Forest is a hidden object game where you'll search for hidden cats while exploring the mysteries of the magical forest. Find cats in black, white, and orange colors. Lift old trees and plant saplings in their place to create new trees. Discover the Hidden Egyptian Cat God. Learn interesting facts about cats. Touch the magical texture of the forest and interact with other surprise objects to earn all the achievements. If you enjoy games like 'A Building Full of Cats' and 'Hidde","{""text_match"": 0.07765368, ""cosine_similarity"": 0.53575635}"
2026-02-10T19:45:03+00:00,CORTEX_DB.RAW.CAT_GAMES_SVC_1_5,default,hidden cats + time manipulation: you rewind time / a timeline slider to find cats across different eras,hidden cats + time manipulation: you rewind time / a timeline slider to find cats across different eras,[],,False,,,,no_reranker_balanced,0.65,10,100,0,920,920,,01c25361-0005-0843-0001-397a0006d3f6,,34,34,,5e-06,5e-06,,5e-06,,,,,[],[],[],[],[],[],,,,,,,True,False,[],[],,,,[],[],,,,7,时间之神的猫,0.7692642199999999,2021,English;Simplified Chinese,Family Sharing;Single-player,Casual;Indie;Strategy,2D;Cartoon;Casual;Cats;Colorful;Cute;Difficult;Fantasy;Indie;Logic;Pixel Graphics;Puzzle;Singleplayer;Strategy;Time Management;Time Manipulation;Time Travel,"A holy cat came to the mortal world to eat fish. It has no frontal combat capability, nor can it sneak in stealth. But it has its own unique skill-time travel. When the mortal guards followed the timeline to track the cat's figure, they had fallen into a trap. By rationally planning when to appear, the cat will play around with the guard. After eating countless fish, the cat discovered that the most powerful force is not time travel, but wisdom. Cat just want to eat fish There is no complicated ","{""text_match"": 0.029840453, ""cosine_similarity"": 0.53852844}"
2026-02-10T19:45:03+00:00,CORTEX_DB.RAW.CAT_GAMES_SVC_1_5,default,hidden cats + time manipulation: you rewind time / a timeline slider to find cats across different eras,hidden cats + time manipulation: you rewind time / a timeline slider to find cats across different eras,[],,False,,,,no_reranker_balanced,0.65,10,100,0,920,920,,01c25361-0005-0843-0001-397a0006d3f6,,34,34,,5e-06,5e-06,,5e-06,,,,,[],[],[],[],[],[],,,,,,,True,False,[],[],,,,[],[],,,,8,Hidden Cats: Rome,0.7620079,2025,Czech;English;Japanese;Russian,Family Sharing;Single-player;Steam Achievements;Steam Cloud,Casual;Indie,2D;Casual;Cats;Cute;Family Friendly;Hand-drawn;Hidden Object;Indie;Point & Click;Puzzle;Singleplayer,Explore the amazing hand-drawn ancient rome world and find cleverly hidden cute cats. Nice background music will provide complete relaxation) Suitable for the whole family) Game Features: 100 hidden cats There is a hint The map is colorable 2.5D effect Customize brightness Saving progress Scaling Relaxing music,"{""text_match"": 0.053332493, ""cosine_similarity"": 0.5240158}"
2026-02-10T19:45:03+00:00,CORTEX_DB.RAW.CAT_GAMES_SVC_1_5,default,hidden cats + time manipulation: you rewind time / a timeline slider to find cats across different eras,hidden cats + time manipulation: you rewind time / a timeline slider to find cats across different eras,[],,False,,,,no_reranker_balanced,0.65,10,100,0,920,920,,01c25361-0005-0843-0001-397a0006d3f6,,34,34,,5e-06,5e-06,,5e-06,,,,,[],[],[],[],[],[],,,,,,,True,False,[],[],,,,[],[],,,,9,Timelie,0.76037723,2020,English;French;German;Italian;Japanese;Korean;Portuguese - Brazil;Russian;Simplified Chinese;Spanish - Spain;Thai;Traditional Chinese;Turkish,Family Sharing;Full controller support;Single-player;Steam Achievements;Steam Cloud;Steam Trading Cards,Adventure;Indie;Strategy,3D;Adventure;Anime;Atmospheric;Cats;Cute;Difficult;Female Protagonist;Indie;Isometric;Point & Click;Puzzle;Puzzle-Platformer;Relaxing;Sci-fi;Singleplayer;Stealth;Tactical;Third Person;Time Manipulation,"Every second matters in Timelie, a stealth puzzle adventure, where you control time like a media player. Perceive future events to plan your escape strategy from the past, sneak an enemy, and manipulate time through this companionship journey of a mysterious cat and a little girl with a precognitive power. The Timeline ability gives players the power to control time just like a media player. Drag the Timeline left to rewind time and undo your past mistakes. Drag it right to watch your future unf","{""text_match"": 0.06028719, ""cosine_similarity"": 0.52075446}"
2026-02-10T19:45:03+00:00,CORTEX_DB.RAW.CAT_GAMES_SVC_1_5,default,hidden cats + time manipulation: you rewind time / a timeline slider to find cats across different eras,hidden cats + time manipulation: you rewind time / a timeline slider to find cats across different eras,[],,False,,,,no_reranker_balanced,0.65,10,100,0,920,920,,01c25361-0005-0843-0001-397a0006d3f6,,34,34,,5e-06,5e-06,,5e-06,,,,,[],[],[],[],[],[],,,,,,,True,False,[],[],,,,[],[],,,,10,A Tower Full of Cats,0.7660029500000001,2024,English;French;German;Italian;Japanese;Korean;Polish;Portuguese - Brazil;Russian;Simplified Chinese;Spanish - Latin America;Spanish - Spain;Turkish;Ukrainian,Family Sharing;Single-player;Steam Achievements;Steam Trading Cards,Adventure;Casual,Adventure;Alternate History;Casual;Cats;Collectathon;Colorful;Cozy;Creature Collector;Cute;Family Friendly;Hand-drawn;Hidden Object;Historical;Minimalist;Point & Click;Puzzle;Relaxing;Story Rich;Time Travel;Wholesome,A Tower Full of Cats is a hidden object game where you need to gather cats through the whole history of catkind... and beyond! Climb the tower of time in this vertical adventure. 1400+ cats Extra stuff to find Adaptive Soundtrack,"{""text_match"": 0.011416285, ""cosine_similarity"": 0.5320059}"
2026-02-10T19:45:04+00:00,CORTEX_DB.RAW.CAT_GAMES_SVC_1_5,default,hidden cats + time manipulation: you rewind time / a timeline slider to find cats across different eras,hidden cats + time manipulation: you rewind time / a timeline slider to find cats across different eras,[],,False,,,,no_reranker_balanced,0.75,10,100,0,922,922,,01c25361-0005-0843-0001-397a0006d3fa,,32,32,,5e-06,5e-06,,5e-06,,,,,[],[],[],[],[],[],,,,,,,True,False,[],[],,,,[],[],,,,1,Cats Hidden Timeline,0.8393818,2024,Arabic;Czech;Danish;English;Finnish;French;German;Hungarian;Indonesian;Italian;Japanese;Korean;Norwegian;Polish;Portuguese - Brazil;Romanian;Russian;Simplified Chinese;Spanish - Spain;Swedish;Thai;Traditional Chinese;Turkish;Ukrainian;Vietnamese,Family Sharing;Single-player;Steam Achievements,Casual;Indie,3D;Atmospheric;Casual;Hidden Object;Indie;Puzzle;Singleplayer;Time Manipulation,"Cats Hidden Timeline has 200 cats hidden in various places in the town, forest, farm, amusement park, and house. Use the seek bar to move forward or backward in time to find the cats hiding in the grass, under chairs, in boxes, and more. 🎮 10 levels 😻 200 hidden cats 🏆 10 Achievements","{""text_match"": 0.063739456, ""cosine_similarity"": 0.6787636}"
2026-02-10T19:45:04+00:00,CORTEX_DB.RAW.CAT_GAMES_SVC_1_5,default,hidden cats + time manipulation: you rewind time / a timeline slider to find cats across different eras,hidden cats + time manipulation: you rewind time / a timeline slider to find cats across different eras,[],,False,,,,no_reranker_balanced,0.75,10,100,0,922,922,,01c25361-0005-0843-0001-397a0006d3fa,,32,32,,5e-06,5e-06,,5e-06,,,,,[],[],[],[],[],[],,,,,,,True,False,[],[],,,,[],[],,,,2,Cats in Time,0.80668745,2021,Arabic;Bosnian;Croatian;English;French;German;Italian;Japanese;Korean;Portuguese - Portugal;Russian;Serbian;Simplified Chinese;Spanish - Spain;Traditional Chinese,Family Sharing;Full controller support;Remote Play on Phone;Remote Play on Tablet;Single-player;Steam Achievements;Steam Cloud;Steam Trading Cards,Adventure;Casual;Indie,3D;Adventure;Cartoony;Casual;Cats;Collectathon;Cute;Family Friendly;Hidden Object;Indie;Multiplayer;Point & Click;Puzzle;Relaxing;Singleplayer;Time Travel,"Hello explorers! My name is Professor Tim Edger, and I'm the inventor of the time machine and an avid cat lover! Sadly, I have a problem, and maybe YOU can help me. You see, my beloved cats are missing. While playing in the lab, they've activated my time machine and ⚡ ZAP ⚡, now they are lost in space and time! You have to travel from ancient Egypt, all the way to the streets of late 20. century New York, and even beyond the present - to future Tokyo. Your goal is to find all the cats! Please be","{""text_match"": 0.00041786896, ""cosine_similarity"": 0.6133749}"
2026-02-10T19:45:04+00:00,CORTEX_DB.RAW.CAT_GAMES_SVC_1_5,default,hidden cats + time manipulation: you rewind time / a timeline slider to find cats across different eras,hidden cats + time manipulation: you rewind time / a timeline slider to find cats across different eras,[],,False,,,,no_reranker_balanced,0.75,10,100,0,922,922,,01c25361-0005-0843-0001-397a0006d3fa,,32,32,,5e-06,5e-06,,5e-06,,,,,[],[],[],[],[],[],,,,,,,True,False,[],[],,,,[],[],,,,3,Hidden Cats - Zoo,0.78059718,2024,English;French;German;Italian;Japanese;Korean;Portuguese - Portugal;Russian;Simplified Chinese;Spanish - Spain,Family Sharing;Single-player;Steam Achievements,Adventure;Casual,2D;Adventure;Cartoon;Cartoony;Casual;Cats;Colorful;Cozy;Creature Collector;Cute;Family Friendly;Funny;Hand-drawn;Hidden Object;Point & Click;Puzzle;Relaxing;Singleplayer;Stylized;Wholesome,"Dive into the enchanting world of 'Hidden Cats - Zoo' a hidden object game where your mission is to uncover every cat hidden within stunning hand-painted artwork. Let your keen eye and curiosity guide you through this captivating journey. ※ Key Features: 😺 100 Hidden Cats: Discover 100 hidden cats scattered throughout the artwork. 💡 Unlimited Hints: Stuck? Use unlimited hints to find the hidden cats and keep progressing. 🎵 Custom Music: Enjoy unique background music for the artwork, enhancing yo","{""text_match"": 0.057795964, ""cosine_similarity"": 0.56119436}"
2026-02-10T19:45:04+00:00,CORTEX_DB.RAW.CAT_GAMES_SVC_1_5,default,hidden cats + time manipulation: you rewind time / a timeline slider to find cats across different eras,hidden cats + time manipulation: you rewind time / a timeline slider to find cats across different eras,[],,False,,,,no_reranker_balanced,0.75,10,100,0,922,922,,01c25361-0005-0843-0001-397a0006d3fa,,32,32,,5e-06,5e-06,,5e-06,,,,,[],[],[],[],[],[],,,,,,,True,False,[],[],,,,[],[],,,,4,Hidden Cats - Winter,0.7792111349999999,2024,English;French;German;Italian;Japanese;Korean;Portuguese - Portugal;Russian;Simplified Chinese;Spanish - Spain,Family Sharing;Single-player;Steam Achievements,Adventure;Casual,2D;Adventure;Cartoon;Cartoony;Casual;Cats;Colorful;Cozy;Creature Collector;Cute;Family Friendly;Funny;Hand-drawn;Hidden Object;Point & Click;Puzzle;Relaxing;Singleplayer;Stylized;Wholesome,"Dive into the enchanting world of 'Hidden Cats - Winter' a hidden object game where your mission is to uncover every cat hidden within stunning hand-painted artwork. Let your keen eye and curiosity guide you through this captivating journey. ※ Key Features: 😺 100 Hidden Cats: Discover 100 hidden cats scattered throughout the artwork. 💡 Unlimited Hints: Stuck? Use unlimited hints to find the hidden cats and keep progressing. 🎵 Custom Music: Enjoy unique background music for the artwork, enhancing","{""text_match"": 0.057795964, ""cosine_similarity"": 0.55842227}"
2026-02-10T19:45:04+00:00,CORTEX_DB.RAW.CAT_GAMES_SVC_1_5,default,hidden cats + time manipulation: you rewind time / a timeline slider to find cats across different eras,hidden cats + time manipulation: you rewind time / a timeline slider to find cats across different eras,[],,False,,,,no_reranker_balanced,0.75,10,100,0,922,922,,01c25361-0005-0843-0001-397a0006d3fa,,32,32,,5e-06,5e-06,,5e-06,,,,,[],[],[],[],[],[],,,,,,,True,False,[],[],,,,[],[],,,,5,Hidden Cats - Easter,0.7721994,2025,English;French;German;Italian;Japanese;Korean;Portuguese - Portugal;Russian;Simplified Chinese;Spanish - Spain,Family Sharing;Single-player;Steam Achievements,Casual,2D;Cartoon;Cartoony;Casual;Cats;Colorful;Creature Collector;Cute;Family Friendly;Funny;Hand-drawn;Hidden Object;Point & Click;Puzzle;Relaxing;Singleplayer;Stylized;Wholesome,"Dive into the enchanting world of 'Hidden Cats - Easter' a hidden object game where your mission is to uncover every cat hidden within stunning hand-painted artwork. Let your keen eye and curiosity guide you through this captivating journey. ※ Key Features: 😺 100 Hidden Cats: Discover 100 hidden cats scattered throughout the artwork. 💡 Unlimited Hints: Stuck? Use unlimited hints to find the hidden cats and keep progressing. 🎵 Custom Music: Enjoy unique background music for the artwork, enhancing","{""text_match"": 0.057795964, ""cosine_similarity"": 0.5443988}"
2026-02-10T19:45:04+00:00,CORTEX_DB.RAW.CAT_GAMES_SVC_1_5,default,hidden cats + time manipulation: you rewind time / a timeline slider to find cats across different eras,hidden cats + time manipulation: you rewind time / a timeline slider to find cats across different eras,[],,False,,,,no_reranker_balanced,0.75,10,100,0,922,922,,01c25361-0005-0843-0001-397a0006d3fa,,32,32,,5e-06,5e-06,,5e-06,,,,,[],[],[],[],[],[],,,,,,,True,False,[],[],,,,[],[],,,,6,Hidden Cats: Magic Forest,0.767878175,2023,English;French;German;Italian;Japanese;Korean;Portuguese - Portugal;Simplified Chinese;Spanish - Spain;Turkish,Family Sharing;Full controller support;Single-player;Steam Achievements,Casual;Indie,3D;Atmospheric;Casual;Cats;Colorful;Creature Collector;Cute;Exploration;Family Friendly;Hidden Object;Indie;Isometric;Minimalist;Nature;Point & Click;Puzzle;Relaxing;Singleplayer;Tutorial;Wholesome,"Hidden Cats: Magic Forest is a hidden object game where you'll search for hidden cats while exploring the mysteries of the magical forest. Find cats in black, white, and orange colors. Lift old trees and plant saplings in their place to create new trees. Discover the Hidden Egyptian Cat God. Learn interesting facts about cats. Touch the magical texture of the forest and interact with other surprise objects to earn all the achievements. If you enjoy games like 'A Building Full of Cats' and 'Hidde","{""text_match"": 0.07765368, ""cosine_similarity"": 0.53575635}"
2026-02-10T19:45:04+00:00,CORTEX_DB.RAW.CAT_GAMES_SVC_1_5,default,hidden cats + time manipulation: you rewind time / a timeline slider to find cats across different eras,hidden cats + time manipulation: you rewind time / a timeline slider to find cats across different eras,[],,False,,,,no_reranker_balanced,0.75,10,100,0,922,922,,01c25361-0005-0843-0001-397a0006d3fa,,32,32,,5e-06,5e-06,,5e-06,,,,,[],[],[],[],[],[],,,,,,,True,False,[],[],,,,[],[],,,,7,时间之神的猫,0.7692642199999999,2021,English;Simplified Chinese,Family Sharing;Single-player,Casual;Indie;Strategy,2D;Cartoon;Casual;Cats;Colorful;Cute;Difficult;Fantasy;Indie;Logic;Pixel Graphics;Puzzle;Singleplayer;Strategy;Time Management;Time Manipulation;Time Travel,"A holy cat came to the mortal world to eat fish. It has no frontal combat capability, nor can it sneak in stealth. But it has its own unique skill-time travel. When the mortal guards followed the timeline to track the cat's figure, they had fallen into a trap. By rationally planning when to appear, the cat will play around with the guard. After eating countless fish, the cat discovered that the most powerful force is not time travel, but wisdom. Cat just want to eat fish There is no complicated ","{""text_match"": 0.029840453, ""cosine_similarity"": 0.53852844}"
2026-02-10T19:45:04+00:00,CORTEX_DB.RAW.CAT_GAMES_SVC_1_5,default,hidden cats + time manipulation: you rewind time / a timeline slider to find cats across different eras,hidden cats + time manipulation: you rewind time / a timeline slider to find cats across different eras,[],,False,,,,no_reranker_balanced,0.75,10,100,0,922,922,,01c25361-0005-0843-0001-397a0006d3fa,,32,32,,5e-06,5e-06,,5e-06,,,,,[],[],[],[],[],[],,,,,,,True,False,[],[],,,,[],[],,,,8,Hidden Cats: Rome,0.7620079,2025,Czech;English;Japanese;Russian,Family Sharing;Single-player;Steam Achievements;Steam Cloud,Casual;Indie,2D;Casual;Cats;Cute;Family Friendly;Hand-drawn;Hidden Object;Indie;Point & Click;Puzzle;Singleplayer,Explore the amazing hand-drawn ancient rome world and find cleverly hidden cute cats. Nice background music will provide complete relaxation) Suitable for the whole family) Game Features: 100 hidden cats There is a hint The map is colorable 2.5D effect Customize brightness Saving progress Scaling Relaxing music,"{""text_match"": 0.053332493, ""cosine_similarity"": 0.5240158}"
2026-02-10T19:45:04+00:00,CORTEX_DB.RAW.CAT_GAMES_SVC_1_5,default,hidden cats + time manipulation: you rewind time / a timeline slider to find cats across different eras,hidden cats + time manipulation: you rewind time / a timeline slider to find cats across different eras,[],,False,,,,no_reranker_balanced,0.75,10,100,0,922,922,,01c25361-0005-0843-0001-397a0006d3fa,,32,32,,5e-06,5e-06,,5e-06,,,,,[],[],[],[],[],[],,,,,,,True,False,[],[],,,,[],[],,,,9,Timelie,0.76037723,2020,English;French;German;Italian;Japanese;Korean;Portuguese - Brazil;Russian;Simplified Chinese;Spanish - Spain;Thai;Traditional Chinese;Turkish,Family Sharing;Full controller support;Single-player;Steam Achievements;Steam Cloud;Steam Trading Cards,Adventure;Indie;Strategy,3D;Adventure;Anime;Atmospheric;Cats;Cute;Difficult;Female Protagonist;Indie;Isometric;Point & Click;Puzzle;Puzzle-Platformer;Relaxing;Sci-fi;Singleplayer;Stealth;Tactical;Third Person;Time Manipulation,"Every second matters in Timelie, a stealth puzzle adventure, where you control time like a media player. Perceive future events to plan your escape strategy from the past, sneak an enemy, and manipulate time through this companionship journey of a mysterious cat and a little girl with a precognitive power. The Timeline ability gives players the power to control time just like a media player. Drag the Timeline left to rewind time and undo your past mistakes. Drag it right to watch your future unf","{""text_match"": 0.06028719, ""cosine_similarity"": 0.52075446}"
2026-02-10T19:45:04+00:00,CORTEX_DB.RAW.CAT_GAMES_SVC_1_5,default,hidden cats + time manipulation: you rewind time / a timeline slider to find cats across different eras,hidden cats + time manipulation: you rewind time / a timeline slider to find cats across different eras,[],,False,,,,no_reranker_balanced,0.75,10,100,0,922,922,,01c25361-0005-0843-0001-397a0006d3fa,,32,32,,5e-06,5e-06,,5e-06,,,,,[],[],[],[],[],[],,,,,,,True,False,[],[],,,,[],[],,,,10,A Tower Full of Cats,0.7660029500000001,2024,English;French;German;Italian;Japanese;Korean;Polish;Portuguese - Brazil;Russian;Simplified Chinese;Spanish - Latin America;Spanish - Spain;Turkish;Ukrainian,Family Sharing;Single-player;Steam Achievements;Steam Trading Cards,Adventure;Casual,Adventure;Alternate History;Casual;Cats;Collectathon;Colorful;Cozy;Creature Collector;Cute;Family Friendly;Hand-drawn;Hidden Object;Historical;Minimalist;Point & Click;Puzzle;Relaxing;Story Rich;Time Travel;Wholesome,A Tower Full of Cats is a hidden object game where you need to gather cats through the whole history of catkind... and beyond! Climb the tower of time in this vertical adventure. 1400+ cats Extra stuff to find Adaptive Soundtrack,"{""text_match"": 0.011416285, ""cosine_similarity"": 0.5320059}"
2026-02-10T19:45:05+00:00,CORTEX_DB.RAW.CAT_GAMES_SVC_1_5,default,hidden cats + time manipulation: you rewind time / a timeline slider to find cats across different eras,hidden cats + time manipulation: you rewind time / a timeline slider to find cats across different eras,[],,False,,,,low_latency,0.3,10,100,0,922,922,,01c25361-0005-0843-0001-397a0006d402,,35,35,,5e-06,5e-06,,5e-06,,,,,[],[],[],[],[],[],,,,,,,True,False,[],[],,,,[],[],,,,1,Cats Hidden Timeline,0.8393818,2024,Arabic;Czech;Danish;English;Finnish;French;German;Hungarian;Indonesian;Italian;Japanese;Korean;Norwegian;Polish;Portuguese - Brazil;Romanian;Russian;Simplified Chinese;Spanish - Spain;Swedish;Thai;Traditional Chinese;Turkish;Ukrainian;Vietnamese,Family Sharing;Single-player;Steam Achievements,Casual;Indie,3D;Atmospheric;Casual;Hidden Object;Indie;Puzzle;Singleplayer;Time Manipulation,"Cats Hidden Timeline has 200 cats hidden in various places in the town, forest, farm, amusement park, and house. Use the seek bar to move forward or backward in time to find the cats hiding in the grass, under chairs, in boxes, and more. 🎮 10 levels 😻 200 hidden cats 🏆 10 Achievements","{""text_match"": 0.063739456, ""cosine_similarity"": 0.6787636}"
2026-02-10T19:45:05+00:00,CORTEX_DB.RAW.CAT_GAMES_SVC_1_5,default,hidden cats + time manipulation: you rewind time / a timeline slider to find cats across different eras,hidden cats + time manipulation: you rewind time / a timeline slider to find cats across different eras,[],,False,,,,low_latency,0.3,10,100,0,922,922,,01c25361-0005-0843-0001-397a0006d402,,35,35,,5e-06,5e-06,,5e-06,,,,,[],[],[],[],[],[],,,,,,,True,False,[],[],,,,[],[],,,,2,Cats in Time,0.80668745,2021,Arabic;Bosnian;Croatian;English;French;German;Italian;Japanese;Korean;Portuguese - Portugal;Russian;Serbian;Simplified Chinese;Spanish - Spain;Traditional Chinese,Family Sharing;Full controller support;Remote Play on Phone;Remote Play on Tablet;Single-player;Steam Achievements;Steam Cloud;Steam Trading Cards,Adventure;Casual;Indie,3D;Adventure;Cartoony;Casual;Cats;Collectathon;Cute;Family Friendly;Hidden Object;Indie;Multiplayer;Point & Click;Puzzle;Relaxing;Singleplayer;Time Travel,"Hello explorers! My name is Professor Tim Edger, and I'm the inventor of the time machine and an avid cat lover! Sadly, I have a problem, and maybe YOU can help me. You see, my beloved cats are missing. While playing in the lab, they've activated my time machine and ⚡ ZAP ⚡, now they are lost in space and time! You have to travel from ancient Egypt, all the way to the streets of late 20. century New York, and even beyond the present - to future Tokyo. Your goal is to find all the cats! Please be","{""text_match"": 0.00041786896, ""cosine_similarity"": 0.6133749}"
2026-02-10T19:45:05+00:00,CORTEX_DB.RAW.CAT_GAMES_SVC_1_5,default,hidden cats + time manipulation: you rewind time / a timeline slider to find cats across different eras,hidden cats + time manipulation: you rewind time / a timeline slider to find cats across different eras,[],,False,,,,low_latency,0.3,10,100,0,922,922,,01c25361-0005-0843-0001-397a0006d402,,35,35,,5e-06,5e-06,,5e-06,,,,,[],[],[],[],[],[],,,,,,,True,False,[],[],,,,[],[],,,,3,Hidden Cats - Zoo,0.78059718,2024,English;French;German;Italian;Japanese;Korean;Portuguese - Portugal;Russian;Simplified Chinese;Spanish - Spain,Family Sharing;Single-player;Steam Achievements,Adventure;Casual,2D;Adventure;Cartoon;Cartoony;Casual;Cats;Colorful;Cozy;Creature Collector;Cute;Family Friendly;Funny;Hand-drawn;Hidden Object;Point & Click;Puzzle;Relaxing;Singleplayer;Stylized;Wholesome,"Dive into the enchanting world of 'Hidden Cats - Zoo' a hidden object game where your mission is to uncover every cat hidden within stunning hand-painted artwork. Let your keen eye and curiosity guide you through this captivating journey. ※ Key Features: 😺 100 Hidden Cats: Discover 100 hidden cats scattered throughout the artwork. 💡 Unlimited Hints: Stuck? Use unlimited hints to find the hidden cats and keep progressing. 🎵 Custom Music: Enjoy unique background music for the artwork, enhancing yo","{""text_match"": 0.057795964, ""cosine_similarity"": 0.56119436}"
2026-02-10T19:45:05+00:00,CORTEX_DB.RAW.CAT_GAMES_SVC_1_5,default,hidden cats + time manipulation: you rewind time / a timeline slider to find cats across different eras,hidden cats + time manipulation: you rewind time / a timeline slider to find cats across different eras,[],,False,,,,low_latency,0.3,10,100,0,922,922,,01c25361-0005-0843-0001-397a0006d402,,35,35,,5e-06,5e-06,,5e-06,,,,,[],[],[],[],[],[],,,,,,,True,False,[],[],,,,[],[],,,,4,Hidden Cats - Winter,0.7792111349999999,2024,English;French;German;Italian;Japanese;Korean;Portuguese - Portugal;Russian;Simplified Chinese;Spanish - Spain,Family Sharing;Single-player;Steam Achievements,Adventure;Casual,2D;Adventure;Cartoon;Cartoony;Casual;Cats;Colorful;Cozy;Creature Collector;Cute;Family Friendly;Funny;Hand-drawn;Hidden Object;Point & Click;Puzzle;Relaxing;Singleplayer;Stylized;Wholesome,"Dive into the enchanting world of 'Hidden Cats - Winter' a hidden object game where your mission is to uncover every cat hidden within stunning hand-painted artwork. Let your keen eye and curiosity guide you through this captivating journey. ※ Key Features: 😺 100 Hidden Cats: Discover 100 hidden cats scattered throughout the artwork. 💡 Unlimited Hints: Stuck? Use unlimited hints to find the hidden cats and keep progressing. 🎵 Custom Music: Enjoy unique background music for the artwork, enhancing","{""text_match"": 0.057795964, ""cosine_similarity"": 0.55842227}"
2026-02-10T19:45:05+00:00,CORTEX_DB.RAW.CAT_GAMES_SVC_1_5,default,hidden cats + time manipulation: you rewind time / a timeline slider to find cats across different eras,hidden cats + time manipulation: you rewind time / a timeline slider to find cats across different eras,[],,False,,,,low_latency,0.3,10,100,0,922,922,,01c25361-0005-0843-0001-397a0006d402,,35,35,,5e-06,5e-06,,5e-06,,,,,[],[],[],[],[],[],,,,,,,True,False,[],[],,,,[],[],,,,5,Hidden Cats - Easter,0.7721994,2025,English;French;German;Italian;Japanese;Korean;Portuguese - Portugal;Russian;Simplified Chinese;Spanish - Spain,Family Sharing;Single-player;Steam Achievements,Casual,2D;Cartoon;Cartoony;Casual;Cats;Colorful;Creature Collector;Cute;Family Friendly;Funny;Hand-drawn;Hidden Object;Point & Click;Puzzle;Relaxing;Singleplayer;Stylized;Wholesome,"Dive into the enchanting world of 'Hidden Cats - Easter' a hidden object game where your mission is to uncover every cat hidden within stunning hand-painted artwork. Let your keen eye and curiosity guide you through this captivating journey. ※ Key Features: 😺 100 Hidden Cats: Discover 100 hidden cats scattered throughout the artwork. 💡 Unlimited Hints: Stuck? Use unlimited hints to find the hidden cats and keep progressing. 🎵 Custom Music: Enjoy unique background music for the artwork, enhancing","{""text_match"": 0.057795964, ""cosine_similarity"": 0.5443988}"
2026-02-10T19:45:05+00:00,CORTEX_DB.RAW.CAT_GAMES_SVC_1_5,default,hidden cats + time manipulation: you rewind time / a timeline slider to find cats across different eras,hidden cats + time manipulation: you rewind time / a timeline slider to find cats across different eras,[],,False,,,,low_latency,0.3,10,100,0,922,922,,01c25361-0005-0843-0001-397a0006d402,,35,35,,5e-06,5e-06,,5e-06,,,,,[],[],[],[],[],[],,,,,,,True,False,[],[],,,,[],[],,,,6,Hidden Cats: Magic Forest,0.767878175,2023,English;French;German;Italian;Japanese;Korean;Portuguese - Portugal;Simplified Chinese;Spanish - Spain;Turkish,Family Sharing;Full controller support;Single-player;Steam Achievements,Casual;Indie,3D;Atmospheric;Casual;Cats;Colorful;Creature Collector;Cute;Exploration;Family Friendly;Hidden Object;Indie;Isometric;Minimalist;Nature;Point & Click;Puzzle;Relaxing;Singleplayer;Tutorial;Wholesome,"Hidden Cats: Magic Forest is a hidden object game where you'll search for hidden cats while exploring the mysteries of the magical forest. Find cats in black, white, and orange colors. Lift old trees and plant saplings in their place to create new trees. Discover the Hidden Egyptian Cat God. Learn interesting facts about cats. Touch the magical texture of the forest and interact with other surprise objects to earn all the achievements. If you enjoy games like 'A Building Full of Cats' and 'Hidde","{""text_match"": 0.07765368, ""cosine_similarity"": 0.53575635}"
2026-02-10T19:45:05+00:00,CORTEX_DB.RAW.CAT_GAMES_SVC_1_5,default,hidden cats + time manipulation: you rewind time / a timeline slider to find cats across different eras,hidden cats + time manipulation: you rewind time / a timeline slider to find cats across different eras,[],,False,,,,low_latency,0.3,10,100,0,922,922,,01c25361-0005-0843-0001-397a0006d402,,35,35,,5e-06,5e-06,,5e-06,,,,,[],[],[],[],[],[],,,,,,,True,False,[],[],,,,[],[],,,,7,时间之神的猫,0.7692642199999999,2021,English;Simplified Chinese,Family Sharing;Single-player,Casual;Indie;Strategy,2D;Cartoon;Casual;Cats;Colorful;Cute;Difficult;Fantasy;Indie;Logic;Pixel Graphics;Puzzle;Singleplayer;Strategy;Time Management;Time Manipulation;Time Travel,"A holy cat came to the mortal world to eat fish. It has no frontal combat capability, nor can it sneak in stealth. But it has its own unique skill-time travel. When the mortal guards followed the timeline to track the cat's figure, they had fallen into a trap. By rationally planning when to appear, the cat will play around with the guard. After eating countless fish, the cat discovered that the most powerful force is not time travel, but wisdom. Cat just want to eat fish There is no complicated ","{""text_match"": 0.029840453, ""cosine_similarity"": 0.53852844}"
2026-02-10T19:45:05+00:00,CORTEX_DB.RAW.CAT_GAMES_SVC_1_5,default,hidden cats + time manipulation: you rewind time / a timeline slider to find cats across different eras,hidden cats + time manipulation: you rewind time / a timeline slider to find cats across different eras,[],,False,,,,low_latency,0.3,10,100,0,922,922,,01c25361-0005-0843-0001-397a0006d402,,35,35,,5e-06,5e-06,,5e-06,,,,,[],[],[],[],[],[],,,,,,,True,False,[],[],,,,[],[],,,,8,Hidden Cats: Rome,0.7620079,2025,Czech;English;Japanese;Russian,Family Sharing;Single-player;Steam Achievements;Steam Cloud,Casual;Indie,2D;Casual;Cats;Cute;Family Friendly;Hand-drawn;Hidden Object;Indie;Point & Click;Puzzle;Singleplayer,Explore the amazing hand-drawn ancient rome world and find cleverly hidden cute cats. Nice background music will provide complete relaxation) Suitable for the whole family) Game Features: 100 hidden cats There is a hint The map is colorable 2.5D effect Customize brightness Saving progress Scaling Relaxing music,"{""text_match"": 0.053332493, ""cosine_similarity"": 0.5240158}"
2026-02-10T19:45:05+00:00,CORTEX_DB.RAW.CAT_GAMES_SVC_1_5,default,hidden cats + time manipulation: you rewind time / a timeline slider to find cats across different eras,hidden cats + time manipulation: you rewind time / a timeline slider to find cats across different eras,[],,False,,,,low_latency,0.3,10,100,0,922,922,,01c25361-0005-0843-0001-397a0006d402,,35,35,,5e-06,5e-06,,5e-06,,,,,[],[],[],[],[],[],,,,,,,True,False,[],[],,,,[],[],,,,9,Timelie,0.76037723,2020,English;French;German;Italian;Japanese;Korean;Portuguese - Brazil;Russian;Simplified Chinese;Spanish - Spain;Thai;Traditional Chinese;Turkish,Family Sharing;Full controller support;Single-player;Steam Achievements;Steam Cloud;Steam Trading Cards,Adventure;Indie;Strategy,3D;Adventure;Anime;Atmospheric;Cats;Cute;Difficult;Female Protagonist;Indie;Isometric;Point & Click;Puzzle;Puzzle-Platformer;Relaxing;Sci-fi;Singleplayer;Stealth;Tactical;Third Person;Time Manipulation,"Every second matters in Timelie, a stealth puzzle adventure, where you control time like a media player. Perceive future events to plan your escape strategy from the past, sneak an enemy, and manipulate time through this companionship journey of a mysterious cat and a little girl with a precognitive power. The Timeline ability gives players the power to control time just like a media player. Drag the Timeline left to rewind time and undo your past mistakes. Drag it right to watch your future unf","{""text_match"": 0.06028719, ""cosine_similarity"": 0.52075446}"
2026-02-10T19:45:05+00:00,CORTEX_DB.RAW.CAT_GAMES_SVC_1_5,default,hidden cats + time manipulation: you rewind time / a timeline slider to find cats across different eras,hidden cats + time manipulation: you rewind time / a timeline slider to find cats across different eras,[],,False,,,,low_latency,0.3,10,100,0,922,922,,01c25361-0005-0843-0001-397a0006d402,,35,35,,5e-06,5e-06,,5e-06,,,,,[],[],[],[],[],[],,,,,,,True,False,[],[],,,,[],[],,,,10,A Tower Full of Cats,0.7660029500000001,2024,English;French;German;Italian;Japanese;Korean;Polish;Portuguese - Brazil;Russian;Simplified Chinese;Spanish - Latin America;Spanish - Spain;Turkish;Ukrainian,Family Sharing;Single-player;Steam Achievements;Steam Trading Cards,Adventure;Casual,Adventure;Alternate History;Casual;Cats;Collectathon;Colorful;Cozy;Creature Collector;Cute;Family Friendly;Hand-drawn;Hidden Object;Historical;Minimalist;Point & Click;Puzzle;Relaxing;Story Rich;Time Travel;Wholesome,A Tower Full of Cats is a hidden object game where you need to gather cats through the whole history of catkind... and beyond! Climb the tower of time in this vertical adventure. 1400+ cats Extra stuff to find Adaptive Soundtrack,"{""text_match"": 0.011416285, ""cosine_similarity"": 0.5320059}"
2026-02-10T19:45:06+00:00,CORTEX_DB.RAW.CAT_GAMES_SVC_1_5,default,hidden cats + time manipulation: you rewind time / a timeline slider to find cats across different eras,hidden cats + time manipulation: you rewind time / a timeline slider to find cats across different eras,[],,False,,,,low_latency,0.65,10,100,0,976,976,,01c25361-0005-0846-0001-397a0006e11e,,50,50,,8e-06,8e-06,,8e-06,,,,,[],[],[],[],[],[],,,,,,,True,False,[],[],,,,[],[],,,,1,Cats Hidden Timeline,0.8393818,2024,Arabic;Czech;Danish;English;Finnish;French;German;Hungarian;Indonesian;Italian;Japanese;Korean;Norwegian;Polish;Portuguese - Brazil;Romanian;Russian;Simplified Chinese;Spanish - Spain;Swedish;Thai;Traditional Chinese;Turkish;Ukrainian;Vietnamese,Family Sharing;Single-player;Steam Achievements,Casual;Indie,3D;Atmospheric;Casual;Hidden Object;Indie;Puzzle;Singleplayer;Time Manipulation,"Cats Hidden Timeline has 200 cats hidden in various places in the town, forest, farm, amusement park, and house. Use the seek bar to move forward or backward in time to find the cats hiding in the grass, under chairs, in boxes, and more. 🎮 10 levels 😻 200 hidden cats 🏆 10 Achievements","{""text_match"": 0.063739456, ""cosine_similarity"": 0.6787636}"
2026-02-10T19:45:06+00:00,CORTEX_DB.RAW.CAT_GAMES_SVC_1_5,default,hidden cats + time manipulation: you rewind time / a timeline slider to find cats across different eras,hidden cats + time manipulation: you rewind time / a timeline slider to find cats across different eras,[],,False,,,,low_latency,0.65,10,100,0,976,976,,01c25361-0005-0846-0001-397a0006e11e,,50,50,,8e-06,8e-06,,8e-06,,,,,[],[],[],[],[],[],,,,,,,True,False,[],[],,,,[],[],,,,2,Cats in Time,0.80668745,2021,Arabic;Bosnian;Croatian;English;French;German;Italian;Japanese;Korean;Portuguese - Portugal;Russian;Serbian;Simplified Chinese;Spanish - Spain;Traditional Chinese,Family Sharing;Full controller support;Remote Play on Phone;Remote Play on Tablet;Single-player;Steam Achievements;Steam Cloud;Steam Trading Cards,Adventure;Casual;Indie,3D;Adventure;Cartoony;Casual;Cats;Collectathon;Cute;Family Friendly;Hidden Object;Indie;Multiplayer;Point & Click;Puzzle;Relaxing;Singleplayer;Time Travel,"Hello explorers! My name is Professor Tim Edger, and I'm the inventor of the time machine and an avid cat lover! Sadly, I have a problem, and maybe YOU can help me. You see, my beloved cats are missing. While playing in the lab, they've activated my time machine and ⚡ ZAP ⚡, now they are lost in space and time! You have to travel from ancient Egypt, all the way to the streets of late 20. century New York, and even beyond the present - to future Tokyo. Your goal is to find all the cats! Please be","{""text_match"": 0.00041786896, ""cosine_similarity"": 0.6133749}"
2026-02-10T19:45:06+00:00,CORTEX_DB.RAW.CAT_GAMES_SVC_1_5,default,hidden cats + time manipulation: you rewind time / a timeline slider to find cats across different eras,hidden cats + time manipulation: you rewind time / a timeline slider to find cats across different eras,[],,False,,,,low_latency,0.65,10,100,0,976,976,,01c25361-0005-0846-0001-397a0006e11e,,50,50,,8e-06,8e-06,,8e-06,,,,,[],[],[],[],[],[],,,,,,,True,False,[],[],,,,[],[],,,,3,Hidden Cats - Zoo,0.78059718,2024,English;French;German;Italian;Japanese;Korean;Portuguese - Portugal;Russian;Simplified Chinese;Spanish - Spain,Family Sharing;Single-player;Steam Achievements,Adventure;Casual,2D;Adventure;Cartoon;Cartoony;Casual;Cats;Colorful;Cozy;Creature Collector;Cute;Family Friendly;Funny;Hand-drawn;Hidden Object;Point & Click;Puzzle;Relaxing;Singleplayer;Stylized;Wholesome,"Dive into the enchanting world of 'Hidden Cats - Zoo' a hidden object game where your mission is to uncover every cat hidden within stunning hand-painted artwork. Let your keen eye and curiosity guide you through this captivating journey. ※ Key Features: 😺 100 Hidden Cats: Discover 100 hidden cats scattered throughout the artwork. 💡 Unlimited Hints: Stuck? Use unlimited hints to find the hidden cats and keep progressing. 🎵 Custom Music: Enjoy unique background music for the artwork, enhancing yo","{""text_match"": 0.057795964, ""cosine_similarity"": 0.56119436}"
2026-02-10T19:45:06+00:00,CORTEX_DB.RAW.CAT_GAMES_SVC_1_5,default,hidden cats + time manipulation: you rewind time / a timeline slider to find cats across different eras,hidden cats + time manipulation: you rewind time / a timeline slider to find cats across different eras,[],,False,,,,low_latency,0.65,10,100,0,976,976,,01c25361-0005-0846-0001-397a0006e11e,,50,50,,8e-06,8e-06,,8e-06,,,,,[],[],[],[],[],[],,,,,,,True,False,[],[],,,,[],[],,,,4,Hidden Cats - Winter,0.7792111349999999,2024,English;French;German;Italian;Japanese;Korean;Portuguese - Portugal;Russian;Simplified Chinese;Spanish - Spain,Family Sharing;Single-player;Steam Achievements,Adventure;Casual,2D;Adventure;Cartoon;Cartoony;Casual;Cats;Colorful;Cozy;Creature Collector;Cute;Family Friendly;Funny;Hand-drawn;Hidden Object;Point & Click;Puzzle;Relaxing;Singleplayer;Stylized;Wholesome,"Dive into the enchanting world of 'Hidden Cats - Winter' a hidden object game where your mission is to uncover every cat hidden within stunning hand-painted artwork. Let your keen eye and curiosity guide you through this captivating journey. ※ Key Features: 😺 100 Hidden Cats: Discover 100 hidden cats scattered throughout the artwork. 💡 Unlimited Hints: Stuck? Use unlimited hints to find the hidden cats and keep progressing. 🎵 Custom Music: Enjoy unique background music for the artwork, enhancing","{""text_match"": 0.057795964, ""cosine_similarity"": 0.55842227}"
2026-02-10T19:45:06+00:00,CORTEX_DB.RAW.CAT_GAMES_SVC_1_5,default,hidden cats + time manipulation: you rewind time / a timeline slider to find cats across different eras,hidden cats + time manipulation: you rewind time / a timeline slider to find cats across different eras,[],,False,,,,low_latency,0.65,10,100,0,976,976,,01c25361-0005-0846-0001-397a0006e11e,,50,50,,8e-06,8e-06,,8e-06,,,,,[],[],[],[],[],[],,,,,,,True,False,[],[],,,,[],[],,,,5,Hidden Cats - Easter,0.7721994,2025,English;French;German;Italian;Japanese;Korean;Portuguese - Portugal;Russian;Simplified Chinese;Spanish - Spain,Family Sharing;Single-player;Steam Achievements,Casual,2D;Cartoon;Cartoony;Casual;Cats;Colorful;Creature Collector;Cute;Family Friendly;Funny;Hand-drawn;Hidden Object;Point & Click;Puzzle;Relaxing;Singleplayer;Stylized;Wholesome,"Dive into the enchanting world of 'Hidden Cats - Easter' a hidden object game where your mission is to uncover every cat hidden within stunning hand-painted artwork. Let your keen eye and curiosity guide you through this captivating journey. ※ Key Features: 😺 100 Hidden Cats: Discover 100 hidden cats scattered throughout the artwork. 💡 Unlimited Hints: Stuck? Use unlimited hints to find the hidden cats and keep progressing. 🎵 Custom Music: Enjoy unique background music for the artwork, enhancing","{""text_match"": 0.057795964, ""cosine_similarity"": 0.5443988}"
2026-02-10T19:45:06+00:00,CORTEX_DB.RAW.CAT_GAMES_SVC_1_5,default,hidden cats + time manipulation: you rewind time / a timeline slider to find cats across different eras,hidden cats + time manipulation: you rewind time / a timeline slider to find cats across different eras,[],,False,,,,low_latency,0.65,10,100,0,976,976,,01c25361-0005-0846-0001-397a0006e11e,,50,50,,8e-06,8e-06,,8e-06,,,,,[],[],[],[],[],[],,,,,,,True,False,[],[],,,,[],[],,,,6,Hidden Cats: Magic Forest,0.767878175,2023,English;French;German;Italian;Japanese;Korean;Portuguese - Portugal;Simplified Chinese;Spanish - Spain;Turkish,Family Sharing;Full controller support;Single-player;Steam Achievements,Casual;Indie,3D;Atmospheric;Casual;Cats;Colorful;Creature Collector;Cute;Exploration;Family Friendly;Hidden Object;Indie;Isometric;Minimalist;Nature;Point & Click;Puzzle;Relaxing;Singleplayer;Tutorial;Wholesome,"Hidden Cats: Magic Forest is a hidden object game where you'll search for hidden cats while exploring the mysteries of the magical forest. Find cats in black, white, and orange colors. Lift old trees and plant saplings in their place to create new trees. Discover the Hidden Egyptian Cat God. Learn interesting facts about cats. Touch the magical texture of the forest and interact with other surprise objects to earn all the achievements. If you enjoy games like 'A Building Full of Cats' and 'Hidde","{""text_match"": 0.07765368, ""cosine_similarity"": 0.53575635}"
2026-02-10T19:45:06+00:00,CORTEX_DB.RAW.CAT_GAMES_SVC_1_5,default,hidden cats + time manipulation: you rewind time / a timeline slider to find cats across different eras,hidden cats + time manipulation: you rewind time / a timeline slider to find cats across different eras,[],,False,,,,low_latency,0.65,10,100,0,976,976,,01c25361-0005-0846-0001-397a0006e11e,,50,50,,8e-06,8e-06,,8e-06,,,,,[],[],[],[],[],[],,,,,,,True,False,[],[],,,,[],[],,,,7,时间之神的猫,0.7692642199999999,2021,English;Simplified Chinese,Family Sharing;Single-player,Casual;Indie;Strategy,2D;Cartoon;Casual;Cats;Colorful;Cute;Difficult;Fantasy;Indie;Logic;Pixel Graphics;Puzzle;Singleplayer;Strategy;Time Management;Time Manipulation;Time Travel,"A holy cat came to the mortal world to eat fish. It has no frontal combat capability, nor can it sneak in stealth. But it has its own unique skill-time travel. When the mortal guards followed the timeline to track the cat's figure, they had fallen into a trap. By rationally planning when to appear, the cat will play around with the guard. After eating countless fish, the cat discovered that the most powerful force is not time travel, but wisdom. Cat just want to eat fish There is no complicated ","{""text_match"": 0.029840453, ""cosine_similarity"": 0.53852844}"
2026-02-10T19:45:06+00:00,CORTEX_DB.RAW.CAT_GAMES_SVC_1_5,default,hidden cats + time manipulation: you rewind time / a timeline slider to find cats across different eras,hidden cats + time manipulation: you rewind time / a timeline slider to find cats across different eras,[],,False,,,,low_latency,0.65,10,100,0,976,976,,01c25361-0005-0846-0001-397a0006e11e,,50,50,,8e-06,8e-06,,8e-06,,,,,[],[],[],[],[],[],,,,,,,True,False,[],[],,,,[],[],,,,8,Hidden Cats: Rome,0.7620079,2025,Czech;English;Japanese;Russian,Family Sharing;Single-player;Steam Achievements;Steam Cloud,Casual;Indie,2D;Casual;Cats;Cute;Family Friendly;Hand-drawn;Hidden Object;Indie;Point & Click;Puzzle;Singleplayer,Explore the amazing hand-drawn ancient rome world and find cleverly hidden cute cats. Nice background music will provide complete relaxation) Suitable for the whole family) Game Features: 100 hidden cats There is a hint The map is colorable 2.5D effect Customize brightness Saving progress Scaling Relaxing music,"{""text_match"": 0.053332493, ""cosine_similarity"": 0.5240158}"
2026-02-10T19:45:06+00:00,CORTEX_DB.RAW.CAT_GAMES_SVC_1_5,default,hidden cats + time manipulation: you rewind time / a timeline slider to find cats across different eras,hidden cats + time manipulation: you rewind time / a timeline slider to find cats across different eras,[],,False,,,,low_latency,0.65,10,100,0,976,976,,01c25361-0005-0846-0001-397a0006e11e,,50,50,,8e-06,8e-06,,8e-06,,,,,[],[],[],[],[],[],,,,,,,True,False,[],[],,,,[],[],,,,9,Timelie,0.76037723,2020,English;French;German;Italian;Japanese;Korean;Portuguese - Brazil;Russian;Simplified Chinese;Spanish - Spain;Thai;Traditional Chinese;Turkish,Family Sharing;Full controller support;Single-player;Steam Achievements;Steam Cloud;Steam Trading Cards,Adventure;Indie;Strategy,3D;Adventure;Anime;Atmospheric;Cats;Cute;Difficult;Female Protagonist;Indie;Isometric;Point & Click;Puzzle;Puzzle-Platformer;Relaxing;Sci-fi;Singleplayer;Stealth;Tactical;Third Person;Time Manipulation,"Every second matters in Timelie, a stealth puzzle adventure, where you control time like a media player. Perceive future events to plan your escape strategy from the past, sneak an enemy, and manipulate time through this companionship journey of a mysterious cat and a little girl with a precognitive power. The Timeline ability gives players the power to control time just like a media player. Drag the Timeline left to rewind time and undo your past mistakes. Drag it right to watch your future unf","{""text_match"": 0.06028719, ""cosine_similarity"": 0.52075446}"
2026-02-10T19:45:06+00:00,CORTEX_DB.RAW.CAT_GAMES_SVC_1_5,default,hidden cats + time manipulation: you rewind time / a timeline slider to find cats across different eras,hidden cats + time manipulation: you rewind time / a timeline slider to find cats across different eras,[],,False,,,,low_latency,0.65,10,100,0,976,976,,01c25361-0005-0846-0001-397a0006e11e,,50,50,,8e-06,8e-06,,8e-06,,,,,[],[],[],[],[],[],,,,,,,True,False,[],[],,,,[],[],,,,10,A Tower Full of Cats,0.7660029500000001,2024,English;French;German;Italian;Japanese;Korean;Polish;Portuguese - Brazil;Russian;Simplified Chinese;Spanish - Latin America;Spanish - Spain;Turkish;Ukrainian,Family Sharing;Single-player;Steam Achievements;Steam Trading Cards,Adventure;Casual,Adventure;Alternate History;Casual;Cats;Collectathon;Colorful;Cozy;Creature Collector;Cute;Family Friendly;Hand-drawn;Hidden Object;Historical;Minimalist;Point & Click;Puzzle;Relaxing;Story Rich;Time Travel;Wholesome,A Tower Full of Cats is a hidden object game where you need to gather cats through the whole history of catkind... and beyond! Climb the tower of time in this vertical adventure. 1400+ cats Extra stuff to find Adaptive Soundtrack,"{""text_match"": 0.011416285, ""cosine_similarity"": 0.5320059}"
2026-02-10T19:45:07+00:00,CORTEX_DB.RAW.CAT_GAMES_SVC_1_5,default,hidden cats + time manipulation: you rewind time / a timeline slider to find cats across different eras,hidden cats + time manipulation: you rewind time / a timeline slider to find cats across different eras,[],,False,,,,low_latency,0.75,10,100,0,865,865,,01c25361-0005-0847-0001-397a0006c44e,,51,51,,8e-06,8e-06,,8e-06,,,,,[],[],[],[],[],[],,,,,,,True,False,[],[],,,,[],[],,,,1,Cats Hidden Timeline,0.8393818,2024,Arabic;Czech;Danish;English;Finnish;French;German;Hungarian;Indonesian;Italian;Japanese;Korean;Norwegian;Polish;Portuguese - Brazil;Romanian;Russian;Simplified Chinese;Spanish - Spain;Swedish;Thai;Traditional Chinese;Turkish;Ukrainian;Vietnamese,Family Sharing;Single-player;Steam Achievements,Casual;Indie,3D;Atmospheric;Casual;Hidden Object;Indie;Puzzle;Singleplayer;Time Manipulation,"Cats Hidden Timeline has 200 cats hidden in various places in the town, forest, farm, amusement park, and house. Use the seek bar to move forward or backward in time to find the cats hiding in the grass, under chairs, in boxes, and more. 🎮 10 levels 😻 200 hidden cats 🏆 10 Achievements","{""text_match"": 0.063739456, ""cosine_similarity"": 0.6787636}"
2026-02-10T19:45:07+00:00,CORTEX_DB.RAW.CAT_GAMES_SVC_1_5,default,hidden cats + time manipulation: you rewind time / a timeline slider to find cats across different eras,hidden cats + time manipulation: you rewind time / a timeline slider to find cats across different eras,[],,False,,,,low_latency,0.75,10,100,0,865,865,,01c25361-0005-0847-0001-397a0006c44e,,51,51,,8e-06,8e-06,,8e-06,,,,,[],[],[],[],[],[],,,,,,,True,False,[],[],,,,[],[],,,,2,Cats in Time,0.80668745,2021,Arabic;Bosnian;Croatian;English;French;German;Italian;Japanese;Korean;Portuguese - Portugal;Russian;Serbian;Simplified Chinese;Spanish - Spain;Traditional Chinese,Family Sharing;Full controller support;Remote Play on Phone;Remote Play on Tablet;Single-player;Steam Achievements;Steam Cloud;Steam Trading Cards,Adventure;Casual;Indie,3D;Adventure;Cartoony;Casual;Cats;Collectathon;Cute;Family Friendly;Hidden Object;Indie;Multiplayer;Point & Click;Puzzle;Relaxing;Singleplayer;Time Travel,"Hello explorers! My name is Professor Tim Edger, and I'm the inventor of the time machine and an avid cat lover! Sadly, I have a problem, and maybe YOU can help me. You see, my beloved cats are missing. While playing in the lab, they've activated my time machine and ⚡ ZAP ⚡, now they are lost in space and time! You have to travel from ancient Egypt, all the way to the streets of late 20. century New York, and even beyond the present - to future Tokyo. Your goal is to find all the cats! Please be","{""text_match"": 0.00041786896, ""cosine_similarity"": 0.6133749}"
2026-02-10T19:45:07+00:00,CORTEX_DB.RAW.CAT_GAMES_SVC_1_5,default,hidden cats + time manipulation: you rewind time / a timeline slider to find cats across different eras,hidden cats + time manipulation: you rewind time / a timeline slider to find cats across different eras,[],,False,,,,low_latency,0.75,10,100,0,865,865,,01c25361-0005-0847-0001-397a0006c44e,,51,51,,8e-06,8e-06,,8e-06,,,,,[],[],[],[],[],[],,,,,,,True,False,[],[],,,,[],[],,,,3,Hidden Cats - Zoo,0.78059718,2024,English;French;German;Italian;Japanese;Korean;Portuguese - Portugal;Russian;Simplified Chinese;Spanish - Spain,Family Sharing;Single-player;Steam Achievements,Adventure;Casual,2D;Adventure;Cartoon;Cartoony;Casual;Cats;Colorful;Cozy;Creature Collector;Cute;Family Friendly;Funny;Hand-drawn;Hidden Object;Point & Click;Puzzle;Relaxing;Singleplayer;Stylized;Wholesome,"Dive into the enchanting world of 'Hidden Cats - Zoo' a hidden object game where your mission is to uncover every cat hidden within stunning hand-painted artwork. Let your keen eye and curiosity guide you through this captivating journey. ※ Key Features: 😺 100 Hidden Cats: Discover 100 hidden cats scattered throughout the artwork. 💡 Unlimited Hints: Stuck? Use unlimited hints to find the hidden cats and keep progressing. 🎵 Custom Music: Enjoy unique background music for the artwork, enhancing yo","{""text_match"": 0.057795964, ""cosine_similarity"": 0.56119436}"
2026-02-10T19:45:07+00:00,CORTEX_DB.RAW.CAT_GAMES_SVC_1_5,default,hidden cats + time manipulation: you rewind time / a timeline slider to find cats across different eras,hidden cats + time manipulation: you rewind time / a timeline slider to find cats across different eras,[],,False,,,,low_latency,0.75,10,100,0,865,865,,01c25361-0005-0847-0001-397a0006c44e,,51,51,,8e-06,8e-06,,8e-06,,,,,[],[],[],[],[],[],,,,,,,True,False,[],[],,,,[],[],,,,4,Hidden Cats - Winter,0.7792111349999999,2024,English;French;German;Italian;Japanese;Korean;Portuguese - Portugal;Russian;Simplified Chinese;Spanish - Spain,Family Sharing;Single-player;Steam Achievements,Adventure;Casual,2D;Adventure;Cartoon;Cartoony;Casual;Cats;Colorful;Cozy;Creature Collector;Cute;Family Friendly;Funny;Hand-drawn;Hidden Object;Point & Click;Puzzle;Relaxing;Singleplayer;Stylized;Wholesome,"Dive into the enchanting world of 'Hidden Cats - Winter' a hidden object game where your mission is to uncover every cat hidden within stunning hand-painted artwork. Let your keen eye and curiosity guide you through this captivating journey. ※ Key Features: 😺 100 Hidden Cats: Discover 100 hidden cats scattered throughout the artwork. 💡 Unlimited Hints: Stuck? Use unlimited hints to find the hidden cats and keep progressing. 🎵 Custom Music: Enjoy unique background music for the artwork, enhancing","{""text_match"": 0.057795964, ""cosine_similarity"": 0.55842227}"
2026-02-10T19:45:07+00:00,CORTEX_DB.RAW.CAT_GAMES_SVC_1_5,default,hidden cats + time manipulation: you rewind time / a timeline slider to find cats across different eras,hidden cats + time manipulation: you rewind time / a timeline slider to find cats across different eras,[],,False,,,,low_latency,0.75,10,100,0,865,865,,01c25361-0005-0847-0001-397a0006c44e,,51,51,,8e-06,8e-06,,8e-06,,,,,[],[],[],[],[],[],,,,,,,True,False,[],[],,,,[],[],,,,5,Hidden Cats - Easter,0.7721994,2025,English;French;German;Italian;Japanese;Korean;Portuguese - Portugal;Russian;Simplified Chinese;Spanish - Spain,Family Sharing;Single-player;Steam Achievements,Casual,2D;Cartoon;Cartoony;Casual;Cats;Colorful;Creature Collector;Cute;Family Friendly;Funny;Hand-drawn;Hidden Object;Point & Click;Puzzle;Relaxing;Singleplayer;Stylized;Wholesome,"Dive into the enchanting world of 'Hidden Cats - Easter' a hidden object game where your mission is to uncover every cat hidden within stunning hand-painted artwork. Let your keen eye and curiosity guide you through this captivating journey. ※ Key Features: 😺 100 Hidden Cats: Discover 100 hidden cats scattered throughout the artwork. 💡 Unlimited Hints: Stuck? Use unlimited hints to find the hidden cats and keep progressing. 🎵 Custom Music: Enjoy unique background music for the artwork, enhancing","{""text_match"": 0.057795964, ""cosine_similarity"": 0.5443988}"
2026-02-10T19:45:07+00:00,CORTEX_DB.RAW.CAT_GAMES_SVC_1_5,default,hidden cats + time manipulation: you rewind time / a timeline slider to find cats across different eras,hidden cats + time manipulation: you rewind time / a timeline slider to find cats across different eras,[],,False,,,,low_latency,0.75,10,100,0,865,865,,01c25361-0005-0847-0001-397a0006c44e,,51,51,,8e-06,8e-06,,8e-06,,,,,[],[],[],[],[],[],,,,,,,True,False,[],[],,,,[],[],,,,6,Hidden Cats: Magic Forest,0.767878175,2023,English;French;German;Italian;Japanese;Korean;Portuguese - Portugal;Simplified Chinese;Spanish - Spain;Turkish,Family Sharing;Full controller support;Single-player;Steam Achievements,Casual;Indie,3D;Atmospheric;Casual;Cats;Colorful;Creature Collector;Cute;Exploration;Family Friendly;Hidden Object;Indie;Isometric;Minimalist;Nature;Point & Click;Puzzle;Relaxing;Singleplayer;Tutorial;Wholesome,"Hidden Cats: Magic Forest is a hidden object game where you'll search for hidden cats while exploring the mysteries of the magical forest. Find cats in black, white, and orange colors. Lift old trees and plant saplings in their place to create new trees. Discover the Hidden Egyptian Cat God. Learn interesting facts about cats. Touch the magical texture of the forest and interact with other surprise objects to earn all the achievements. If you enjoy games like 'A Building Full of Cats' and 'Hidde","{""text_match"": 0.07765368, ""cosine_similarity"": 0.53575635}"
2026-02-10T19:45:07+00:00,CORTEX_DB.RAW.CAT_GAMES_SVC_1_5,default,hidden cats + time manipulation: you rewind time / a timeline slider to find cats across different eras,hidden cats + time manipulation: you rewind time / a timeline slider to find cats across different eras,[],,False,,,,low_latency,0.75,10,100,0,865,865,,01c25361-0005-0847-0001-397a0006c44e,,51,51,,8e-06,8e-06,,8e-06,,,,,[],[],[],[],[],[],,,,,,,True,False,[],[],,,,[],[],,,,7,时间之神的猫,0.7692642199999999,2021,English;Simplified Chinese,Family Sharing;Single-player,Casual;Indie;Strategy,2D;Cartoon;Casual;Cats;Colorful;Cute;Difficult;Fantasy;Indie;Logic;Pixel Graphics;Puzzle;Singleplayer;Strategy;Time Management;Time Manipulation;Time Travel,"A holy cat came to the mortal world to eat fish. It has no frontal combat capability, nor can it sneak in stealth. But it has its own unique skill-time travel. When the mortal guards followed the timeline to track the cat's figure, they had fallen into a trap. By rationally planning when to appear, the cat will play around with the guard. After eating countless fish, the cat discovered that the most powerful force is not time travel, but wisdom. Cat just want to eat fish There is no complicated ","{""text_match"": 0.029840453, ""cosine_similarity"": 0.53852844}"
2026-02-10T19:45:07+00:00,CORTEX_DB.RAW.CAT_GAMES_SVC_1_5,default,hidden cats + time manipulation: you rewind time / a timeline slider to find cats across different eras,hidden cats + time manipulation: you rewind time / a timeline slider to find cats across different eras,[],,False,,,,low_latency,0.75,10,100,0,865,865,,01c25361-0005-0847-0001-397a0006c44e,,51,51,,8e-06,8e-06,,8e-06,,,,,[],[],[],[],[],[],,,,,,,True,False,[],[],,,,[],[],,,,8,Hidden Cats: Rome,0.7620079,2025,Czech;English;Japanese;Russian,Family Sharing;Single-player;Steam Achievements;Steam Cloud,Casual;Indie,2D;Casual;Cats;Cute;Family Friendly;Hand-drawn;Hidden Object;Indie;Point & Click;Puzzle;Singleplayer,Explore the amazing hand-drawn ancient rome world and find cleverly hidden cute cats. Nice background music will provide complete relaxation) Suitable for the whole family) Game Features: 100 hidden cats There is a hint The map is colorable 2.5D effect Customize brightness Saving progress Scaling Relaxing music,"{""text_match"": 0.053332493, ""cosine_similarity"": 0.5240158}"
2026-02-10T19:45:07+00:00,CORTEX_DB.RAW.CAT_GAMES_SVC_1_5,default,hidden cats + time manipulation: you rewind time / a timeline slider to find cats across different eras,hidden cats + time manipulation: you rewind time / a timeline slider to find cats across different eras,[],,False,,,,low_latency,0.75,10,100,0,865,865,,01c25361-0005-0847-0001-397a0006c44e,,51,51,,8e-06,8e-06,,8e-06,,,,,[],[],[],[],[],[],,,,,,,True,False,[],[],,,,[],[],,,,9,Timelie,0.76037723,2020,English;French;German;Italian;Japanese;Korean;Portuguese - Brazil;Russian;Simplified Chinese;Spanish - Spain;Thai;Traditional Chinese;Turkish,Family Sharing;Full controller support;Single-player;Steam Achievements;Steam Cloud;Steam Trading Cards,Adventure;Indie;Strategy,3D;Adventure;Anime;Atmospheric;Cats;Cute;Difficult;Female Protagonist;Indie;Isometric;Point & Click;Puzzle;Puzzle-Platformer;Relaxing;Sci-fi;Singleplayer;Stealth;Tactical;Third Person;Time Manipulation,"Every second matters in Timelie, a stealth puzzle adventure, where you control time like a media player. Perceive future events to plan your escape strategy from the past, sneak an enemy, and manipulate time through this companionship journey of a mysterious cat and a little girl with a precognitive power. The Timeline ability gives players the power to control time just like a media player. Drag the Timeline left to rewind time and undo your past mistakes. Drag it right to watch your future unf","{""text_match"": 0.06028719, ""cosine_similarity"": 0.52075446}"
2026-02-10T19:45:07+00:00,CORTEX_DB.RAW.CAT_GAMES_SVC_1_5,default,hidden cats + time manipulation: you rewind time / a timeline slider to find cats across different eras,hidden cats + time manipulation: you rewind time / a timeline slider to find cats across different eras,[],,False,,,,low_latency,0.75,10,100,0,865,865,,01c25361-0005-0847-0001-397a0006c44e,,51,51,,8e-06,8e-06,,8e-06,,,,,[],[],[],[],[],[],,,,,,,True,False,[],[],,,,[],[],,,,10,A Tower Full of Cats,0.7660029500000001,2024,English;French;German;Italian;Japanese;Korean;Polish;Portuguese - Brazil;Russian;Simplified Chinese;Spanish - Latin America;Spanish - Spain;Turkish;Ukrainian,Family Sharing;Single-player;Steam Achievements;Steam Trading Cards,Adventure;Casual,Adventure;Alternate History;Casual;Cats;Collectathon;Colorful;Cozy;Creature Collector;Cute;Family Friendly;Hand-drawn;Hidden Object;Historical;Minimalist;Point & Click;Puzzle;Relaxing;Story Rich;Time Travel;Wholesome,A Tower Full of Cats is a hidden object game where you need to gather cats through the whole history of catkind... and beyond! Climb the tower of time in this vertical adventure. 1400+ cats Extra stuff to find Adaptive Soundtrack,"{""text_match"": 0.011416285, ""cosine_similarity"": 0.5320059}"
2026-02-10T19:45:09+00:00,CORTEX_DB.RAW.CAT_GAMES_SVC_1_5,default,hidden cats + time manipulation: you rewind time / a timeline slider to find cats across different eras,hidden cats + time manipulation: you rewind time / a timeline slider to find cats across different eras,[],,False,,,,reranker_heavy,0.3,10,100,0,1227,1227,,01c25361-0005-0847-0001-397a0006c456,,44,44,,7e-06,7e-06,,7e-06,,,,,[],[],[],[],[],[],,,,,,,True,False,[],[],,,,[],[],,,,1,Cats Hidden Timeline,0.8393818,2024,Arabic;Czech;Danish;English;Finnish;French;German;Hungarian;Indonesian;Italian;Japanese;Korean;Norwegian;Polish;Portuguese - Brazil;Romanian;Russian;Simplified Chinese;Spanish - Spain;Swedish;Thai;Traditional Chinese;Turkish;Ukrainian;Vietnamese,Family Sharing;Single-player;Steam Achievements,Casual;Indie,3D;Atmospheric;Casual;Hidden Object;Indie;Puzzle;Singleplayer;Time Manipulation,"Cats Hidden Timeline has 200 cats hidden in various places in the town, forest, farm, amusement park, and house. Use the seek bar to move forward or backward in time to find the cats hiding in the grass, under chairs, in boxes, and more. 🎮 10 levels 😻 200 hidden cats 🏆 10 Achievements","{""text_match"": 0.063739456, ""cosine_similarity"": 0.6787636, ""reranker_score"": -2.322325}"
2026-02-10T19:45:09+00:00,CORTEX_DB.RAW.CAT_GAMES_SVC_1_5,default,hidden cats + time manipulation: you rewind time / a timeline slider to find cats across different eras,hidden cats + time manipulation: you rewind time / a timeline slider to find cats across different eras,[],,False,,,,reranker_heavy,0.3,10,100,0,1227,1227,,01c25361-0005-0847-0001-397a0006c456,,44,44,,7e-06,7e-06,,7e-06,,,,,[],[],[],[],[],[],,,,,,,True,False,[],[],,,,[],[],,,,2,Cats in Time,0.80668745,2021,Arabic;Bosnian;Croatian;English;French;German;Italian;Japanese;Korean;Portuguese - Portugal;Russian;Serbian;Simplified Chinese;Spanish - Spain;Traditional Chinese,Family Sharing;Full controller support;Remote Play on Phone;Remote Play on Tablet;Single-player;Steam Achievements;Steam Cloud;Steam Trading Cards,Adventure;Casual;Indie,3D;Adventure;Cartoony;Casual;Cats;Collectathon;Cute;Family Friendly;Hidden Object;Indie;Multiplayer;Point & Click;Puzzle;Relaxing;Singleplayer;Time Travel,"Hello explorers! My name is Professor Tim Edger, and I'm the inventor of the time machine and an avid cat lover! Sadly, I have a problem, and maybe YOU can help me. You see, my beloved cats are missing. While playing in the lab, they've activated my time machine and ⚡ ZAP ⚡, now they are lost in space and time! You have to travel from ancient Egypt, all the way to the streets of late 20. century New York, and even beyond the present - to future Tokyo. Your goal is to find all the cats! Please be","{""text_match"": 0.00041786896, ""cosine_similarity"": 0.6133749, ""reranker_score"": -5.5759172}"
2026-02-10T19:45:09+00:00,CORTEX_DB.RAW.CAT_GAMES_SVC_1_5,default,hidden cats + time manipulation: you rewind time / a timeline slider to find cats across different eras,hidden cats + time manipulation: you rewind time / a timeline slider to find cats across different eras,[],,False,,,,reranker_heavy,0.3,10,100,0,1227,1227,,01c25361-0005-0847-0001-397a0006c456,,44,44,,7e-06,7e-06,,7e-06,,,,,[],[],[],[],[],[],,,,,,,True,False,[],[],,,,[],[],,,,3,Hidden Cats - Winter,0.7792111349999999,2024,English;French;German;Italian;Japanese;Korean;Portuguese - Portugal;Russian;Simplified Chinese;Spanish - Spain,Family Sharing;Single-player;Steam Achievements,Adventure;Casual,2D;Adventure;Cartoon;Cartoony;Casual;Cats;Colorful;Cozy;Creature Collector;Cute;Family Friendly;Funny;Hand-drawn;Hidden Object;Point & Click;Puzzle;Relaxing;Singleplayer;Stylized;Wholesome,"Dive into the enchanting world of 'Hidden Cats - Winter' a hidden object game where your mission is to uncover every cat hidden within stunning hand-painted artwork. Let your keen eye and curiosity guide you through this captivating journey. ※ Key Features: 😺 100 Hidden Cats: Discover 100 hidden cats scattered throughout the artwork. 💡 Unlimited Hints: Stuck? Use unlimited hints to find the hidden cats and keep progressing. 🎵 Custom Music: Enjoy unique background music for the artwork, enhancing","{""text_match"": 0.057795964, ""cosine_similarity"": 0.55842227, ""reranker_score"": -4.7002}"
2026-02-10T19:45:09+00:00,CORTEX_DB.RAW.CAT_GAMES_SVC_1_5,default,hidden cats + time manipulation: you rewind time / a timeline slider to find cats across different eras,hidden cats + time manipulation: you rewind time / a timeline slider to find cats across different eras,[],,False,,,,reranker_heavy,0.3,10,100,0,1227,1227,,01c25361-0005-0847-0001-397a0006c456,,44,44,,7e-06,7e-06,,7e-06,,,,,[],[],[],[],[],[],,,,,,,True,False,[],[],,,,[],[],,,,4,Hidden Cats - Zoo,0.78059718,2024,English;French;German;Italian;Japanese;Korean;Portuguese - Portugal;Russian;Simplified Chinese;Spanish - Spain,Family Sharing;Single-player;Steam Achievements,Adventure;Casual,2D;Adventure;Cartoon;Cartoony;Casual;Cats;Colorful;Cozy;Creature Collector;Cute;Family Friendly;Funny;Hand-drawn;Hidden Object;Point & Click;Puzzle;Relaxing;Singleplayer;Stylized;Wholesome,"Dive into the enchanting world of 'Hidden Cats - Zoo' a hidden object game where your mission is to uncover every cat hidden within stunning hand-painted artwork. Let your keen eye and curiosity guide you through this captivating journey. ※ Key Features: 😺 100 Hidden Cats: Discover 100 hidden cats scattered throughout the artwork. 💡 Unlimited Hints: Stuck? Use unlimited hints to find the hidden cats and keep progressing. 🎵 Custom Music: Enjoy unique background music for the artwork, enhancing yo","{""text_match"": 0.057795964, ""cosine_similarity"": 0.56119436, ""reranker_score"": -4.77793}"
2026-02-10T19:45:09+00:00,CORTEX_DB.RAW.CAT_GAMES_SVC_1_5,default,hidden cats + time manipulation: you rewind time / a timeline slider to find cats across different eras,hidden cats + time manipulation: you rewind time / a timeline slider to find cats across different eras,[],,False,,,,reranker_heavy,0.3,10,100,0,1227,1227,,01c25361-0005-0847-0001-397a0006c456,,44,44,,7e-06,7e-06,,7e-06,,,,,[],[],[],[],[],[],,,,,,,True,False,[],[],,,,[],[],,,,5,Hidden Cats - Easter,0.7721994,2025,English;French;German;Italian;Japanese;Korean;Portuguese - Portugal;Russian;Simplified Chinese;Spanish - Spain,Family Sharing;Single-player;Steam Achievements,Casual,2D;Cartoon;Cartoony;Casual;Cats;Colorful;Creature Collector;Cute;Family Friendly;Funny;Hand-drawn;Hidden Object;Point & Click;Puzzle;Relaxing;Singleplayer;Stylized;Wholesome,"Dive into the enchanting world of 'Hidden Cats - Easter' a hidden object game where your mission is to uncover every cat hidden within stunning hand-painted artwork. Let your keen eye and curiosity guide you through this captivating journey. ※ Key Features: 😺 100 Hidden Cats: Discover 100 hidden cats scattered throughout the artwork. 💡 Unlimited Hints: Stuck? Use unlimited hints to find the hidden cats and keep progressing. 🎵 Custom Music: Enjoy unique background music for the artwork, enhancing","{""text_match"": 0.057795964, ""cosine_similarity"": 0.5443988, ""reranker_score"": -4.7023044}"
2026-02-10T19:45:09+00:00,CORTEX_DB.RAW.CAT_GAMES_SVC_1_5,default,hidden cats + time manipulation: you rewind time / a timeline slider to find cats across different eras,hidden cats + time manipulation: you rewind time / a timeline slider to find cats across different eras,[],,False,,,,reranker_heavy,0.3,10,100,0,1227,1227,,01c25361-0005-0847-0001-397a0006c456,,44,44,,7e-06,7e-06,,7e-06,,,,,[],[],[],[],[],[],,,,,,,True,False,[],[],,,,[],[],,,,6,Hidden Cats: Magic Forest,0.767878175,2023,English;French;German;Italian;Japanese;Korean;Portuguese - Portugal;Simplified Chinese;Spanish - Spain;Turkish,Family Sharing;Full controller support;Single-player;Steam Achievements,Casual;Indie,3D;Atmospheric;Casual;Cats;Colorful;Creature Collector;Cute;Exploration;Family Friendly;Hidden Object;Indie;Isometric;Minimalist;Nature;Point & Click;Puzzle;Relaxing;Singleplayer;Tutorial;Wholesome,"Hidden Cats: Magic Forest is a hidden object game where you'll search for hidden cats while exploring the mysteries of the magical forest. Find cats in black, white, and orange colors. Lift old trees and plant saplings in their place to create new trees. Discover the Hidden Egyptian Cat God. Learn interesting facts about cats. Touch the magical texture of the forest and interact with other surprise objects to earn all the achievements. If you enjoy games like 'A Building Full of Cats' and 'Hidde","{""text_match"": 0.07765368, ""cosine_similarity"": 0.53575635, ""reranker_score"": -4.8198256}"
2026-02-10T19:45:09+00:00,CORTEX_DB.RAW.CAT_GAMES_SVC_1_5,default,hidden cats + time manipulation: you rewind time / a timeline slider to find cats across different eras,hidden cats + time manipulation: you rewind time / a timeline slider to find cats across different eras,[],,False,,,,reranker_heavy,0.3,10,100,0,1227,1227,,01c25361-0005-0847-0001-397a0006c456,,44,44,,7e-06,7e-06,,7e-06,,,,,[],[],[],[],[],[],,,,,,,True,False,[],[],,,,[],[],,,,7,Cats Hidden in Germany,0.7594803999999999,2024,Arabic;English;French;German;Indonesian;Italian;Japanese;Korean;Polish;Portuguese - Brazil;Portuguese - Portugal;Russian;Simplified Chinese;Spanish - Latin America;Spanish - Spain;Thai;Traditional Chinese;Turkish;Ukrainian,Color Alternatives;Custom Volume Controls;Family Sharing;Full controller support;Mouse Only Option;Playable without Timed Input;Save Anytime;Single-player;Steam Achievements;Steam Cloud;Steam Trading Cards;Touch Only Option,Casual;Indie,Cartoony;Casual;Cats;Collectathon;Controller;Cozy;Creature Collector;Cute;Exploration;Hand-drawn;Hidden Object;Indie;Minimalist;Point & Click;Puzzle;Relaxing;Score Attack;Singleplayer;Time Attack;Wholesome,"Cats Hidden in Germany is a cute hidden object game set in medieval Germany. 100 cats are waiting for you to be discovered within a hand-drawn background. Relax thanks to the chill soundtrack Found a cat? Click on it! Features 🐾 1 Level, 100 cats ❔ Easter Eggs 💡 Hint System ⏰ Timer mode with leaderboard ⚙️ In-game Settings","{""text_match"": 0.0011796332, ""cosine_similarity"": 0.5189608, ""reranker_score"": -5.352621}"
2026-02-10T19:45:09+00:00,CORTEX_DB.RAW.CAT_GAMES_SVC_1_5,default,hidden cats + time manipulation: you rewind time / a timeline slider to find cats across different eras,hidden cats + time manipulation: you rewind time / a timeline slider to find cats across different eras,[],,False,,,,reranker_heavy,0.3,10,100,0,1227,1227,,01c25361-0005-0847-0001-397a0006c456,,44,44,,7e-06,7e-06,,7e-06,,,,,[],[],[],[],[],[],,,,,,,True,False,[],[],,,,[],[],,,,8,Hidden Cats: Rome,0.7620079,2025,Czech;English;Japanese;Russian,Family Sharing;Single-player;Steam Achievements;Steam Cloud,Casual;Indie,2D;Casual;Cats;Cute;Family Friendly;Hand-drawn;Hidden Object;Indie;Point & Click;Puzzle;Singleplayer,Explore the amazing hand-drawn ancient rome world and find cleverly hidden cute cats. Nice background music will provide complete relaxation) Suitable for the whole family) Game Features: 100 hidden cats There is a hint The map is colorable 2.5D effect Customize brightness Saving progress Scaling Relaxing music,"{""text_match"": 0.053332493, ""cosine_similarity"": 0.5240158, ""reranker_score"": -5.8139954}"
2026-02-10T19:45:09+00:00,CORTEX_DB.RAW.CAT_GAMES_SVC_1_5,default,hidden cats + time manipulation: you rewind time / a timeline slider to find cats across different eras,hidden cats + time manipulation: you rewind time / a timeline slider to find cats across different eras,[],,False,,,,reranker_heavy,0.3,10,100,0,1227,1227,,01c25361-0005-0847-0001-397a0006c456,,44,44,,7e-06,7e-06,,7e-06,,,,,[],[],[],[],[],[],,,,,,,True,False,[],[],,,,[],[],,,,9,Timelie,0.76037723,2020,English;French;German;Italian;Japanese;Korean;Portuguese - Brazil;Russian;Simplified Chinese;Spanish - Spain;Thai;Traditional Chinese;Turkish,Family Sharing;Full controller support;Single-player;Steam Achievements;Steam Cloud;Steam Trading Cards,Adventure;Indie;Strategy,3D;Adventure;Anime;Atmospheric;Cats;Cute;Difficult;Female Protagonist;Indie;Isometric;Point & Click;Puzzle;Puzzle-Platformer;Relaxing;Sci-fi;Singleplayer;Stealth;Tactical;Third Person;Time Manipulation,"Every second matters in Timelie, a stealth puzzle adventure, where you control time like a media player. Perceive future events to plan your escape strategy from the past, sneak an enemy, and manipulate time through this companionship journey of a mysterious cat and a little girl with a precognitive power. The Timeline ability gives players the power to control time just like a media player. Drag the Timeline left to rewind time and undo your past mistakes. Drag it right to watch your future unf","{""text_match"": 0.06028719, ""cosine_similarity"": 0.52075446, ""reranker_score"": -5.879028}"
2026-02-10T19:45:09+00:00,CORTEX_DB.RAW.CAT_GAMES_SVC_1_5,default,hidden cats + time manipulation: you rewind time / a timeline slider to find cats across different eras,hidden cats + time manipulation: you rewind time / a timeline slider to find cats across different eras,[],,False,,,,reranker_heavy,0.3,10,100,0,1227,1227,,01c25361-0005-0847-0001-397a0006c456,,44,44,,7e-06,7e-06,,7e-06,,,,,[],[],[],[],[],[],,,,,,,True,False,[],[],,,,[],[],,,,10,时间之神的猫,0.7692642199999999,2021,English;Simplified Chinese,Family Sharing;Single-player,Casual;Indie;Strategy,2D;Cartoon;Casual;Cats;Colorful;Cute;Difficult;Fantasy;Indie;Logic;Pixel Graphics;Puzzle;Singleplayer;Strategy;Time Management;Time Manipulation;Time Travel,"A holy cat came to the mortal world to eat fish. It has no frontal combat capability, nor can it sneak in stealth. But it has its own unique skill-time travel. When the mortal guards followed the timeline to track the cat's figure, they had fallen into a trap. By rationally planning when to appear, the cat will play around with the guard. After eating countless fish, the cat discovered that the most powerful force is not time travel, but wisdom. Cat just want to eat fish There is no complicated ","{""text_match"": 0.029840453, ""cosine_similarity"": 0.53852844, ""reranker_score"": -6.2866282}"
2026-02-10T19:45:11+00:00,CORTEX_DB.RAW.CAT_GAMES_SVC_1_5,default,hidden cats + time manipulation: you rewind time / a timeline slider to find cats across different eras,hidden cats + time manipulation: you rewind time / a timeline slider to find cats across different eras,[],,False,,,,reranker_heavy,0.65,10,100,0,1126,1126,,01c25361-0005-0847-0001-397a0006c45a,,39,39,,6e-06,6e-06,,6e-06,,,,,[],[],[],[],[],[],,,,,,,True,False,[],[],,,,[],[],,,,1,Cats Hidden Timeline,0.8393818,2024,Arabic;Czech;Danish;English;Finnish;French;German;Hungarian;Indonesian;Italian;Japanese;Korean;Norwegian;Polish;Portuguese - Brazil;Romanian;Russian;Simplified Chinese;Spanish - Spain;Swedish;Thai;Traditional Chinese;Turkish;Ukrainian;Vietnamese,Family Sharing;Single-player;Steam Achievements,Casual;Indie,3D;Atmospheric;Casual;Hidden Object;Indie;Puzzle;Singleplayer;Time Manipulation,"Cats Hidden Timeline has 200 cats hidden in various places in the town, forest, farm, amusement park, and house. Use the seek bar to move forward or backward in time to find the cats hiding in the grass, under chairs, in boxes, and more. 🎮 10 levels 😻 200 hidden cats 🏆 10 Achievements","{""text_match"": 0.063739456, ""cosine_similarity"": 0.6787636, ""reranker_score"": -2.322325}"
2026-02-10T19:45:11+00:00,CORTEX_DB.RAW.CAT_GAMES_SVC_1_5,default,hidden cats + time manipulation: you rewind time / a timeline slider to find cats across different eras,hidden cats + time manipulation: you rewind time / a timeline slider to find cats across different eras,[],,False,,,,reranker_heavy,0.65,10,100,0,1126,1126,,01c25361-0005-0847-0001-397a0006c45a,,39,39,,6e-06,6e-06,,6e-06,,,,,[],[],[],[],[],[],,,,,,,True,False,[],[],,,,[],[],,,,2,Cats in Time,0.80668745,2021,Arabic;Bosnian;Croatian;English;French;German;Italian;Japanese;Korean;Portuguese - Portugal;Russian;Serbian;Simplified Chinese;Spanish - Spain;Traditional Chinese,Family Sharing;Full controller support;Remote Play on Phone;Remote Play on Tablet;Single-player;Steam Achievements;Steam Cloud;Steam Trading Cards,Adventure;Casual;Indie,3D;Adventure;Cartoony;Casual;Cats;Collectathon;Cute;Family Friendly;Hidden Object;Indie;Multiplayer;Point & Click;Puzzle;Relaxing;Singleplayer;Time Travel,"Hello explorers! My name is Professor Tim Edger, and I'm the inventor of the time machine and an avid cat lover! Sadly, I have a problem, and maybe YOU can help me. You see, my beloved cats are missing. While playing in the lab, they've activated my time machine and ⚡ ZAP ⚡, now they are lost in space and time! You have to travel from ancient Egypt, all the way to the streets of late 20. century New York, and even beyond the present - to future Tokyo. Your goal is to find all the cats! Please be","{""text_match"": 0.00041786896, ""cosine_similarity"": 0.6133749, ""reranker_score"": -5.5759172}"
2026-02-10T19:45:11+00:00,CORTEX_DB.RAW.CAT_GAMES_SVC_1_5,default,hidden cats + time manipulation: you rewind time / a timeline slider to find cats across different eras,hidden cats + time manipulation: you rewind time / a timeline slider to find cats across different eras,[],,False,,,,reranker_heavy,0.65,10,100,0,1126,1126,,01c25361-0005-0847-0001-397a0006c45a,,39,39,,6e-06,6e-06,,6e-06,,,,,[],[],[],[],[],[],,,,,,,True,False,[],[],,,,[],[],,,,3,Hidden Cats - Winter,0.7792111349999999,2024,English;French;German;Italian;Japanese;Korean;Portuguese - Portugal;Russian;Simplified Chinese;Spanish - Spain,Family Sharing;Single-player;Steam Achievements,Adventure;Casual,2D;Adventure;Cartoon;Cartoony;Casual;Cats;Colorful;Cozy;Creature Collector;Cute;Family Friendly;Funny;Hand-drawn;Hidden Object;Point & Click;Puzzle;Relaxing;Singleplayer;Stylized;Wholesome,"Dive into the enchanting world of 'Hidden Cats - Winter' a hidden object game where your mission is to uncover every cat hidden within stunning hand-painted artwork. Let your keen eye and curiosity guide you through this captivating journey. ※ Key Features: 😺 100 Hidden Cats: Discover 100 hidden cats scattered throughout the artwork. 💡 Unlimited Hints: Stuck? Use unlimited hints to find the hidden cats and keep progressing. 🎵 Custom Music: Enjoy unique background music for the artwork, enhancing","{""text_match"": 0.057795964, ""cosine_similarity"": 0.55842227, ""reranker_score"": -4.7002}"
2026-02-10T19:45:11+00:00,CORTEX_DB.RAW.CAT_GAMES_SVC_1_5,default,hidden cats + time manipulation: you rewind time / a timeline slider to find cats across different eras,hidden cats + time manipulation: you rewind time / a timeline slider to find cats across different eras,[],,False,,,,reranker_heavy,0.65,10,100,0,1126,1126,,01c25361-0005-0847-0001-397a0006c45a,,39,39,,6e-06,6e-06,,6e-06,,,,,[],[],[],[],[],[],,,,,,,True,False,[],[],,,,[],[],,,,4,Hidden Cats - Zoo,0.78059718,2024,English;French;German;Italian;Japanese;Korean;Portuguese - Portugal;Russian;Simplified Chinese;Spanish - Spain,Family Sharing;Single-player;Steam Achievements,Adventure;Casual,2D;Adventure;Cartoon;Cartoony;Casual;Cats;Colorful;Cozy;Creature Collector;Cute;Family Friendly;Funny;Hand-drawn;Hidden Object;Point & Click;Puzzle;Relaxing;Singleplayer;Stylized;Wholesome,"Dive into the enchanting world of 'Hidden Cats - Zoo' a hidden object game where your mission is to uncover every cat hidden within stunning hand-painted artwork. Let your keen eye and curiosity guide you through this captivating journey. ※ Key Features: 😺 100 Hidden Cats: Discover 100 hidden cats scattered throughout the artwork. 💡 Unlimited Hints: Stuck? Use unlimited hints to find the hidden cats and keep progressing. 🎵 Custom Music: Enjoy unique background music for the artwork, enhancing yo","{""text_match"": 0.057795964, ""cosine_similarity"": 0.56119436, ""reranker_score"": -4.77793}"
2026-02-10T19:45:11+00:00,CORTEX_DB.RAW.CAT_GAMES_SVC_1_5,default,hidden cats + time manipulation: you rewind time / a timeline slider to find cats across different eras,hidden cats + time manipulation: you rewind time / a timeline slider to find cats across different eras,[],,False,,,,reranker_heavy,0.65,10,100,0,1126,1126,,01c25361-0005-0847-0001-397a0006c45a,,39,39,,6e-06,6e-06,,6e-06,,,,,[],[],[],[],[],[],,,,,,,True,False,[],[],,,,[],[],,,,5,Hidden Cats - Easter,0.7721994,2025,English;French;German;Italian;Japanese;Korean;Portuguese - Portugal;Russian;Simplified Chinese;Spanish - Spain,Family Sharing;Single-player;Steam Achievements,Casual,2D;Cartoon;Cartoony;Casual;Cats;Colorful;Creature Collector;Cute;Family Friendly;Funny;Hand-drawn;Hidden Object;Point & Click;Puzzle;Relaxing;Singleplayer;Stylized;Wholesome,"Dive into the enchanting world of 'Hidden Cats - Easter' a hidden object game where your mission is to uncover every cat hidden within stunning hand-painted artwork. Let your keen eye and curiosity guide you through this captivating journey. ※ Key Features: 😺 100 Hidden Cats: Discover 100 hidden cats scattered throughout the artwork. 💡 Unlimited Hints: Stuck? Use unlimited hints to find the hidden cats and keep progressing. 🎵 Custom Music: Enjoy unique background music for the artwork, enhancing","{""text_match"": 0.057795964, ""cosine_similarity"": 0.5443988, ""reranker_score"": -4.7023044}"
2026-02-10T19:45:11+00:00,CORTEX_DB.RAW.CAT_GAMES_SVC_1_5,default,hidden cats + time manipulation: you rewind time / a timeline slider to find cats across different eras,hidden cats + time manipulation: you rewind time / a timeline slider to find cats across different eras,[],,False,,,,reranker_heavy,0.65,10,100,0,1126,1126,,01c25361-0005-0847-0001-397a0006c45a,,39,39,,6e-06,6e-06,,6e-06,,,,,[],[],[],[],[],[],,,,,,,True,False,[],[],,,,[],[],,,,6,Hidden Cats: Magic Forest,0.767878175,2023,English;French;German;Italian;Japanese;Korean;Portuguese - Portugal;Simplified Chinese;Spanish - Spain;Turkish,Family Sharing;Full controller support;Single-player;Steam Achievements,Casual;Indie,3D;Atmospheric;Casual;Cats;Colorful;Creature Collector;Cute;Exploration;Family Friendly;Hidden Object;Indie;Isometric;Minimalist;Nature;Point & Click;Puzzle;Relaxing;Singleplayer;Tutorial;Wholesome,"Hidden Cats: Magic Forest is a hidden object game where you'll search for hidden cats while exploring the mysteries of the magical forest. Find cats in black, white, and orange colors. Lift old trees and plant saplings in their place to create new trees. Discover the Hidden Egyptian Cat God. Learn interesting facts about cats. Touch the magical texture of the forest and interact with other surprise objects to earn all the achievements. If you enjoy games like 'A Building Full of Cats' and 'Hidde","{""text_match"": 0.07765368, ""cosine_similarity"": 0.53575635, ""reranker_score"": -4.8198256}"
2026-02-10T19:45:11+00:00,CORTEX_DB.RAW.CAT_GAMES_SVC_1_5,default,hidden cats + time manipulation: you rewind time / a timeline slider to find cats across different eras,hidden cats + time manipulation: you rewind time / a timeline slider to find cats across different eras,[],,False,,,,reranker_heavy,0.65,10,100,0,1126,1126,,01c25361-0005-0847-0001-397a0006c45a,,39,39,,6e-06,6e-06,,6e-06,,,,,[],[],[],[],[],[],,,,,,,True,False,[],[],,,,[],[],,,,7,Cats Hidden in Germany,0.7594803999999999,2024,Arabic;English;French;German;Indonesian;Italian;Japanese;Korean;Polish;Portuguese - Brazil;Portuguese - Portugal;Russian;Simplified Chinese;Spanish - Latin America;Spanish - Spain;Thai;Traditional Chinese;Turkish;Ukrainian,Color Alternatives;Custom Volume Controls;Family Sharing;Full controller support;Mouse Only Option;Playable without Timed Input;Save Anytime;Single-player;Steam Achievements;Steam Cloud;Steam Trading Cards;Touch Only Option,Casual;Indie,Cartoony;Casual;Cats;Collectathon;Controller;Cozy;Creature Collector;Cute;Exploration;Hand-drawn;Hidden Object;Indie;Minimalist;Point & Click;Puzzle;Relaxing;Score Attack;Singleplayer;Time Attack;Wholesome,"Cats Hidden in Germany is a cute hidden object game set in medieval Germany. 100 cats are waiting for you to be discovered within a hand-drawn background. Relax thanks to the chill soundtrack Found a cat? Click on it! Features 🐾 1 Level, 100 cats ❔ Easter Eggs 💡 Hint System ⏰ Timer mode with leaderboard ⚙️ In-game Settings","{""text_match"": 0.0011796332, ""cosine_similarity"": 0.5189608, ""reranker_score"": -5.352621}"
2026-02-10T19:45:11+00:00,CORTEX_DB.RAW.CAT_GAMES_SVC_1_5,default,hidden cats + time manipulation: you rewind time / a timeline slider to find cats across different eras,hidden cats + time manipulation: you rewind time / a timeline slider to find cats across different eras,[],,False,,,,reranker_heavy,0.65,10,100,0,1126,1126,,01c25361-0005-0847-0001-397a0006c45a,,39,39,,6e-06,6e-06,,6e-06,,,,,[],[],[],[],[],[],,,,,,,True,False,[],[],,,,[],[],,,,8,Hidden Cats: Rome,0.7620079,2025,Czech;English;Japanese;Russian,Family Sharing;Single-player;Steam Achievements;Steam Cloud,Casual;Indie,2D;Casual;Cats;Cute;Family Friendly;Hand-drawn;Hidden Object;Indie;Point & Click;Puzzle;Singleplayer,Explore the amazing hand-drawn ancient rome world and find cleverly hidden cute cats. Nice background music will provide complete relaxation) Suitable for the whole family) Game Features: 100 hidden cats There is a hint The map is colorable 2.5D effect Customize brightness Saving progress Scaling Relaxing music,"{""text_match"": 0.053332493, ""cosine_similarity"": 0.5240158, ""reranker_score"": -5.8139954}"
2026-02-10T19:45:11+00:00,CORTEX_DB.RAW.CAT_GAMES_SVC_1_5,default,hidden cats + time manipulation: you rewind time / a timeline slider to find cats across different eras,hidden cats + time manipulation: you rewind time / a timeline slider to find cats across different eras,[],,False,,,,reranker_heavy,0.65,10,100,0,1126,1126,,01c25361-0005-0847-0001-397a0006c45a,,39,39,,6e-06,6e-06,,6e-06,,,,,[],[],[],[],[],[],,,,,,,True,False,[],[],,,,[],[],,,,9,Timelie,0.76037723,2020,English;French;German;Italian;Japanese;Korean;Portuguese - Brazil;Russian;Simplified Chinese;Spanish - Spain;Thai;Traditional Chinese;Turkish,Family Sharing;Full controller support;Single-player;Steam Achievements;Steam Cloud;Steam Trading Cards,Adventure;Indie;Strategy,3D;Adventure;Anime;Atmospheric;Cats;Cute;Difficult;Female Protagonist;Indie;Isometric;Point & Click;Puzzle;Puzzle-Platformer;Relaxing;Sci-fi;Singleplayer;Stealth;Tactical;Third Person;Time Manipulation,"Every second matters in Timelie, a stealth puzzle adventure, where you control time like a media player. Perceive future events to plan your escape strategy from the past, sneak an enemy, and manipulate time through this companionship journey of a mysterious cat and a little girl with a precognitive power. The Timeline ability gives players the power to control time just like a media player. Drag the Timeline left to rewind time and undo your past mistakes. Drag it right to watch your future unf","{""text_match"": 0.06028719, ""cosine_similarity"": 0.52075446, ""reranker_score"": -5.879028}"
2026-02-10T19:45:11+00:00,CORTEX_DB.RAW.CAT_GAMES_SVC_1_5,default,hidden cats + time manipulation: you rewind time / a timeline slider to find cats across different eras,hidden cats + time manipulation: you rewind time / a timeline slider to find cats across different eras,[],,False,,,,reranker_heavy,0.65,10,100,0,1126,1126,,01c25361-0005-0847-0001-397a0006c45a,,39,39,,6e-06,6e-06,,6e-06,,,,,[],[],[],[],[],[],,,,,,,True,False,[],[],,,,[],[],,,,10,时间之神的猫,0.7692642199999999,2021,English;Simplified Chinese,Family Sharing;Single-player,Casual;Indie;Strategy,2D;Cartoon;Casual;Cats;Colorful;Cute;Difficult;Fantasy;Indie;Logic;Pixel Graphics;Puzzle;Singleplayer;Strategy;Time Management;Time Manipulation;Time Travel,"A holy cat came to the mortal world to eat fish. It has no frontal combat capability, nor can it sneak in stealth. But it has its own unique skill-time travel. When the mortal guards followed the timeline to track the cat's figure, they had fallen into a trap. By rationally planning when to appear, the cat will play around with the guard. After eating countless fish, the cat discovered that the most powerful force is not time travel, but wisdom. Cat just want to eat fish There is no complicated ","{""text_match"": 0.029840453, ""cosine_similarity"": 0.53852844, ""reranker_score"": -6.2866282}"
2026-02-10T19:45:12+00:00,CORTEX_DB.RAW.CAT_GAMES_SVC_1_5,default,hidden cats + time manipulation: you rewind time / a timeline slider to find cats across different eras,hidden cats + time manipulation: you rewind time / a timeline slider to find cats across different eras,[],,False,,,,reranker_heavy,0.75,10,100,0,1058,1058,,01c25361-0005-0847-0001-397a0006c45e,,52,52,,8e-06,8e-06,,8e-06,,,,,[],[],[],[],[],[],,,,,,,True,False,[],[],,,,[],[],,,,1,Cats Hidden Timeline,0.8393818,2024,Arabic;Czech;Danish;English;Finnish;French;German;Hungarian;Indonesian;Italian;Japanese;Korean;Norwegian;Polish;Portuguese - Brazil;Romanian;Russian;Simplified Chinese;Spanish - Spain;Swedish;Thai;Traditional Chinese;Turkish;Ukrainian;Vietnamese,Family Sharing;Single-player;Steam Achievements,Casual;Indie,3D;Atmospheric;Casual;Hidden Object;Indie;Puzzle;Singleplayer;Time Manipulation,"Cats Hidden Timeline has 200 cats hidden in various places in the town, forest, farm, amusement park, and house. Use the seek bar to move forward or backward in time to find the cats hiding in the grass, under chairs, in boxes, and more. 🎮 10 levels 😻 200 hidden cats 🏆 10 Achievements","{""text_match"": 0.063739456, ""cosine_similarity"": 0.6787636, ""reranker_score"": -2.322325}"
2026-02-10T19:45:12+00:00,CORTEX_DB.RAW.CAT_GAMES_SVC_1_5,default,hidden cats + time manipulation: you rewind time / a timeline slider to find cats across different eras,hidden cats + time manipulation: you rewind time / a timeline slider to find cats across different eras,[],,False,,,,reranker_heavy,0.75,10,100,0,1058,1058,,01c25361-0005-0847-0001-397a0006c45e,,52,52,,8e-06,8e-06,,8e-06,,,,,[],[],[],[],[],[],,,,,,,True,False,[],[],,,,[],[],,,,2,Cats in Time,0.80668745,2021,Arabic;Bosnian;Croatian;English;French;German;Italian;Japanese;Korean;Portuguese - Portugal;Russian;Serbian;Simplified Chinese;Spanish - Spain;Traditional Chinese,Family Sharing;Full controller support;Remote Play on Phone;Remote Play on Tablet;Single-player;Steam Achievements;Steam Cloud;Steam Trading Cards,Adventure;Casual;Indie,3D;Adventure;Cartoony;Casual;Cats;Collectathon;Cute;Family Friendly;Hidden Object;Indie;Multiplayer;Point & Click;Puzzle;Relaxing;Singleplayer;Time Travel,"Hello explorers! My name is Professor Tim Edger, and I'm the inventor of the time machine and an avid cat lover! Sadly, I have a problem, and maybe YOU can help me. You see, my beloved cats are missing. While playing in the lab, they've activated my time machine and ⚡ ZAP ⚡, now they are lost in space and time! You have to travel from ancient Egypt, all the way to the streets of late 20. century New York, and even beyond the present - to future Tokyo. Your goal is to find all the cats! Please be","{""text_match"": 0.00041786896, ""cosine_similarity"": 0.6133749, ""reranker_score"": -5.5759172}"
2026-02-10T19:45:12+00:00,CORTEX_DB.RAW.CAT_GAMES_SVC_1_5,default,hidden cats + time manipulation: you rewind time / a timeline slider to find cats across different eras,hidden cats + time manipulation: you rewind time / a timeline slider to find cats across different eras,[],,False,,,,reranker_heavy,0.75,10,100,0,1058,1058,,01c25361-0005-0847-0001-397a0006c45e,,52,52,,8e-06,8e-06,,8e-06,,,,,[],[],[],[],[],[],,,,,,,True,False,[],[],,,,[],[],,,,3,Hidden Cats - Winter,0.7792111349999999,2024,English;French;German;Italian;Japanese;Korean;Portuguese - Portugal;Russian;Simplified Chinese;Spanish - Spain,Family Sharing;Single-player;Steam Achievements,Adventure;Casual,2D;Adventure;Cartoon;Cartoony;Casual;Cats;Colorful;Cozy;Creature Collector;Cute;Family Friendly;Funny;Hand-drawn;Hidden Object;Point & Click;Puzzle;Relaxing;Singleplayer;Stylized;Wholesome,"Dive into the enchanting world of 'Hidden Cats - Winter' a hidden object game where your mission is to uncover every cat hidden within stunning hand-painted artwork. Let your keen eye and curiosity guide you through this captivating journey. ※ Key Features: 😺 100 Hidden Cats: Discover 100 hidden cats scattered throughout the artwork. 💡 Unlimited Hints: Stuck? Use unlimited hints to find the hidden cats and keep progressing. 🎵 Custom Music: Enjoy unique background music for the artwork, enhancing","{""text_match"": 0.057795964, ""cosine_similarity"": 0.55842227, ""reranker_score"": -4.7002}"
2026-02-10T19:45:12+00:00,CORTEX_DB.RAW.CAT_GAMES_SVC_1_5,default,hidden cats + time manipulation: you rewind time / a timeline slider to find cats across different eras,hidden cats + time manipulation: you rewind time / a timeline slider to find cats across different eras,[],,False,,,,reranker_heavy,0.75,10,100,0,1058,1058,,01c25361-0005-0847-0001-397a0006c45e,,52,52,,8e-06,8e-06,,8e-06,,,,,[],[],[],[],[],[],,,,,,,True,False,[],[],,,,[],[],,,,4,Hidden Cats - Zoo,0.78059718,2024,English;French;German;Italian;Japanese;Korean;Portuguese - Portugal;Russian;Simplified Chinese;Spanish - Spain,Family Sharing;Single-player;Steam Achievements,Adventure;Casual,2D;Adventure;Cartoon;Cartoony;Casual;Cats;Colorful;Cozy;Creature Collector;Cute;Family Friendly;Funny;Hand-drawn;Hidden Object;Point & Click;Puzzle;Relaxing;Singleplayer;Stylized;Wholesome,"Dive into the enchanting world of 'Hidden Cats - Zoo' a hidden object game where your mission is to uncover every cat hidden within stunning hand-painted artwork. Let your keen eye and curiosity guide you through this captivating journey. ※ Key Features: 😺 100 Hidden Cats: Discover 100 hidden cats scattered throughout the artwork. 💡 Unlimited Hints: Stuck? Use unlimited hints to find the hidden cats and keep progressing. 🎵 Custom Music: Enjoy unique background music for the artwork, enhancing yo","{""text_match"": 0.057795964, ""cosine_similarity"": 0.56119436, ""reranker_score"": -4.77793}"
2026-02-10T19:45:12+00:00,CORTEX_DB.RAW.CAT_GAMES_SVC_1_5,default,hidden cats + time manipulation: you rewind time / a timeline slider to find cats across different eras,hidden cats + time manipulation: you rewind time / a timeline slider to find cats across different eras,[],,False,,,,reranker_heavy,0.75,10,100,0,1058,1058,,01c25361-0005-0847-0001-397a0006c45e,,52,52,,8e-06,8e-06,,8e-06,,,,,[],[],[],[],[],[],,,,,,,True,False,[],[],,,,[],[],,,,5,Hidden Cats - Easter,0.7721994,2025,English;French;German;Italian;Japanese;Korean;Portuguese - Portugal;Russian;Simplified Chinese;Spanish - Spain,Family Sharing;Single-player;Steam Achievements,Casual,2D;Cartoon;Cartoony;Casual;Cats;Colorful;Creature Collector;Cute;Family Friendly;Funny;Hand-drawn;Hidden Object;Point & Click;Puzzle;Relaxing;Singleplayer;Stylized;Wholesome,"Dive into the enchanting world of 'Hidden Cats - Easter' a hidden object game where your mission is to uncover every cat hidden within stunning hand-painted artwork. Let your keen eye and curiosity guide you through this captivating journey. ※ Key Features: 😺 100 Hidden Cats: Discover 100 hidden cats scattered throughout the artwork. 💡 Unlimited Hints: Stuck? Use unlimited hints to find the hidden cats and keep progressing. 🎵 Custom Music: Enjoy unique background music for the artwork, enhancing","{""text_match"": 0.057795964, ""cosine_similarity"": 0.5443988, ""reranker_score"": -4.7023044}"
2026-02-10T19:45:12+00:00,CORTEX_DB.RAW.CAT_GAMES_SVC_1_5,default,hidden cats + time manipulation: you rewind time / a timeline slider to find cats across different eras,hidden cats + time manipulation: you rewind time / a timeline slider to find cats across different eras,[],,False,,,,reranker_heavy,0.75,10,100,0,1058,1058,,01c25361-0005-0847-0001-397a0006c45e,,52,52,,8e-06,8e-06,,8e-06,,,,,[],[],[],[],[],[],,,,,,,True,False,[],[],,,,[],[],,,,6,Hidden Cats: Magic Forest,0.767878175,2023,English;French;German;Italian;Japanese;Korean;Portuguese - Portugal;Simplified Chinese;Spanish - Spain;Turkish,Family Sharing;Full controller support;Single-player;Steam Achievements,Casual;Indie,3D;Atmospheric;Casual;Cats;Colorful;Creature Collector;Cute;Exploration;Family Friendly;Hidden Object;Indie;Isometric;Minimalist;Nature;Point & Click;Puzzle;Relaxing;Singleplayer;Tutorial;Wholesome,"Hidden Cats: Magic Forest is a hidden object game where you'll search for hidden cats while exploring the mysteries of the magical forest. Find cats in black, white, and orange colors. Lift old trees and plant saplings in their place to create new trees. Discover the Hidden Egyptian Cat God. Learn interesting facts about cats. Touch the magical texture of the forest and interact with other surprise objects to earn all the achievements. If you enjoy games like 'A Building Full of Cats' and 'Hidde","{""text_match"": 0.07765368, ""cosine_similarity"": 0.53575635, ""reranker_score"": -4.8198256}"
2026-02-10T19:45:12+00:00,CORTEX_DB.RAW.CAT_GAMES_SVC_1_5,default,hidden cats + time manipulation: you rewind time / a timeline slider to find cats across different eras,hidden cats + time manipulation: you rewind time / a timeline slider to find cats across different eras,[],,False,,,,reranker_heavy,0.75,10,100,0,1058,1058,,01c25361-0005-0847-0001-397a0006c45e,,52,52,,8e-06,8e-06,,8e-06,,,,,[],[],[],[],[],[],,,,,,,True,False,[],[],,,,[],[],,,,7,Cats Hidden in Germany,0.7594803999999999,2024,Arabic;English;French;German;Indonesian;Italian;Japanese;Korean;Polish;Portuguese - Brazil;Portuguese - Portugal;Russian;Simplified Chinese;Spanish - Latin America;Spanish - Spain;Thai;Traditional Chinese;Turkish;Ukrainian,Color Alternatives;Custom Volume Controls;Family Sharing;Full controller support;Mouse Only Option;Playable without Timed Input;Save Anytime;Single-player;Steam Achievements;Steam Cloud;Steam Trading Cards;Touch Only Option,Casual;Indie,Cartoony;Casual;Cats;Collectathon;Controller;Cozy;Creature Collector;Cute;Exploration;Hand-drawn;Hidden Object;Indie;Minimalist;Point & Click;Puzzle;Relaxing;Score Attack;Singleplayer;Time Attack;Wholesome,"Cats Hidden in Germany is a cute hidden object game set in medieval Germany. 100 cats are waiting for you to be discovered within a hand-drawn background. Relax thanks to the chill soundtrack Found a cat? Click on it! Features 🐾 1 Level, 100 cats ❔ Easter Eggs 💡 Hint System ⏰ Timer mode with leaderboard ⚙️ In-game Settings","{""text_match"": 0.0011796332, ""cosine_similarity"": 0.5189608, ""reranker_score"": -5.352621}"
2026-02-10T19:45:12+00:00,CORTEX_DB.RAW.CAT_GAMES_SVC_1_5,default,hidden cats + time manipulation: you rewind time / a timeline slider to find cats across different eras,hidden cats + time manipulation: you rewind time / a timeline slider to find cats across different eras,[],,False,,,,reranker_heavy,0.75,10,100,0,1058,1058,,01c25361-0005-0847-0001-397a0006c45e,,52,52,,8e-06,8e-06,,8e-06,,,,,[],[],[],[],[],[],,,,,,,True,False,[],[],,,,[],[],,,,8,Hidden Cats: Rome,0.7620079,2025,Czech;English;Japanese;Russian,Family Sharing;Single-player;Steam Achievements;Steam Cloud,Casual;Indie,2D;Casual;Cats;Cute;Family Friendly;Hand-drawn;Hidden Object;Indie;Point & Click;Puzzle;Singleplayer,Explore the amazing hand-drawn ancient rome world and find cleverly hidden cute cats. Nice background music will provide complete relaxation) Suitable for the whole family) Game Features: 100 hidden cats There is a hint The map is colorable 2.5D effect Customize brightness Saving progress Scaling Relaxing music,"{""text_match"": 0.053332493, ""cosine_similarity"": 0.5240158, ""reranker_score"": -5.8139954}"
2026-02-10T19:45:12+00:00,CORTEX_DB.RAW.CAT_GAMES_SVC_1_5,default,hidden cats + time manipulation: you rewind time / a timeline slider to find cats across different eras,hidden cats + time manipulation: you rewind time / a timeline slider to find cats across different eras,[],,False,,,,reranker_heavy,0.75,10,100,0,1058,1058,,01c25361-0005-0847-0001-397a0006c45e,,52,52,,8e-06,8e-06,,8e-06,,,,,[],[],[],[],[],[],,,,,,,True,False,[],[],,,,[],[],,,,9,Timelie,0.76037723,2020,English;French;German;Italian;Japanese;Korean;Portuguese - Brazil;Russian;Simplified Chinese;Spanish - Spain;Thai;Traditional Chinese;Turkish,Family Sharing;Full controller support;Single-player;Steam Achievements;Steam Cloud;Steam Trading Cards,Adventure;Indie;Strategy,3D;Adventure;Anime;Atmospheric;Cats;Cute;Difficult;Female Protagonist;Indie;Isometric;Point & Click;Puzzle;Puzzle-Platformer;Relaxing;Sci-fi;Singleplayer;Stealth;Tactical;Third Person;Time Manipulation,"Every second matters in Timelie, a stealth puzzle adventure, where you control time like a media player. Perceive future events to plan your escape strategy from the past, sneak an enemy, and manipulate time through this companionship journey of a mysterious cat and a little girl with a precognitive power. The Timeline ability gives players the power to control time just like a media player. Drag the Timeline left to rewind time and undo your past mistakes. Drag it right to watch your future unf","{""text_match"": 0.06028719, ""cosine_similarity"": 0.52075446, ""reranker_score"": -5.879028}"
2026-02-10T19:45:12+00:00,CORTEX_DB.RAW.CAT_GAMES_SVC_1_5,default,hidden cats + time manipulation: you rewind time / a timeline slider to find cats across different eras,hidden cats + time manipulation: you rewind time / a timeline slider to find cats across different eras,[],,False,,,,reranker_heavy,0.75,10,100,0,1058,1058,,01c25361-0005-0847-0001-397a0006c45e,,52,52,,8e-06,8e-06,,8e-06,,,,,[],[],[],[],[],[],,,,,,,True,False,[],[],,,,[],[],,,,10,时间之神的猫,0.7692642199999999,2021,English;Simplified Chinese,Family Sharing;Single-player,Casual;Indie;Strategy,2D;Cartoon;Casual;Cats;Colorful;Cute;Difficult;Fantasy;Indie;Logic;Pixel Graphics;Puzzle;Singleplayer;Strategy;Time Management;Time Manipulation;Time Travel,"A holy cat came to the mortal world to eat fish. It has no frontal combat capability, nor can it sneak in stealth. But it has its own unique skill-time travel. When the mortal guards followed the timeline to track the cat's figure, they had fallen into a trap. By rationally planning when to appear, the cat will play around with the guard. After eating countless fish, the cat discovered that the most powerful force is not time travel, but wisdom. Cat just want to eat fish There is no complicated ","{""text_match"": 0.029840453, ""cosine_similarity"": 0.53852844, ""reranker_score"": -6.2866282}"
