timestamp_utc,service,scenario,original_query,rewritten_query,excluded_terms,rewrite_error,use_llm,llm_model,llm_max_tokens,temperature,scoring_profile,min_score,limit,candidate_limit,rewrite_ms,search_ms,request_ms,rewrite_query_id,search_query_id,rewrite_total_elapsed_ms,search_total_elapsed_ms,request_total_elapsed_ms,rewrite_cost_total_credits,search_cost_total_credits,request_cost_total_credits,rewrite_cost_cloud_services_credits,search_cost_cloud_services_credits,rewrite_cost_compute_credits,search_cost_compute_credits,rewrite_cost_query_accel_credits,search_cost_query_accel_credits,include_tags_raw,include_tags_matched,include_tags_unknown,supported_languages_raw,supported_languages_matched,supported_languages_unknown,release_year_raw,release_year_matched,attribute_filters_enabled,attribute_filter_tags,attribute_filter_supported_languages,attribute_filter_release_year,result_rank,result_name,result_score,release_year,supported_languages,categories,genres,tags,about_the_game,scores_json
2026-02-10T00:08:41+00:00,CORTEX_DB.RAW.CAT_GAMES_SVC_1_5,default,"cozy cat cafe management sim, but NOT a visual novel, NOT anime, avoid paid games","cozy cat cafe management sim, but NOT a visual novel, NOT anime, avoid paid games",[],,False,,,,balanced_default,0.3,10,100,0,697,697,,01c24ec8-0005-07f0-0001-397a0003f5ee,,43,43,,6e-06,6e-06,,6e-06,,,,,[],[],[],[],[],[],,,True,[],[],,1,Desktop Cat Cafe,0.8282407,2025,Arabic;Bulgarian;Czech;Danish;Dutch;English;Finnish;French;German;Greek;Hungarian;Indonesian;Italian;Japanese;Korean;Norwegian;Polish;Portuguese - Brazil;Portuguese - Portugal;Romanian;Russian;Simplified Chinese;Spanish - Latin America;Spanish - Spain;Swedish;Thai;Traditional Chinese;Turkish;Ukrainian;Vietnamese,Family Sharing;Single-player;Stats;Steam Achievements;Steam Cloud,Casual;Simulation,3D;Automation;Building;Casual;Cats;City Builder;Colorful;Cozy;Cute;Economy;Idler;Indie;Life Sim;Management;Nature;Relaxing;Sandbox;Simulation;Strategy;Stylized,"Desktop Cate Cafe is a cute, idle management game that lives at the bottom of your screen letting you work on other tasks while your cafe runs. Design your dream cafe, unlock delicious recipes, and automate your cafe with cute cat staff! Design Your Outdoor Cafe Build the perfect cafe with hundreds of customization options paired with an easy to use building system that lets your creativity shine. Unlock Delicious Recipes Progress by serving customers to unlock over 150 different recipes from co","{""text_match"": 0.07810198, ""cosine_similarity"": 0.6564814, ""reranker_score"": -2.2023993}"
2026-02-10T00:08:41+00:00,CORTEX_DB.RAW.CAT_GAMES_SVC_1_5,default,"cozy cat cafe management sim, but NOT a visual novel, NOT anime, avoid paid games","cozy cat cafe management sim, but NOT a visual novel, NOT anime, avoid paid games",[],,False,,,,balanced_default,0.3,10,100,0,697,697,,01c24ec8-0005-07f0-0001-397a0003f5ee,,43,43,,6e-06,6e-06,,6e-06,,,,,[],[],[],[],[],[],,,True,[],[],,2,Melo's cat cafe,0.80523245,2024,English;Japanese,Family Sharing;Single-player;Steam Achievements,Casual;Indie;Simulation,3D;Casual;Cute;Idler;Indie;Simulation;Singleplayer,"'Melo's Cat Cafe' is the perfect game for players who want to relax in a stress-free environment. Instead of chasing goals, players can simply enjoy spending time with the cats. Observe the cats as they eat and sleep, and find peace of mind in their calm presence. Main Features Spacious Mountain Home The game is set in a large house on top of a mountain with beautiful scenic views. 　　The view from the terrace is breathtaking. Free-Spirited Cats Free-spirited and independent cats make an appearan","{""text_match"": 0.0728874, ""cosine_similarity"": 0.6104649, ""reranker_score"": -5.763082}"
2026-02-10T00:08:41+00:00,CORTEX_DB.RAW.CAT_GAMES_SVC_1_5,default,"cozy cat cafe management sim, but NOT a visual novel, NOT anime, avoid paid games","cozy cat cafe management sim, but NOT a visual novel, NOT anime, avoid paid games",[],,False,,,,balanced_default,0.3,10,100,0,697,697,,01c24ec8-0005-07f0-0001-397a0003f5ee,,43,43,,6e-06,6e-06,,6e-06,,,,,[],[],[],[],[],[],,,True,[],[],,3,Calico,0.77924305,2020,English;French;German;Italian;Japanese;Korean;Portuguese - Brazil;Simplified Chinese;Spanish - Latin America,Camera Comfort;Color Alternatives;Custom Volume Controls;Family Sharing;Full controller support;Playable without Timed Input;Save Anytime;Single-player;Steam Achievements;Steam Cloud,Casual;Indie;RPG;Simulation,3D;Anime;Building;Casual;Cats;Character Customization;Cute;Dog;Family Friendly;Female Protagonist;Horses;Indie;LGBTQ+;Life Sim;Magic;Open World;RPG;Relaxing;Simulation;Singleplayer,"Calico is a day-in-the-life community sim game where you are given an important and adorable task: rebuild the town’s cat café and fill it with cute and cuddly creatures! Build up your café by filling it with cute furniture, fun decorations, yummy pastries, and get it bustling with animals again! Calico is meant to make you feel all warm and fuzzy inside. The gameplay reflects that with a laid back, low stress creative environment to explore and play in. Character Creator The Calico character cr","{""text_match"": 0.023536198, ""cosine_similarity"": 0.5584861, ""reranker_score"": -4.316521}"
2026-02-10T00:08:41+00:00,CORTEX_DB.RAW.CAT_GAMES_SVC_1_5,default,"cozy cat cafe management sim, but NOT a visual novel, NOT anime, avoid paid games","cozy cat cafe management sim, but NOT a visual novel, NOT anime, avoid paid games",[],,False,,,,balanced_default,0.3,10,100,0,697,697,,01c24ec8-0005-07f0-0001-397a0003f5ee,,43,43,,6e-06,6e-06,,6e-06,,,,,[],[],[],[],[],[],,,True,[],[],,4,My Fair Cat: Snow,0.79437805,2024,English;French;Japanese;Korean;Portuguese - Brazil;Russian;Simplified Chinese,Family Sharing;Single-player;Steam Achievements,Casual;Indie,Adventure;Anime;Cartoony;Casual;Cats;Choices Matter;Choose Your Own Adventure;Colorful;Cute;Dating Sim;Emotional;Female Protagonist;Immersive Sim;Interactive Fiction;Life Sim;Otome;Romance;Story Rich;Text-Based;Visual Novel,"Dive into a feel-good adventure of love, laughter, and cat companionship. Add My Fair Cat: Snow to your Steam wishlist and start spreading a little happiness today! Synopsis Recently moving to a new high school and not knowing anyone could have made for a dull routine, but everything changes when you save a stray cat. This single act of kindness sparks a chain of adventures that add a whole new layer of excitement in your daily life. As you're figuring out how to keep your new kitty content and ","{""text_match"": 0.027767744, ""cosine_similarity"": 0.5887561, ""reranker_score"": -7.3493514}"
2026-02-10T00:08:41+00:00,CORTEX_DB.RAW.CAT_GAMES_SVC_1_5,default,"cozy cat cafe management sim, but NOT a visual novel, NOT anime, avoid paid games","cozy cat cafe management sim, but NOT a visual novel, NOT anime, avoid paid games",[],,False,,,,balanced_default,0.3,10,100,0,697,697,,01c24ec8-0005-07f0-0001-397a0003f5ee,,43,43,,6e-06,6e-06,,6e-06,,,,,[],[],[],[],[],[],,,True,[],[],,5,Home Office Simulator,0.79086185,2023,English,Family Sharing;Single-player;Steam Achievements;Steam Cloud,Casual;Indie,Anime;Automation;Casual;Cats;Clicker;Colorful;Cute;Idler;Indie;Simulation;Singleplayer;Strategy,"Summary Help Ayame to work remotely, keeping her free of distractions and keeping her cat interested. Upgrade your home, move to new apartments, and take care of several cats. Upgrade your apartment objects so she can work without distractions or with less chance of getting interrupted by any distractions. Gameplay Move to seven unique apartments with different distractions and upgrades to be made. Upgrade and eliminate several distractions, including cats, computers, phone calls, and notificati","{""text_match"": 0.01088609, ""cosine_similarity"": 0.5817237, ""reranker_score"": -8.25431}"
2026-02-10T00:08:41+00:00,CORTEX_DB.RAW.CAT_GAMES_SVC_1_5,default,"cozy cat cafe management sim, but NOT a visual novel, NOT anime, avoid paid games","cozy cat cafe management sim, but NOT a visual novel, NOT anime, avoid paid games",[],,False,,,,balanced_default,0.3,10,100,0,697,697,,01c24ec8-0005-07f0-0001-397a0003f5ee,,43,43,,6e-06,6e-06,,6e-06,,,,,[],[],[],[],[],[],,,True,[],[],,6,NEKOPARA Vol. 3,0.784976,2017,English;Japanese;Traditional Chinese,Family Sharing;Single-player;Steam Achievements;Steam Cloud;Steam Trading Cards,Casual;Indie,2D;Adventure;Anime;Atmospheric;Casual;Cats;Cute;Dating Sim;Funny;Great Soundtrack;Hentai;Indie;NSFW;Nudity;Replay Value;Romance;Sexual Content;Singleplayer;Story Rich;Visual Novel,"Patisserie 'La Soleil', run by Kashou Minaduki, is flourishing thanks to the help of two catgirls: Maple, full of pride and a little on the haughty side, and Cinnamon, an impulsive daydreamer. These two are especially close among the rest of the sisters. One day, Maple encounters something that shakes her belief in attaining her dream. Cinnamon, unwilling to see Maple suffer, wishes to help her in any way possible... but she can't figure out how. This story is a heartwarming cat comedy about the","{""text_match"": 0.0044024386, ""cosine_similarity"": 0.569952, ""reranker_score"": -7.911607}"
2026-02-10T00:08:41+00:00,CORTEX_DB.RAW.CAT_GAMES_SVC_1_5,default,"cozy cat cafe management sim, but NOT a visual novel, NOT anime, avoid paid games","cozy cat cafe management sim, but NOT a visual novel, NOT anime, avoid paid games",[],,False,,,,balanced_default,0.3,10,100,0,697,697,,01c24ec8-0005-07f0-0001-397a0003f5ee,,43,43,,6e-06,6e-06,,6e-06,,,,,[],[],[],[],[],[],,,True,[],[],,7,Boba Simulator : Idle Shop Management,0.7638023,2022,Arabic;Bulgarian;Czech;Danish;Dutch;English;Finnish;French;German;Greek;Hungarian;Italian;Japanese;Korean;Norwegian;Polish;Portuguese - Brazil;Portuguese - Portugal;Romanian;Russian;Simplified Chinese;Spanish - Latin America;Spanish - Spain;Swedish;Thai;Traditional Chinese;Turkish;Ukrainian;Vietnamese,Camera Comfort;Custom Volume Controls;Family Sharing;Mouse Only Option;Playable without Timed Input;Single-player;Steam Achievements;Steam Leaderboards,Casual;Early Access;Indie;Simulation;Strategy,Automation;Cartoony;Casual;Cats;Clicker;Colorful;Cozy;Cute;Early Access;Family Friendly;Funny;Idler;Isometric;Management;Point & Click;Relaxing;Shop Keeper;Simulation;Singleplayer;Strategy,"Create mouthwatering recipes for ultimate customer satisfaction Experiment and refine your recipes through fun trial and error. Customers' preferences can change at any moment, so stay adaptable! Upgrade your shop and unlock new possibilities Invest wisely in upgrades and watch your business flourish. More exciting upgrades, like a delivery service, await you as you progress! Efficiently manage your stock and storage Purchase Boba Tea ingredients from the supermarket and optimize your limited st","{""text_match"": 0.012152763, ""cosine_similarity"": 0.5276046, ""reranker_score"": -6.252993}"
2026-02-10T00:08:41+00:00,CORTEX_DB.RAW.CAT_GAMES_SVC_1_5,default,"cozy cat cafe management sim, but NOT a visual novel, NOT anime, avoid paid games","cozy cat cafe management sim, but NOT a visual novel, NOT anime, avoid paid games",[],,False,,,,balanced_default,0.3,10,100,0,697,697,,01c24ec8-0005-07f0-0001-397a0003f5ee,,43,43,,6e-06,6e-06,,6e-06,,,,,[],[],[],[],[],[],,,True,[],[],,8,Sweet Delights: The Girl’s Cafe Quest,0.78023675,2025,English;French;German;Japanese;Korean;Polish;Portuguese - Portugal;Russian;Spanish - Spain;Traditional Chinese;Turkish;Ukrainian,Family Sharing;Single-player;Steam Achievements,Casual;Indie,Anime;Casual;Cats;Dating Sim;FPS;Female Protagonist;Hentai;Idler;Indie;Mature;NSFW;Nudity;Puzzle;RPG;Sexual Content;Simulation;Singleplayer;Visual Novel,"✨✨✨✨✨✨✨✨✨✨✨✨✨✨✨✨✨✨✨✨✨✨✨✨✨✨✨✨✨✨✨✨ ✨✨✨✨✨✨✨✨✨✨✨✨✨✨✨✨✨✨✨✨✨✨✨✨✨✨✨✨✨✨✨✨ 'Sweet Delights: The Girl’s Cafe Quest' — an engaging hidden object game where your ultimate reward is spending time with stunning anime girls. 🌸✨ Explore vibrant locations, find hidden items, and unlock new scenes featuring charming heroines. 🕵️‍♂️💖 Our game features a scroll system, allowing you to zoom in on important moments for a more immersive experience! 🚀🎮","{""text_match"": 0.013789082, ""cosine_similarity"": 0.5604735, ""reranker_score"": -8.148882}"
2026-02-10T00:08:41+00:00,CORTEX_DB.RAW.CAT_GAMES_SVC_1_5,default,"cozy cat cafe management sim, but NOT a visual novel, NOT anime, avoid paid games","cozy cat cafe management sim, but NOT a visual novel, NOT anime, avoid paid games",[],,False,,,,balanced_default,0.3,10,100,0,697,697,,01c24ec8-0005-07f0-0001-397a0003f5ee,,43,43,,6e-06,6e-06,,6e-06,,,,,[],[],[],[],[],[],,,True,[],[],,9,Catgirls From My Sweet Dream,0.78658122,2022,English;French;German;Italian;Japanese;Korean;Portuguese - Brazil;Portuguese - Portugal;Russian;Simplified Chinese;Spanish - Latin America;Spanish - Spain;Traditional Chinese;Ukrainian,Family Sharing;Single-player;Stats;Steam Achievements;Steam Cloud;Steam Leaderboards;Steam Trading Cards,Adventure;Casual;Indie,Anime;Casual;Cats;Colorful;Cute;Dating Sim;Fantasy;Funny;Hentai;Indie;Magic;Match 3;Mature;NSFW;Nudity;Puzzle;Relaxing;Sexual Content;Singleplayer;Visual Novel,"🌸Japanese treats and Catgirls 🌸 Catgirls From My Sweet Dream - a satirical visual novel with “Match 3” gameplay in the Magical Japanese Setting. 🌸Welcome to Nekoville – a small Japanese village located between the majestic and grandiose mountains. Local Catgirls are willing to treat you with traditional Japanese sweets, sushi and sashimi. You will meet cute Nekogirls and help them with their daily tasks, and in return they will help you out even more than you could expect. ♥ ♥FEATURES♥: Magical ","{""text_match"": 0.011742534, ""cosine_similarity"": 0.57316244, ""reranker_score"": -8.934364}"
2026-02-10T00:08:41+00:00,CORTEX_DB.RAW.CAT_GAMES_SVC_1_5,default,"cozy cat cafe management sim, but NOT a visual novel, NOT anime, avoid paid games","cozy cat cafe management sim, but NOT a visual novel, NOT anime, avoid paid games",[],,False,,,,balanced_default,0.3,10,100,0,697,697,,01c24ec8-0005-07f0-0001-397a0003f5ee,,43,43,,6e-06,6e-06,,6e-06,,,,,[],[],[],[],[],[],,,True,[],[],,10,Nekokami - The Human Restoration Project,0.76915305,2024,English;Japanese;Simplified Chinese,Adjustable Difficulty;Adjustable Text Size;Camera Comfort;Co-op;Custom Volume Controls;Family Sharing;Full controller support;Mouse Only Option;Multi-player;Playable without Timed Input;Shared/Split Screen;Shared/Split Screen Co-op;Single-player;Steam Achievements;Steam Cloud,Adventure;Casual;Early Access;Indie;RPG,3D;Building;Casual;Cats;Colorful;Cozy;Cute;Early Access;Family Friendly;Funny;Hand-drawn;Immersive Sim;Indie;Life Sim;Local Co-Op;Nature;Puzzle;RPG;Relaxing;Story Rich,"✨ Nekokami is a meditative, calming tile building game where you play as a time-traveler to a far future Milky Way managed by... benevolent Future Cats with super advanced technologies. Why it has to be the Cats? And where are the Humans?     In Nekokami, you will: 🌏 Create beautiful worlds of natural habitats and human settlements with strategic, or spontaneous, placement of tiles in a unique hand-drawn-like art style. 🌌 Follow an epic, whimsical yet heartwarming story of Human-Cat friendship, ","{""text_match"": 0.008591051, ""cosine_similarity"": 0.5383061, ""reranker_score"": -7.666398}"
2026-02-10T00:08:42+00:00,CORTEX_DB.RAW.CAT_GAMES_SVC_1_5,default,"cozy cat cafe management sim, but NOT a visual novel, NOT anime, avoid paid games","cozy cat cafe management sim, but NOT a visual novel, NOT anime, avoid paid games",[],,False,,,,balanced_default,0.65,10,100,0,485,485,,01c24ec8-0005-07ef-0001-397a000411f2,,51,51,,8e-06,8e-06,,8e-06,,,,,[],[],[],[],[],[],,,True,[],[],,1,Desktop Cat Cafe,0.8282407,2025,Arabic;Bulgarian;Czech;Danish;Dutch;English;Finnish;French;German;Greek;Hungarian;Indonesian;Italian;Japanese;Korean;Norwegian;Polish;Portuguese - Brazil;Portuguese - Portugal;Romanian;Russian;Simplified Chinese;Spanish - Latin America;Spanish - Spain;Swedish;Thai;Traditional Chinese;Turkish;Ukrainian;Vietnamese,Family Sharing;Single-player;Stats;Steam Achievements;Steam Cloud,Casual;Simulation,3D;Automation;Building;Casual;Cats;City Builder;Colorful;Cozy;Cute;Economy;Idler;Indie;Life Sim;Management;Nature;Relaxing;Sandbox;Simulation;Strategy;Stylized,"Desktop Cate Cafe is a cute, idle management game that lives at the bottom of your screen letting you work on other tasks while your cafe runs. Design your dream cafe, unlock delicious recipes, and automate your cafe with cute cat staff! Design Your Outdoor Cafe Build the perfect cafe with hundreds of customization options paired with an easy to use building system that lets your creativity shine. Unlock Delicious Recipes Progress by serving customers to unlock over 150 different recipes from co","{""text_match"": 0.07810198, ""cosine_similarity"": 0.6564814, ""reranker_score"": -2.2023993}"
2026-02-10T00:08:42+00:00,CORTEX_DB.RAW.CAT_GAMES_SVC_1_5,default,"cozy cat cafe management sim, but NOT a visual novel, NOT anime, avoid paid games","cozy cat cafe management sim, but NOT a visual novel, NOT anime, avoid paid games",[],,False,,,,balanced_default,0.65,10,100,0,485,485,,01c24ec8-0005-07ef-0001-397a000411f2,,51,51,,8e-06,8e-06,,8e-06,,,,,[],[],[],[],[],[],,,True,[],[],,2,Melo's cat cafe,0.80523245,2024,English;Japanese,Family Sharing;Single-player;Steam Achievements,Casual;Indie;Simulation,3D;Casual;Cute;Idler;Indie;Simulation;Singleplayer,"'Melo's Cat Cafe' is the perfect game for players who want to relax in a stress-free environment. Instead of chasing goals, players can simply enjoy spending time with the cats. Observe the cats as they eat and sleep, and find peace of mind in their calm presence. Main Features Spacious Mountain Home The game is set in a large house on top of a mountain with beautiful scenic views. 　　The view from the terrace is breathtaking. Free-Spirited Cats Free-spirited and independent cats make an appearan","{""text_match"": 0.0728874, ""cosine_similarity"": 0.6104649, ""reranker_score"": -5.763082}"
2026-02-10T00:08:42+00:00,CORTEX_DB.RAW.CAT_GAMES_SVC_1_5,default,"cozy cat cafe management sim, but NOT a visual novel, NOT anime, avoid paid games","cozy cat cafe management sim, but NOT a visual novel, NOT anime, avoid paid games",[],,False,,,,balanced_default,0.65,10,100,0,485,485,,01c24ec8-0005-07ef-0001-397a000411f2,,51,51,,8e-06,8e-06,,8e-06,,,,,[],[],[],[],[],[],,,True,[],[],,3,Calico,0.77924305,2020,English;French;German;Italian;Japanese;Korean;Portuguese - Brazil;Simplified Chinese;Spanish - Latin America,Camera Comfort;Color Alternatives;Custom Volume Controls;Family Sharing;Full controller support;Playable without Timed Input;Save Anytime;Single-player;Steam Achievements;Steam Cloud,Casual;Indie;RPG;Simulation,3D;Anime;Building;Casual;Cats;Character Customization;Cute;Dog;Family Friendly;Female Protagonist;Horses;Indie;LGBTQ+;Life Sim;Magic;Open World;RPG;Relaxing;Simulation;Singleplayer,"Calico is a day-in-the-life community sim game where you are given an important and adorable task: rebuild the town’s cat café and fill it with cute and cuddly creatures! Build up your café by filling it with cute furniture, fun decorations, yummy pastries, and get it bustling with animals again! Calico is meant to make you feel all warm and fuzzy inside. The gameplay reflects that with a laid back, low stress creative environment to explore and play in. Character Creator The Calico character cr","{""text_match"": 0.023536198, ""cosine_similarity"": 0.5584861, ""reranker_score"": -4.316521}"
2026-02-10T00:08:42+00:00,CORTEX_DB.RAW.CAT_GAMES_SVC_1_5,default,"cozy cat cafe management sim, but NOT a visual novel, NOT anime, avoid paid games","cozy cat cafe management sim, but NOT a visual novel, NOT anime, avoid paid games",[],,False,,,,balanced_default,0.65,10,100,0,485,485,,01c24ec8-0005-07ef-0001-397a000411f2,,51,51,,8e-06,8e-06,,8e-06,,,,,[],[],[],[],[],[],,,True,[],[],,4,My Fair Cat: Snow,0.79437805,2024,English;French;Japanese;Korean;Portuguese - Brazil;Russian;Simplified Chinese,Family Sharing;Single-player;Steam Achievements,Casual;Indie,Adventure;Anime;Cartoony;Casual;Cats;Choices Matter;Choose Your Own Adventure;Colorful;Cute;Dating Sim;Emotional;Female Protagonist;Immersive Sim;Interactive Fiction;Life Sim;Otome;Romance;Story Rich;Text-Based;Visual Novel,"Dive into a feel-good adventure of love, laughter, and cat companionship. Add My Fair Cat: Snow to your Steam wishlist and start spreading a little happiness today! Synopsis Recently moving to a new high school and not knowing anyone could have made for a dull routine, but everything changes when you save a stray cat. This single act of kindness sparks a chain of adventures that add a whole new layer of excitement in your daily life. As you're figuring out how to keep your new kitty content and ","{""text_match"": 0.027767744, ""cosine_similarity"": 0.5887561, ""reranker_score"": -7.3493514}"
2026-02-10T00:08:42+00:00,CORTEX_DB.RAW.CAT_GAMES_SVC_1_5,default,"cozy cat cafe management sim, but NOT a visual novel, NOT anime, avoid paid games","cozy cat cafe management sim, but NOT a visual novel, NOT anime, avoid paid games",[],,False,,,,balanced_default,0.65,10,100,0,485,485,,01c24ec8-0005-07ef-0001-397a000411f2,,51,51,,8e-06,8e-06,,8e-06,,,,,[],[],[],[],[],[],,,True,[],[],,5,Home Office Simulator,0.79086185,2023,English,Family Sharing;Single-player;Steam Achievements;Steam Cloud,Casual;Indie,Anime;Automation;Casual;Cats;Clicker;Colorful;Cute;Idler;Indie;Simulation;Singleplayer;Strategy,"Summary Help Ayame to work remotely, keeping her free of distractions and keeping her cat interested. Upgrade your home, move to new apartments, and take care of several cats. Upgrade your apartment objects so she can work without distractions or with less chance of getting interrupted by any distractions. Gameplay Move to seven unique apartments with different distractions and upgrades to be made. Upgrade and eliminate several distractions, including cats, computers, phone calls, and notificati","{""text_match"": 0.01088609, ""cosine_similarity"": 0.5817237, ""reranker_score"": -8.25431}"
2026-02-10T00:08:42+00:00,CORTEX_DB.RAW.CAT_GAMES_SVC_1_5,default,"cozy cat cafe management sim, but NOT a visual novel, NOT anime, avoid paid games","cozy cat cafe management sim, but NOT a visual novel, NOT anime, avoid paid games",[],,False,,,,balanced_default,0.65,10,100,0,485,485,,01c24ec8-0005-07ef-0001-397a000411f2,,51,51,,8e-06,8e-06,,8e-06,,,,,[],[],[],[],[],[],,,True,[],[],,6,NEKOPARA Vol. 3,0.784976,2017,English;Japanese;Traditional Chinese,Family Sharing;Single-player;Steam Achievements;Steam Cloud;Steam Trading Cards,Casual;Indie,2D;Adventure;Anime;Atmospheric;Casual;Cats;Cute;Dating Sim;Funny;Great Soundtrack;Hentai;Indie;NSFW;Nudity;Replay Value;Romance;Sexual Content;Singleplayer;Story Rich;Visual Novel,"Patisserie 'La Soleil', run by Kashou Minaduki, is flourishing thanks to the help of two catgirls: Maple, full of pride and a little on the haughty side, and Cinnamon, an impulsive daydreamer. These two are especially close among the rest of the sisters. One day, Maple encounters something that shakes her belief in attaining her dream. Cinnamon, unwilling to see Maple suffer, wishes to help her in any way possible... but she can't figure out how. This story is a heartwarming cat comedy about the","{""text_match"": 0.0044024386, ""cosine_similarity"": 0.569952, ""reranker_score"": -7.911607}"
2026-02-10T00:08:42+00:00,CORTEX_DB.RAW.CAT_GAMES_SVC_1_5,default,"cozy cat cafe management sim, but NOT a visual novel, NOT anime, avoid paid games","cozy cat cafe management sim, but NOT a visual novel, NOT anime, avoid paid games",[],,False,,,,balanced_default,0.65,10,100,0,485,485,,01c24ec8-0005-07ef-0001-397a000411f2,,51,51,,8e-06,8e-06,,8e-06,,,,,[],[],[],[],[],[],,,True,[],[],,7,Boba Simulator : Idle Shop Management,0.7638023,2022,Arabic;Bulgarian;Czech;Danish;Dutch;English;Finnish;French;German;Greek;Hungarian;Italian;Japanese;Korean;Norwegian;Polish;Portuguese - Brazil;Portuguese - Portugal;Romanian;Russian;Simplified Chinese;Spanish - Latin America;Spanish - Spain;Swedish;Thai;Traditional Chinese;Turkish;Ukrainian;Vietnamese,Camera Comfort;Custom Volume Controls;Family Sharing;Mouse Only Option;Playable without Timed Input;Single-player;Steam Achievements;Steam Leaderboards,Casual;Early Access;Indie;Simulation;Strategy,Automation;Cartoony;Casual;Cats;Clicker;Colorful;Cozy;Cute;Early Access;Family Friendly;Funny;Idler;Isometric;Management;Point & Click;Relaxing;Shop Keeper;Simulation;Singleplayer;Strategy,"Create mouthwatering recipes for ultimate customer satisfaction Experiment and refine your recipes through fun trial and error. Customers' preferences can change at any moment, so stay adaptable! Upgrade your shop and unlock new possibilities Invest wisely in upgrades and watch your business flourish. More exciting upgrades, like a delivery service, await you as you progress! Efficiently manage your stock and storage Purchase Boba Tea ingredients from the supermarket and optimize your limited st","{""text_match"": 0.012152763, ""cosine_similarity"": 0.5276046, ""reranker_score"": -6.252993}"
2026-02-10T00:08:42+00:00,CORTEX_DB.RAW.CAT_GAMES_SVC_1_5,default,"cozy cat cafe management sim, but NOT a visual novel, NOT anime, avoid paid games","cozy cat cafe management sim, but NOT a visual novel, NOT anime, avoid paid games",[],,False,,,,balanced_default,0.65,10,100,0,485,485,,01c24ec8-0005-07ef-0001-397a000411f2,,51,51,,8e-06,8e-06,,8e-06,,,,,[],[],[],[],[],[],,,True,[],[],,8,Sweet Delights: The Girl’s Cafe Quest,0.78023675,2025,English;French;German;Japanese;Korean;Polish;Portuguese - Portugal;Russian;Spanish - Spain;Traditional Chinese;Turkish;Ukrainian,Family Sharing;Single-player;Steam Achievements,Casual;Indie,Anime;Casual;Cats;Dating Sim;FPS;Female Protagonist;Hentai;Idler;Indie;Mature;NSFW;Nudity;Puzzle;RPG;Sexual Content;Simulation;Singleplayer;Visual Novel,"✨✨✨✨✨✨✨✨✨✨✨✨✨✨✨✨✨✨✨✨✨✨✨✨✨✨✨✨✨✨✨✨ ✨✨✨✨✨✨✨✨✨✨✨✨✨✨✨✨✨✨✨✨✨✨✨✨✨✨✨✨✨✨✨✨ 'Sweet Delights: The Girl’s Cafe Quest' — an engaging hidden object game where your ultimate reward is spending time with stunning anime girls. 🌸✨ Explore vibrant locations, find hidden items, and unlock new scenes featuring charming heroines. 🕵️‍♂️💖 Our game features a scroll system, allowing you to zoom in on important moments for a more immersive experience! 🚀🎮","{""text_match"": 0.013789082, ""cosine_similarity"": 0.5604735, ""reranker_score"": -8.148882}"
2026-02-10T00:08:42+00:00,CORTEX_DB.RAW.CAT_GAMES_SVC_1_5,default,"cozy cat cafe management sim, but NOT a visual novel, NOT anime, avoid paid games","cozy cat cafe management sim, but NOT a visual novel, NOT anime, avoid paid games",[],,False,,,,balanced_default,0.65,10,100,0,485,485,,01c24ec8-0005-07ef-0001-397a000411f2,,51,51,,8e-06,8e-06,,8e-06,,,,,[],[],[],[],[],[],,,True,[],[],,9,Catgirls From My Sweet Dream,0.78658122,2022,English;French;German;Italian;Japanese;Korean;Portuguese - Brazil;Portuguese - Portugal;Russian;Simplified Chinese;Spanish - Latin America;Spanish - Spain;Traditional Chinese;Ukrainian,Family Sharing;Single-player;Stats;Steam Achievements;Steam Cloud;Steam Leaderboards;Steam Trading Cards,Adventure;Casual;Indie,Anime;Casual;Cats;Colorful;Cute;Dating Sim;Fantasy;Funny;Hentai;Indie;Magic;Match 3;Mature;NSFW;Nudity;Puzzle;Relaxing;Sexual Content;Singleplayer;Visual Novel,"🌸Japanese treats and Catgirls 🌸 Catgirls From My Sweet Dream - a satirical visual novel with “Match 3” gameplay in the Magical Japanese Setting. 🌸Welcome to Nekoville – a small Japanese village located between the majestic and grandiose mountains. Local Catgirls are willing to treat you with traditional Japanese sweets, sushi and sashimi. You will meet cute Nekogirls and help them with their daily tasks, and in return they will help you out even more than you could expect. ♥ ♥FEATURES♥: Magical ","{""text_match"": 0.011742534, ""cosine_similarity"": 0.57316244, ""reranker_score"": -8.934364}"
2026-02-10T00:08:42+00:00,CORTEX_DB.RAW.CAT_GAMES_SVC_1_5,default,"cozy cat cafe management sim, but NOT a visual novel, NOT anime, avoid paid games","cozy cat cafe management sim, but NOT a visual novel, NOT anime, avoid paid games",[],,False,,,,balanced_default,0.65,10,100,0,485,485,,01c24ec8-0005-07ef-0001-397a000411f2,,51,51,,8e-06,8e-06,,8e-06,,,,,[],[],[],[],[],[],,,True,[],[],,10,Nekokami - The Human Restoration Project,0.76915305,2024,English;Japanese;Simplified Chinese,Adjustable Difficulty;Adjustable Text Size;Camera Comfort;Co-op;Custom Volume Controls;Family Sharing;Full controller support;Mouse Only Option;Multi-player;Playable without Timed Input;Shared/Split Screen;Shared/Split Screen Co-op;Single-player;Steam Achievements;Steam Cloud,Adventure;Casual;Early Access;Indie;RPG,3D;Building;Casual;Cats;Colorful;Cozy;Cute;Early Access;Family Friendly;Funny;Hand-drawn;Immersive Sim;Indie;Life Sim;Local Co-Op;Nature;Puzzle;RPG;Relaxing;Story Rich,"✨ Nekokami is a meditative, calming tile building game where you play as a time-traveler to a far future Milky Way managed by... benevolent Future Cats with super advanced technologies. Why it has to be the Cats? And where are the Humans?     In Nekokami, you will: 🌏 Create beautiful worlds of natural habitats and human settlements with strategic, or spontaneous, placement of tiles in a unique hand-drawn-like art style. 🌌 Follow an epic, whimsical yet heartwarming story of Human-Cat friendship, ","{""text_match"": 0.008591051, ""cosine_similarity"": 0.5383061, ""reranker_score"": -7.666398}"
2026-02-10T00:08:43+00:00,CORTEX_DB.RAW.CAT_GAMES_SVC_1_5,default,"cozy cat cafe management sim, but NOT a visual novel, NOT anime, avoid paid games","cozy cat cafe management sim, but NOT a visual novel, NOT anime, avoid paid games",[],,False,,,,balanced_default,0.75,10,100,0,509,509,,01c24ec8-0005-07a7-0001-397a0003eaca,,61,61,,9e-06,9e-06,,9e-06,,,,,[],[],[],[],[],[],,,True,[],[],,1,Desktop Cat Cafe,0.8282407,2025,Arabic;Bulgarian;Czech;Danish;Dutch;English;Finnish;French;German;Greek;Hungarian;Indonesian;Italian;Japanese;Korean;Norwegian;Polish;Portuguese - Brazil;Portuguese - Portugal;Romanian;Russian;Simplified Chinese;Spanish - Latin America;Spanish - Spain;Swedish;Thai;Traditional Chinese;Turkish;Ukrainian;Vietnamese,Family Sharing;Single-player;Stats;Steam Achievements;Steam Cloud,Casual;Simulation,3D;Automation;Building;Casual;Cats;City Builder;Colorful;Cozy;Cute;Economy;Idler;Indie;Life Sim;Management;Nature;Relaxing;Sandbox;Simulation;Strategy;Stylized,"Desktop Cate Cafe is a cute, idle management game that lives at the bottom of your screen letting you work on other tasks while your cafe runs. Design your dream cafe, unlock delicious recipes, and automate your cafe with cute cat staff! Design Your Outdoor Cafe Build the perfect cafe with hundreds of customization options paired with an easy to use building system that lets your creativity shine. Unlock Delicious Recipes Progress by serving customers to unlock over 150 different recipes from co","{""text_match"": 0.07810198, ""cosine_similarity"": 0.6564814, ""reranker_score"": -2.2023993}"
2026-02-10T00:08:43+00:00,CORTEX_DB.RAW.CAT_GAMES_SVC_1_5,default,"cozy cat cafe management sim, but NOT a visual novel, NOT anime, avoid paid games","cozy cat cafe management sim, but NOT a visual novel, NOT anime, avoid paid games",[],,False,,,,balanced_default,0.75,10,100,0,509,509,,01c24ec8-0005-07a7-0001-397a0003eaca,,61,61,,9e-06,9e-06,,9e-06,,,,,[],[],[],[],[],[],,,True,[],[],,2,Melo's cat cafe,0.80523245,2024,English;Japanese,Family Sharing;Single-player;Steam Achievements,Casual;Indie;Simulation,3D;Casual;Cute;Idler;Indie;Simulation;Singleplayer,"'Melo's Cat Cafe' is the perfect game for players who want to relax in a stress-free environment. Instead of chasing goals, players can simply enjoy spending time with the cats. Observe the cats as they eat and sleep, and find peace of mind in their calm presence. Main Features Spacious Mountain Home The game is set in a large house on top of a mountain with beautiful scenic views. 　　The view from the terrace is breathtaking. Free-Spirited Cats Free-spirited and independent cats make an appearan","{""text_match"": 0.0728874, ""cosine_similarity"": 0.6104649, ""reranker_score"": -5.763082}"
2026-02-10T00:08:43+00:00,CORTEX_DB.RAW.CAT_GAMES_SVC_1_5,default,"cozy cat cafe management sim, but NOT a visual novel, NOT anime, avoid paid games","cozy cat cafe management sim, but NOT a visual novel, NOT anime, avoid paid games",[],,False,,,,balanced_default,0.75,10,100,0,509,509,,01c24ec8-0005-07a7-0001-397a0003eaca,,61,61,,9e-06,9e-06,,9e-06,,,,,[],[],[],[],[],[],,,True,[],[],,3,Calico,0.77924305,2020,English;French;German;Italian;Japanese;Korean;Portuguese - Brazil;Simplified Chinese;Spanish - Latin America,Camera Comfort;Color Alternatives;Custom Volume Controls;Family Sharing;Full controller support;Playable without Timed Input;Save Anytime;Single-player;Steam Achievements;Steam Cloud,Casual;Indie;RPG;Simulation,3D;Anime;Building;Casual;Cats;Character Customization;Cute;Dog;Family Friendly;Female Protagonist;Horses;Indie;LGBTQ+;Life Sim;Magic;Open World;RPG;Relaxing;Simulation;Singleplayer,"Calico is a day-in-the-life community sim game where you are given an important and adorable task: rebuild the town’s cat café and fill it with cute and cuddly creatures! Build up your café by filling it with cute furniture, fun decorations, yummy pastries, and get it bustling with animals again! Calico is meant to make you feel all warm and fuzzy inside. The gameplay reflects that with a laid back, low stress creative environment to explore and play in. Character Creator The Calico character cr","{""text_match"": 0.023536198, ""cosine_similarity"": 0.5584861, ""reranker_score"": -4.316521}"
2026-02-10T00:08:43+00:00,CORTEX_DB.RAW.CAT_GAMES_SVC_1_5,default,"cozy cat cafe management sim, but NOT a visual novel, NOT anime, avoid paid games","cozy cat cafe management sim, but NOT a visual novel, NOT anime, avoid paid games",[],,False,,,,balanced_default,0.75,10,100,0,509,509,,01c24ec8-0005-07a7-0001-397a0003eaca,,61,61,,9e-06,9e-06,,9e-06,,,,,[],[],[],[],[],[],,,True,[],[],,4,My Fair Cat: Snow,0.79437805,2024,English;French;Japanese;Korean;Portuguese - Brazil;Russian;Simplified Chinese,Family Sharing;Single-player;Steam Achievements,Casual;Indie,Adventure;Anime;Cartoony;Casual;Cats;Choices Matter;Choose Your Own Adventure;Colorful;Cute;Dating Sim;Emotional;Female Protagonist;Immersive Sim;Interactive Fiction;Life Sim;Otome;Romance;Story Rich;Text-Based;Visual Novel,"Dive into a feel-good adventure of love, laughter, and cat companionship. Add My Fair Cat: Snow to your Steam wishlist and start spreading a little happiness today! Synopsis Recently moving to a new high school and not knowing anyone could have made for a dull routine, but everything changes when you save a stray cat. This single act of kindness sparks a chain of adventures that add a whole new layer of excitement in your daily life. As you're figuring out how to keep your new kitty content and ","{""text_match"": 0.027767744, ""cosine_similarity"": 0.5887561, ""reranker_score"": -7.3493514}"
2026-02-10T00:08:43+00:00,CORTEX_DB.RAW.CAT_GAMES_SVC_1_5,default,"cozy cat cafe management sim, but NOT a visual novel, NOT anime, avoid paid games","cozy cat cafe management sim, but NOT a visual novel, NOT anime, avoid paid games",[],,False,,,,balanced_default,0.75,10,100,0,509,509,,01c24ec8-0005-07a7-0001-397a0003eaca,,61,61,,9e-06,9e-06,,9e-06,,,,,[],[],[],[],[],[],,,True,[],[],,5,Home Office Simulator,0.79086185,2023,English,Family Sharing;Single-player;Steam Achievements;Steam Cloud,Casual;Indie,Anime;Automation;Casual;Cats;Clicker;Colorful;Cute;Idler;Indie;Simulation;Singleplayer;Strategy,"Summary Help Ayame to work remotely, keeping her free of distractions and keeping her cat interested. Upgrade your home, move to new apartments, and take care of several cats. Upgrade your apartment objects so she can work without distractions or with less chance of getting interrupted by any distractions. Gameplay Move to seven unique apartments with different distractions and upgrades to be made. Upgrade and eliminate several distractions, including cats, computers, phone calls, and notificati","{""text_match"": 0.01088609, ""cosine_similarity"": 0.5817237, ""reranker_score"": -8.25431}"
2026-02-10T00:08:43+00:00,CORTEX_DB.RAW.CAT_GAMES_SVC_1_5,default,"cozy cat cafe management sim, but NOT a visual novel, NOT anime, avoid paid games","cozy cat cafe management sim, but NOT a visual novel, NOT anime, avoid paid games",[],,False,,,,balanced_default,0.75,10,100,0,509,509,,01c24ec8-0005-07a7-0001-397a0003eaca,,61,61,,9e-06,9e-06,,9e-06,,,,,[],[],[],[],[],[],,,True,[],[],,6,NEKOPARA Vol. 3,0.784976,2017,English;Japanese;Traditional Chinese,Family Sharing;Single-player;Steam Achievements;Steam Cloud;Steam Trading Cards,Casual;Indie,2D;Adventure;Anime;Atmospheric;Casual;Cats;Cute;Dating Sim;Funny;Great Soundtrack;Hentai;Indie;NSFW;Nudity;Replay Value;Romance;Sexual Content;Singleplayer;Story Rich;Visual Novel,"Patisserie 'La Soleil', run by Kashou Minaduki, is flourishing thanks to the help of two catgirls: Maple, full of pride and a little on the haughty side, and Cinnamon, an impulsive daydreamer. These two are especially close among the rest of the sisters. One day, Maple encounters something that shakes her belief in attaining her dream. Cinnamon, unwilling to see Maple suffer, wishes to help her in any way possible... but she can't figure out how. This story is a heartwarming cat comedy about the","{""text_match"": 0.0044024386, ""cosine_similarity"": 0.569952, ""reranker_score"": -7.911607}"
2026-02-10T00:08:43+00:00,CORTEX_DB.RAW.CAT_GAMES_SVC_1_5,default,"cozy cat cafe management sim, but NOT a visual novel, NOT anime, avoid paid games","cozy cat cafe management sim, but NOT a visual novel, NOT anime, avoid paid games",[],,False,,,,balanced_default,0.75,10,100,0,509,509,,01c24ec8-0005-07a7-0001-397a0003eaca,,61,61,,9e-06,9e-06,,9e-06,,,,,[],[],[],[],[],[],,,True,[],[],,7,Boba Simulator : Idle Shop Management,0.7638023,2022,Arabic;Bulgarian;Czech;Danish;Dutch;English;Finnish;French;German;Greek;Hungarian;Italian;Japanese;Korean;Norwegian;Polish;Portuguese - Brazil;Portuguese - Portugal;Romanian;Russian;Simplified Chinese;Spanish - Latin America;Spanish - Spain;Swedish;Thai;Traditional Chinese;Turkish;Ukrainian;Vietnamese,Camera Comfort;Custom Volume Controls;Family Sharing;Mouse Only Option;Playable without Timed Input;Single-player;Steam Achievements;Steam Leaderboards,Casual;Early Access;Indie;Simulation;Strategy,Automation;Cartoony;Casual;Cats;Clicker;Colorful;Cozy;Cute;Early Access;Family Friendly;Funny;Idler;Isometric;Management;Point & Click;Relaxing;Shop Keeper;Simulation;Singleplayer;Strategy,"Create mouthwatering recipes for ultimate customer satisfaction Experiment and refine your recipes through fun trial and error. Customers' preferences can change at any moment, so stay adaptable! Upgrade your shop and unlock new possibilities Invest wisely in upgrades and watch your business flourish. More exciting upgrades, like a delivery service, await you as you progress! Efficiently manage your stock and storage Purchase Boba Tea ingredients from the supermarket and optimize your limited st","{""text_match"": 0.012152763, ""cosine_similarity"": 0.5276046, ""reranker_score"": -6.252993}"
2026-02-10T00:08:43+00:00,CORTEX_DB.RAW.CAT_GAMES_SVC_1_5,default,"cozy cat cafe management sim, but NOT a visual novel, NOT anime, avoid paid games","cozy cat cafe management sim, but NOT a visual novel, NOT anime, avoid paid games",[],,False,,,,balanced_default,0.75,10,100,0,509,509,,01c24ec8-0005-07a7-0001-397a0003eaca,,61,61,,9e-06,9e-06,,9e-06,,,,,[],[],[],[],[],[],,,True,[],[],,8,Sweet Delights: The Girl’s Cafe Quest,0.78023675,2025,English;French;German;Japanese;Korean;Polish;Portuguese - Portugal;Russian;Spanish - Spain;Traditional Chinese;Turkish;Ukrainian,Family Sharing;Single-player;Steam Achievements,Casual;Indie,Anime;Casual;Cats;Dating Sim;FPS;Female Protagonist;Hentai;Idler;Indie;Mature;NSFW;Nudity;Puzzle;RPG;Sexual Content;Simulation;Singleplayer;Visual Novel,"✨✨✨✨✨✨✨✨✨✨✨✨✨✨✨✨✨✨✨✨✨✨✨✨✨✨✨✨✨✨✨✨ ✨✨✨✨✨✨✨✨✨✨✨✨✨✨✨✨✨✨✨✨✨✨✨✨✨✨✨✨✨✨✨✨ 'Sweet Delights: The Girl’s Cafe Quest' — an engaging hidden object game where your ultimate reward is spending time with stunning anime girls. 🌸✨ Explore vibrant locations, find hidden items, and unlock new scenes featuring charming heroines. 🕵️‍♂️💖 Our game features a scroll system, allowing you to zoom in on important moments for a more immersive experience! 🚀🎮","{""text_match"": 0.013789082, ""cosine_similarity"": 0.5604735, ""reranker_score"": -8.148882}"
2026-02-10T00:08:43+00:00,CORTEX_DB.RAW.CAT_GAMES_SVC_1_5,default,"cozy cat cafe management sim, but NOT a visual novel, NOT anime, avoid paid games","cozy cat cafe management sim, but NOT a visual novel, NOT anime, avoid paid games",[],,False,,,,balanced_default,0.75,10,100,0,509,509,,01c24ec8-0005-07a7-0001-397a0003eaca,,61,61,,9e-06,9e-06,,9e-06,,,,,[],[],[],[],[],[],,,True,[],[],,9,Catgirls From My Sweet Dream,0.78658122,2022,English;French;German;Italian;Japanese;Korean;Portuguese - Brazil;Portuguese - Portugal;Russian;Simplified Chinese;Spanish - Latin America;Spanish - Spain;Traditional Chinese;Ukrainian,Family Sharing;Single-player;Stats;Steam Achievements;Steam Cloud;Steam Leaderboards;Steam Trading Cards,Adventure;Casual;Indie,Anime;Casual;Cats;Colorful;Cute;Dating Sim;Fantasy;Funny;Hentai;Indie;Magic;Match 3;Mature;NSFW;Nudity;Puzzle;Relaxing;Sexual Content;Singleplayer;Visual Novel,"🌸Japanese treats and Catgirls 🌸 Catgirls From My Sweet Dream - a satirical visual novel with “Match 3” gameplay in the Magical Japanese Setting. 🌸Welcome to Nekoville – a small Japanese village located between the majestic and grandiose mountains. Local Catgirls are willing to treat you with traditional Japanese sweets, sushi and sashimi. You will meet cute Nekogirls and help them with their daily tasks, and in return they will help you out even more than you could expect. ♥ ♥FEATURES♥: Magical ","{""text_match"": 0.011742534, ""cosine_similarity"": 0.57316244, ""reranker_score"": -8.934364}"
2026-02-10T00:08:43+00:00,CORTEX_DB.RAW.CAT_GAMES_SVC_1_5,default,"cozy cat cafe management sim, but NOT a visual novel, NOT anime, avoid paid games","cozy cat cafe management sim, but NOT a visual novel, NOT anime, avoid paid games",[],,False,,,,balanced_default,0.75,10,100,0,509,509,,01c24ec8-0005-07a7-0001-397a0003eaca,,61,61,,9e-06,9e-06,,9e-06,,,,,[],[],[],[],[],[],,,True,[],[],,10,Nekokami - The Human Restoration Project,0.76915305,2024,English;Japanese;Simplified Chinese,Adjustable Difficulty;Adjustable Text Size;Camera Comfort;Co-op;Custom Volume Controls;Family Sharing;Full controller support;Mouse Only Option;Multi-player;Playable without Timed Input;Shared/Split Screen;Shared/Split Screen Co-op;Single-player;Steam Achievements;Steam Cloud,Adventure;Casual;Early Access;Indie;RPG,3D;Building;Casual;Cats;Colorful;Cozy;Cute;Early Access;Family Friendly;Funny;Hand-drawn;Immersive Sim;Indie;Life Sim;Local Co-Op;Nature;Puzzle;RPG;Relaxing;Story Rich,"✨ Nekokami is a meditative, calming tile building game where you play as a time-traveler to a far future Milky Way managed by... benevolent Future Cats with super advanced technologies. Why it has to be the Cats? And where are the Humans?     In Nekokami, you will: 🌏 Create beautiful worlds of natural habitats and human settlements with strategic, or spontaneous, placement of tiles in a unique hand-drawn-like art style. 🌌 Follow an epic, whimsical yet heartwarming story of Human-Cat friendship, ","{""text_match"": 0.008591051, ""cosine_similarity"": 0.5383061, ""reranker_score"": -7.666398}"
2026-02-10T00:08:45+00:00,CORTEX_DB.RAW.CAT_GAMES_SVC_1_5,default,"cozy cat cafe management sim, but NOT a visual novel, NOT anime, avoid paid games","cozy cat cafe management sim, but NOT a visual novel, NOT anime, avoid paid games",[],,False,,,,keyword_focus,0.3,10,100,0,509,509,,01c24ec8-0005-07a7-0001-397a0003ead2,,31,31,,5e-06,5e-06,,5e-06,,,,,[],[],[],[],[],[],,,True,[],[],,1,Desktop Cat Cafe,0.8282407,2025,Arabic;Bulgarian;Czech;Danish;Dutch;English;Finnish;French;German;Greek;Hungarian;Indonesian;Italian;Japanese;Korean;Norwegian;Polish;Portuguese - Brazil;Portuguese - Portugal;Romanian;Russian;Simplified Chinese;Spanish - Latin America;Spanish - Spain;Swedish;Thai;Traditional Chinese;Turkish;Ukrainian;Vietnamese,Family Sharing;Single-player;Stats;Steam Achievements;Steam Cloud,Casual;Simulation,3D;Automation;Building;Casual;Cats;City Builder;Colorful;Cozy;Cute;Economy;Idler;Indie;Life Sim;Management;Nature;Relaxing;Sandbox;Simulation;Strategy;Stylized,"Desktop Cate Cafe is a cute, idle management game that lives at the bottom of your screen letting you work on other tasks while your cafe runs. Design your dream cafe, unlock delicious recipes, and automate your cafe with cute cat staff! Design Your Outdoor Cafe Build the perfect cafe with hundreds of customization options paired with an easy to use building system that lets your creativity shine. Unlock Delicious Recipes Progress by serving customers to unlock over 150 different recipes from co","{""text_match"": 0.07810198, ""cosine_similarity"": 0.6564814, ""reranker_score"": -2.2023993}"
2026-02-10T00:08:45+00:00,CORTEX_DB.RAW.CAT_GAMES_SVC_1_5,default,"cozy cat cafe management sim, but NOT a visual novel, NOT anime, avoid paid games","cozy cat cafe management sim, but NOT a visual novel, NOT anime, avoid paid games",[],,False,,,,keyword_focus,0.3,10,100,0,509,509,,01c24ec8-0005-07a7-0001-397a0003ead2,,31,31,,5e-06,5e-06,,5e-06,,,,,[],[],[],[],[],[],,,True,[],[],,2,Melo's cat cafe,0.80523245,2024,English;Japanese,Family Sharing;Single-player;Steam Achievements,Casual;Indie;Simulation,3D;Casual;Cute;Idler;Indie;Simulation;Singleplayer,"'Melo's Cat Cafe' is the perfect game for players who want to relax in a stress-free environment. Instead of chasing goals, players can simply enjoy spending time with the cats. Observe the cats as they eat and sleep, and find peace of mind in their calm presence. Main Features Spacious Mountain Home The game is set in a large house on top of a mountain with beautiful scenic views. 　　The view from the terrace is breathtaking. Free-Spirited Cats Free-spirited and independent cats make an appearan","{""text_match"": 0.0728874, ""cosine_similarity"": 0.6104649, ""reranker_score"": -5.763082}"
2026-02-10T00:08:45+00:00,CORTEX_DB.RAW.CAT_GAMES_SVC_1_5,default,"cozy cat cafe management sim, but NOT a visual novel, NOT anime, avoid paid games","cozy cat cafe management sim, but NOT a visual novel, NOT anime, avoid paid games",[],,False,,,,keyword_focus,0.3,10,100,0,509,509,,01c24ec8-0005-07a7-0001-397a0003ead2,,31,31,,5e-06,5e-06,,5e-06,,,,,[],[],[],[],[],[],,,True,[],[],,3,Calico,0.77924305,2020,English;French;German;Italian;Japanese;Korean;Portuguese - Brazil;Simplified Chinese;Spanish - Latin America,Camera Comfort;Color Alternatives;Custom Volume Controls;Family Sharing;Full controller support;Playable without Timed Input;Save Anytime;Single-player;Steam Achievements;Steam Cloud,Casual;Indie;RPG;Simulation,3D;Anime;Building;Casual;Cats;Character Customization;Cute;Dog;Family Friendly;Female Protagonist;Horses;Indie;LGBTQ+;Life Sim;Magic;Open World;RPG;Relaxing;Simulation;Singleplayer,"Calico is a day-in-the-life community sim game where you are given an important and adorable task: rebuild the town’s cat café and fill it with cute and cuddly creatures! Build up your café by filling it with cute furniture, fun decorations, yummy pastries, and get it bustling with animals again! Calico is meant to make you feel all warm and fuzzy inside. The gameplay reflects that with a laid back, low stress creative environment to explore and play in. Character Creator The Calico character cr","{""text_match"": 0.023536198, ""cosine_similarity"": 0.5584861, ""reranker_score"": -4.316521}"
2026-02-10T00:08:45+00:00,CORTEX_DB.RAW.CAT_GAMES_SVC_1_5,default,"cozy cat cafe management sim, but NOT a visual novel, NOT anime, avoid paid games","cozy cat cafe management sim, but NOT a visual novel, NOT anime, avoid paid games",[],,False,,,,keyword_focus,0.3,10,100,0,509,509,,01c24ec8-0005-07a7-0001-397a0003ead2,,31,31,,5e-06,5e-06,,5e-06,,,,,[],[],[],[],[],[],,,True,[],[],,4,My Fair Cat: Snow,0.79437805,2024,English;French;Japanese;Korean;Portuguese - Brazil;Russian;Simplified Chinese,Family Sharing;Single-player;Steam Achievements,Casual;Indie,Adventure;Anime;Cartoony;Casual;Cats;Choices Matter;Choose Your Own Adventure;Colorful;Cute;Dating Sim;Emotional;Female Protagonist;Immersive Sim;Interactive Fiction;Life Sim;Otome;Romance;Story Rich;Text-Based;Visual Novel,"Dive into a feel-good adventure of love, laughter, and cat companionship. Add My Fair Cat: Snow to your Steam wishlist and start spreading a little happiness today! Synopsis Recently moving to a new high school and not knowing anyone could have made for a dull routine, but everything changes when you save a stray cat. This single act of kindness sparks a chain of adventures that add a whole new layer of excitement in your daily life. As you're figuring out how to keep your new kitty content and ","{""text_match"": 0.027767744, ""cosine_similarity"": 0.5887561, ""reranker_score"": -7.3493514}"
2026-02-10T00:08:45+00:00,CORTEX_DB.RAW.CAT_GAMES_SVC_1_5,default,"cozy cat cafe management sim, but NOT a visual novel, NOT anime, avoid paid games","cozy cat cafe management sim, but NOT a visual novel, NOT anime, avoid paid games",[],,False,,,,keyword_focus,0.3,10,100,0,509,509,,01c24ec8-0005-07a7-0001-397a0003ead2,,31,31,,5e-06,5e-06,,5e-06,,,,,[],[],[],[],[],[],,,True,[],[],,5,Home Office Simulator,0.79086185,2023,English,Family Sharing;Single-player;Steam Achievements;Steam Cloud,Casual;Indie,Anime;Automation;Casual;Cats;Clicker;Colorful;Cute;Idler;Indie;Simulation;Singleplayer;Strategy,"Summary Help Ayame to work remotely, keeping her free of distractions and keeping her cat interested. Upgrade your home, move to new apartments, and take care of several cats. Upgrade your apartment objects so she can work without distractions or with less chance of getting interrupted by any distractions. Gameplay Move to seven unique apartments with different distractions and upgrades to be made. Upgrade and eliminate several distractions, including cats, computers, phone calls, and notificati","{""text_match"": 0.01088609, ""cosine_similarity"": 0.5817237, ""reranker_score"": -8.25431}"
2026-02-10T00:08:45+00:00,CORTEX_DB.RAW.CAT_GAMES_SVC_1_5,default,"cozy cat cafe management sim, but NOT a visual novel, NOT anime, avoid paid games","cozy cat cafe management sim, but NOT a visual novel, NOT anime, avoid paid games",[],,False,,,,keyword_focus,0.3,10,100,0,509,509,,01c24ec8-0005-07a7-0001-397a0003ead2,,31,31,,5e-06,5e-06,,5e-06,,,,,[],[],[],[],[],[],,,True,[],[],,6,NEKOPARA Vol. 3,0.784976,2017,English;Japanese;Traditional Chinese,Family Sharing;Single-player;Steam Achievements;Steam Cloud;Steam Trading Cards,Casual;Indie,2D;Adventure;Anime;Atmospheric;Casual;Cats;Cute;Dating Sim;Funny;Great Soundtrack;Hentai;Indie;NSFW;Nudity;Replay Value;Romance;Sexual Content;Singleplayer;Story Rich;Visual Novel,"Patisserie 'La Soleil', run by Kashou Minaduki, is flourishing thanks to the help of two catgirls: Maple, full of pride and a little on the haughty side, and Cinnamon, an impulsive daydreamer. These two are especially close among the rest of the sisters. One day, Maple encounters something that shakes her belief in attaining her dream. Cinnamon, unwilling to see Maple suffer, wishes to help her in any way possible... but she can't figure out how. This story is a heartwarming cat comedy about the","{""text_match"": 0.0044024386, ""cosine_similarity"": 0.569952, ""reranker_score"": -7.911607}"
2026-02-10T00:08:45+00:00,CORTEX_DB.RAW.CAT_GAMES_SVC_1_5,default,"cozy cat cafe management sim, but NOT a visual novel, NOT anime, avoid paid games","cozy cat cafe management sim, but NOT a visual novel, NOT anime, avoid paid games",[],,False,,,,keyword_focus,0.3,10,100,0,509,509,,01c24ec8-0005-07a7-0001-397a0003ead2,,31,31,,5e-06,5e-06,,5e-06,,,,,[],[],[],[],[],[],,,True,[],[],,7,Boba Simulator : Idle Shop Management,0.7638023,2022,Arabic;Bulgarian;Czech;Danish;Dutch;English;Finnish;French;German;Greek;Hungarian;Italian;Japanese;Korean;Norwegian;Polish;Portuguese - Brazil;Portuguese - Portugal;Romanian;Russian;Simplified Chinese;Spanish - Latin America;Spanish - Spain;Swedish;Thai;Traditional Chinese;Turkish;Ukrainian;Vietnamese,Camera Comfort;Custom Volume Controls;Family Sharing;Mouse Only Option;Playable without Timed Input;Single-player;Steam Achievements;Steam Leaderboards,Casual;Early Access;Indie;Simulation;Strategy,Automation;Cartoony;Casual;Cats;Clicker;Colorful;Cozy;Cute;Early Access;Family Friendly;Funny;Idler;Isometric;Management;Point & Click;Relaxing;Shop Keeper;Simulation;Singleplayer;Strategy,"Create mouthwatering recipes for ultimate customer satisfaction Experiment and refine your recipes through fun trial and error. Customers' preferences can change at any moment, so stay adaptable! Upgrade your shop and unlock new possibilities Invest wisely in upgrades and watch your business flourish. More exciting upgrades, like a delivery service, await you as you progress! Efficiently manage your stock and storage Purchase Boba Tea ingredients from the supermarket and optimize your limited st","{""text_match"": 0.012152763, ""cosine_similarity"": 0.5276046, ""reranker_score"": -6.252993}"
2026-02-10T00:08:45+00:00,CORTEX_DB.RAW.CAT_GAMES_SVC_1_5,default,"cozy cat cafe management sim, but NOT a visual novel, NOT anime, avoid paid games","cozy cat cafe management sim, but NOT a visual novel, NOT anime, avoid paid games",[],,False,,,,keyword_focus,0.3,10,100,0,509,509,,01c24ec8-0005-07a7-0001-397a0003ead2,,31,31,,5e-06,5e-06,,5e-06,,,,,[],[],[],[],[],[],,,True,[],[],,8,Sweet Delights: The Girl’s Cafe Quest,0.78023675,2025,English;French;German;Japanese;Korean;Polish;Portuguese - Portugal;Russian;Spanish - Spain;Traditional Chinese;Turkish;Ukrainian,Family Sharing;Single-player;Steam Achievements,Casual;Indie,Anime;Casual;Cats;Dating Sim;FPS;Female Protagonist;Hentai;Idler;Indie;Mature;NSFW;Nudity;Puzzle;RPG;Sexual Content;Simulation;Singleplayer;Visual Novel,"✨✨✨✨✨✨✨✨✨✨✨✨✨✨✨✨✨✨✨✨✨✨✨✨✨✨✨✨✨✨✨✨ ✨✨✨✨✨✨✨✨✨✨✨✨✨✨✨✨✨✨✨✨✨✨✨✨✨✨✨✨✨✨✨✨ 'Sweet Delights: The Girl’s Cafe Quest' — an engaging hidden object game where your ultimate reward is spending time with stunning anime girls. 🌸✨ Explore vibrant locations, find hidden items, and unlock new scenes featuring charming heroines. 🕵️‍♂️💖 Our game features a scroll system, allowing you to zoom in on important moments for a more immersive experience! 🚀🎮","{""text_match"": 0.013789082, ""cosine_similarity"": 0.5604735, ""reranker_score"": -8.148882}"
2026-02-10T00:08:45+00:00,CORTEX_DB.RAW.CAT_GAMES_SVC_1_5,default,"cozy cat cafe management sim, but NOT a visual novel, NOT anime, avoid paid games","cozy cat cafe management sim, but NOT a visual novel, NOT anime, avoid paid games",[],,False,,,,keyword_focus,0.3,10,100,0,509,509,,01c24ec8-0005-07a7-0001-397a0003ead2,,31,31,,5e-06,5e-06,,5e-06,,,,,[],[],[],[],[],[],,,True,[],[],,9,Catgirls From My Sweet Dream,0.78658122,2022,English;French;German;Italian;Japanese;Korean;Portuguese - Brazil;Portuguese - Portugal;Russian;Simplified Chinese;Spanish - Latin America;Spanish - Spain;Traditional Chinese;Ukrainian,Family Sharing;Single-player;Stats;Steam Achievements;Steam Cloud;Steam Leaderboards;Steam Trading Cards,Adventure;Casual;Indie,Anime;Casual;Cats;Colorful;Cute;Dating Sim;Fantasy;Funny;Hentai;Indie;Magic;Match 3;Mature;NSFW;Nudity;Puzzle;Relaxing;Sexual Content;Singleplayer;Visual Novel,"🌸Japanese treats and Catgirls 🌸 Catgirls From My Sweet Dream - a satirical visual novel with “Match 3” gameplay in the Magical Japanese Setting. 🌸Welcome to Nekoville – a small Japanese village located between the majestic and grandiose mountains. Local Catgirls are willing to treat you with traditional Japanese sweets, sushi and sashimi. You will meet cute Nekogirls and help them with their daily tasks, and in return they will help you out even more than you could expect. ♥ ♥FEATURES♥: Magical ","{""text_match"": 0.011742534, ""cosine_similarity"": 0.57316244, ""reranker_score"": -8.934364}"
2026-02-10T00:08:45+00:00,CORTEX_DB.RAW.CAT_GAMES_SVC_1_5,default,"cozy cat cafe management sim, but NOT a visual novel, NOT anime, avoid paid games","cozy cat cafe management sim, but NOT a visual novel, NOT anime, avoid paid games",[],,False,,,,keyword_focus,0.3,10,100,0,509,509,,01c24ec8-0005-07a7-0001-397a0003ead2,,31,31,,5e-06,5e-06,,5e-06,,,,,[],[],[],[],[],[],,,True,[],[],,10,Nekokami - The Human Restoration Project,0.76915305,2024,English;Japanese;Simplified Chinese,Adjustable Difficulty;Adjustable Text Size;Camera Comfort;Co-op;Custom Volume Controls;Family Sharing;Full controller support;Mouse Only Option;Multi-player;Playable without Timed Input;Shared/Split Screen;Shared/Split Screen Co-op;Single-player;Steam Achievements;Steam Cloud,Adventure;Casual;Early Access;Indie;RPG,3D;Building;Casual;Cats;Colorful;Cozy;Cute;Early Access;Family Friendly;Funny;Hand-drawn;Immersive Sim;Indie;Life Sim;Local Co-Op;Nature;Puzzle;RPG;Relaxing;Story Rich,"✨ Nekokami is a meditative, calming tile building game where you play as a time-traveler to a far future Milky Way managed by... benevolent Future Cats with super advanced technologies. Why it has to be the Cats? And where are the Humans?     In Nekokami, you will: 🌏 Create beautiful worlds of natural habitats and human settlements with strategic, or spontaneous, placement of tiles in a unique hand-drawn-like art style. 🌌 Follow an epic, whimsical yet heartwarming story of Human-Cat friendship, ","{""text_match"": 0.008591051, ""cosine_similarity"": 0.5383061, ""reranker_score"": -7.666398}"
2026-02-10T00:08:46+00:00,CORTEX_DB.RAW.CAT_GAMES_SVC_1_5,default,"cozy cat cafe management sim, but NOT a visual novel, NOT anime, avoid paid games","cozy cat cafe management sim, but NOT a visual novel, NOT anime, avoid paid games",[],,False,,,,keyword_focus,0.65,10,100,0,477,477,,01c24ec8-0005-07ef-0001-397a000411fe,,28,28,,4e-06,4e-06,,4e-06,,,,,[],[],[],[],[],[],,,True,[],[],,1,Desktop Cat Cafe,0.8282407,2025,Arabic;Bulgarian;Czech;Danish;Dutch;English;Finnish;French;German;Greek;Hungarian;Indonesian;Italian;Japanese;Korean;Norwegian;Polish;Portuguese - Brazil;Portuguese - Portugal;Romanian;Russian;Simplified Chinese;Spanish - Latin America;Spanish - Spain;Swedish;Thai;Traditional Chinese;Turkish;Ukrainian;Vietnamese,Family Sharing;Single-player;Stats;Steam Achievements;Steam Cloud,Casual;Simulation,3D;Automation;Building;Casual;Cats;City Builder;Colorful;Cozy;Cute;Economy;Idler;Indie;Life Sim;Management;Nature;Relaxing;Sandbox;Simulation;Strategy;Stylized,"Desktop Cate Cafe is a cute, idle management game that lives at the bottom of your screen letting you work on other tasks while your cafe runs. Design your dream cafe, unlock delicious recipes, and automate your cafe with cute cat staff! Design Your Outdoor Cafe Build the perfect cafe with hundreds of customization options paired with an easy to use building system that lets your creativity shine. Unlock Delicious Recipes Progress by serving customers to unlock over 150 different recipes from co","{""text_match"": 0.07810198, ""cosine_similarity"": 0.6564814, ""reranker_score"": -2.2023993}"
2026-02-10T00:08:46+00:00,CORTEX_DB.RAW.CAT_GAMES_SVC_1_5,default,"cozy cat cafe management sim, but NOT a visual novel, NOT anime, avoid paid games","cozy cat cafe management sim, but NOT a visual novel, NOT anime, avoid paid games",[],,False,,,,keyword_focus,0.65,10,100,0,477,477,,01c24ec8-0005-07ef-0001-397a000411fe,,28,28,,4e-06,4e-06,,4e-06,,,,,[],[],[],[],[],[],,,True,[],[],,2,Melo's cat cafe,0.80523245,2024,English;Japanese,Family Sharing;Single-player;Steam Achievements,Casual;Indie;Simulation,3D;Casual;Cute;Idler;Indie;Simulation;Singleplayer,"'Melo's Cat Cafe' is the perfect game for players who want to relax in a stress-free environment. Instead of chasing goals, players can simply enjoy spending time with the cats. Observe the cats as they eat and sleep, and find peace of mind in their calm presence. Main Features Spacious Mountain Home The game is set in a large house on top of a mountain with beautiful scenic views. 　　The view from the terrace is breathtaking. Free-Spirited Cats Free-spirited and independent cats make an appearan","{""text_match"": 0.0728874, ""cosine_similarity"": 0.6104649, ""reranker_score"": -5.763082}"
2026-02-10T00:08:46+00:00,CORTEX_DB.RAW.CAT_GAMES_SVC_1_5,default,"cozy cat cafe management sim, but NOT a visual novel, NOT anime, avoid paid games","cozy cat cafe management sim, but NOT a visual novel, NOT anime, avoid paid games",[],,False,,,,keyword_focus,0.65,10,100,0,477,477,,01c24ec8-0005-07ef-0001-397a000411fe,,28,28,,4e-06,4e-06,,4e-06,,,,,[],[],[],[],[],[],,,True,[],[],,3,Calico,0.77924305,2020,English;French;German;Italian;Japanese;Korean;Portuguese - Brazil;Simplified Chinese;Spanish - Latin America,Camera Comfort;Color Alternatives;Custom Volume Controls;Family Sharing;Full controller support;Playable without Timed Input;Save Anytime;Single-player;Steam Achievements;Steam Cloud,Casual;Indie;RPG;Simulation,3D;Anime;Building;Casual;Cats;Character Customization;Cute;Dog;Family Friendly;Female Protagonist;Horses;Indie;LGBTQ+;Life Sim;Magic;Open World;RPG;Relaxing;Simulation;Singleplayer,"Calico is a day-in-the-life community sim game where you are given an important and adorable task: rebuild the town’s cat café and fill it with cute and cuddly creatures! Build up your café by filling it with cute furniture, fun decorations, yummy pastries, and get it bustling with animals again! Calico is meant to make you feel all warm and fuzzy inside. The gameplay reflects that with a laid back, low stress creative environment to explore and play in. Character Creator The Calico character cr","{""text_match"": 0.023536198, ""cosine_similarity"": 0.5584861, ""reranker_score"": -4.316521}"
2026-02-10T00:08:46+00:00,CORTEX_DB.RAW.CAT_GAMES_SVC_1_5,default,"cozy cat cafe management sim, but NOT a visual novel, NOT anime, avoid paid games","cozy cat cafe management sim, but NOT a visual novel, NOT anime, avoid paid games",[],,False,,,,keyword_focus,0.65,10,100,0,477,477,,01c24ec8-0005-07ef-0001-397a000411fe,,28,28,,4e-06,4e-06,,4e-06,,,,,[],[],[],[],[],[],,,True,[],[],,4,My Fair Cat: Snow,0.79437805,2024,English;French;Japanese;Korean;Portuguese - Brazil;Russian;Simplified Chinese,Family Sharing;Single-player;Steam Achievements,Casual;Indie,Adventure;Anime;Cartoony;Casual;Cats;Choices Matter;Choose Your Own Adventure;Colorful;Cute;Dating Sim;Emotional;Female Protagonist;Immersive Sim;Interactive Fiction;Life Sim;Otome;Romance;Story Rich;Text-Based;Visual Novel,"Dive into a feel-good adventure of love, laughter, and cat companionship. Add My Fair Cat: Snow to your Steam wishlist and start spreading a little happiness today! Synopsis Recently moving to a new high school and not knowing anyone could have made for a dull routine, but everything changes when you save a stray cat. This single act of kindness sparks a chain of adventures that add a whole new layer of excitement in your daily life. As you're figuring out how to keep your new kitty content and ","{""text_match"": 0.027767744, ""cosine_similarity"": 0.5887561, ""reranker_score"": -7.3493514}"
2026-02-10T00:08:46+00:00,CORTEX_DB.RAW.CAT_GAMES_SVC_1_5,default,"cozy cat cafe management sim, but NOT a visual novel, NOT anime, avoid paid games","cozy cat cafe management sim, but NOT a visual novel, NOT anime, avoid paid games",[],,False,,,,keyword_focus,0.65,10,100,0,477,477,,01c24ec8-0005-07ef-0001-397a000411fe,,28,28,,4e-06,4e-06,,4e-06,,,,,[],[],[],[],[],[],,,True,[],[],,5,Home Office Simulator,0.79086185,2023,English,Family Sharing;Single-player;Steam Achievements;Steam Cloud,Casual;Indie,Anime;Automation;Casual;Cats;Clicker;Colorful;Cute;Idler;Indie;Simulation;Singleplayer;Strategy,"Summary Help Ayame to work remotely, keeping her free of distractions and keeping her cat interested. Upgrade your home, move to new apartments, and take care of several cats. Upgrade your apartment objects so she can work without distractions or with less chance of getting interrupted by any distractions. Gameplay Move to seven unique apartments with different distractions and upgrades to be made. Upgrade and eliminate several distractions, including cats, computers, phone calls, and notificati","{""text_match"": 0.01088609, ""cosine_similarity"": 0.5817237, ""reranker_score"": -8.25431}"
2026-02-10T00:08:46+00:00,CORTEX_DB.RAW.CAT_GAMES_SVC_1_5,default,"cozy cat cafe management sim, but NOT a visual novel, NOT anime, avoid paid games","cozy cat cafe management sim, but NOT a visual novel, NOT anime, avoid paid games",[],,False,,,,keyword_focus,0.65,10,100,0,477,477,,01c24ec8-0005-07ef-0001-397a000411fe,,28,28,,4e-06,4e-06,,4e-06,,,,,[],[],[],[],[],[],,,True,[],[],,6,NEKOPARA Vol. 3,0.784976,2017,English;Japanese;Traditional Chinese,Family Sharing;Single-player;Steam Achievements;Steam Cloud;Steam Trading Cards,Casual;Indie,2D;Adventure;Anime;Atmospheric;Casual;Cats;Cute;Dating Sim;Funny;Great Soundtrack;Hentai;Indie;NSFW;Nudity;Replay Value;Romance;Sexual Content;Singleplayer;Story Rich;Visual Novel,"Patisserie 'La Soleil', run by Kashou Minaduki, is flourishing thanks to the help of two catgirls: Maple, full of pride and a little on the haughty side, and Cinnamon, an impulsive daydreamer. These two are especially close among the rest of the sisters. One day, Maple encounters something that shakes her belief in attaining her dream. Cinnamon, unwilling to see Maple suffer, wishes to help her in any way possible... but she can't figure out how. This story is a heartwarming cat comedy about the","{""text_match"": 0.0044024386, ""cosine_similarity"": 0.569952, ""reranker_score"": -7.911607}"
2026-02-10T00:08:46+00:00,CORTEX_DB.RAW.CAT_GAMES_SVC_1_5,default,"cozy cat cafe management sim, but NOT a visual novel, NOT anime, avoid paid games","cozy cat cafe management sim, but NOT a visual novel, NOT anime, avoid paid games",[],,False,,,,keyword_focus,0.65,10,100,0,477,477,,01c24ec8-0005-07ef-0001-397a000411fe,,28,28,,4e-06,4e-06,,4e-06,,,,,[],[],[],[],[],[],,,True,[],[],,7,Boba Simulator : Idle Shop Management,0.7638023,2022,Arabic;Bulgarian;Czech;Danish;Dutch;English;Finnish;French;German;Greek;Hungarian;Italian;Japanese;Korean;Norwegian;Polish;Portuguese - Brazil;Portuguese - Portugal;Romanian;Russian;Simplified Chinese;Spanish - Latin America;Spanish - Spain;Swedish;Thai;Traditional Chinese;Turkish;Ukrainian;Vietnamese,Camera Comfort;Custom Volume Controls;Family Sharing;Mouse Only Option;Playable without Timed Input;Single-player;Steam Achievements;Steam Leaderboards,Casual;Early Access;Indie;Simulation;Strategy,Automation;Cartoony;Casual;Cats;Clicker;Colorful;Cozy;Cute;Early Access;Family Friendly;Funny;Idler;Isometric;Management;Point & Click;Relaxing;Shop Keeper;Simulation;Singleplayer;Strategy,"Create mouthwatering recipes for ultimate customer satisfaction Experiment and refine your recipes through fun trial and error. Customers' preferences can change at any moment, so stay adaptable! Upgrade your shop and unlock new possibilities Invest wisely in upgrades and watch your business flourish. More exciting upgrades, like a delivery service, await you as you progress! Efficiently manage your stock and storage Purchase Boba Tea ingredients from the supermarket and optimize your limited st","{""text_match"": 0.012152763, ""cosine_similarity"": 0.5276046, ""reranker_score"": -6.252993}"
2026-02-10T00:08:46+00:00,CORTEX_DB.RAW.CAT_GAMES_SVC_1_5,default,"cozy cat cafe management sim, but NOT a visual novel, NOT anime, avoid paid games","cozy cat cafe management sim, but NOT a visual novel, NOT anime, avoid paid games",[],,False,,,,keyword_focus,0.65,10,100,0,477,477,,01c24ec8-0005-07ef-0001-397a000411fe,,28,28,,4e-06,4e-06,,4e-06,,,,,[],[],[],[],[],[],,,True,[],[],,8,Sweet Delights: The Girl’s Cafe Quest,0.78023675,2025,English;French;German;Japanese;Korean;Polish;Portuguese - Portugal;Russian;Spanish - Spain;Traditional Chinese;Turkish;Ukrainian,Family Sharing;Single-player;Steam Achievements,Casual;Indie,Anime;Casual;Cats;Dating Sim;FPS;Female Protagonist;Hentai;Idler;Indie;Mature;NSFW;Nudity;Puzzle;RPG;Sexual Content;Simulation;Singleplayer;Visual Novel,"✨✨✨✨✨✨✨✨✨✨✨✨✨✨✨✨✨✨✨✨✨✨✨✨✨✨✨✨✨✨✨✨ ✨✨✨✨✨✨✨✨✨✨✨✨✨✨✨✨✨✨✨✨✨✨✨✨✨✨✨✨✨✨✨✨ 'Sweet Delights: The Girl’s Cafe Quest' — an engaging hidden object game where your ultimate reward is spending time with stunning anime girls. 🌸✨ Explore vibrant locations, find hidden items, and unlock new scenes featuring charming heroines. 🕵️‍♂️💖 Our game features a scroll system, allowing you to zoom in on important moments for a more immersive experience! 🚀🎮","{""text_match"": 0.013789082, ""cosine_similarity"": 0.5604735, ""reranker_score"": -8.148882}"
2026-02-10T00:08:46+00:00,CORTEX_DB.RAW.CAT_GAMES_SVC_1_5,default,"cozy cat cafe management sim, but NOT a visual novel, NOT anime, avoid paid games","cozy cat cafe management sim, but NOT a visual novel, NOT anime, avoid paid games",[],,False,,,,keyword_focus,0.65,10,100,0,477,477,,01c24ec8-0005-07ef-0001-397a000411fe,,28,28,,4e-06,4e-06,,4e-06,,,,,[],[],[],[],[],[],,,True,[],[],,9,Catgirls From My Sweet Dream,0.78658122,2022,English;French;German;Italian;Japanese;Korean;Portuguese - Brazil;Portuguese - Portugal;Russian;Simplified Chinese;Spanish - Latin America;Spanish - Spain;Traditional Chinese;Ukrainian,Family Sharing;Single-player;Stats;Steam Achievements;Steam Cloud;Steam Leaderboards;Steam Trading Cards,Adventure;Casual;Indie,Anime;Casual;Cats;Colorful;Cute;Dating Sim;Fantasy;Funny;Hentai;Indie;Magic;Match 3;Mature;NSFW;Nudity;Puzzle;Relaxing;Sexual Content;Singleplayer;Visual Novel,"🌸Japanese treats and Catgirls 🌸 Catgirls From My Sweet Dream - a satirical visual novel with “Match 3” gameplay in the Magical Japanese Setting. 🌸Welcome to Nekoville – a small Japanese village located between the majestic and grandiose mountains. Local Catgirls are willing to treat you with traditional Japanese sweets, sushi and sashimi. You will meet cute Nekogirls and help them with their daily tasks, and in return they will help you out even more than you could expect. ♥ ♥FEATURES♥: Magical ","{""text_match"": 0.011742534, ""cosine_similarity"": 0.57316244, ""reranker_score"": -8.934364}"
2026-02-10T00:08:46+00:00,CORTEX_DB.RAW.CAT_GAMES_SVC_1_5,default,"cozy cat cafe management sim, but NOT a visual novel, NOT anime, avoid paid games","cozy cat cafe management sim, but NOT a visual novel, NOT anime, avoid paid games",[],,False,,,,keyword_focus,0.65,10,100,0,477,477,,01c24ec8-0005-07ef-0001-397a000411fe,,28,28,,4e-06,4e-06,,4e-06,,,,,[],[],[],[],[],[],,,True,[],[],,10,Nekokami - The Human Restoration Project,0.76915305,2024,English;Japanese;Simplified Chinese,Adjustable Difficulty;Adjustable Text Size;Camera Comfort;Co-op;Custom Volume Controls;Family Sharing;Full controller support;Mouse Only Option;Multi-player;Playable without Timed Input;Shared/Split Screen;Shared/Split Screen Co-op;Single-player;Steam Achievements;Steam Cloud,Adventure;Casual;Early Access;Indie;RPG,3D;Building;Casual;Cats;Colorful;Cozy;Cute;Early Access;Family Friendly;Funny;Hand-drawn;Immersive Sim;Indie;Life Sim;Local Co-Op;Nature;Puzzle;RPG;Relaxing;Story Rich,"✨ Nekokami is a meditative, calming tile building game where you play as a time-traveler to a far future Milky Way managed by... benevolent Future Cats with super advanced technologies. Why it has to be the Cats? And where are the Humans?     In Nekokami, you will: 🌏 Create beautiful worlds of natural habitats and human settlements with strategic, or spontaneous, placement of tiles in a unique hand-drawn-like art style. 🌌 Follow an epic, whimsical yet heartwarming story of Human-Cat friendship, ","{""text_match"": 0.008591051, ""cosine_similarity"": 0.5383061, ""reranker_score"": -7.666398}"
2026-02-10T00:08:47+00:00,CORTEX_DB.RAW.CAT_GAMES_SVC_1_5,default,"cozy cat cafe management sim, but NOT a visual novel, NOT anime, avoid paid games","cozy cat cafe management sim, but NOT a visual novel, NOT anime, avoid paid games",[],,False,,,,keyword_focus,0.75,10,100,0,508,508,,01c24ec8-0005-07c5-0001-397a000406c6,,51,51,,8e-06,8e-06,,8e-06,,,,,[],[],[],[],[],[],,,True,[],[],,1,Desktop Cat Cafe,0.8282407,2025,Arabic;Bulgarian;Czech;Danish;Dutch;English;Finnish;French;German;Greek;Hungarian;Indonesian;Italian;Japanese;Korean;Norwegian;Polish;Portuguese - Brazil;Portuguese - Portugal;Romanian;Russian;Simplified Chinese;Spanish - Latin America;Spanish - Spain;Swedish;Thai;Traditional Chinese;Turkish;Ukrainian;Vietnamese,Family Sharing;Single-player;Stats;Steam Achievements;Steam Cloud,Casual;Simulation,3D;Automation;Building;Casual;Cats;City Builder;Colorful;Cozy;Cute;Economy;Idler;Indie;Life Sim;Management;Nature;Relaxing;Sandbox;Simulation;Strategy;Stylized,"Desktop Cate Cafe is a cute, idle management game that lives at the bottom of your screen letting you work on other tasks while your cafe runs. Design your dream cafe, unlock delicious recipes, and automate your cafe with cute cat staff! Design Your Outdoor Cafe Build the perfect cafe with hundreds of customization options paired with an easy to use building system that lets your creativity shine. Unlock Delicious Recipes Progress by serving customers to unlock over 150 different recipes from co","{""text_match"": 0.07810198, ""cosine_similarity"": 0.6564814, ""reranker_score"": -2.2023993}"
2026-02-10T00:08:47+00:00,CORTEX_DB.RAW.CAT_GAMES_SVC_1_5,default,"cozy cat cafe management sim, but NOT a visual novel, NOT anime, avoid paid games","cozy cat cafe management sim, but NOT a visual novel, NOT anime, avoid paid games",[],,False,,,,keyword_focus,0.75,10,100,0,508,508,,01c24ec8-0005-07c5-0001-397a000406c6,,51,51,,8e-06,8e-06,,8e-06,,,,,[],[],[],[],[],[],,,True,[],[],,2,Melo's cat cafe,0.80523245,2024,English;Japanese,Family Sharing;Single-player;Steam Achievements,Casual;Indie;Simulation,3D;Casual;Cute;Idler;Indie;Simulation;Singleplayer,"'Melo's Cat Cafe' is the perfect game for players who want to relax in a stress-free environment. Instead of chasing goals, players can simply enjoy spending time with the cats. Observe the cats as they eat and sleep, and find peace of mind in their calm presence. Main Features Spacious Mountain Home The game is set in a large house on top of a mountain with beautiful scenic views. 　　The view from the terrace is breathtaking. Free-Spirited Cats Free-spirited and independent cats make an appearan","{""text_match"": 0.0728874, ""cosine_similarity"": 0.6104649, ""reranker_score"": -5.763082}"
2026-02-10T00:08:47+00:00,CORTEX_DB.RAW.CAT_GAMES_SVC_1_5,default,"cozy cat cafe management sim, but NOT a visual novel, NOT anime, avoid paid games","cozy cat cafe management sim, but NOT a visual novel, NOT anime, avoid paid games",[],,False,,,,keyword_focus,0.75,10,100,0,508,508,,01c24ec8-0005-07c5-0001-397a000406c6,,51,51,,8e-06,8e-06,,8e-06,,,,,[],[],[],[],[],[],,,True,[],[],,3,Calico,0.77924305,2020,English;French;German;Italian;Japanese;Korean;Portuguese - Brazil;Simplified Chinese;Spanish - Latin America,Camera Comfort;Color Alternatives;Custom Volume Controls;Family Sharing;Full controller support;Playable without Timed Input;Save Anytime;Single-player;Steam Achievements;Steam Cloud,Casual;Indie;RPG;Simulation,3D;Anime;Building;Casual;Cats;Character Customization;Cute;Dog;Family Friendly;Female Protagonist;Horses;Indie;LGBTQ+;Life Sim;Magic;Open World;RPG;Relaxing;Simulation;Singleplayer,"Calico is a day-in-the-life community sim game where you are given an important and adorable task: rebuild the town’s cat café and fill it with cute and cuddly creatures! Build up your café by filling it with cute furniture, fun decorations, yummy pastries, and get it bustling with animals again! Calico is meant to make you feel all warm and fuzzy inside. The gameplay reflects that with a laid back, low stress creative environment to explore and play in. Character Creator The Calico character cr","{""text_match"": 0.023536198, ""cosine_similarity"": 0.5584861, ""reranker_score"": -4.316521}"
2026-02-10T00:08:47+00:00,CORTEX_DB.RAW.CAT_GAMES_SVC_1_5,default,"cozy cat cafe management sim, but NOT a visual novel, NOT anime, avoid paid games","cozy cat cafe management sim, but NOT a visual novel, NOT anime, avoid paid games",[],,False,,,,keyword_focus,0.75,10,100,0,508,508,,01c24ec8-0005-07c5-0001-397a000406c6,,51,51,,8e-06,8e-06,,8e-06,,,,,[],[],[],[],[],[],,,True,[],[],,4,My Fair Cat: Snow,0.79437805,2024,English;French;Japanese;Korean;Portuguese - Brazil;Russian;Simplified Chinese,Family Sharing;Single-player;Steam Achievements,Casual;Indie,Adventure;Anime;Cartoony;Casual;Cats;Choices Matter;Choose Your Own Adventure;Colorful;Cute;Dating Sim;Emotional;Female Protagonist;Immersive Sim;Interactive Fiction;Life Sim;Otome;Romance;Story Rich;Text-Based;Visual Novel,"Dive into a feel-good adventure of love, laughter, and cat companionship. Add My Fair Cat: Snow to your Steam wishlist and start spreading a little happiness today! Synopsis Recently moving to a new high school and not knowing anyone could have made for a dull routine, but everything changes when you save a stray cat. This single act of kindness sparks a chain of adventures that add a whole new layer of excitement in your daily life. As you're figuring out how to keep your new kitty content and ","{""text_match"": 0.027767744, ""cosine_similarity"": 0.5887561, ""reranker_score"": -7.3493514}"
2026-02-10T00:08:47+00:00,CORTEX_DB.RAW.CAT_GAMES_SVC_1_5,default,"cozy cat cafe management sim, but NOT a visual novel, NOT anime, avoid paid games","cozy cat cafe management sim, but NOT a visual novel, NOT anime, avoid paid games",[],,False,,,,keyword_focus,0.75,10,100,0,508,508,,01c24ec8-0005-07c5-0001-397a000406c6,,51,51,,8e-06,8e-06,,8e-06,,,,,[],[],[],[],[],[],,,True,[],[],,5,Home Office Simulator,0.79086185,2023,English,Family Sharing;Single-player;Steam Achievements;Steam Cloud,Casual;Indie,Anime;Automation;Casual;Cats;Clicker;Colorful;Cute;Idler;Indie;Simulation;Singleplayer;Strategy,"Summary Help Ayame to work remotely, keeping her free of distractions and keeping her cat interested. Upgrade your home, move to new apartments, and take care of several cats. Upgrade your apartment objects so she can work without distractions or with less chance of getting interrupted by any distractions. Gameplay Move to seven unique apartments with different distractions and upgrades to be made. Upgrade and eliminate several distractions, including cats, computers, phone calls, and notificati","{""text_match"": 0.01088609, ""cosine_similarity"": 0.5817237, ""reranker_score"": -8.25431}"
2026-02-10T00:08:47+00:00,CORTEX_DB.RAW.CAT_GAMES_SVC_1_5,default,"cozy cat cafe management sim, but NOT a visual novel, NOT anime, avoid paid games","cozy cat cafe management sim, but NOT a visual novel, NOT anime, avoid paid games",[],,False,,,,keyword_focus,0.75,10,100,0,508,508,,01c24ec8-0005-07c5-0001-397a000406c6,,51,51,,8e-06,8e-06,,8e-06,,,,,[],[],[],[],[],[],,,True,[],[],,6,NEKOPARA Vol. 3,0.784976,2017,English;Japanese;Traditional Chinese,Family Sharing;Single-player;Steam Achievements;Steam Cloud;Steam Trading Cards,Casual;Indie,2D;Adventure;Anime;Atmospheric;Casual;Cats;Cute;Dating Sim;Funny;Great Soundtrack;Hentai;Indie;NSFW;Nudity;Replay Value;Romance;Sexual Content;Singleplayer;Story Rich;Visual Novel,"Patisserie 'La Soleil', run by Kashou Minaduki, is flourishing thanks to the help of two catgirls: Maple, full of pride and a little on the haughty side, and Cinnamon, an impulsive daydreamer. These two are especially close among the rest of the sisters. One day, Maple encounters something that shakes her belief in attaining her dream. Cinnamon, unwilling to see Maple suffer, wishes to help her in any way possible... but she can't figure out how. This story is a heartwarming cat comedy about the","{""text_match"": 0.0044024386, ""cosine_similarity"": 0.569952, ""reranker_score"": -7.911607}"
2026-02-10T00:08:47+00:00,CORTEX_DB.RAW.CAT_GAMES_SVC_1_5,default,"cozy cat cafe management sim, but NOT a visual novel, NOT anime, avoid paid games","cozy cat cafe management sim, but NOT a visual novel, NOT anime, avoid paid games",[],,False,,,,keyword_focus,0.75,10,100,0,508,508,,01c24ec8-0005-07c5-0001-397a000406c6,,51,51,,8e-06,8e-06,,8e-06,,,,,[],[],[],[],[],[],,,True,[],[],,7,Boba Simulator : Idle Shop Management,0.7638023,2022,Arabic;Bulgarian;Czech;Danish;Dutch;English;Finnish;French;German;Greek;Hungarian;Italian;Japanese;Korean;Norwegian;Polish;Portuguese - Brazil;Portuguese - Portugal;Romanian;Russian;Simplified Chinese;Spanish - Latin America;Spanish - Spain;Swedish;Thai;Traditional Chinese;Turkish;Ukrainian;Vietnamese,Camera Comfort;Custom Volume Controls;Family Sharing;Mouse Only Option;Playable without Timed Input;Single-player;Steam Achievements;Steam Leaderboards,Casual;Early Access;Indie;Simulation;Strategy,Automation;Cartoony;Casual;Cats;Clicker;Colorful;Cozy;Cute;Early Access;Family Friendly;Funny;Idler;Isometric;Management;Point & Click;Relaxing;Shop Keeper;Simulation;Singleplayer;Strategy,"Create mouthwatering recipes for ultimate customer satisfaction Experiment and refine your recipes through fun trial and error. Customers' preferences can change at any moment, so stay adaptable! Upgrade your shop and unlock new possibilities Invest wisely in upgrades and watch your business flourish. More exciting upgrades, like a delivery service, await you as you progress! Efficiently manage your stock and storage Purchase Boba Tea ingredients from the supermarket and optimize your limited st","{""text_match"": 0.012152763, ""cosine_similarity"": 0.5276046, ""reranker_score"": -6.252993}"
2026-02-10T00:08:47+00:00,CORTEX_DB.RAW.CAT_GAMES_SVC_1_5,default,"cozy cat cafe management sim, but NOT a visual novel, NOT anime, avoid paid games","cozy cat cafe management sim, but NOT a visual novel, NOT anime, avoid paid games",[],,False,,,,keyword_focus,0.75,10,100,0,508,508,,01c24ec8-0005-07c5-0001-397a000406c6,,51,51,,8e-06,8e-06,,8e-06,,,,,[],[],[],[],[],[],,,True,[],[],,8,Sweet Delights: The Girl’s Cafe Quest,0.78023675,2025,English;French;German;Japanese;Korean;Polish;Portuguese - Portugal;Russian;Spanish - Spain;Traditional Chinese;Turkish;Ukrainian,Family Sharing;Single-player;Steam Achievements,Casual;Indie,Anime;Casual;Cats;Dating Sim;FPS;Female Protagonist;Hentai;Idler;Indie;Mature;NSFW;Nudity;Puzzle;RPG;Sexual Content;Simulation;Singleplayer;Visual Novel,"✨✨✨✨✨✨✨✨✨✨✨✨✨✨✨✨✨✨✨✨✨✨✨✨✨✨✨✨✨✨✨✨ ✨✨✨✨✨✨✨✨✨✨✨✨✨✨✨✨✨✨✨✨✨✨✨✨✨✨✨✨✨✨✨✨ 'Sweet Delights: The Girl’s Cafe Quest' — an engaging hidden object game where your ultimate reward is spending time with stunning anime girls. 🌸✨ Explore vibrant locations, find hidden items, and unlock new scenes featuring charming heroines. 🕵️‍♂️💖 Our game features a scroll system, allowing you to zoom in on important moments for a more immersive experience! 🚀🎮","{""text_match"": 0.013789082, ""cosine_similarity"": 0.5604735, ""reranker_score"": -8.148882}"
2026-02-10T00:08:47+00:00,CORTEX_DB.RAW.CAT_GAMES_SVC_1_5,default,"cozy cat cafe management sim, but NOT a visual novel, NOT anime, avoid paid games","cozy cat cafe management sim, but NOT a visual novel, NOT anime, avoid paid games",[],,False,,,,keyword_focus,0.75,10,100,0,508,508,,01c24ec8-0005-07c5-0001-397a000406c6,,51,51,,8e-06,8e-06,,8e-06,,,,,[],[],[],[],[],[],,,True,[],[],,9,Catgirls From My Sweet Dream,0.78658122,2022,English;French;German;Italian;Japanese;Korean;Portuguese - Brazil;Portuguese - Portugal;Russian;Simplified Chinese;Spanish - Latin America;Spanish - Spain;Traditional Chinese;Ukrainian,Family Sharing;Single-player;Stats;Steam Achievements;Steam Cloud;Steam Leaderboards;Steam Trading Cards,Adventure;Casual;Indie,Anime;Casual;Cats;Colorful;Cute;Dating Sim;Fantasy;Funny;Hentai;Indie;Magic;Match 3;Mature;NSFW;Nudity;Puzzle;Relaxing;Sexual Content;Singleplayer;Visual Novel,"🌸Japanese treats and Catgirls 🌸 Catgirls From My Sweet Dream - a satirical visual novel with “Match 3” gameplay in the Magical Japanese Setting. 🌸Welcome to Nekoville – a small Japanese village located between the majestic and grandiose mountains. Local Catgirls are willing to treat you with traditional Japanese sweets, sushi and sashimi. You will meet cute Nekogirls and help them with their daily tasks, and in return they will help you out even more than you could expect. ♥ ♥FEATURES♥: Magical ","{""text_match"": 0.011742534, ""cosine_similarity"": 0.57316244, ""reranker_score"": -8.934364}"
2026-02-10T00:08:47+00:00,CORTEX_DB.RAW.CAT_GAMES_SVC_1_5,default,"cozy cat cafe management sim, but NOT a visual novel, NOT anime, avoid paid games","cozy cat cafe management sim, but NOT a visual novel, NOT anime, avoid paid games",[],,False,,,,keyword_focus,0.75,10,100,0,508,508,,01c24ec8-0005-07c5-0001-397a000406c6,,51,51,,8e-06,8e-06,,8e-06,,,,,[],[],[],[],[],[],,,True,[],[],,10,Nekokami - The Human Restoration Project,0.76915305,2024,English;Japanese;Simplified Chinese,Adjustable Difficulty;Adjustable Text Size;Camera Comfort;Co-op;Custom Volume Controls;Family Sharing;Full controller support;Mouse Only Option;Multi-player;Playable without Timed Input;Shared/Split Screen;Shared/Split Screen Co-op;Single-player;Steam Achievements;Steam Cloud,Adventure;Casual;Early Access;Indie;RPG,3D;Building;Casual;Cats;Colorful;Cozy;Cute;Early Access;Family Friendly;Funny;Hand-drawn;Immersive Sim;Indie;Life Sim;Local Co-Op;Nature;Puzzle;RPG;Relaxing;Story Rich,"✨ Nekokami is a meditative, calming tile building game where you play as a time-traveler to a far future Milky Way managed by... benevolent Future Cats with super advanced technologies. Why it has to be the Cats? And where are the Humans?     In Nekokami, you will: 🌏 Create beautiful worlds of natural habitats and human settlements with strategic, or spontaneous, placement of tiles in a unique hand-drawn-like art style. 🌌 Follow an epic, whimsical yet heartwarming story of Human-Cat friendship, ","{""text_match"": 0.008591051, ""cosine_similarity"": 0.5383061, ""reranker_score"": -7.666398}"
2026-02-10T00:08:49+00:00,CORTEX_DB.RAW.CAT_GAMES_SVC_1_5,default,"cozy cat cafe management sim, but NOT a visual novel, NOT anime, avoid paid games","cozy cat cafe management sim, but NOT a visual novel, NOT anime, avoid paid games",[],,False,,,,semantic_focus,0.3,10,100,0,458,458,,01c24ec8-0005-07c5-0001-397a000406d2,,39,39,,6e-06,6e-06,,6e-06,,,,,[],[],[],[],[],[],,,True,[],[],,1,Desktop Cat Cafe,0.8282407,2025,Arabic;Bulgarian;Czech;Danish;Dutch;English;Finnish;French;German;Greek;Hungarian;Indonesian;Italian;Japanese;Korean;Norwegian;Polish;Portuguese - Brazil;Portuguese - Portugal;Romanian;Russian;Simplified Chinese;Spanish - Latin America;Spanish - Spain;Swedish;Thai;Traditional Chinese;Turkish;Ukrainian;Vietnamese,Family Sharing;Single-player;Stats;Steam Achievements;Steam Cloud,Casual;Simulation,3D;Automation;Building;Casual;Cats;City Builder;Colorful;Cozy;Cute;Economy;Idler;Indie;Life Sim;Management;Nature;Relaxing;Sandbox;Simulation;Strategy;Stylized,"Desktop Cate Cafe is a cute, idle management game that lives at the bottom of your screen letting you work on other tasks while your cafe runs. Design your dream cafe, unlock delicious recipes, and automate your cafe with cute cat staff! Design Your Outdoor Cafe Build the perfect cafe with hundreds of customization options paired with an easy to use building system that lets your creativity shine. Unlock Delicious Recipes Progress by serving customers to unlock over 150 different recipes from co","{""text_match"": 0.07810198, ""cosine_similarity"": 0.6564814, ""reranker_score"": -2.2023993}"
2026-02-10T00:08:49+00:00,CORTEX_DB.RAW.CAT_GAMES_SVC_1_5,default,"cozy cat cafe management sim, but NOT a visual novel, NOT anime, avoid paid games","cozy cat cafe management sim, but NOT a visual novel, NOT anime, avoid paid games",[],,False,,,,semantic_focus,0.3,10,100,0,458,458,,01c24ec8-0005-07c5-0001-397a000406d2,,39,39,,6e-06,6e-06,,6e-06,,,,,[],[],[],[],[],[],,,True,[],[],,2,Melo's cat cafe,0.80523245,2024,English;Japanese,Family Sharing;Single-player;Steam Achievements,Casual;Indie;Simulation,3D;Casual;Cute;Idler;Indie;Simulation;Singleplayer,"'Melo's Cat Cafe' is the perfect game for players who want to relax in a stress-free environment. Instead of chasing goals, players can simply enjoy spending time with the cats. Observe the cats as they eat and sleep, and find peace of mind in their calm presence. Main Features Spacious Mountain Home The game is set in a large house on top of a mountain with beautiful scenic views. 　　The view from the terrace is breathtaking. Free-Spirited Cats Free-spirited and independent cats make an appearan","{""text_match"": 0.0728874, ""cosine_similarity"": 0.6104649, ""reranker_score"": -5.763082}"
2026-02-10T00:08:49+00:00,CORTEX_DB.RAW.CAT_GAMES_SVC_1_5,default,"cozy cat cafe management sim, but NOT a visual novel, NOT anime, avoid paid games","cozy cat cafe management sim, but NOT a visual novel, NOT anime, avoid paid games",[],,False,,,,semantic_focus,0.3,10,100,0,458,458,,01c24ec8-0005-07c5-0001-397a000406d2,,39,39,,6e-06,6e-06,,6e-06,,,,,[],[],[],[],[],[],,,True,[],[],,3,Calico,0.77924305,2020,English;French;German;Italian;Japanese;Korean;Portuguese - Brazil;Simplified Chinese;Spanish - Latin America,Camera Comfort;Color Alternatives;Custom Volume Controls;Family Sharing;Full controller support;Playable without Timed Input;Save Anytime;Single-player;Steam Achievements;Steam Cloud,Casual;Indie;RPG;Simulation,3D;Anime;Building;Casual;Cats;Character Customization;Cute;Dog;Family Friendly;Female Protagonist;Horses;Indie;LGBTQ+;Life Sim;Magic;Open World;RPG;Relaxing;Simulation;Singleplayer,"Calico is a day-in-the-life community sim game where you are given an important and adorable task: rebuild the town’s cat café and fill it with cute and cuddly creatures! Build up your café by filling it with cute furniture, fun decorations, yummy pastries, and get it bustling with animals again! Calico is meant to make you feel all warm and fuzzy inside. The gameplay reflects that with a laid back, low stress creative environment to explore and play in. Character Creator The Calico character cr","{""text_match"": 0.023536198, ""cosine_similarity"": 0.5584861, ""reranker_score"": -4.316521}"
2026-02-10T00:08:49+00:00,CORTEX_DB.RAW.CAT_GAMES_SVC_1_5,default,"cozy cat cafe management sim, but NOT a visual novel, NOT anime, avoid paid games","cozy cat cafe management sim, but NOT a visual novel, NOT anime, avoid paid games",[],,False,,,,semantic_focus,0.3,10,100,0,458,458,,01c24ec8-0005-07c5-0001-397a000406d2,,39,39,,6e-06,6e-06,,6e-06,,,,,[],[],[],[],[],[],,,True,[],[],,4,My Fair Cat: Snow,0.79437805,2024,English;French;Japanese;Korean;Portuguese - Brazil;Russian;Simplified Chinese,Family Sharing;Single-player;Steam Achievements,Casual;Indie,Adventure;Anime;Cartoony;Casual;Cats;Choices Matter;Choose Your Own Adventure;Colorful;Cute;Dating Sim;Emotional;Female Protagonist;Immersive Sim;Interactive Fiction;Life Sim;Otome;Romance;Story Rich;Text-Based;Visual Novel,"Dive into a feel-good adventure of love, laughter, and cat companionship. Add My Fair Cat: Snow to your Steam wishlist and start spreading a little happiness today! Synopsis Recently moving to a new high school and not knowing anyone could have made for a dull routine, but everything changes when you save a stray cat. This single act of kindness sparks a chain of adventures that add a whole new layer of excitement in your daily life. As you're figuring out how to keep your new kitty content and ","{""text_match"": 0.027767744, ""cosine_similarity"": 0.5887561, ""reranker_score"": -7.3493514}"
2026-02-10T00:08:49+00:00,CORTEX_DB.RAW.CAT_GAMES_SVC_1_5,default,"cozy cat cafe management sim, but NOT a visual novel, NOT anime, avoid paid games","cozy cat cafe management sim, but NOT a visual novel, NOT anime, avoid paid games",[],,False,,,,semantic_focus,0.3,10,100,0,458,458,,01c24ec8-0005-07c5-0001-397a000406d2,,39,39,,6e-06,6e-06,,6e-06,,,,,[],[],[],[],[],[],,,True,[],[],,5,Home Office Simulator,0.79086185,2023,English,Family Sharing;Single-player;Steam Achievements;Steam Cloud,Casual;Indie,Anime;Automation;Casual;Cats;Clicker;Colorful;Cute;Idler;Indie;Simulation;Singleplayer;Strategy,"Summary Help Ayame to work remotely, keeping her free of distractions and keeping her cat interested. Upgrade your home, move to new apartments, and take care of several cats. Upgrade your apartment objects so she can work without distractions or with less chance of getting interrupted by any distractions. Gameplay Move to seven unique apartments with different distractions and upgrades to be made. Upgrade and eliminate several distractions, including cats, computers, phone calls, and notificati","{""text_match"": 0.01088609, ""cosine_similarity"": 0.5817237, ""reranker_score"": -8.25431}"
2026-02-10T00:08:49+00:00,CORTEX_DB.RAW.CAT_GAMES_SVC_1_5,default,"cozy cat cafe management sim, but NOT a visual novel, NOT anime, avoid paid games","cozy cat cafe management sim, but NOT a visual novel, NOT anime, avoid paid games",[],,False,,,,semantic_focus,0.3,10,100,0,458,458,,01c24ec8-0005-07c5-0001-397a000406d2,,39,39,,6e-06,6e-06,,6e-06,,,,,[],[],[],[],[],[],,,True,[],[],,6,NEKOPARA Vol. 3,0.784976,2017,English;Japanese;Traditional Chinese,Family Sharing;Single-player;Steam Achievements;Steam Cloud;Steam Trading Cards,Casual;Indie,2D;Adventure;Anime;Atmospheric;Casual;Cats;Cute;Dating Sim;Funny;Great Soundtrack;Hentai;Indie;NSFW;Nudity;Replay Value;Romance;Sexual Content;Singleplayer;Story Rich;Visual Novel,"Patisserie 'La Soleil', run by Kashou Minaduki, is flourishing thanks to the help of two catgirls: Maple, full of pride and a little on the haughty side, and Cinnamon, an impulsive daydreamer. These two are especially close among the rest of the sisters. One day, Maple encounters something that shakes her belief in attaining her dream. Cinnamon, unwilling to see Maple suffer, wishes to help her in any way possible... but she can't figure out how. This story is a heartwarming cat comedy about the","{""text_match"": 0.0044024386, ""cosine_similarity"": 0.569952, ""reranker_score"": -7.911607}"
2026-02-10T00:08:49+00:00,CORTEX_DB.RAW.CAT_GAMES_SVC_1_5,default,"cozy cat cafe management sim, but NOT a visual novel, NOT anime, avoid paid games","cozy cat cafe management sim, but NOT a visual novel, NOT anime, avoid paid games",[],,False,,,,semantic_focus,0.3,10,100,0,458,458,,01c24ec8-0005-07c5-0001-397a000406d2,,39,39,,6e-06,6e-06,,6e-06,,,,,[],[],[],[],[],[],,,True,[],[],,7,Boba Simulator : Idle Shop Management,0.7638023,2022,Arabic;Bulgarian;Czech;Danish;Dutch;English;Finnish;French;German;Greek;Hungarian;Italian;Japanese;Korean;Norwegian;Polish;Portuguese - Brazil;Portuguese - Portugal;Romanian;Russian;Simplified Chinese;Spanish - Latin America;Spanish - Spain;Swedish;Thai;Traditional Chinese;Turkish;Ukrainian;Vietnamese,Camera Comfort;Custom Volume Controls;Family Sharing;Mouse Only Option;Playable without Timed Input;Single-player;Steam Achievements;Steam Leaderboards,Casual;Early Access;Indie;Simulation;Strategy,Automation;Cartoony;Casual;Cats;Clicker;Colorful;Cozy;Cute;Early Access;Family Friendly;Funny;Idler;Isometric;Management;Point & Click;Relaxing;Shop Keeper;Simulation;Singleplayer;Strategy,"Create mouthwatering recipes for ultimate customer satisfaction Experiment and refine your recipes through fun trial and error. Customers' preferences can change at any moment, so stay adaptable! Upgrade your shop and unlock new possibilities Invest wisely in upgrades and watch your business flourish. More exciting upgrades, like a delivery service, await you as you progress! Efficiently manage your stock and storage Purchase Boba Tea ingredients from the supermarket and optimize your limited st","{""text_match"": 0.012152763, ""cosine_similarity"": 0.5276046, ""reranker_score"": -6.252993}"
2026-02-10T00:08:49+00:00,CORTEX_DB.RAW.CAT_GAMES_SVC_1_5,default,"cozy cat cafe management sim, but NOT a visual novel, NOT anime, avoid paid games","cozy cat cafe management sim, but NOT a visual novel, NOT anime, avoid paid games",[],,False,,,,semantic_focus,0.3,10,100,0,458,458,,01c24ec8-0005-07c5-0001-397a000406d2,,39,39,,6e-06,6e-06,,6e-06,,,,,[],[],[],[],[],[],,,True,[],[],,8,Sweet Delights: The Girl’s Cafe Quest,0.78023675,2025,English;French;German;Japanese;Korean;Polish;Portuguese - Portugal;Russian;Spanish - Spain;Traditional Chinese;Turkish;Ukrainian,Family Sharing;Single-player;Steam Achievements,Casual;Indie,Anime;Casual;Cats;Dating Sim;FPS;Female Protagonist;Hentai;Idler;Indie;Mature;NSFW;Nudity;Puzzle;RPG;Sexual Content;Simulation;Singleplayer;Visual Novel,"✨✨✨✨✨✨✨✨✨✨✨✨✨✨✨✨✨✨✨✨✨✨✨✨✨✨✨✨✨✨✨✨ ✨✨✨✨✨✨✨✨✨✨✨✨✨✨✨✨✨✨✨✨✨✨✨✨✨✨✨✨✨✨✨✨ 'Sweet Delights: The Girl’s Cafe Quest' — an engaging hidden object game where your ultimate reward is spending time with stunning anime girls. 🌸✨ Explore vibrant locations, find hidden items, and unlock new scenes featuring charming heroines. 🕵️‍♂️💖 Our game features a scroll system, allowing you to zoom in on important moments for a more immersive experience! 🚀🎮","{""text_match"": 0.013789082, ""cosine_similarity"": 0.5604735, ""reranker_score"": -8.148882}"
2026-02-10T00:08:49+00:00,CORTEX_DB.RAW.CAT_GAMES_SVC_1_5,default,"cozy cat cafe management sim, but NOT a visual novel, NOT anime, avoid paid games","cozy cat cafe management sim, but NOT a visual novel, NOT anime, avoid paid games",[],,False,,,,semantic_focus,0.3,10,100,0,458,458,,01c24ec8-0005-07c5-0001-397a000406d2,,39,39,,6e-06,6e-06,,6e-06,,,,,[],[],[],[],[],[],,,True,[],[],,9,Catgirls From My Sweet Dream,0.78658122,2022,English;French;German;Italian;Japanese;Korean;Portuguese - Brazil;Portuguese - Portugal;Russian;Simplified Chinese;Spanish - Latin America;Spanish - Spain;Traditional Chinese;Ukrainian,Family Sharing;Single-player;Stats;Steam Achievements;Steam Cloud;Steam Leaderboards;Steam Trading Cards,Adventure;Casual;Indie,Anime;Casual;Cats;Colorful;Cute;Dating Sim;Fantasy;Funny;Hentai;Indie;Magic;Match 3;Mature;NSFW;Nudity;Puzzle;Relaxing;Sexual Content;Singleplayer;Visual Novel,"🌸Japanese treats and Catgirls 🌸 Catgirls From My Sweet Dream - a satirical visual novel with “Match 3” gameplay in the Magical Japanese Setting. 🌸Welcome to Nekoville – a small Japanese village located between the majestic and grandiose mountains. Local Catgirls are willing to treat you with traditional Japanese sweets, sushi and sashimi. You will meet cute Nekogirls and help them with their daily tasks, and in return they will help you out even more than you could expect. ♥ ♥FEATURES♥: Magical ","{""text_match"": 0.011742534, ""cosine_similarity"": 0.57316244, ""reranker_score"": -8.934364}"
2026-02-10T00:08:49+00:00,CORTEX_DB.RAW.CAT_GAMES_SVC_1_5,default,"cozy cat cafe management sim, but NOT a visual novel, NOT anime, avoid paid games","cozy cat cafe management sim, but NOT a visual novel, NOT anime, avoid paid games",[],,False,,,,semantic_focus,0.3,10,100,0,458,458,,01c24ec8-0005-07c5-0001-397a000406d2,,39,39,,6e-06,6e-06,,6e-06,,,,,[],[],[],[],[],[],,,True,[],[],,10,Nekokami - The Human Restoration Project,0.76915305,2024,English;Japanese;Simplified Chinese,Adjustable Difficulty;Adjustable Text Size;Camera Comfort;Co-op;Custom Volume Controls;Family Sharing;Full controller support;Mouse Only Option;Multi-player;Playable without Timed Input;Shared/Split Screen;Shared/Split Screen Co-op;Single-player;Steam Achievements;Steam Cloud,Adventure;Casual;Early Access;Indie;RPG,3D;Building;Casual;Cats;Colorful;Cozy;Cute;Early Access;Family Friendly;Funny;Hand-drawn;Immersive Sim;Indie;Life Sim;Local Co-Op;Nature;Puzzle;RPG;Relaxing;Story Rich,"✨ Nekokami is a meditative, calming tile building game where you play as a time-traveler to a far future Milky Way managed by... benevolent Future Cats with super advanced technologies. Why it has to be the Cats? And where are the Humans?     In Nekokami, you will: 🌏 Create beautiful worlds of natural habitats and human settlements with strategic, or spontaneous, placement of tiles in a unique hand-drawn-like art style. 🌌 Follow an epic, whimsical yet heartwarming story of Human-Cat friendship, ","{""text_match"": 0.008591051, ""cosine_similarity"": 0.5383061, ""reranker_score"": -7.666398}"
2026-02-10T00:08:50+00:00,CORTEX_DB.RAW.CAT_GAMES_SVC_1_5,default,"cozy cat cafe management sim, but NOT a visual novel, NOT anime, avoid paid games","cozy cat cafe management sim, but NOT a visual novel, NOT anime, avoid paid games",[],,False,,,,semantic_focus,0.65,10,100,0,521,521,,01c24ec8-0005-07f0-0001-397a0003f606,,42,42,,6e-06,6e-06,,6e-06,,,,,[],[],[],[],[],[],,,True,[],[],,1,Desktop Cat Cafe,0.8282407,2025,Arabic;Bulgarian;Czech;Danish;Dutch;English;Finnish;French;German;Greek;Hungarian;Indonesian;Italian;Japanese;Korean;Norwegian;Polish;Portuguese - Brazil;Portuguese - Portugal;Romanian;Russian;Simplified Chinese;Spanish - Latin America;Spanish - Spain;Swedish;Thai;Traditional Chinese;Turkish;Ukrainian;Vietnamese,Family Sharing;Single-player;Stats;Steam Achievements;Steam Cloud,Casual;Simulation,3D;Automation;Building;Casual;Cats;City Builder;Colorful;Cozy;Cute;Economy;Idler;Indie;Life Sim;Management;Nature;Relaxing;Sandbox;Simulation;Strategy;Stylized,"Desktop Cate Cafe is a cute, idle management game that lives at the bottom of your screen letting you work on other tasks while your cafe runs. Design your dream cafe, unlock delicious recipes, and automate your cafe with cute cat staff! Design Your Outdoor Cafe Build the perfect cafe with hundreds of customization options paired with an easy to use building system that lets your creativity shine. Unlock Delicious Recipes Progress by serving customers to unlock over 150 different recipes from co","{""text_match"": 0.07810198, ""cosine_similarity"": 0.6564814, ""reranker_score"": -2.2023993}"
2026-02-10T00:08:50+00:00,CORTEX_DB.RAW.CAT_GAMES_SVC_1_5,default,"cozy cat cafe management sim, but NOT a visual novel, NOT anime, avoid paid games","cozy cat cafe management sim, but NOT a visual novel, NOT anime, avoid paid games",[],,False,,,,semantic_focus,0.65,10,100,0,521,521,,01c24ec8-0005-07f0-0001-397a0003f606,,42,42,,6e-06,6e-06,,6e-06,,,,,[],[],[],[],[],[],,,True,[],[],,2,Melo's cat cafe,0.80523245,2024,English;Japanese,Family Sharing;Single-player;Steam Achievements,Casual;Indie;Simulation,3D;Casual;Cute;Idler;Indie;Simulation;Singleplayer,"'Melo's Cat Cafe' is the perfect game for players who want to relax in a stress-free environment. Instead of chasing goals, players can simply enjoy spending time with the cats. Observe the cats as they eat and sleep, and find peace of mind in their calm presence. Main Features Spacious Mountain Home The game is set in a large house on top of a mountain with beautiful scenic views. 　　The view from the terrace is breathtaking. Free-Spirited Cats Free-spirited and independent cats make an appearan","{""text_match"": 0.0728874, ""cosine_similarity"": 0.6104649, ""reranker_score"": -5.763082}"
2026-02-10T00:08:50+00:00,CORTEX_DB.RAW.CAT_GAMES_SVC_1_5,default,"cozy cat cafe management sim, but NOT a visual novel, NOT anime, avoid paid games","cozy cat cafe management sim, but NOT a visual novel, NOT anime, avoid paid games",[],,False,,,,semantic_focus,0.65,10,100,0,521,521,,01c24ec8-0005-07f0-0001-397a0003f606,,42,42,,6e-06,6e-06,,6e-06,,,,,[],[],[],[],[],[],,,True,[],[],,3,Calico,0.77924305,2020,English;French;German;Italian;Japanese;Korean;Portuguese - Brazil;Simplified Chinese;Spanish - Latin America,Camera Comfort;Color Alternatives;Custom Volume Controls;Family Sharing;Full controller support;Playable without Timed Input;Save Anytime;Single-player;Steam Achievements;Steam Cloud,Casual;Indie;RPG;Simulation,3D;Anime;Building;Casual;Cats;Character Customization;Cute;Dog;Family Friendly;Female Protagonist;Horses;Indie;LGBTQ+;Life Sim;Magic;Open World;RPG;Relaxing;Simulation;Singleplayer,"Calico is a day-in-the-life community sim game where you are given an important and adorable task: rebuild the town’s cat café and fill it with cute and cuddly creatures! Build up your café by filling it with cute furniture, fun decorations, yummy pastries, and get it bustling with animals again! Calico is meant to make you feel all warm and fuzzy inside. The gameplay reflects that with a laid back, low stress creative environment to explore and play in. Character Creator The Calico character cr","{""text_match"": 0.023536198, ""cosine_similarity"": 0.5584861, ""reranker_score"": -4.316521}"
2026-02-10T00:08:50+00:00,CORTEX_DB.RAW.CAT_GAMES_SVC_1_5,default,"cozy cat cafe management sim, but NOT a visual novel, NOT anime, avoid paid games","cozy cat cafe management sim, but NOT a visual novel, NOT anime, avoid paid games",[],,False,,,,semantic_focus,0.65,10,100,0,521,521,,01c24ec8-0005-07f0-0001-397a0003f606,,42,42,,6e-06,6e-06,,6e-06,,,,,[],[],[],[],[],[],,,True,[],[],,4,My Fair Cat: Snow,0.79437805,2024,English;French;Japanese;Korean;Portuguese - Brazil;Russian;Simplified Chinese,Family Sharing;Single-player;Steam Achievements,Casual;Indie,Adventure;Anime;Cartoony;Casual;Cats;Choices Matter;Choose Your Own Adventure;Colorful;Cute;Dating Sim;Emotional;Female Protagonist;Immersive Sim;Interactive Fiction;Life Sim;Otome;Romance;Story Rich;Text-Based;Visual Novel,"Dive into a feel-good adventure of love, laughter, and cat companionship. Add My Fair Cat: Snow to your Steam wishlist and start spreading a little happiness today! Synopsis Recently moving to a new high school and not knowing anyone could have made for a dull routine, but everything changes when you save a stray cat. This single act of kindness sparks a chain of adventures that add a whole new layer of excitement in your daily life. As you're figuring out how to keep your new kitty content and ","{""text_match"": 0.027767744, ""cosine_similarity"": 0.5887561, ""reranker_score"": -7.3493514}"
2026-02-10T00:08:50+00:00,CORTEX_DB.RAW.CAT_GAMES_SVC_1_5,default,"cozy cat cafe management sim, but NOT a visual novel, NOT anime, avoid paid games","cozy cat cafe management sim, but NOT a visual novel, NOT anime, avoid paid games",[],,False,,,,semantic_focus,0.65,10,100,0,521,521,,01c24ec8-0005-07f0-0001-397a0003f606,,42,42,,6e-06,6e-06,,6e-06,,,,,[],[],[],[],[],[],,,True,[],[],,5,Home Office Simulator,0.79086185,2023,English,Family Sharing;Single-player;Steam Achievements;Steam Cloud,Casual;Indie,Anime;Automation;Casual;Cats;Clicker;Colorful;Cute;Idler;Indie;Simulation;Singleplayer;Strategy,"Summary Help Ayame to work remotely, keeping her free of distractions and keeping her cat interested. Upgrade your home, move to new apartments, and take care of several cats. Upgrade your apartment objects so she can work without distractions or with less chance of getting interrupted by any distractions. Gameplay Move to seven unique apartments with different distractions and upgrades to be made. Upgrade and eliminate several distractions, including cats, computers, phone calls, and notificati","{""text_match"": 0.01088609, ""cosine_similarity"": 0.5817237, ""reranker_score"": -8.25431}"
2026-02-10T00:08:50+00:00,CORTEX_DB.RAW.CAT_GAMES_SVC_1_5,default,"cozy cat cafe management sim, but NOT a visual novel, NOT anime, avoid paid games","cozy cat cafe management sim, but NOT a visual novel, NOT anime, avoid paid games",[],,False,,,,semantic_focus,0.65,10,100,0,521,521,,01c24ec8-0005-07f0-0001-397a0003f606,,42,42,,6e-06,6e-06,,6e-06,,,,,[],[],[],[],[],[],,,True,[],[],,6,NEKOPARA Vol. 3,0.784976,2017,English;Japanese;Traditional Chinese,Family Sharing;Single-player;Steam Achievements;Steam Cloud;Steam Trading Cards,Casual;Indie,2D;Adventure;Anime;Atmospheric;Casual;Cats;Cute;Dating Sim;Funny;Great Soundtrack;Hentai;Indie;NSFW;Nudity;Replay Value;Romance;Sexual Content;Singleplayer;Story Rich;Visual Novel,"Patisserie 'La Soleil', run by Kashou Minaduki, is flourishing thanks to the help of two catgirls: Maple, full of pride and a little on the haughty side, and Cinnamon, an impulsive daydreamer. These two are especially close among the rest of the sisters. One day, Maple encounters something that shakes her belief in attaining her dream. Cinnamon, unwilling to see Maple suffer, wishes to help her in any way possible... but she can't figure out how. This story is a heartwarming cat comedy about the","{""text_match"": 0.0044024386, ""cosine_similarity"": 0.569952, ""reranker_score"": -7.911607}"
2026-02-10T00:08:50+00:00,CORTEX_DB.RAW.CAT_GAMES_SVC_1_5,default,"cozy cat cafe management sim, but NOT a visual novel, NOT anime, avoid paid games","cozy cat cafe management sim, but NOT a visual novel, NOT anime, avoid paid games",[],,False,,,,semantic_focus,0.65,10,100,0,521,521,,01c24ec8-0005-07f0-0001-397a0003f606,,42,42,,6e-06,6e-06,,6e-06,,,,,[],[],[],[],[],[],,,True,[],[],,7,Boba Simulator : Idle Shop Management,0.7638023,2022,Arabic;Bulgarian;Czech;Danish;Dutch;English;Finnish;French;German;Greek;Hungarian;Italian;Japanese;Korean;Norwegian;Polish;Portuguese - Brazil;Portuguese - Portugal;Romanian;Russian;Simplified Chinese;Spanish - Latin America;Spanish - Spain;Swedish;Thai;Traditional Chinese;Turkish;Ukrainian;Vietnamese,Camera Comfort;Custom Volume Controls;Family Sharing;Mouse Only Option;Playable without Timed Input;Single-player;Steam Achievements;Steam Leaderboards,Casual;Early Access;Indie;Simulation;Strategy,Automation;Cartoony;Casual;Cats;Clicker;Colorful;Cozy;Cute;Early Access;Family Friendly;Funny;Idler;Isometric;Management;Point & Click;Relaxing;Shop Keeper;Simulation;Singleplayer;Strategy,"Create mouthwatering recipes for ultimate customer satisfaction Experiment and refine your recipes through fun trial and error. Customers' preferences can change at any moment, so stay adaptable! Upgrade your shop and unlock new possibilities Invest wisely in upgrades and watch your business flourish. More exciting upgrades, like a delivery service, await you as you progress! Efficiently manage your stock and storage Purchase Boba Tea ingredients from the supermarket and optimize your limited st","{""text_match"": 0.012152763, ""cosine_similarity"": 0.5276046, ""reranker_score"": -6.252993}"
2026-02-10T00:08:50+00:00,CORTEX_DB.RAW.CAT_GAMES_SVC_1_5,default,"cozy cat cafe management sim, but NOT a visual novel, NOT anime, avoid paid games","cozy cat cafe management sim, but NOT a visual novel, NOT anime, avoid paid games",[],,False,,,,semantic_focus,0.65,10,100,0,521,521,,01c24ec8-0005-07f0-0001-397a0003f606,,42,42,,6e-06,6e-06,,6e-06,,,,,[],[],[],[],[],[],,,True,[],[],,8,Sweet Delights: The Girl’s Cafe Quest,0.78023675,2025,English;French;German;Japanese;Korean;Polish;Portuguese - Portugal;Russian;Spanish - Spain;Traditional Chinese;Turkish;Ukrainian,Family Sharing;Single-player;Steam Achievements,Casual;Indie,Anime;Casual;Cats;Dating Sim;FPS;Female Protagonist;Hentai;Idler;Indie;Mature;NSFW;Nudity;Puzzle;RPG;Sexual Content;Simulation;Singleplayer;Visual Novel,"✨✨✨✨✨✨✨✨✨✨✨✨✨✨✨✨✨✨✨✨✨✨✨✨✨✨✨✨✨✨✨✨ ✨✨✨✨✨✨✨✨✨✨✨✨✨✨✨✨✨✨✨✨✨✨✨✨✨✨✨✨✨✨✨✨ 'Sweet Delights: The Girl’s Cafe Quest' — an engaging hidden object game where your ultimate reward is spending time with stunning anime girls. 🌸✨ Explore vibrant locations, find hidden items, and unlock new scenes featuring charming heroines. 🕵️‍♂️💖 Our game features a scroll system, allowing you to zoom in on important moments for a more immersive experience! 🚀🎮","{""text_match"": 0.013789082, ""cosine_similarity"": 0.5604735, ""reranker_score"": -8.148882}"
2026-02-10T00:08:50+00:00,CORTEX_DB.RAW.CAT_GAMES_SVC_1_5,default,"cozy cat cafe management sim, but NOT a visual novel, NOT anime, avoid paid games","cozy cat cafe management sim, but NOT a visual novel, NOT anime, avoid paid games",[],,False,,,,semantic_focus,0.65,10,100,0,521,521,,01c24ec8-0005-07f0-0001-397a0003f606,,42,42,,6e-06,6e-06,,6e-06,,,,,[],[],[],[],[],[],,,True,[],[],,9,Catgirls From My Sweet Dream,0.78658122,2022,English;French;German;Italian;Japanese;Korean;Portuguese - Brazil;Portuguese - Portugal;Russian;Simplified Chinese;Spanish - Latin America;Spanish - Spain;Traditional Chinese;Ukrainian,Family Sharing;Single-player;Stats;Steam Achievements;Steam Cloud;Steam Leaderboards;Steam Trading Cards,Adventure;Casual;Indie,Anime;Casual;Cats;Colorful;Cute;Dating Sim;Fantasy;Funny;Hentai;Indie;Magic;Match 3;Mature;NSFW;Nudity;Puzzle;Relaxing;Sexual Content;Singleplayer;Visual Novel,"🌸Japanese treats and Catgirls 🌸 Catgirls From My Sweet Dream - a satirical visual novel with “Match 3” gameplay in the Magical Japanese Setting. 🌸Welcome to Nekoville – a small Japanese village located between the majestic and grandiose mountains. Local Catgirls are willing to treat you with traditional Japanese sweets, sushi and sashimi. You will meet cute Nekogirls and help them with their daily tasks, and in return they will help you out even more than you could expect. ♥ ♥FEATURES♥: Magical ","{""text_match"": 0.011742534, ""cosine_similarity"": 0.57316244, ""reranker_score"": -8.934364}"
2026-02-10T00:08:50+00:00,CORTEX_DB.RAW.CAT_GAMES_SVC_1_5,default,"cozy cat cafe management sim, but NOT a visual novel, NOT anime, avoid paid games","cozy cat cafe management sim, but NOT a visual novel, NOT anime, avoid paid games",[],,False,,,,semantic_focus,0.65,10,100,0,521,521,,01c24ec8-0005-07f0-0001-397a0003f606,,42,42,,6e-06,6e-06,,6e-06,,,,,[],[],[],[],[],[],,,True,[],[],,10,Nekokami - The Human Restoration Project,0.76915305,2024,English;Japanese;Simplified Chinese,Adjustable Difficulty;Adjustable Text Size;Camera Comfort;Co-op;Custom Volume Controls;Family Sharing;Full controller support;Mouse Only Option;Multi-player;Playable without Timed Input;Shared/Split Screen;Shared/Split Screen Co-op;Single-player;Steam Achievements;Steam Cloud,Adventure;Casual;Early Access;Indie;RPG,3D;Building;Casual;Cats;Colorful;Cozy;Cute;Early Access;Family Friendly;Funny;Hand-drawn;Immersive Sim;Indie;Life Sim;Local Co-Op;Nature;Puzzle;RPG;Relaxing;Story Rich,"✨ Nekokami is a meditative, calming tile building game where you play as a time-traveler to a far future Milky Way managed by... benevolent Future Cats with super advanced technologies. Why it has to be the Cats? And where are the Humans?     In Nekokami, you will: 🌏 Create beautiful worlds of natural habitats and human settlements with strategic, or spontaneous, placement of tiles in a unique hand-drawn-like art style. 🌌 Follow an epic, whimsical yet heartwarming story of Human-Cat friendship, ","{""text_match"": 0.008591051, ""cosine_similarity"": 0.5383061, ""reranker_score"": -7.666398}"
2026-02-10T00:08:51+00:00,CORTEX_DB.RAW.CAT_GAMES_SVC_1_5,default,"cozy cat cafe management sim, but NOT a visual novel, NOT anime, avoid paid games","cozy cat cafe management sim, but NOT a visual novel, NOT anime, avoid paid games",[],,False,,,,semantic_focus,0.75,10,100,0,614,614,,01c24ec8-0005-07a7-0001-397a0003eae2,,44,44,,7e-06,7e-06,,7e-06,,,,,[],[],[],[],[],[],,,True,[],[],,1,Desktop Cat Cafe,0.8282407,2025,Arabic;Bulgarian;Czech;Danish;Dutch;English;Finnish;French;German;Greek;Hungarian;Indonesian;Italian;Japanese;Korean;Norwegian;Polish;Portuguese - Brazil;Portuguese - Portugal;Romanian;Russian;Simplified Chinese;Spanish - Latin America;Spanish - Spain;Swedish;Thai;Traditional Chinese;Turkish;Ukrainian;Vietnamese,Family Sharing;Single-player;Stats;Steam Achievements;Steam Cloud,Casual;Simulation,3D;Automation;Building;Casual;Cats;City Builder;Colorful;Cozy;Cute;Economy;Idler;Indie;Life Sim;Management;Nature;Relaxing;Sandbox;Simulation;Strategy;Stylized,"Desktop Cate Cafe is a cute, idle management game that lives at the bottom of your screen letting you work on other tasks while your cafe runs. Design your dream cafe, unlock delicious recipes, and automate your cafe with cute cat staff! Design Your Outdoor Cafe Build the perfect cafe with hundreds of customization options paired with an easy to use building system that lets your creativity shine. Unlock Delicious Recipes Progress by serving customers to unlock over 150 different recipes from co","{""text_match"": 0.07810198, ""cosine_similarity"": 0.6564814, ""reranker_score"": -2.2023993}"
2026-02-10T00:08:51+00:00,CORTEX_DB.RAW.CAT_GAMES_SVC_1_5,default,"cozy cat cafe management sim, but NOT a visual novel, NOT anime, avoid paid games","cozy cat cafe management sim, but NOT a visual novel, NOT anime, avoid paid games",[],,False,,,,semantic_focus,0.75,10,100,0,614,614,,01c24ec8-0005-07a7-0001-397a0003eae2,,44,44,,7e-06,7e-06,,7e-06,,,,,[],[],[],[],[],[],,,True,[],[],,2,Melo's cat cafe,0.80523245,2024,English;Japanese,Family Sharing;Single-player;Steam Achievements,Casual;Indie;Simulation,3D;Casual;Cute;Idler;Indie;Simulation;Singleplayer,"'Melo's Cat Cafe' is the perfect game for players who want to relax in a stress-free environment. Instead of chasing goals, players can simply enjoy spending time with the cats. Observe the cats as they eat and sleep, and find peace of mind in their calm presence. Main Features Spacious Mountain Home The game is set in a large house on top of a mountain with beautiful scenic views. 　　The view from the terrace is breathtaking. Free-Spirited Cats Free-spirited and independent cats make an appearan","{""text_match"": 0.0728874, ""cosine_similarity"": 0.6104649, ""reranker_score"": -5.763082}"
2026-02-10T00:08:51+00:00,CORTEX_DB.RAW.CAT_GAMES_SVC_1_5,default,"cozy cat cafe management sim, but NOT a visual novel, NOT anime, avoid paid games","cozy cat cafe management sim, but NOT a visual novel, NOT anime, avoid paid games",[],,False,,,,semantic_focus,0.75,10,100,0,614,614,,01c24ec8-0005-07a7-0001-397a0003eae2,,44,44,,7e-06,7e-06,,7e-06,,,,,[],[],[],[],[],[],,,True,[],[],,3,Calico,0.77924305,2020,English;French;German;Italian;Japanese;Korean;Portuguese - Brazil;Simplified Chinese;Spanish - Latin America,Camera Comfort;Color Alternatives;Custom Volume Controls;Family Sharing;Full controller support;Playable without Timed Input;Save Anytime;Single-player;Steam Achievements;Steam Cloud,Casual;Indie;RPG;Simulation,3D;Anime;Building;Casual;Cats;Character Customization;Cute;Dog;Family Friendly;Female Protagonist;Horses;Indie;LGBTQ+;Life Sim;Magic;Open World;RPG;Relaxing;Simulation;Singleplayer,"Calico is a day-in-the-life community sim game where you are given an important and adorable task: rebuild the town’s cat café and fill it with cute and cuddly creatures! Build up your café by filling it with cute furniture, fun decorations, yummy pastries, and get it bustling with animals again! Calico is meant to make you feel all warm and fuzzy inside. The gameplay reflects that with a laid back, low stress creative environment to explore and play in. Character Creator The Calico character cr","{""text_match"": 0.023536198, ""cosine_similarity"": 0.5584861, ""reranker_score"": -4.316521}"
2026-02-10T00:08:51+00:00,CORTEX_DB.RAW.CAT_GAMES_SVC_1_5,default,"cozy cat cafe management sim, but NOT a visual novel, NOT anime, avoid paid games","cozy cat cafe management sim, but NOT a visual novel, NOT anime, avoid paid games",[],,False,,,,semantic_focus,0.75,10,100,0,614,614,,01c24ec8-0005-07a7-0001-397a0003eae2,,44,44,,7e-06,7e-06,,7e-06,,,,,[],[],[],[],[],[],,,True,[],[],,4,My Fair Cat: Snow,0.79437805,2024,English;French;Japanese;Korean;Portuguese - Brazil;Russian;Simplified Chinese,Family Sharing;Single-player;Steam Achievements,Casual;Indie,Adventure;Anime;Cartoony;Casual;Cats;Choices Matter;Choose Your Own Adventure;Colorful;Cute;Dating Sim;Emotional;Female Protagonist;Immersive Sim;Interactive Fiction;Life Sim;Otome;Romance;Story Rich;Text-Based;Visual Novel,"Dive into a feel-good adventure of love, laughter, and cat companionship. Add My Fair Cat: Snow to your Steam wishlist and start spreading a little happiness today! Synopsis Recently moving to a new high school and not knowing anyone could have made for a dull routine, but everything changes when you save a stray cat. This single act of kindness sparks a chain of adventures that add a whole new layer of excitement in your daily life. As you're figuring out how to keep your new kitty content and ","{""text_match"": 0.027767744, ""cosine_similarity"": 0.5887561, ""reranker_score"": -7.3493514}"
2026-02-10T00:08:51+00:00,CORTEX_DB.RAW.CAT_GAMES_SVC_1_5,default,"cozy cat cafe management sim, but NOT a visual novel, NOT anime, avoid paid games","cozy cat cafe management sim, but NOT a visual novel, NOT anime, avoid paid games",[],,False,,,,semantic_focus,0.75,10,100,0,614,614,,01c24ec8-0005-07a7-0001-397a0003eae2,,44,44,,7e-06,7e-06,,7e-06,,,,,[],[],[],[],[],[],,,True,[],[],,5,Home Office Simulator,0.79086185,2023,English,Family Sharing;Single-player;Steam Achievements;Steam Cloud,Casual;Indie,Anime;Automation;Casual;Cats;Clicker;Colorful;Cute;Idler;Indie;Simulation;Singleplayer;Strategy,"Summary Help Ayame to work remotely, keeping her free of distractions and keeping her cat interested. Upgrade your home, move to new apartments, and take care of several cats. Upgrade your apartment objects so she can work without distractions or with less chance of getting interrupted by any distractions. Gameplay Move to seven unique apartments with different distractions and upgrades to be made. Upgrade and eliminate several distractions, including cats, computers, phone calls, and notificati","{""text_match"": 0.01088609, ""cosine_similarity"": 0.5817237, ""reranker_score"": -8.25431}"
2026-02-10T00:08:51+00:00,CORTEX_DB.RAW.CAT_GAMES_SVC_1_5,default,"cozy cat cafe management sim, but NOT a visual novel, NOT anime, avoid paid games","cozy cat cafe management sim, but NOT a visual novel, NOT anime, avoid paid games",[],,False,,,,semantic_focus,0.75,10,100,0,614,614,,01c24ec8-0005-07a7-0001-397a0003eae2,,44,44,,7e-06,7e-06,,7e-06,,,,,[],[],[],[],[],[],,,True,[],[],,6,NEKOPARA Vol. 3,0.784976,2017,English;Japanese;Traditional Chinese,Family Sharing;Single-player;Steam Achievements;Steam Cloud;Steam Trading Cards,Casual;Indie,2D;Adventure;Anime;Atmospheric;Casual;Cats;Cute;Dating Sim;Funny;Great Soundtrack;Hentai;Indie;NSFW;Nudity;Replay Value;Romance;Sexual Content;Singleplayer;Story Rich;Visual Novel,"Patisserie 'La Soleil', run by Kashou Minaduki, is flourishing thanks to the help of two catgirls: Maple, full of pride and a little on the haughty side, and Cinnamon, an impulsive daydreamer. These two are especially close among the rest of the sisters. One day, Maple encounters something that shakes her belief in attaining her dream. Cinnamon, unwilling to see Maple suffer, wishes to help her in any way possible... but she can't figure out how. This story is a heartwarming cat comedy about the","{""text_match"": 0.0044024386, ""cosine_similarity"": 0.569952, ""reranker_score"": -7.911607}"
2026-02-10T00:08:51+00:00,CORTEX_DB.RAW.CAT_GAMES_SVC_1_5,default,"cozy cat cafe management sim, but NOT a visual novel, NOT anime, avoid paid games","cozy cat cafe management sim, but NOT a visual novel, NOT anime, avoid paid games",[],,False,,,,semantic_focus,0.75,10,100,0,614,614,,01c24ec8-0005-07a7-0001-397a0003eae2,,44,44,,7e-06,7e-06,,7e-06,,,,,[],[],[],[],[],[],,,True,[],[],,7,Boba Simulator : Idle Shop Management,0.7638023,2022,Arabic;Bulgarian;Czech;Danish;Dutch;English;Finnish;French;German;Greek;Hungarian;Italian;Japanese;Korean;Norwegian;Polish;Portuguese - Brazil;Portuguese - Portugal;Romanian;Russian;Simplified Chinese;Spanish - Latin America;Spanish - Spain;Swedish;Thai;Traditional Chinese;Turkish;Ukrainian;Vietnamese,Camera Comfort;Custom Volume Controls;Family Sharing;Mouse Only Option;Playable without Timed Input;Single-player;Steam Achievements;Steam Leaderboards,Casual;Early Access;Indie;Simulation;Strategy,Automation;Cartoony;Casual;Cats;Clicker;Colorful;Cozy;Cute;Early Access;Family Friendly;Funny;Idler;Isometric;Management;Point & Click;Relaxing;Shop Keeper;Simulation;Singleplayer;Strategy,"Create mouthwatering recipes for ultimate customer satisfaction Experiment and refine your recipes through fun trial and error. Customers' preferences can change at any moment, so stay adaptable! Upgrade your shop and unlock new possibilities Invest wisely in upgrades and watch your business flourish. More exciting upgrades, like a delivery service, await you as you progress! Efficiently manage your stock and storage Purchase Boba Tea ingredients from the supermarket and optimize your limited st","{""text_match"": 0.012152763, ""cosine_similarity"": 0.5276046, ""reranker_score"": -6.252993}"
2026-02-10T00:08:51+00:00,CORTEX_DB.RAW.CAT_GAMES_SVC_1_5,default,"cozy cat cafe management sim, but NOT a visual novel, NOT anime, avoid paid games","cozy cat cafe management sim, but NOT a visual novel, NOT anime, avoid paid games",[],,False,,,,semantic_focus,0.75,10,100,0,614,614,,01c24ec8-0005-07a7-0001-397a0003eae2,,44,44,,7e-06,7e-06,,7e-06,,,,,[],[],[],[],[],[],,,True,[],[],,8,Sweet Delights: The Girl’s Cafe Quest,0.78023675,2025,English;French;German;Japanese;Korean;Polish;Portuguese - Portugal;Russian;Spanish - Spain;Traditional Chinese;Turkish;Ukrainian,Family Sharing;Single-player;Steam Achievements,Casual;Indie,Anime;Casual;Cats;Dating Sim;FPS;Female Protagonist;Hentai;Idler;Indie;Mature;NSFW;Nudity;Puzzle;RPG;Sexual Content;Simulation;Singleplayer;Visual Novel,"✨✨✨✨✨✨✨✨✨✨✨✨✨✨✨✨✨✨✨✨✨✨✨✨✨✨✨✨✨✨✨✨ ✨✨✨✨✨✨✨✨✨✨✨✨✨✨✨✨✨✨✨✨✨✨✨✨✨✨✨✨✨✨✨✨ 'Sweet Delights: The Girl’s Cafe Quest' — an engaging hidden object game where your ultimate reward is spending time with stunning anime girls. 🌸✨ Explore vibrant locations, find hidden items, and unlock new scenes featuring charming heroines. 🕵️‍♂️💖 Our game features a scroll system, allowing you to zoom in on important moments for a more immersive experience! 🚀🎮","{""text_match"": 0.013789082, ""cosine_similarity"": 0.5604735, ""reranker_score"": -8.148882}"
2026-02-10T00:08:51+00:00,CORTEX_DB.RAW.CAT_GAMES_SVC_1_5,default,"cozy cat cafe management sim, but NOT a visual novel, NOT anime, avoid paid games","cozy cat cafe management sim, but NOT a visual novel, NOT anime, avoid paid games",[],,False,,,,semantic_focus,0.75,10,100,0,614,614,,01c24ec8-0005-07a7-0001-397a0003eae2,,44,44,,7e-06,7e-06,,7e-06,,,,,[],[],[],[],[],[],,,True,[],[],,9,Catgirls From My Sweet Dream,0.78658122,2022,English;French;German;Italian;Japanese;Korean;Portuguese - Brazil;Portuguese - Portugal;Russian;Simplified Chinese;Spanish - Latin America;Spanish - Spain;Traditional Chinese;Ukrainian,Family Sharing;Single-player;Stats;Steam Achievements;Steam Cloud;Steam Leaderboards;Steam Trading Cards,Adventure;Casual;Indie,Anime;Casual;Cats;Colorful;Cute;Dating Sim;Fantasy;Funny;Hentai;Indie;Magic;Match 3;Mature;NSFW;Nudity;Puzzle;Relaxing;Sexual Content;Singleplayer;Visual Novel,"🌸Japanese treats and Catgirls 🌸 Catgirls From My Sweet Dream - a satirical visual novel with “Match 3” gameplay in the Magical Japanese Setting. 🌸Welcome to Nekoville – a small Japanese village located between the majestic and grandiose mountains. Local Catgirls are willing to treat you with traditional Japanese sweets, sushi and sashimi. You will meet cute Nekogirls and help them with their daily tasks, and in return they will help you out even more than you could expect. ♥ ♥FEATURES♥: Magical ","{""text_match"": 0.011742534, ""cosine_similarity"": 0.57316244, ""reranker_score"": -8.934364}"
2026-02-10T00:08:51+00:00,CORTEX_DB.RAW.CAT_GAMES_SVC_1_5,default,"cozy cat cafe management sim, but NOT a visual novel, NOT anime, avoid paid games","cozy cat cafe management sim, but NOT a visual novel, NOT anime, avoid paid games",[],,False,,,,semantic_focus,0.75,10,100,0,614,614,,01c24ec8-0005-07a7-0001-397a0003eae2,,44,44,,7e-06,7e-06,,7e-06,,,,,[],[],[],[],[],[],,,True,[],[],,10,Nekokami - The Human Restoration Project,0.76915305,2024,English;Japanese;Simplified Chinese,Adjustable Difficulty;Adjustable Text Size;Camera Comfort;Co-op;Custom Volume Controls;Family Sharing;Full controller support;Mouse Only Option;Multi-player;Playable without Timed Input;Shared/Split Screen;Shared/Split Screen Co-op;Single-player;Steam Achievements;Steam Cloud,Adventure;Casual;Early Access;Indie;RPG,3D;Building;Casual;Cats;Colorful;Cozy;Cute;Early Access;Family Friendly;Funny;Hand-drawn;Immersive Sim;Indie;Life Sim;Local Co-Op;Nature;Puzzle;RPG;Relaxing;Story Rich,"✨ Nekokami is a meditative, calming tile building game where you play as a time-traveler to a far future Milky Way managed by... benevolent Future Cats with super advanced technologies. Why it has to be the Cats? And where are the Humans?     In Nekokami, you will: 🌏 Create beautiful worlds of natural habitats and human settlements with strategic, or spontaneous, placement of tiles in a unique hand-drawn-like art style. 🌌 Follow an epic, whimsical yet heartwarming story of Human-Cat friendship, ","{""text_match"": 0.008591051, ""cosine_similarity"": 0.5383061, ""reranker_score"": -7.666398}"
2026-02-10T00:08:54+00:00,CORTEX_DB.RAW.CAT_GAMES_SVC_1_5,default,"cozy cat cafe management sim, but NOT a visual novel, NOT anime, avoid paid games","cozy cat cafe management sim, but NOT a visual novel, NOT anime, avoid paid games",[],,False,,,,keyword_extreme,0.3,10,100,0,509,509,,01c24ec8-0005-07f0-0001-397a0003f612,,38,38,,6e-06,6e-06,,6e-06,,,,,[],[],[],[],[],[],,,True,[],[],,1,Desktop Cat Cafe,0.8282407,2025,Arabic;Bulgarian;Czech;Danish;Dutch;English;Finnish;French;German;Greek;Hungarian;Indonesian;Italian;Japanese;Korean;Norwegian;Polish;Portuguese - Brazil;Portuguese - Portugal;Romanian;Russian;Simplified Chinese;Spanish - Latin America;Spanish - Spain;Swedish;Thai;Traditional Chinese;Turkish;Ukrainian;Vietnamese,Family Sharing;Single-player;Stats;Steam Achievements;Steam Cloud,Casual;Simulation,3D;Automation;Building;Casual;Cats;City Builder;Colorful;Cozy;Cute;Economy;Idler;Indie;Life Sim;Management;Nature;Relaxing;Sandbox;Simulation;Strategy;Stylized,"Desktop Cate Cafe is a cute, idle management game that lives at the bottom of your screen letting you work on other tasks while your cafe runs. Design your dream cafe, unlock delicious recipes, and automate your cafe with cute cat staff! Design Your Outdoor Cafe Build the perfect cafe with hundreds of customization options paired with an easy to use building system that lets your creativity shine. Unlock Delicious Recipes Progress by serving customers to unlock over 150 different recipes from co","{""text_match"": 0.07810198, ""cosine_similarity"": 0.6564814, ""reranker_score"": -2.2023993}"
2026-02-10T00:08:54+00:00,CORTEX_DB.RAW.CAT_GAMES_SVC_1_5,default,"cozy cat cafe management sim, but NOT a visual novel, NOT anime, avoid paid games","cozy cat cafe management sim, but NOT a visual novel, NOT anime, avoid paid games",[],,False,,,,keyword_extreme,0.3,10,100,0,509,509,,01c24ec8-0005-07f0-0001-397a0003f612,,38,38,,6e-06,6e-06,,6e-06,,,,,[],[],[],[],[],[],,,True,[],[],,2,Melo's cat cafe,0.80523245,2024,English;Japanese,Family Sharing;Single-player;Steam Achievements,Casual;Indie;Simulation,3D;Casual;Cute;Idler;Indie;Simulation;Singleplayer,"'Melo's Cat Cafe' is the perfect game for players who want to relax in a stress-free environment. Instead of chasing goals, players can simply enjoy spending time with the cats. Observe the cats as they eat and sleep, and find peace of mind in their calm presence. Main Features Spacious Mountain Home The game is set in a large house on top of a mountain with beautiful scenic views. 　　The view from the terrace is breathtaking. Free-Spirited Cats Free-spirited and independent cats make an appearan","{""text_match"": 0.0728874, ""cosine_similarity"": 0.6104649, ""reranker_score"": -5.763082}"
2026-02-10T00:08:54+00:00,CORTEX_DB.RAW.CAT_GAMES_SVC_1_5,default,"cozy cat cafe management sim, but NOT a visual novel, NOT anime, avoid paid games","cozy cat cafe management sim, but NOT a visual novel, NOT anime, avoid paid games",[],,False,,,,keyword_extreme,0.3,10,100,0,509,509,,01c24ec8-0005-07f0-0001-397a0003f612,,38,38,,6e-06,6e-06,,6e-06,,,,,[],[],[],[],[],[],,,True,[],[],,3,Calico,0.77924305,2020,English;French;German;Italian;Japanese;Korean;Portuguese - Brazil;Simplified Chinese;Spanish - Latin America,Camera Comfort;Color Alternatives;Custom Volume Controls;Family Sharing;Full controller support;Playable without Timed Input;Save Anytime;Single-player;Steam Achievements;Steam Cloud,Casual;Indie;RPG;Simulation,3D;Anime;Building;Casual;Cats;Character Customization;Cute;Dog;Family Friendly;Female Protagonist;Horses;Indie;LGBTQ+;Life Sim;Magic;Open World;RPG;Relaxing;Simulation;Singleplayer,"Calico is a day-in-the-life community sim game where you are given an important and adorable task: rebuild the town’s cat café and fill it with cute and cuddly creatures! Build up your café by filling it with cute furniture, fun decorations, yummy pastries, and get it bustling with animals again! Calico is meant to make you feel all warm and fuzzy inside. The gameplay reflects that with a laid back, low stress creative environment to explore and play in. Character Creator The Calico character cr","{""text_match"": 0.023536198, ""cosine_similarity"": 0.5584861, ""reranker_score"": -4.316521}"
2026-02-10T00:08:54+00:00,CORTEX_DB.RAW.CAT_GAMES_SVC_1_5,default,"cozy cat cafe management sim, but NOT a visual novel, NOT anime, avoid paid games","cozy cat cafe management sim, but NOT a visual novel, NOT anime, avoid paid games",[],,False,,,,keyword_extreme,0.3,10,100,0,509,509,,01c24ec8-0005-07f0-0001-397a0003f612,,38,38,,6e-06,6e-06,,6e-06,,,,,[],[],[],[],[],[],,,True,[],[],,4,My Fair Cat: Snow,0.79437805,2024,English;French;Japanese;Korean;Portuguese - Brazil;Russian;Simplified Chinese,Family Sharing;Single-player;Steam Achievements,Casual;Indie,Adventure;Anime;Cartoony;Casual;Cats;Choices Matter;Choose Your Own Adventure;Colorful;Cute;Dating Sim;Emotional;Female Protagonist;Immersive Sim;Interactive Fiction;Life Sim;Otome;Romance;Story Rich;Text-Based;Visual Novel,"Dive into a feel-good adventure of love, laughter, and cat companionship. Add My Fair Cat: Snow to your Steam wishlist and start spreading a little happiness today! Synopsis Recently moving to a new high school and not knowing anyone could have made for a dull routine, but everything changes when you save a stray cat. This single act of kindness sparks a chain of adventures that add a whole new layer of excitement in your daily life. As you're figuring out how to keep your new kitty content and ","{""text_match"": 0.027767744, ""cosine_similarity"": 0.5887561, ""reranker_score"": -7.3493514}"
2026-02-10T00:08:54+00:00,CORTEX_DB.RAW.CAT_GAMES_SVC_1_5,default,"cozy cat cafe management sim, but NOT a visual novel, NOT anime, avoid paid games","cozy cat cafe management sim, but NOT a visual novel, NOT anime, avoid paid games",[],,False,,,,keyword_extreme,0.3,10,100,0,509,509,,01c24ec8-0005-07f0-0001-397a0003f612,,38,38,,6e-06,6e-06,,6e-06,,,,,[],[],[],[],[],[],,,True,[],[],,5,Home Office Simulator,0.79086185,2023,English,Family Sharing;Single-player;Steam Achievements;Steam Cloud,Casual;Indie,Anime;Automation;Casual;Cats;Clicker;Colorful;Cute;Idler;Indie;Simulation;Singleplayer;Strategy,"Summary Help Ayame to work remotely, keeping her free of distractions and keeping her cat interested. Upgrade your home, move to new apartments, and take care of several cats. Upgrade your apartment objects so she can work without distractions or with less chance of getting interrupted by any distractions. Gameplay Move to seven unique apartments with different distractions and upgrades to be made. Upgrade and eliminate several distractions, including cats, computers, phone calls, and notificati","{""text_match"": 0.01088609, ""cosine_similarity"": 0.5817237, ""reranker_score"": -8.25431}"
2026-02-10T00:08:54+00:00,CORTEX_DB.RAW.CAT_GAMES_SVC_1_5,default,"cozy cat cafe management sim, but NOT a visual novel, NOT anime, avoid paid games","cozy cat cafe management sim, but NOT a visual novel, NOT anime, avoid paid games",[],,False,,,,keyword_extreme,0.3,10,100,0,509,509,,01c24ec8-0005-07f0-0001-397a0003f612,,38,38,,6e-06,6e-06,,6e-06,,,,,[],[],[],[],[],[],,,True,[],[],,6,NEKOPARA Vol. 3,0.784976,2017,English;Japanese;Traditional Chinese,Family Sharing;Single-player;Steam Achievements;Steam Cloud;Steam Trading Cards,Casual;Indie,2D;Adventure;Anime;Atmospheric;Casual;Cats;Cute;Dating Sim;Funny;Great Soundtrack;Hentai;Indie;NSFW;Nudity;Replay Value;Romance;Sexual Content;Singleplayer;Story Rich;Visual Novel,"Patisserie 'La Soleil', run by Kashou Minaduki, is flourishing thanks to the help of two catgirls: Maple, full of pride and a little on the haughty side, and Cinnamon, an impulsive daydreamer. These two are especially close among the rest of the sisters. One day, Maple encounters something that shakes her belief in attaining her dream. Cinnamon, unwilling to see Maple suffer, wishes to help her in any way possible... but she can't figure out how. This story is a heartwarming cat comedy about the","{""text_match"": 0.0044024386, ""cosine_similarity"": 0.569952, ""reranker_score"": -7.911607}"
2026-02-10T00:08:54+00:00,CORTEX_DB.RAW.CAT_GAMES_SVC_1_5,default,"cozy cat cafe management sim, but NOT a visual novel, NOT anime, avoid paid games","cozy cat cafe management sim, but NOT a visual novel, NOT anime, avoid paid games",[],,False,,,,keyword_extreme,0.3,10,100,0,509,509,,01c24ec8-0005-07f0-0001-397a0003f612,,38,38,,6e-06,6e-06,,6e-06,,,,,[],[],[],[],[],[],,,True,[],[],,7,Boba Simulator : Idle Shop Management,0.7638023,2022,Arabic;Bulgarian;Czech;Danish;Dutch;English;Finnish;French;German;Greek;Hungarian;Italian;Japanese;Korean;Norwegian;Polish;Portuguese - Brazil;Portuguese - Portugal;Romanian;Russian;Simplified Chinese;Spanish - Latin America;Spanish - Spain;Swedish;Thai;Traditional Chinese;Turkish;Ukrainian;Vietnamese,Camera Comfort;Custom Volume Controls;Family Sharing;Mouse Only Option;Playable without Timed Input;Single-player;Steam Achievements;Steam Leaderboards,Casual;Early Access;Indie;Simulation;Strategy,Automation;Cartoony;Casual;Cats;Clicker;Colorful;Cozy;Cute;Early Access;Family Friendly;Funny;Idler;Isometric;Management;Point & Click;Relaxing;Shop Keeper;Simulation;Singleplayer;Strategy,"Create mouthwatering recipes for ultimate customer satisfaction Experiment and refine your recipes through fun trial and error. Customers' preferences can change at any moment, so stay adaptable! Upgrade your shop and unlock new possibilities Invest wisely in upgrades and watch your business flourish. More exciting upgrades, like a delivery service, await you as you progress! Efficiently manage your stock and storage Purchase Boba Tea ingredients from the supermarket and optimize your limited st","{""text_match"": 0.012152763, ""cosine_similarity"": 0.5276046, ""reranker_score"": -6.252993}"
2026-02-10T00:08:54+00:00,CORTEX_DB.RAW.CAT_GAMES_SVC_1_5,default,"cozy cat cafe management sim, but NOT a visual novel, NOT anime, avoid paid games","cozy cat cafe management sim, but NOT a visual novel, NOT anime, avoid paid games",[],,False,,,,keyword_extreme,0.3,10,100,0,509,509,,01c24ec8-0005-07f0-0001-397a0003f612,,38,38,,6e-06,6e-06,,6e-06,,,,,[],[],[],[],[],[],,,True,[],[],,8,Sweet Delights: The Girl’s Cafe Quest,0.78023675,2025,English;French;German;Japanese;Korean;Polish;Portuguese - Portugal;Russian;Spanish - Spain;Traditional Chinese;Turkish;Ukrainian,Family Sharing;Single-player;Steam Achievements,Casual;Indie,Anime;Casual;Cats;Dating Sim;FPS;Female Protagonist;Hentai;Idler;Indie;Mature;NSFW;Nudity;Puzzle;RPG;Sexual Content;Simulation;Singleplayer;Visual Novel,"✨✨✨✨✨✨✨✨✨✨✨✨✨✨✨✨✨✨✨✨✨✨✨✨✨✨✨✨✨✨✨✨ ✨✨✨✨✨✨✨✨✨✨✨✨✨✨✨✨✨✨✨✨✨✨✨✨✨✨✨✨✨✨✨✨ 'Sweet Delights: The Girl’s Cafe Quest' — an engaging hidden object game where your ultimate reward is spending time with stunning anime girls. 🌸✨ Explore vibrant locations, find hidden items, and unlock new scenes featuring charming heroines. 🕵️‍♂️💖 Our game features a scroll system, allowing you to zoom in on important moments for a more immersive experience! 🚀🎮","{""text_match"": 0.013789082, ""cosine_similarity"": 0.5604735, ""reranker_score"": -8.148882}"
2026-02-10T00:08:54+00:00,CORTEX_DB.RAW.CAT_GAMES_SVC_1_5,default,"cozy cat cafe management sim, but NOT a visual novel, NOT anime, avoid paid games","cozy cat cafe management sim, but NOT a visual novel, NOT anime, avoid paid games",[],,False,,,,keyword_extreme,0.3,10,100,0,509,509,,01c24ec8-0005-07f0-0001-397a0003f612,,38,38,,6e-06,6e-06,,6e-06,,,,,[],[],[],[],[],[],,,True,[],[],,9,Catgirls From My Sweet Dream,0.78658122,2022,English;French;German;Italian;Japanese;Korean;Portuguese - Brazil;Portuguese - Portugal;Russian;Simplified Chinese;Spanish - Latin America;Spanish - Spain;Traditional Chinese;Ukrainian,Family Sharing;Single-player;Stats;Steam Achievements;Steam Cloud;Steam Leaderboards;Steam Trading Cards,Adventure;Casual;Indie,Anime;Casual;Cats;Colorful;Cute;Dating Sim;Fantasy;Funny;Hentai;Indie;Magic;Match 3;Mature;NSFW;Nudity;Puzzle;Relaxing;Sexual Content;Singleplayer;Visual Novel,"🌸Japanese treats and Catgirls 🌸 Catgirls From My Sweet Dream - a satirical visual novel with “Match 3” gameplay in the Magical Japanese Setting. 🌸Welcome to Nekoville – a small Japanese village located between the majestic and grandiose mountains. Local Catgirls are willing to treat you with traditional Japanese sweets, sushi and sashimi. You will meet cute Nekogirls and help them with their daily tasks, and in return they will help you out even more than you could expect. ♥ ♥FEATURES♥: Magical ","{""text_match"": 0.011742534, ""cosine_similarity"": 0.57316244, ""reranker_score"": -8.934364}"
2026-02-10T00:08:54+00:00,CORTEX_DB.RAW.CAT_GAMES_SVC_1_5,default,"cozy cat cafe management sim, but NOT a visual novel, NOT anime, avoid paid games","cozy cat cafe management sim, but NOT a visual novel, NOT anime, avoid paid games",[],,False,,,,keyword_extreme,0.3,10,100,0,509,509,,01c24ec8-0005-07f0-0001-397a0003f612,,38,38,,6e-06,6e-06,,6e-06,,,,,[],[],[],[],[],[],,,True,[],[],,10,Nekokami - The Human Restoration Project,0.76915305,2024,English;Japanese;Simplified Chinese,Adjustable Difficulty;Adjustable Text Size;Camera Comfort;Co-op;Custom Volume Controls;Family Sharing;Full controller support;Mouse Only Option;Multi-player;Playable without Timed Input;Shared/Split Screen;Shared/Split Screen Co-op;Single-player;Steam Achievements;Steam Cloud,Adventure;Casual;Early Access;Indie;RPG,3D;Building;Casual;Cats;Colorful;Cozy;Cute;Early Access;Family Friendly;Funny;Hand-drawn;Immersive Sim;Indie;Life Sim;Local Co-Op;Nature;Puzzle;RPG;Relaxing;Story Rich,"✨ Nekokami is a meditative, calming tile building game where you play as a time-traveler to a far future Milky Way managed by... benevolent Future Cats with super advanced technologies. Why it has to be the Cats? And where are the Humans?     In Nekokami, you will: 🌏 Create beautiful worlds of natural habitats and human settlements with strategic, or spontaneous, placement of tiles in a unique hand-drawn-like art style. 🌌 Follow an epic, whimsical yet heartwarming story of Human-Cat friendship, ","{""text_match"": 0.008591051, ""cosine_similarity"": 0.5383061, ""reranker_score"": -7.666398}"
2026-02-10T00:08:55+00:00,CORTEX_DB.RAW.CAT_GAMES_SVC_1_5,default,"cozy cat cafe management sim, but NOT a visual novel, NOT anime, avoid paid games","cozy cat cafe management sim, but NOT a visual novel, NOT anime, avoid paid games",[],,False,,,,keyword_extreme,0.65,10,100,0,506,506,,01c24ec8-0005-07c5-0001-397a000406da,,53,53,,8e-06,8e-06,,8e-06,,,,,[],[],[],[],[],[],,,True,[],[],,1,Desktop Cat Cafe,0.8282407,2025,Arabic;Bulgarian;Czech;Danish;Dutch;English;Finnish;French;German;Greek;Hungarian;Indonesian;Italian;Japanese;Korean;Norwegian;Polish;Portuguese - Brazil;Portuguese - Portugal;Romanian;Russian;Simplified Chinese;Spanish - Latin America;Spanish - Spain;Swedish;Thai;Traditional Chinese;Turkish;Ukrainian;Vietnamese,Family Sharing;Single-player;Stats;Steam Achievements;Steam Cloud,Casual;Simulation,3D;Automation;Building;Casual;Cats;City Builder;Colorful;Cozy;Cute;Economy;Idler;Indie;Life Sim;Management;Nature;Relaxing;Sandbox;Simulation;Strategy;Stylized,"Desktop Cate Cafe is a cute, idle management game that lives at the bottom of your screen letting you work on other tasks while your cafe runs. Design your dream cafe, unlock delicious recipes, and automate your cafe with cute cat staff! Design Your Outdoor Cafe Build the perfect cafe with hundreds of customization options paired with an easy to use building system that lets your creativity shine. Unlock Delicious Recipes Progress by serving customers to unlock over 150 different recipes from co","{""text_match"": 0.07810198, ""cosine_similarity"": 0.6564814, ""reranker_score"": -2.2023993}"
2026-02-10T00:08:55+00:00,CORTEX_DB.RAW.CAT_GAMES_SVC_1_5,default,"cozy cat cafe management sim, but NOT a visual novel, NOT anime, avoid paid games","cozy cat cafe management sim, but NOT a visual novel, NOT anime, avoid paid games",[],,False,,,,keyword_extreme,0.65,10,100,0,506,506,,01c24ec8-0005-07c5-0001-397a000406da,,53,53,,8e-06,8e-06,,8e-06,,,,,[],[],[],[],[],[],,,True,[],[],,2,Melo's cat cafe,0.80523245,2024,English;Japanese,Family Sharing;Single-player;Steam Achievements,Casual;Indie;Simulation,3D;Casual;Cute;Idler;Indie;Simulation;Singleplayer,"'Melo's Cat Cafe' is the perfect game for players who want to relax in a stress-free environment. Instead of chasing goals, players can simply enjoy spending time with the cats. Observe the cats as they eat and sleep, and find peace of mind in their calm presence. Main Features Spacious Mountain Home The game is set in a large house on top of a mountain with beautiful scenic views. 　　The view from the terrace is breathtaking. Free-Spirited Cats Free-spirited and independent cats make an appearan","{""text_match"": 0.0728874, ""cosine_similarity"": 0.6104649, ""reranker_score"": -5.763082}"
2026-02-10T00:08:55+00:00,CORTEX_DB.RAW.CAT_GAMES_SVC_1_5,default,"cozy cat cafe management sim, but NOT a visual novel, NOT anime, avoid paid games","cozy cat cafe management sim, but NOT a visual novel, NOT anime, avoid paid games",[],,False,,,,keyword_extreme,0.65,10,100,0,506,506,,01c24ec8-0005-07c5-0001-397a000406da,,53,53,,8e-06,8e-06,,8e-06,,,,,[],[],[],[],[],[],,,True,[],[],,3,Calico,0.77924305,2020,English;French;German;Italian;Japanese;Korean;Portuguese - Brazil;Simplified Chinese;Spanish - Latin America,Camera Comfort;Color Alternatives;Custom Volume Controls;Family Sharing;Full controller support;Playable without Timed Input;Save Anytime;Single-player;Steam Achievements;Steam Cloud,Casual;Indie;RPG;Simulation,3D;Anime;Building;Casual;Cats;Character Customization;Cute;Dog;Family Friendly;Female Protagonist;Horses;Indie;LGBTQ+;Life Sim;Magic;Open World;RPG;Relaxing;Simulation;Singleplayer,"Calico is a day-in-the-life community sim game where you are given an important and adorable task: rebuild the town’s cat café and fill it with cute and cuddly creatures! Build up your café by filling it with cute furniture, fun decorations, yummy pastries, and get it bustling with animals again! Calico is meant to make you feel all warm and fuzzy inside. The gameplay reflects that with a laid back, low stress creative environment to explore and play in. Character Creator The Calico character cr","{""text_match"": 0.023536198, ""cosine_similarity"": 0.5584861, ""reranker_score"": -4.316521}"
2026-02-10T00:08:55+00:00,CORTEX_DB.RAW.CAT_GAMES_SVC_1_5,default,"cozy cat cafe management sim, but NOT a visual novel, NOT anime, avoid paid games","cozy cat cafe management sim, but NOT a visual novel, NOT anime, avoid paid games",[],,False,,,,keyword_extreme,0.65,10,100,0,506,506,,01c24ec8-0005-07c5-0001-397a000406da,,53,53,,8e-06,8e-06,,8e-06,,,,,[],[],[],[],[],[],,,True,[],[],,4,My Fair Cat: Snow,0.79437805,2024,English;French;Japanese;Korean;Portuguese - Brazil;Russian;Simplified Chinese,Family Sharing;Single-player;Steam Achievements,Casual;Indie,Adventure;Anime;Cartoony;Casual;Cats;Choices Matter;Choose Your Own Adventure;Colorful;Cute;Dating Sim;Emotional;Female Protagonist;Immersive Sim;Interactive Fiction;Life Sim;Otome;Romance;Story Rich;Text-Based;Visual Novel,"Dive into a feel-good adventure of love, laughter, and cat companionship. Add My Fair Cat: Snow to your Steam wishlist and start spreading a little happiness today! Synopsis Recently moving to a new high school and not knowing anyone could have made for a dull routine, but everything changes when you save a stray cat. This single act of kindness sparks a chain of adventures that add a whole new layer of excitement in your daily life. As you're figuring out how to keep your new kitty content and ","{""text_match"": 0.027767744, ""cosine_similarity"": 0.5887561, ""reranker_score"": -7.3493514}"
2026-02-10T00:08:55+00:00,CORTEX_DB.RAW.CAT_GAMES_SVC_1_5,default,"cozy cat cafe management sim, but NOT a visual novel, NOT anime, avoid paid games","cozy cat cafe management sim, but NOT a visual novel, NOT anime, avoid paid games",[],,False,,,,keyword_extreme,0.65,10,100,0,506,506,,01c24ec8-0005-07c5-0001-397a000406da,,53,53,,8e-06,8e-06,,8e-06,,,,,[],[],[],[],[],[],,,True,[],[],,5,Home Office Simulator,0.79086185,2023,English,Family Sharing;Single-player;Steam Achievements;Steam Cloud,Casual;Indie,Anime;Automation;Casual;Cats;Clicker;Colorful;Cute;Idler;Indie;Simulation;Singleplayer;Strategy,"Summary Help Ayame to work remotely, keeping her free of distractions and keeping her cat interested. Upgrade your home, move to new apartments, and take care of several cats. Upgrade your apartment objects so she can work without distractions or with less chance of getting interrupted by any distractions. Gameplay Move to seven unique apartments with different distractions and upgrades to be made. Upgrade and eliminate several distractions, including cats, computers, phone calls, and notificati","{""text_match"": 0.01088609, ""cosine_similarity"": 0.5817237, ""reranker_score"": -8.25431}"
2026-02-10T00:08:55+00:00,CORTEX_DB.RAW.CAT_GAMES_SVC_1_5,default,"cozy cat cafe management sim, but NOT a visual novel, NOT anime, avoid paid games","cozy cat cafe management sim, but NOT a visual novel, NOT anime, avoid paid games",[],,False,,,,keyword_extreme,0.65,10,100,0,506,506,,01c24ec8-0005-07c5-0001-397a000406da,,53,53,,8e-06,8e-06,,8e-06,,,,,[],[],[],[],[],[],,,True,[],[],,6,NEKOPARA Vol. 3,0.784976,2017,English;Japanese;Traditional Chinese,Family Sharing;Single-player;Steam Achievements;Steam Cloud;Steam Trading Cards,Casual;Indie,2D;Adventure;Anime;Atmospheric;Casual;Cats;Cute;Dating Sim;Funny;Great Soundtrack;Hentai;Indie;NSFW;Nudity;Replay Value;Romance;Sexual Content;Singleplayer;Story Rich;Visual Novel,"Patisserie 'La Soleil', run by Kashou Minaduki, is flourishing thanks to the help of two catgirls: Maple, full of pride and a little on the haughty side, and Cinnamon, an impulsive daydreamer. These two are especially close among the rest of the sisters. One day, Maple encounters something that shakes her belief in attaining her dream. Cinnamon, unwilling to see Maple suffer, wishes to help her in any way possible... but she can't figure out how. This story is a heartwarming cat comedy about the","{""text_match"": 0.0044024386, ""cosine_similarity"": 0.569952, ""reranker_score"": -7.911607}"
2026-02-10T00:08:55+00:00,CORTEX_DB.RAW.CAT_GAMES_SVC_1_5,default,"cozy cat cafe management sim, but NOT a visual novel, NOT anime, avoid paid games","cozy cat cafe management sim, but NOT a visual novel, NOT anime, avoid paid games",[],,False,,,,keyword_extreme,0.65,10,100,0,506,506,,01c24ec8-0005-07c5-0001-397a000406da,,53,53,,8e-06,8e-06,,8e-06,,,,,[],[],[],[],[],[],,,True,[],[],,7,Boba Simulator : Idle Shop Management,0.7638023,2022,Arabic;Bulgarian;Czech;Danish;Dutch;English;Finnish;French;German;Greek;Hungarian;Italian;Japanese;Korean;Norwegian;Polish;Portuguese - Brazil;Portuguese - Portugal;Romanian;Russian;Simplified Chinese;Spanish - Latin America;Spanish - Spain;Swedish;Thai;Traditional Chinese;Turkish;Ukrainian;Vietnamese,Camera Comfort;Custom Volume Controls;Family Sharing;Mouse Only Option;Playable without Timed Input;Single-player;Steam Achievements;Steam Leaderboards,Casual;Early Access;Indie;Simulation;Strategy,Automation;Cartoony;Casual;Cats;Clicker;Colorful;Cozy;Cute;Early Access;Family Friendly;Funny;Idler;Isometric;Management;Point & Click;Relaxing;Shop Keeper;Simulation;Singleplayer;Strategy,"Create mouthwatering recipes for ultimate customer satisfaction Experiment and refine your recipes through fun trial and error. Customers' preferences can change at any moment, so stay adaptable! Upgrade your shop and unlock new possibilities Invest wisely in upgrades and watch your business flourish. More exciting upgrades, like a delivery service, await you as you progress! Efficiently manage your stock and storage Purchase Boba Tea ingredients from the supermarket and optimize your limited st","{""text_match"": 0.012152763, ""cosine_similarity"": 0.5276046, ""reranker_score"": -6.252993}"
2026-02-10T00:08:55+00:00,CORTEX_DB.RAW.CAT_GAMES_SVC_1_5,default,"cozy cat cafe management sim, but NOT a visual novel, NOT anime, avoid paid games","cozy cat cafe management sim, but NOT a visual novel, NOT anime, avoid paid games",[],,False,,,,keyword_extreme,0.65,10,100,0,506,506,,01c24ec8-0005-07c5-0001-397a000406da,,53,53,,8e-06,8e-06,,8e-06,,,,,[],[],[],[],[],[],,,True,[],[],,8,Sweet Delights: The Girl’s Cafe Quest,0.78023675,2025,English;French;German;Japanese;Korean;Polish;Portuguese - Portugal;Russian;Spanish - Spain;Traditional Chinese;Turkish;Ukrainian,Family Sharing;Single-player;Steam Achievements,Casual;Indie,Anime;Casual;Cats;Dating Sim;FPS;Female Protagonist;Hentai;Idler;Indie;Mature;NSFW;Nudity;Puzzle;RPG;Sexual Content;Simulation;Singleplayer;Visual Novel,"✨✨✨✨✨✨✨✨✨✨✨✨✨✨✨✨✨✨✨✨✨✨✨✨✨✨✨✨✨✨✨✨ ✨✨✨✨✨✨✨✨✨✨✨✨✨✨✨✨✨✨✨✨✨✨✨✨✨✨✨✨✨✨✨✨ 'Sweet Delights: The Girl’s Cafe Quest' — an engaging hidden object game where your ultimate reward is spending time with stunning anime girls. 🌸✨ Explore vibrant locations, find hidden items, and unlock new scenes featuring charming heroines. 🕵️‍♂️💖 Our game features a scroll system, allowing you to zoom in on important moments for a more immersive experience! 🚀🎮","{""text_match"": 0.013789082, ""cosine_similarity"": 0.5604735, ""reranker_score"": -8.148882}"
2026-02-10T00:08:55+00:00,CORTEX_DB.RAW.CAT_GAMES_SVC_1_5,default,"cozy cat cafe management sim, but NOT a visual novel, NOT anime, avoid paid games","cozy cat cafe management sim, but NOT a visual novel, NOT anime, avoid paid games",[],,False,,,,keyword_extreme,0.65,10,100,0,506,506,,01c24ec8-0005-07c5-0001-397a000406da,,53,53,,8e-06,8e-06,,8e-06,,,,,[],[],[],[],[],[],,,True,[],[],,9,Catgirls From My Sweet Dream,0.78658122,2022,English;French;German;Italian;Japanese;Korean;Portuguese - Brazil;Portuguese - Portugal;Russian;Simplified Chinese;Spanish - Latin America;Spanish - Spain;Traditional Chinese;Ukrainian,Family Sharing;Single-player;Stats;Steam Achievements;Steam Cloud;Steam Leaderboards;Steam Trading Cards,Adventure;Casual;Indie,Anime;Casual;Cats;Colorful;Cute;Dating Sim;Fantasy;Funny;Hentai;Indie;Magic;Match 3;Mature;NSFW;Nudity;Puzzle;Relaxing;Sexual Content;Singleplayer;Visual Novel,"🌸Japanese treats and Catgirls 🌸 Catgirls From My Sweet Dream - a satirical visual novel with “Match 3” gameplay in the Magical Japanese Setting. 🌸Welcome to Nekoville – a small Japanese village located between the majestic and grandiose mountains. Local Catgirls are willing to treat you with traditional Japanese sweets, sushi and sashimi. You will meet cute Nekogirls and help them with their daily tasks, and in return they will help you out even more than you could expect. ♥ ♥FEATURES♥: Magical ","{""text_match"": 0.011742534, ""cosine_similarity"": 0.57316244, ""reranker_score"": -8.934364}"
2026-02-10T00:08:55+00:00,CORTEX_DB.RAW.CAT_GAMES_SVC_1_5,default,"cozy cat cafe management sim, but NOT a visual novel, NOT anime, avoid paid games","cozy cat cafe management sim, but NOT a visual novel, NOT anime, avoid paid games",[],,False,,,,keyword_extreme,0.65,10,100,0,506,506,,01c24ec8-0005-07c5-0001-397a000406da,,53,53,,8e-06,8e-06,,8e-06,,,,,[],[],[],[],[],[],,,True,[],[],,10,Nekokami - The Human Restoration Project,0.76915305,2024,English;Japanese;Simplified Chinese,Adjustable Difficulty;Adjustable Text Size;Camera Comfort;Co-op;Custom Volume Controls;Family Sharing;Full controller support;Mouse Only Option;Multi-player;Playable without Timed Input;Shared/Split Screen;Shared/Split Screen Co-op;Single-player;Steam Achievements;Steam Cloud,Adventure;Casual;Early Access;Indie;RPG,3D;Building;Casual;Cats;Colorful;Cozy;Cute;Early Access;Family Friendly;Funny;Hand-drawn;Immersive Sim;Indie;Life Sim;Local Co-Op;Nature;Puzzle;RPG;Relaxing;Story Rich,"✨ Nekokami is a meditative, calming tile building game where you play as a time-traveler to a far future Milky Way managed by... benevolent Future Cats with super advanced technologies. Why it has to be the Cats? And where are the Humans?     In Nekokami, you will: 🌏 Create beautiful worlds of natural habitats and human settlements with strategic, or spontaneous, placement of tiles in a unique hand-drawn-like art style. 🌌 Follow an epic, whimsical yet heartwarming story of Human-Cat friendship, ","{""text_match"": 0.008591051, ""cosine_similarity"": 0.5383061, ""reranker_score"": -7.666398}"
2026-02-10T00:08:56+00:00,CORTEX_DB.RAW.CAT_GAMES_SVC_1_5,default,"cozy cat cafe management sim, but NOT a visual novel, NOT anime, avoid paid games","cozy cat cafe management sim, but NOT a visual novel, NOT anime, avoid paid games",[],,False,,,,keyword_extreme,0.75,10,100,0,480,480,,01c24ec8-0005-07ef-0001-397a00041216,,30,30,,4e-06,4e-06,,4e-06,,,,,[],[],[],[],[],[],,,True,[],[],,1,Desktop Cat Cafe,0.8282407,2025,Arabic;Bulgarian;Czech;Danish;Dutch;English;Finnish;French;German;Greek;Hungarian;Indonesian;Italian;Japanese;Korean;Norwegian;Polish;Portuguese - Brazil;Portuguese - Portugal;Romanian;Russian;Simplified Chinese;Spanish - Latin America;Spanish - Spain;Swedish;Thai;Traditional Chinese;Turkish;Ukrainian;Vietnamese,Family Sharing;Single-player;Stats;Steam Achievements;Steam Cloud,Casual;Simulation,3D;Automation;Building;Casual;Cats;City Builder;Colorful;Cozy;Cute;Economy;Idler;Indie;Life Sim;Management;Nature;Relaxing;Sandbox;Simulation;Strategy;Stylized,"Desktop Cate Cafe is a cute, idle management game that lives at the bottom of your screen letting you work on other tasks while your cafe runs. Design your dream cafe, unlock delicious recipes, and automate your cafe with cute cat staff! Design Your Outdoor Cafe Build the perfect cafe with hundreds of customization options paired with an easy to use building system that lets your creativity shine. Unlock Delicious Recipes Progress by serving customers to unlock over 150 different recipes from co","{""text_match"": 0.07810198, ""cosine_similarity"": 0.6564814, ""reranker_score"": -2.2023993}"
2026-02-10T00:08:56+00:00,CORTEX_DB.RAW.CAT_GAMES_SVC_1_5,default,"cozy cat cafe management sim, but NOT a visual novel, NOT anime, avoid paid games","cozy cat cafe management sim, but NOT a visual novel, NOT anime, avoid paid games",[],,False,,,,keyword_extreme,0.75,10,100,0,480,480,,01c24ec8-0005-07ef-0001-397a00041216,,30,30,,4e-06,4e-06,,4e-06,,,,,[],[],[],[],[],[],,,True,[],[],,2,Melo's cat cafe,0.80523245,2024,English;Japanese,Family Sharing;Single-player;Steam Achievements,Casual;Indie;Simulation,3D;Casual;Cute;Idler;Indie;Simulation;Singleplayer,"'Melo's Cat Cafe' is the perfect game for players who want to relax in a stress-free environment. Instead of chasing goals, players can simply enjoy spending time with the cats. Observe the cats as they eat and sleep, and find peace of mind in their calm presence. Main Features Spacious Mountain Home The game is set in a large house on top of a mountain with beautiful scenic views. 　　The view from the terrace is breathtaking. Free-Spirited Cats Free-spirited and independent cats make an appearan","{""text_match"": 0.0728874, ""cosine_similarity"": 0.6104649, ""reranker_score"": -5.763082}"
2026-02-10T00:08:56+00:00,CORTEX_DB.RAW.CAT_GAMES_SVC_1_5,default,"cozy cat cafe management sim, but NOT a visual novel, NOT anime, avoid paid games","cozy cat cafe management sim, but NOT a visual novel, NOT anime, avoid paid games",[],,False,,,,keyword_extreme,0.75,10,100,0,480,480,,01c24ec8-0005-07ef-0001-397a00041216,,30,30,,4e-06,4e-06,,4e-06,,,,,[],[],[],[],[],[],,,True,[],[],,3,Calico,0.77924305,2020,English;French;German;Italian;Japanese;Korean;Portuguese - Brazil;Simplified Chinese;Spanish - Latin America,Camera Comfort;Color Alternatives;Custom Volume Controls;Family Sharing;Full controller support;Playable without Timed Input;Save Anytime;Single-player;Steam Achievements;Steam Cloud,Casual;Indie;RPG;Simulation,3D;Anime;Building;Casual;Cats;Character Customization;Cute;Dog;Family Friendly;Female Protagonist;Horses;Indie;LGBTQ+;Life Sim;Magic;Open World;RPG;Relaxing;Simulation;Singleplayer,"Calico is a day-in-the-life community sim game where you are given an important and adorable task: rebuild the town’s cat café and fill it with cute and cuddly creatures! Build up your café by filling it with cute furniture, fun decorations, yummy pastries, and get it bustling with animals again! Calico is meant to make you feel all warm and fuzzy inside. The gameplay reflects that with a laid back, low stress creative environment to explore and play in. Character Creator The Calico character cr","{""text_match"": 0.023536198, ""cosine_similarity"": 0.5584861, ""reranker_score"": -4.316521}"
2026-02-10T00:08:56+00:00,CORTEX_DB.RAW.CAT_GAMES_SVC_1_5,default,"cozy cat cafe management sim, but NOT a visual novel, NOT anime, avoid paid games","cozy cat cafe management sim, but NOT a visual novel, NOT anime, avoid paid games",[],,False,,,,keyword_extreme,0.75,10,100,0,480,480,,01c24ec8-0005-07ef-0001-397a00041216,,30,30,,4e-06,4e-06,,4e-06,,,,,[],[],[],[],[],[],,,True,[],[],,4,My Fair Cat: Snow,0.79437805,2024,English;French;Japanese;Korean;Portuguese - Brazil;Russian;Simplified Chinese,Family Sharing;Single-player;Steam Achievements,Casual;Indie,Adventure;Anime;Cartoony;Casual;Cats;Choices Matter;Choose Your Own Adventure;Colorful;Cute;Dating Sim;Emotional;Female Protagonist;Immersive Sim;Interactive Fiction;Life Sim;Otome;Romance;Story Rich;Text-Based;Visual Novel,"Dive into a feel-good adventure of love, laughter, and cat companionship. Add My Fair Cat: Snow to your Steam wishlist and start spreading a little happiness today! Synopsis Recently moving to a new high school and not knowing anyone could have made for a dull routine, but everything changes when you save a stray cat. This single act of kindness sparks a chain of adventures that add a whole new layer of excitement in your daily life. As you're figuring out how to keep your new kitty content and ","{""text_match"": 0.027767744, ""cosine_similarity"": 0.5887561, ""reranker_score"": -7.3493514}"
2026-02-10T00:08:56+00:00,CORTEX_DB.RAW.CAT_GAMES_SVC_1_5,default,"cozy cat cafe management sim, but NOT a visual novel, NOT anime, avoid paid games","cozy cat cafe management sim, but NOT a visual novel, NOT anime, avoid paid games",[],,False,,,,keyword_extreme,0.75,10,100,0,480,480,,01c24ec8-0005-07ef-0001-397a00041216,,30,30,,4e-06,4e-06,,4e-06,,,,,[],[],[],[],[],[],,,True,[],[],,5,Home Office Simulator,0.79086185,2023,English,Family Sharing;Single-player;Steam Achievements;Steam Cloud,Casual;Indie,Anime;Automation;Casual;Cats;Clicker;Colorful;Cute;Idler;Indie;Simulation;Singleplayer;Strategy,"Summary Help Ayame to work remotely, keeping her free of distractions and keeping her cat interested. Upgrade your home, move to new apartments, and take care of several cats. Upgrade your apartment objects so she can work without distractions or with less chance of getting interrupted by any distractions. Gameplay Move to seven unique apartments with different distractions and upgrades to be made. Upgrade and eliminate several distractions, including cats, computers, phone calls, and notificati","{""text_match"": 0.01088609, ""cosine_similarity"": 0.5817237, ""reranker_score"": -8.25431}"
2026-02-10T00:08:56+00:00,CORTEX_DB.RAW.CAT_GAMES_SVC_1_5,default,"cozy cat cafe management sim, but NOT a visual novel, NOT anime, avoid paid games","cozy cat cafe management sim, but NOT a visual novel, NOT anime, avoid paid games",[],,False,,,,keyword_extreme,0.75,10,100,0,480,480,,01c24ec8-0005-07ef-0001-397a00041216,,30,30,,4e-06,4e-06,,4e-06,,,,,[],[],[],[],[],[],,,True,[],[],,6,NEKOPARA Vol. 3,0.784976,2017,English;Japanese;Traditional Chinese,Family Sharing;Single-player;Steam Achievements;Steam Cloud;Steam Trading Cards,Casual;Indie,2D;Adventure;Anime;Atmospheric;Casual;Cats;Cute;Dating Sim;Funny;Great Soundtrack;Hentai;Indie;NSFW;Nudity;Replay Value;Romance;Sexual Content;Singleplayer;Story Rich;Visual Novel,"Patisserie 'La Soleil', run by Kashou Minaduki, is flourishing thanks to the help of two catgirls: Maple, full of pride and a little on the haughty side, and Cinnamon, an impulsive daydreamer. These two are especially close among the rest of the sisters. One day, Maple encounters something that shakes her belief in attaining her dream. Cinnamon, unwilling to see Maple suffer, wishes to help her in any way possible... but she can't figure out how. This story is a heartwarming cat comedy about the","{""text_match"": 0.0044024386, ""cosine_similarity"": 0.569952, ""reranker_score"": -7.911607}"
2026-02-10T00:08:56+00:00,CORTEX_DB.RAW.CAT_GAMES_SVC_1_5,default,"cozy cat cafe management sim, but NOT a visual novel, NOT anime, avoid paid games","cozy cat cafe management sim, but NOT a visual novel, NOT anime, avoid paid games",[],,False,,,,keyword_extreme,0.75,10,100,0,480,480,,01c24ec8-0005-07ef-0001-397a00041216,,30,30,,4e-06,4e-06,,4e-06,,,,,[],[],[],[],[],[],,,True,[],[],,7,Boba Simulator : Idle Shop Management,0.7638023,2022,Arabic;Bulgarian;Czech;Danish;Dutch;English;Finnish;French;German;Greek;Hungarian;Italian;Japanese;Korean;Norwegian;Polish;Portuguese - Brazil;Portuguese - Portugal;Romanian;Russian;Simplified Chinese;Spanish - Latin America;Spanish - Spain;Swedish;Thai;Traditional Chinese;Turkish;Ukrainian;Vietnamese,Camera Comfort;Custom Volume Controls;Family Sharing;Mouse Only Option;Playable without Timed Input;Single-player;Steam Achievements;Steam Leaderboards,Casual;Early Access;Indie;Simulation;Strategy,Automation;Cartoony;Casual;Cats;Clicker;Colorful;Cozy;Cute;Early Access;Family Friendly;Funny;Idler;Isometric;Management;Point & Click;Relaxing;Shop Keeper;Simulation;Singleplayer;Strategy,"Create mouthwatering recipes for ultimate customer satisfaction Experiment and refine your recipes through fun trial and error. Customers' preferences can change at any moment, so stay adaptable! Upgrade your shop and unlock new possibilities Invest wisely in upgrades and watch your business flourish. More exciting upgrades, like a delivery service, await you as you progress! Efficiently manage your stock and storage Purchase Boba Tea ingredients from the supermarket and optimize your limited st","{""text_match"": 0.012152763, ""cosine_similarity"": 0.5276046, ""reranker_score"": -6.252993}"
2026-02-10T00:08:56+00:00,CORTEX_DB.RAW.CAT_GAMES_SVC_1_5,default,"cozy cat cafe management sim, but NOT a visual novel, NOT anime, avoid paid games","cozy cat cafe management sim, but NOT a visual novel, NOT anime, avoid paid games",[],,False,,,,keyword_extreme,0.75,10,100,0,480,480,,01c24ec8-0005-07ef-0001-397a00041216,,30,30,,4e-06,4e-06,,4e-06,,,,,[],[],[],[],[],[],,,True,[],[],,8,Sweet Delights: The Girl’s Cafe Quest,0.78023675,2025,English;French;German;Japanese;Korean;Polish;Portuguese - Portugal;Russian;Spanish - Spain;Traditional Chinese;Turkish;Ukrainian,Family Sharing;Single-player;Steam Achievements,Casual;Indie,Anime;Casual;Cats;Dating Sim;FPS;Female Protagonist;Hentai;Idler;Indie;Mature;NSFW;Nudity;Puzzle;RPG;Sexual Content;Simulation;Singleplayer;Visual Novel,"✨✨✨✨✨✨✨✨✨✨✨✨✨✨✨✨✨✨✨✨✨✨✨✨✨✨✨✨✨✨✨✨ ✨✨✨✨✨✨✨✨✨✨✨✨✨✨✨✨✨✨✨✨✨✨✨✨✨✨✨✨✨✨✨✨ 'Sweet Delights: The Girl’s Cafe Quest' — an engaging hidden object game where your ultimate reward is spending time with stunning anime girls. 🌸✨ Explore vibrant locations, find hidden items, and unlock new scenes featuring charming heroines. 🕵️‍♂️💖 Our game features a scroll system, allowing you to zoom in on important moments for a more immersive experience! 🚀🎮","{""text_match"": 0.013789082, ""cosine_similarity"": 0.5604735, ""reranker_score"": -8.148882}"
2026-02-10T00:08:56+00:00,CORTEX_DB.RAW.CAT_GAMES_SVC_1_5,default,"cozy cat cafe management sim, but NOT a visual novel, NOT anime, avoid paid games","cozy cat cafe management sim, but NOT a visual novel, NOT anime, avoid paid games",[],,False,,,,keyword_extreme,0.75,10,100,0,480,480,,01c24ec8-0005-07ef-0001-397a00041216,,30,30,,4e-06,4e-06,,4e-06,,,,,[],[],[],[],[],[],,,True,[],[],,9,Catgirls From My Sweet Dream,0.78658122,2022,English;French;German;Italian;Japanese;Korean;Portuguese - Brazil;Portuguese - Portugal;Russian;Simplified Chinese;Spanish - Latin America;Spanish - Spain;Traditional Chinese;Ukrainian,Family Sharing;Single-player;Stats;Steam Achievements;Steam Cloud;Steam Leaderboards;Steam Trading Cards,Adventure;Casual;Indie,Anime;Casual;Cats;Colorful;Cute;Dating Sim;Fantasy;Funny;Hentai;Indie;Magic;Match 3;Mature;NSFW;Nudity;Puzzle;Relaxing;Sexual Content;Singleplayer;Visual Novel,"🌸Japanese treats and Catgirls 🌸 Catgirls From My Sweet Dream - a satirical visual novel with “Match 3” gameplay in the Magical Japanese Setting. 🌸Welcome to Nekoville – a small Japanese village located between the majestic and grandiose mountains. Local Catgirls are willing to treat you with traditional Japanese sweets, sushi and sashimi. You will meet cute Nekogirls and help them with their daily tasks, and in return they will help you out even more than you could expect. ♥ ♥FEATURES♥: Magical ","{""text_match"": 0.011742534, ""cosine_similarity"": 0.57316244, ""reranker_score"": -8.934364}"
2026-02-10T00:08:56+00:00,CORTEX_DB.RAW.CAT_GAMES_SVC_1_5,default,"cozy cat cafe management sim, but NOT a visual novel, NOT anime, avoid paid games","cozy cat cafe management sim, but NOT a visual novel, NOT anime, avoid paid games",[],,False,,,,keyword_extreme,0.75,10,100,0,480,480,,01c24ec8-0005-07ef-0001-397a00041216,,30,30,,4e-06,4e-06,,4e-06,,,,,[],[],[],[],[],[],,,True,[],[],,10,Nekokami - The Human Restoration Project,0.76915305,2024,English;Japanese;Simplified Chinese,Adjustable Difficulty;Adjustable Text Size;Camera Comfort;Co-op;Custom Volume Controls;Family Sharing;Full controller support;Mouse Only Option;Multi-player;Playable without Timed Input;Shared/Split Screen;Shared/Split Screen Co-op;Single-player;Steam Achievements;Steam Cloud,Adventure;Casual;Early Access;Indie;RPG,3D;Building;Casual;Cats;Colorful;Cozy;Cute;Early Access;Family Friendly;Funny;Hand-drawn;Immersive Sim;Indie;Life Sim;Local Co-Op;Nature;Puzzle;RPG;Relaxing;Story Rich,"✨ Nekokami is a meditative, calming tile building game where you play as a time-traveler to a far future Milky Way managed by... benevolent Future Cats with super advanced technologies. Why it has to be the Cats? And where are the Humans?     In Nekokami, you will: 🌏 Create beautiful worlds of natural habitats and human settlements with strategic, or spontaneous, placement of tiles in a unique hand-drawn-like art style. 🌌 Follow an epic, whimsical yet heartwarming story of Human-Cat friendship, ","{""text_match"": 0.008591051, ""cosine_similarity"": 0.5383061, ""reranker_score"": -7.666398}"
2026-02-10T00:08:57+00:00,CORTEX_DB.RAW.CAT_GAMES_SVC_1_5,default,"cozy cat cafe management sim, but NOT a visual novel, NOT anime, avoid paid games","cozy cat cafe management sim, but NOT a visual novel, NOT anime, avoid paid games",[],,False,,,,no_reranker_balanced,0.3,10,100,0,234,234,,01c24ec8-0005-07a7-0001-397a0003eafe,,29,29,,4e-06,4e-06,,4e-06,,,,,[],[],[],[],[],[],,,True,[],[],,1,Desktop Cat Cafe,0.8282407,2025,Arabic;Bulgarian;Czech;Danish;Dutch;English;Finnish;French;German;Greek;Hungarian;Indonesian;Italian;Japanese;Korean;Norwegian;Polish;Portuguese - Brazil;Portuguese - Portugal;Romanian;Russian;Simplified Chinese;Spanish - Latin America;Spanish - Spain;Swedish;Thai;Traditional Chinese;Turkish;Ukrainian;Vietnamese,Family Sharing;Single-player;Stats;Steam Achievements;Steam Cloud,Casual;Simulation,3D;Automation;Building;Casual;Cats;City Builder;Colorful;Cozy;Cute;Economy;Idler;Indie;Life Sim;Management;Nature;Relaxing;Sandbox;Simulation;Strategy;Stylized,"Desktop Cate Cafe is a cute, idle management game that lives at the bottom of your screen letting you work on other tasks while your cafe runs. Design your dream cafe, unlock delicious recipes, and automate your cafe with cute cat staff! Design Your Outdoor Cafe Build the perfect cafe with hundreds of customization options paired with an easy to use building system that lets your creativity shine. Unlock Delicious Recipes Progress by serving customers to unlock over 150 different recipes from co","{""text_match"": 0.07810198, ""cosine_similarity"": 0.6564814}"
2026-02-10T00:08:57+00:00,CORTEX_DB.RAW.CAT_GAMES_SVC_1_5,default,"cozy cat cafe management sim, but NOT a visual novel, NOT anime, avoid paid games","cozy cat cafe management sim, but NOT a visual novel, NOT anime, avoid paid games",[],,False,,,,no_reranker_balanced,0.3,10,100,0,234,234,,01c24ec8-0005-07a7-0001-397a0003eafe,,29,29,,4e-06,4e-06,,4e-06,,,,,[],[],[],[],[],[],,,True,[],[],,2,Melo's cat cafe,0.80523245,2024,English;Japanese,Family Sharing;Single-player;Steam Achievements,Casual;Indie;Simulation,3D;Casual;Cute;Idler;Indie;Simulation;Singleplayer,"'Melo's Cat Cafe' is the perfect game for players who want to relax in a stress-free environment. Instead of chasing goals, players can simply enjoy spending time with the cats. Observe the cats as they eat and sleep, and find peace of mind in their calm presence. Main Features Spacious Mountain Home The game is set in a large house on top of a mountain with beautiful scenic views. 　　The view from the terrace is breathtaking. Free-Spirited Cats Free-spirited and independent cats make an appearan","{""text_match"": 0.0728874, ""cosine_similarity"": 0.6104649}"
2026-02-10T00:08:57+00:00,CORTEX_DB.RAW.CAT_GAMES_SVC_1_5,default,"cozy cat cafe management sim, but NOT a visual novel, NOT anime, avoid paid games","cozy cat cafe management sim, but NOT a visual novel, NOT anime, avoid paid games",[],,False,,,,no_reranker_balanced,0.3,10,100,0,234,234,,01c24ec8-0005-07a7-0001-397a0003eafe,,29,29,,4e-06,4e-06,,4e-06,,,,,[],[],[],[],[],[],,,True,[],[],,3,My Fair Cat: Snow,0.79437805,2024,English;French;Japanese;Korean;Portuguese - Brazil;Russian;Simplified Chinese,Family Sharing;Single-player;Steam Achievements,Casual;Indie,Adventure;Anime;Cartoony;Casual;Cats;Choices Matter;Choose Your Own Adventure;Colorful;Cute;Dating Sim;Emotional;Female Protagonist;Immersive Sim;Interactive Fiction;Life Sim;Otome;Romance;Story Rich;Text-Based;Visual Novel,"Dive into a feel-good adventure of love, laughter, and cat companionship. Add My Fair Cat: Snow to your Steam wishlist and start spreading a little happiness today! Synopsis Recently moving to a new high school and not knowing anyone could have made for a dull routine, but everything changes when you save a stray cat. This single act of kindness sparks a chain of adventures that add a whole new layer of excitement in your daily life. As you're figuring out how to keep your new kitty content and ","{""text_match"": 0.027767744, ""cosine_similarity"": 0.5887561}"
2026-02-10T00:08:57+00:00,CORTEX_DB.RAW.CAT_GAMES_SVC_1_5,default,"cozy cat cafe management sim, but NOT a visual novel, NOT anime, avoid paid games","cozy cat cafe management sim, but NOT a visual novel, NOT anime, avoid paid games",[],,False,,,,no_reranker_balanced,0.3,10,100,0,234,234,,01c24ec8-0005-07a7-0001-397a0003eafe,,29,29,,4e-06,4e-06,,4e-06,,,,,[],[],[],[],[],[],,,True,[],[],,4,Home Office Simulator,0.79086185,2023,English,Family Sharing;Single-player;Steam Achievements;Steam Cloud,Casual;Indie,Anime;Automation;Casual;Cats;Clicker;Colorful;Cute;Idler;Indie;Simulation;Singleplayer;Strategy,"Summary Help Ayame to work remotely, keeping her free of distractions and keeping her cat interested. Upgrade your home, move to new apartments, and take care of several cats. Upgrade your apartment objects so she can work without distractions or with less chance of getting interrupted by any distractions. Gameplay Move to seven unique apartments with different distractions and upgrades to be made. Upgrade and eliminate several distractions, including cats, computers, phone calls, and notificati","{""text_match"": 0.01088609, ""cosine_similarity"": 0.5817237}"
2026-02-10T00:08:57+00:00,CORTEX_DB.RAW.CAT_GAMES_SVC_1_5,default,"cozy cat cafe management sim, but NOT a visual novel, NOT anime, avoid paid games","cozy cat cafe management sim, but NOT a visual novel, NOT anime, avoid paid games",[],,False,,,,no_reranker_balanced,0.3,10,100,0,234,234,,01c24ec8-0005-07a7-0001-397a0003eafe,,29,29,,4e-06,4e-06,,4e-06,,,,,[],[],[],[],[],[],,,True,[],[],,5,Catgirls From My Sweet Dream,0.78658122,2022,English;French;German;Italian;Japanese;Korean;Portuguese - Brazil;Portuguese - Portugal;Russian;Simplified Chinese;Spanish - Latin America;Spanish - Spain;Traditional Chinese;Ukrainian,Family Sharing;Single-player;Stats;Steam Achievements;Steam Cloud;Steam Leaderboards;Steam Trading Cards,Adventure;Casual;Indie,Anime;Casual;Cats;Colorful;Cute;Dating Sim;Fantasy;Funny;Hentai;Indie;Magic;Match 3;Mature;NSFW;Nudity;Puzzle;Relaxing;Sexual Content;Singleplayer;Visual Novel,"🌸Japanese treats and Catgirls 🌸 Catgirls From My Sweet Dream - a satirical visual novel with “Match 3” gameplay in the Magical Japanese Setting. 🌸Welcome to Nekoville – a small Japanese village located between the majestic and grandiose mountains. Local Catgirls are willing to treat you with traditional Japanese sweets, sushi and sashimi. You will meet cute Nekogirls and help them with their daily tasks, and in return they will help you out even more than you could expect. ♥ ♥FEATURES♥: Magical ","{""text_match"": 0.011742534, ""cosine_similarity"": 0.57316244}"
2026-02-10T00:08:57+00:00,CORTEX_DB.RAW.CAT_GAMES_SVC_1_5,default,"cozy cat cafe management sim, but NOT a visual novel, NOT anime, avoid paid games","cozy cat cafe management sim, but NOT a visual novel, NOT anime, avoid paid games",[],,False,,,,no_reranker_balanced,0.3,10,100,0,234,234,,01c24ec8-0005-07a7-0001-397a0003eafe,,29,29,,4e-06,4e-06,,4e-06,,,,,[],[],[],[],[],[],,,True,[],[],,6,NEKOPARA Vol. 3,0.784976,2017,English;Japanese;Traditional Chinese,Family Sharing;Single-player;Steam Achievements;Steam Cloud;Steam Trading Cards,Casual;Indie,2D;Adventure;Anime;Atmospheric;Casual;Cats;Cute;Dating Sim;Funny;Great Soundtrack;Hentai;Indie;NSFW;Nudity;Replay Value;Romance;Sexual Content;Singleplayer;Story Rich;Visual Novel,"Patisserie 'La Soleil', run by Kashou Minaduki, is flourishing thanks to the help of two catgirls: Maple, full of pride and a little on the haughty side, and Cinnamon, an impulsive daydreamer. These two are especially close among the rest of the sisters. One day, Maple encounters something that shakes her belief in attaining her dream. Cinnamon, unwilling to see Maple suffer, wishes to help her in any way possible... but she can't figure out how. This story is a heartwarming cat comedy about the","{""text_match"": 0.0044024386, ""cosine_similarity"": 0.569952}"
2026-02-10T00:08:57+00:00,CORTEX_DB.RAW.CAT_GAMES_SVC_1_5,default,"cozy cat cafe management sim, but NOT a visual novel, NOT anime, avoid paid games","cozy cat cafe management sim, but NOT a visual novel, NOT anime, avoid paid games",[],,False,,,,no_reranker_balanced,0.3,10,100,0,234,234,,01c24ec8-0005-07a7-0001-397a0003eafe,,29,29,,4e-06,4e-06,,4e-06,,,,,[],[],[],[],[],[],,,True,[],[],,7,Calico,0.77924305,2020,English;French;German;Italian;Japanese;Korean;Portuguese - Brazil;Simplified Chinese;Spanish - Latin America,Camera Comfort;Color Alternatives;Custom Volume Controls;Family Sharing;Full controller support;Playable without Timed Input;Save Anytime;Single-player;Steam Achievements;Steam Cloud,Casual;Indie;RPG;Simulation,3D;Anime;Building;Casual;Cats;Character Customization;Cute;Dog;Family Friendly;Female Protagonist;Horses;Indie;LGBTQ+;Life Sim;Magic;Open World;RPG;Relaxing;Simulation;Singleplayer,"Calico is a day-in-the-life community sim game where you are given an important and adorable task: rebuild the town’s cat café and fill it with cute and cuddly creatures! Build up your café by filling it with cute furniture, fun decorations, yummy pastries, and get it bustling with animals again! Calico is meant to make you feel all warm and fuzzy inside. The gameplay reflects that with a laid back, low stress creative environment to explore and play in. Character Creator The Calico character cr","{""text_match"": 0.023536198, ""cosine_similarity"": 0.5584861}"
2026-02-10T00:08:57+00:00,CORTEX_DB.RAW.CAT_GAMES_SVC_1_5,default,"cozy cat cafe management sim, but NOT a visual novel, NOT anime, avoid paid games","cozy cat cafe management sim, but NOT a visual novel, NOT anime, avoid paid games",[],,False,,,,no_reranker_balanced,0.3,10,100,0,234,234,,01c24ec8-0005-07a7-0001-397a0003eafe,,29,29,,4e-06,4e-06,,4e-06,,,,,[],[],[],[],[],[],,,True,[],[],,8,Sweet Delights: The Girl’s Cafe Quest,0.78023675,2025,English;French;German;Japanese;Korean;Polish;Portuguese - Portugal;Russian;Spanish - Spain;Traditional Chinese;Turkish;Ukrainian,Family Sharing;Single-player;Steam Achievements,Casual;Indie,Anime;Casual;Cats;Dating Sim;FPS;Female Protagonist;Hentai;Idler;Indie;Mature;NSFW;Nudity;Puzzle;RPG;Sexual Content;Simulation;Singleplayer;Visual Novel,"✨✨✨✨✨✨✨✨✨✨✨✨✨✨✨✨✨✨✨✨✨✨✨✨✨✨✨✨✨✨✨✨ ✨✨✨✨✨✨✨✨✨✨✨✨✨✨✨✨✨✨✨✨✨✨✨✨✨✨✨✨✨✨✨✨ 'Sweet Delights: The Girl’s Cafe Quest' — an engaging hidden object game where your ultimate reward is spending time with stunning anime girls. 🌸✨ Explore vibrant locations, find hidden items, and unlock new scenes featuring charming heroines. 🕵️‍♂️💖 Our game features a scroll system, allowing you to zoom in on important moments for a more immersive experience! 🚀🎮","{""text_match"": 0.013789082, ""cosine_similarity"": 0.5604735}"
2026-02-10T00:08:57+00:00,CORTEX_DB.RAW.CAT_GAMES_SVC_1_5,default,"cozy cat cafe management sim, but NOT a visual novel, NOT anime, avoid paid games","cozy cat cafe management sim, but NOT a visual novel, NOT anime, avoid paid games",[],,False,,,,no_reranker_balanced,0.3,10,100,0,234,234,,01c24ec8-0005-07a7-0001-397a0003eafe,,29,29,,4e-06,4e-06,,4e-06,,,,,[],[],[],[],[],[],,,True,[],[],,9,Whiskers on Time's Corner,0.7764147800000001,2024,English;Japanese;Simplified Chinese;Spanish - Spain;Traditional Chinese,Family Sharing;Single-player;Steam Achievements;Steam Cloud,Casual;Early Access;Indie,Action RPG;Action-Adventure;Atmospheric;Cartoon;Cartoony;Casual;Cats;Choices Matter;Cute;Dating Sim;Early Access;Emotional;Exploration;Funny;Indie;Multiple Endings;Relaxing;Singleplayer;Survival;Walking Simulator,"In a beautiful little town, you take on the role of a cat and experience life from its perspective. [Life as a Cat] You need to rummage through trash cans and recycling bins to find food. Remember the locations where food can be found and try your luck when hunger strikes. Always keep an eye on the weather—rain will quickly drain the cat's stamina, so make sure to find shelter under roofs to stay dry and maintain your energy. [Cat Stories] At the Rice Ball House, Mrs. Rice Ball occasionally give","{""text_match"": 0.0020935833, ""cosine_similarity"": 0.55282956}"
2026-02-10T00:08:57+00:00,CORTEX_DB.RAW.CAT_GAMES_SVC_1_5,default,"cozy cat cafe management sim, but NOT a visual novel, NOT anime, avoid paid games","cozy cat cafe management sim, but NOT a visual novel, NOT anime, avoid paid games",[],,False,,,,no_reranker_balanced,0.3,10,100,0,234,234,,01c24ec8-0005-07a7-0001-397a0003eafe,,29,29,,4e-06,4e-06,,4e-06,,,,,[],[],[],[],[],[],,,True,[],[],,10,A Street Cat's Tale,0.77343365,2019,English;Japanese;Korean;Traditional Chinese,Family Sharing;Full controller support;Single-player;Steam Achievements;Steam Cloud,Adventure;Indie;Simulation,Adventure;Cats;Cute;Indie;Isometric;Pixel Graphics;Simulation,"'Tale of a street cat' is a story of a baby kitten left alone at the town. it's an adventure game played at the cat's view. you will become a baby kitten to survive with 13days to become an adult cat. [Key Features] ■Hungry little Kitten -It’s inevitable that most cats living on the streets will starve. -Go around the town and get food so the kitten will not starve to death. ■Many NPCs -Many NPCs with their unique personalities. -Some people will get angry when you talk to them, and some people ","{""text_match"": 1.8017967e-07, ""cosine_similarity"": 0.5468673}"
2026-02-10T00:08:58+00:00,CORTEX_DB.RAW.CAT_GAMES_SVC_1_5,default,"cozy cat cafe management sim, but NOT a visual novel, NOT anime, avoid paid games","cozy cat cafe management sim, but NOT a visual novel, NOT anime, avoid paid games",[],,False,,,,no_reranker_balanced,0.65,10,100,0,221,221,,01c24ec8-0005-07ef-0001-397a0004121e,,28,28,,4e-06,4e-06,,4e-06,,,,,[],[],[],[],[],[],,,True,[],[],,1,Desktop Cat Cafe,0.8282407,2025,Arabic;Bulgarian;Czech;Danish;Dutch;English;Finnish;French;German;Greek;Hungarian;Indonesian;Italian;Japanese;Korean;Norwegian;Polish;Portuguese - Brazil;Portuguese - Portugal;Romanian;Russian;Simplified Chinese;Spanish - Latin America;Spanish - Spain;Swedish;Thai;Traditional Chinese;Turkish;Ukrainian;Vietnamese,Family Sharing;Single-player;Stats;Steam Achievements;Steam Cloud,Casual;Simulation,3D;Automation;Building;Casual;Cats;City Builder;Colorful;Cozy;Cute;Economy;Idler;Indie;Life Sim;Management;Nature;Relaxing;Sandbox;Simulation;Strategy;Stylized,"Desktop Cate Cafe is a cute, idle management game that lives at the bottom of your screen letting you work on other tasks while your cafe runs. Design your dream cafe, unlock delicious recipes, and automate your cafe with cute cat staff! Design Your Outdoor Cafe Build the perfect cafe with hundreds of customization options paired with an easy to use building system that lets your creativity shine. Unlock Delicious Recipes Progress by serving customers to unlock over 150 different recipes from co","{""text_match"": 0.07810198, ""cosine_similarity"": 0.6564814}"
2026-02-10T00:08:58+00:00,CORTEX_DB.RAW.CAT_GAMES_SVC_1_5,default,"cozy cat cafe management sim, but NOT a visual novel, NOT anime, avoid paid games","cozy cat cafe management sim, but NOT a visual novel, NOT anime, avoid paid games",[],,False,,,,no_reranker_balanced,0.65,10,100,0,221,221,,01c24ec8-0005-07ef-0001-397a0004121e,,28,28,,4e-06,4e-06,,4e-06,,,,,[],[],[],[],[],[],,,True,[],[],,2,Melo's cat cafe,0.80523245,2024,English;Japanese,Family Sharing;Single-player;Steam Achievements,Casual;Indie;Simulation,3D;Casual;Cute;Idler;Indie;Simulation;Singleplayer,"'Melo's Cat Cafe' is the perfect game for players who want to relax in a stress-free environment. Instead of chasing goals, players can simply enjoy spending time with the cats. Observe the cats as they eat and sleep, and find peace of mind in their calm presence. Main Features Spacious Mountain Home The game is set in a large house on top of a mountain with beautiful scenic views. 　　The view from the terrace is breathtaking. Free-Spirited Cats Free-spirited and independent cats make an appearan","{""text_match"": 0.0728874, ""cosine_similarity"": 0.6104649}"
2026-02-10T00:08:58+00:00,CORTEX_DB.RAW.CAT_GAMES_SVC_1_5,default,"cozy cat cafe management sim, but NOT a visual novel, NOT anime, avoid paid games","cozy cat cafe management sim, but NOT a visual novel, NOT anime, avoid paid games",[],,False,,,,no_reranker_balanced,0.65,10,100,0,221,221,,01c24ec8-0005-07ef-0001-397a0004121e,,28,28,,4e-06,4e-06,,4e-06,,,,,[],[],[],[],[],[],,,True,[],[],,3,My Fair Cat: Snow,0.79437805,2024,English;French;Japanese;Korean;Portuguese - Brazil;Russian;Simplified Chinese,Family Sharing;Single-player;Steam Achievements,Casual;Indie,Adventure;Anime;Cartoony;Casual;Cats;Choices Matter;Choose Your Own Adventure;Colorful;Cute;Dating Sim;Emotional;Female Protagonist;Immersive Sim;Interactive Fiction;Life Sim;Otome;Romance;Story Rich;Text-Based;Visual Novel,"Dive into a feel-good adventure of love, laughter, and cat companionship. Add My Fair Cat: Snow to your Steam wishlist and start spreading a little happiness today! Synopsis Recently moving to a new high school and not knowing anyone could have made for a dull routine, but everything changes when you save a stray cat. This single act of kindness sparks a chain of adventures that add a whole new layer of excitement in your daily life. As you're figuring out how to keep your new kitty content and ","{""text_match"": 0.027767744, ""cosine_similarity"": 0.5887561}"
2026-02-10T00:08:58+00:00,CORTEX_DB.RAW.CAT_GAMES_SVC_1_5,default,"cozy cat cafe management sim, but NOT a visual novel, NOT anime, avoid paid games","cozy cat cafe management sim, but NOT a visual novel, NOT anime, avoid paid games",[],,False,,,,no_reranker_balanced,0.65,10,100,0,221,221,,01c24ec8-0005-07ef-0001-397a0004121e,,28,28,,4e-06,4e-06,,4e-06,,,,,[],[],[],[],[],[],,,True,[],[],,4,Home Office Simulator,0.79086185,2023,English,Family Sharing;Single-player;Steam Achievements;Steam Cloud,Casual;Indie,Anime;Automation;Casual;Cats;Clicker;Colorful;Cute;Idler;Indie;Simulation;Singleplayer;Strategy,"Summary Help Ayame to work remotely, keeping her free of distractions and keeping her cat interested. Upgrade your home, move to new apartments, and take care of several cats. Upgrade your apartment objects so she can work without distractions or with less chance of getting interrupted by any distractions. Gameplay Move to seven unique apartments with different distractions and upgrades to be made. Upgrade and eliminate several distractions, including cats, computers, phone calls, and notificati","{""text_match"": 0.01088609, ""cosine_similarity"": 0.5817237}"
2026-02-10T00:08:58+00:00,CORTEX_DB.RAW.CAT_GAMES_SVC_1_5,default,"cozy cat cafe management sim, but NOT a visual novel, NOT anime, avoid paid games","cozy cat cafe management sim, but NOT a visual novel, NOT anime, avoid paid games",[],,False,,,,no_reranker_balanced,0.65,10,100,0,221,221,,01c24ec8-0005-07ef-0001-397a0004121e,,28,28,,4e-06,4e-06,,4e-06,,,,,[],[],[],[],[],[],,,True,[],[],,5,Catgirls From My Sweet Dream,0.78658122,2022,English;French;German;Italian;Japanese;Korean;Portuguese - Brazil;Portuguese - Portugal;Russian;Simplified Chinese;Spanish - Latin America;Spanish - Spain;Traditional Chinese;Ukrainian,Family Sharing;Single-player;Stats;Steam Achievements;Steam Cloud;Steam Leaderboards;Steam Trading Cards,Adventure;Casual;Indie,Anime;Casual;Cats;Colorful;Cute;Dating Sim;Fantasy;Funny;Hentai;Indie;Magic;Match 3;Mature;NSFW;Nudity;Puzzle;Relaxing;Sexual Content;Singleplayer;Visual Novel,"🌸Japanese treats and Catgirls 🌸 Catgirls From My Sweet Dream - a satirical visual novel with “Match 3” gameplay in the Magical Japanese Setting. 🌸Welcome to Nekoville – a small Japanese village located between the majestic and grandiose mountains. Local Catgirls are willing to treat you with traditional Japanese sweets, sushi and sashimi. You will meet cute Nekogirls and help them with their daily tasks, and in return they will help you out even more than you could expect. ♥ ♥FEATURES♥: Magical ","{""text_match"": 0.011742534, ""cosine_similarity"": 0.57316244}"
2026-02-10T00:08:58+00:00,CORTEX_DB.RAW.CAT_GAMES_SVC_1_5,default,"cozy cat cafe management sim, but NOT a visual novel, NOT anime, avoid paid games","cozy cat cafe management sim, but NOT a visual novel, NOT anime, avoid paid games",[],,False,,,,no_reranker_balanced,0.65,10,100,0,221,221,,01c24ec8-0005-07ef-0001-397a0004121e,,28,28,,4e-06,4e-06,,4e-06,,,,,[],[],[],[],[],[],,,True,[],[],,6,NEKOPARA Vol. 3,0.784976,2017,English;Japanese;Traditional Chinese,Family Sharing;Single-player;Steam Achievements;Steam Cloud;Steam Trading Cards,Casual;Indie,2D;Adventure;Anime;Atmospheric;Casual;Cats;Cute;Dating Sim;Funny;Great Soundtrack;Hentai;Indie;NSFW;Nudity;Replay Value;Romance;Sexual Content;Singleplayer;Story Rich;Visual Novel,"Patisserie 'La Soleil', run by Kashou Minaduki, is flourishing thanks to the help of two catgirls: Maple, full of pride and a little on the haughty side, and Cinnamon, an impulsive daydreamer. These two are especially close among the rest of the sisters. One day, Maple encounters something that shakes her belief in attaining her dream. Cinnamon, unwilling to see Maple suffer, wishes to help her in any way possible... but she can't figure out how. This story is a heartwarming cat comedy about the","{""text_match"": 0.0044024386, ""cosine_similarity"": 0.569952}"
2026-02-10T00:08:58+00:00,CORTEX_DB.RAW.CAT_GAMES_SVC_1_5,default,"cozy cat cafe management sim, but NOT a visual novel, NOT anime, avoid paid games","cozy cat cafe management sim, but NOT a visual novel, NOT anime, avoid paid games",[],,False,,,,no_reranker_balanced,0.65,10,100,0,221,221,,01c24ec8-0005-07ef-0001-397a0004121e,,28,28,,4e-06,4e-06,,4e-06,,,,,[],[],[],[],[],[],,,True,[],[],,7,Calico,0.77924305,2020,English;French;German;Italian;Japanese;Korean;Portuguese - Brazil;Simplified Chinese;Spanish - Latin America,Camera Comfort;Color Alternatives;Custom Volume Controls;Family Sharing;Full controller support;Playable without Timed Input;Save Anytime;Single-player;Steam Achievements;Steam Cloud,Casual;Indie;RPG;Simulation,3D;Anime;Building;Casual;Cats;Character Customization;Cute;Dog;Family Friendly;Female Protagonist;Horses;Indie;LGBTQ+;Life Sim;Magic;Open World;RPG;Relaxing;Simulation;Singleplayer,"Calico is a day-in-the-life community sim game where you are given an important and adorable task: rebuild the town’s cat café and fill it with cute and cuddly creatures! Build up your café by filling it with cute furniture, fun decorations, yummy pastries, and get it bustling with animals again! Calico is meant to make you feel all warm and fuzzy inside. The gameplay reflects that with a laid back, low stress creative environment to explore and play in. Character Creator The Calico character cr","{""text_match"": 0.023536198, ""cosine_similarity"": 0.5584861}"
2026-02-10T00:08:58+00:00,CORTEX_DB.RAW.CAT_GAMES_SVC_1_5,default,"cozy cat cafe management sim, but NOT a visual novel, NOT anime, avoid paid games","cozy cat cafe management sim, but NOT a visual novel, NOT anime, avoid paid games",[],,False,,,,no_reranker_balanced,0.65,10,100,0,221,221,,01c24ec8-0005-07ef-0001-397a0004121e,,28,28,,4e-06,4e-06,,4e-06,,,,,[],[],[],[],[],[],,,True,[],[],,8,Sweet Delights: The Girl’s Cafe Quest,0.78023675,2025,English;French;German;Japanese;Korean;Polish;Portuguese - Portugal;Russian;Spanish - Spain;Traditional Chinese;Turkish;Ukrainian,Family Sharing;Single-player;Steam Achievements,Casual;Indie,Anime;Casual;Cats;Dating Sim;FPS;Female Protagonist;Hentai;Idler;Indie;Mature;NSFW;Nudity;Puzzle;RPG;Sexual Content;Simulation;Singleplayer;Visual Novel,"✨✨✨✨✨✨✨✨✨✨✨✨✨✨✨✨✨✨✨✨✨✨✨✨✨✨✨✨✨✨✨✨ ✨✨✨✨✨✨✨✨✨✨✨✨✨✨✨✨✨✨✨✨✨✨✨✨✨✨✨✨✨✨✨✨ 'Sweet Delights: The Girl’s Cafe Quest' — an engaging hidden object game where your ultimate reward is spending time with stunning anime girls. 🌸✨ Explore vibrant locations, find hidden items, and unlock new scenes featuring charming heroines. 🕵️‍♂️💖 Our game features a scroll system, allowing you to zoom in on important moments for a more immersive experience! 🚀🎮","{""text_match"": 0.013789082, ""cosine_similarity"": 0.5604735}"
2026-02-10T00:08:58+00:00,CORTEX_DB.RAW.CAT_GAMES_SVC_1_5,default,"cozy cat cafe management sim, but NOT a visual novel, NOT anime, avoid paid games","cozy cat cafe management sim, but NOT a visual novel, NOT anime, avoid paid games",[],,False,,,,no_reranker_balanced,0.65,10,100,0,221,221,,01c24ec8-0005-07ef-0001-397a0004121e,,28,28,,4e-06,4e-06,,4e-06,,,,,[],[],[],[],[],[],,,True,[],[],,9,Whiskers on Time's Corner,0.7764147800000001,2024,English;Japanese;Simplified Chinese;Spanish - Spain;Traditional Chinese,Family Sharing;Single-player;Steam Achievements;Steam Cloud,Casual;Early Access;Indie,Action RPG;Action-Adventure;Atmospheric;Cartoon;Cartoony;Casual;Cats;Choices Matter;Cute;Dating Sim;Early Access;Emotional;Exploration;Funny;Indie;Multiple Endings;Relaxing;Singleplayer;Survival;Walking Simulator,"In a beautiful little town, you take on the role of a cat and experience life from its perspective. [Life as a Cat] You need to rummage through trash cans and recycling bins to find food. Remember the locations where food can be found and try your luck when hunger strikes. Always keep an eye on the weather—rain will quickly drain the cat's stamina, so make sure to find shelter under roofs to stay dry and maintain your energy. [Cat Stories] At the Rice Ball House, Mrs. Rice Ball occasionally give","{""text_match"": 0.0020935833, ""cosine_similarity"": 0.55282956}"
2026-02-10T00:08:58+00:00,CORTEX_DB.RAW.CAT_GAMES_SVC_1_5,default,"cozy cat cafe management sim, but NOT a visual novel, NOT anime, avoid paid games","cozy cat cafe management sim, but NOT a visual novel, NOT anime, avoid paid games",[],,False,,,,no_reranker_balanced,0.65,10,100,0,221,221,,01c24ec8-0005-07ef-0001-397a0004121e,,28,28,,4e-06,4e-06,,4e-06,,,,,[],[],[],[],[],[],,,True,[],[],,10,A Street Cat's Tale,0.77343365,2019,English;Japanese;Korean;Traditional Chinese,Family Sharing;Full controller support;Single-player;Steam Achievements;Steam Cloud,Adventure;Indie;Simulation,Adventure;Cats;Cute;Indie;Isometric;Pixel Graphics;Simulation,"'Tale of a street cat' is a story of a baby kitten left alone at the town. it's an adventure game played at the cat's view. you will become a baby kitten to survive with 13days to become an adult cat. [Key Features] ■Hungry little Kitten -It’s inevitable that most cats living on the streets will starve. -Go around the town and get food so the kitten will not starve to death. ■Many NPCs -Many NPCs with their unique personalities. -Some people will get angry when you talk to them, and some people ","{""text_match"": 1.8017967e-07, ""cosine_similarity"": 0.5468673}"
2026-02-10T00:08:59+00:00,CORTEX_DB.RAW.CAT_GAMES_SVC_1_5,default,"cozy cat cafe management sim, but NOT a visual novel, NOT anime, avoid paid games","cozy cat cafe management sim, but NOT a visual novel, NOT anime, avoid paid games",[],,False,,,,no_reranker_balanced,0.75,10,100,0,225,225,,01c24ec8-0005-07a7-0001-397a0003eb06,,28,28,,4e-06,4e-06,,4e-06,,,,,[],[],[],[],[],[],,,True,[],[],,1,Desktop Cat Cafe,0.8282407,2025,Arabic;Bulgarian;Czech;Danish;Dutch;English;Finnish;French;German;Greek;Hungarian;Indonesian;Italian;Japanese;Korean;Norwegian;Polish;Portuguese - Brazil;Portuguese - Portugal;Romanian;Russian;Simplified Chinese;Spanish - Latin America;Spanish - Spain;Swedish;Thai;Traditional Chinese;Turkish;Ukrainian;Vietnamese,Family Sharing;Single-player;Stats;Steam Achievements;Steam Cloud,Casual;Simulation,3D;Automation;Building;Casual;Cats;City Builder;Colorful;Cozy;Cute;Economy;Idler;Indie;Life Sim;Management;Nature;Relaxing;Sandbox;Simulation;Strategy;Stylized,"Desktop Cate Cafe is a cute, idle management game that lives at the bottom of your screen letting you work on other tasks while your cafe runs. Design your dream cafe, unlock delicious recipes, and automate your cafe with cute cat staff! Design Your Outdoor Cafe Build the perfect cafe with hundreds of customization options paired with an easy to use building system that lets your creativity shine. Unlock Delicious Recipes Progress by serving customers to unlock over 150 different recipes from co","{""text_match"": 0.07810198, ""cosine_similarity"": 0.6564814}"
2026-02-10T00:08:59+00:00,CORTEX_DB.RAW.CAT_GAMES_SVC_1_5,default,"cozy cat cafe management sim, but NOT a visual novel, NOT anime, avoid paid games","cozy cat cafe management sim, but NOT a visual novel, NOT anime, avoid paid games",[],,False,,,,no_reranker_balanced,0.75,10,100,0,225,225,,01c24ec8-0005-07a7-0001-397a0003eb06,,28,28,,4e-06,4e-06,,4e-06,,,,,[],[],[],[],[],[],,,True,[],[],,2,Melo's cat cafe,0.80523245,2024,English;Japanese,Family Sharing;Single-player;Steam Achievements,Casual;Indie;Simulation,3D;Casual;Cute;Idler;Indie;Simulation;Singleplayer,"'Melo's Cat Cafe' is the perfect game for players who want to relax in a stress-free environment. Instead of chasing goals, players can simply enjoy spending time with the cats. Observe the cats as they eat and sleep, and find peace of mind in their calm presence. Main Features Spacious Mountain Home The game is set in a large house on top of a mountain with beautiful scenic views. 　　The view from the terrace is breathtaking. Free-Spirited Cats Free-spirited and independent cats make an appearan","{""text_match"": 0.0728874, ""cosine_similarity"": 0.6104649}"
2026-02-10T00:08:59+00:00,CORTEX_DB.RAW.CAT_GAMES_SVC_1_5,default,"cozy cat cafe management sim, but NOT a visual novel, NOT anime, avoid paid games","cozy cat cafe management sim, but NOT a visual novel, NOT anime, avoid paid games",[],,False,,,,no_reranker_balanced,0.75,10,100,0,225,225,,01c24ec8-0005-07a7-0001-397a0003eb06,,28,28,,4e-06,4e-06,,4e-06,,,,,[],[],[],[],[],[],,,True,[],[],,3,My Fair Cat: Snow,0.79437805,2024,English;French;Japanese;Korean;Portuguese - Brazil;Russian;Simplified Chinese,Family Sharing;Single-player;Steam Achievements,Casual;Indie,Adventure;Anime;Cartoony;Casual;Cats;Choices Matter;Choose Your Own Adventure;Colorful;Cute;Dating Sim;Emotional;Female Protagonist;Immersive Sim;Interactive Fiction;Life Sim;Otome;Romance;Story Rich;Text-Based;Visual Novel,"Dive into a feel-good adventure of love, laughter, and cat companionship. Add My Fair Cat: Snow to your Steam wishlist and start spreading a little happiness today! Synopsis Recently moving to a new high school and not knowing anyone could have made for a dull routine, but everything changes when you save a stray cat. This single act of kindness sparks a chain of adventures that add a whole new layer of excitement in your daily life. As you're figuring out how to keep your new kitty content and ","{""text_match"": 0.027767744, ""cosine_similarity"": 0.5887561}"
2026-02-10T00:08:59+00:00,CORTEX_DB.RAW.CAT_GAMES_SVC_1_5,default,"cozy cat cafe management sim, but NOT a visual novel, NOT anime, avoid paid games","cozy cat cafe management sim, but NOT a visual novel, NOT anime, avoid paid games",[],,False,,,,no_reranker_balanced,0.75,10,100,0,225,225,,01c24ec8-0005-07a7-0001-397a0003eb06,,28,28,,4e-06,4e-06,,4e-06,,,,,[],[],[],[],[],[],,,True,[],[],,4,Home Office Simulator,0.79086185,2023,English,Family Sharing;Single-player;Steam Achievements;Steam Cloud,Casual;Indie,Anime;Automation;Casual;Cats;Clicker;Colorful;Cute;Idler;Indie;Simulation;Singleplayer;Strategy,"Summary Help Ayame to work remotely, keeping her free of distractions and keeping her cat interested. Upgrade your home, move to new apartments, and take care of several cats. Upgrade your apartment objects so she can work without distractions or with less chance of getting interrupted by any distractions. Gameplay Move to seven unique apartments with different distractions and upgrades to be made. Upgrade and eliminate several distractions, including cats, computers, phone calls, and notificati","{""text_match"": 0.01088609, ""cosine_similarity"": 0.5817237}"
2026-02-10T00:08:59+00:00,CORTEX_DB.RAW.CAT_GAMES_SVC_1_5,default,"cozy cat cafe management sim, but NOT a visual novel, NOT anime, avoid paid games","cozy cat cafe management sim, but NOT a visual novel, NOT anime, avoid paid games",[],,False,,,,no_reranker_balanced,0.75,10,100,0,225,225,,01c24ec8-0005-07a7-0001-397a0003eb06,,28,28,,4e-06,4e-06,,4e-06,,,,,[],[],[],[],[],[],,,True,[],[],,5,Catgirls From My Sweet Dream,0.78658122,2022,English;French;German;Italian;Japanese;Korean;Portuguese - Brazil;Portuguese - Portugal;Russian;Simplified Chinese;Spanish - Latin America;Spanish - Spain;Traditional Chinese;Ukrainian,Family Sharing;Single-player;Stats;Steam Achievements;Steam Cloud;Steam Leaderboards;Steam Trading Cards,Adventure;Casual;Indie,Anime;Casual;Cats;Colorful;Cute;Dating Sim;Fantasy;Funny;Hentai;Indie;Magic;Match 3;Mature;NSFW;Nudity;Puzzle;Relaxing;Sexual Content;Singleplayer;Visual Novel,"🌸Japanese treats and Catgirls 🌸 Catgirls From My Sweet Dream - a satirical visual novel with “Match 3” gameplay in the Magical Japanese Setting. 🌸Welcome to Nekoville – a small Japanese village located between the majestic and grandiose mountains. Local Catgirls are willing to treat you with traditional Japanese sweets, sushi and sashimi. You will meet cute Nekogirls and help them with their daily tasks, and in return they will help you out even more than you could expect. ♥ ♥FEATURES♥: Magical ","{""text_match"": 0.011742534, ""cosine_similarity"": 0.57316244}"
2026-02-10T00:08:59+00:00,CORTEX_DB.RAW.CAT_GAMES_SVC_1_5,default,"cozy cat cafe management sim, but NOT a visual novel, NOT anime, avoid paid games","cozy cat cafe management sim, but NOT a visual novel, NOT anime, avoid paid games",[],,False,,,,no_reranker_balanced,0.75,10,100,0,225,225,,01c24ec8-0005-07a7-0001-397a0003eb06,,28,28,,4e-06,4e-06,,4e-06,,,,,[],[],[],[],[],[],,,True,[],[],,6,NEKOPARA Vol. 3,0.784976,2017,English;Japanese;Traditional Chinese,Family Sharing;Single-player;Steam Achievements;Steam Cloud;Steam Trading Cards,Casual;Indie,2D;Adventure;Anime;Atmospheric;Casual;Cats;Cute;Dating Sim;Funny;Great Soundtrack;Hentai;Indie;NSFW;Nudity;Replay Value;Romance;Sexual Content;Singleplayer;Story Rich;Visual Novel,"Patisserie 'La Soleil', run by Kashou Minaduki, is flourishing thanks to the help of two catgirls: Maple, full of pride and a little on the haughty side, and Cinnamon, an impulsive daydreamer. These two are especially close among the rest of the sisters. One day, Maple encounters something that shakes her belief in attaining her dream. Cinnamon, unwilling to see Maple suffer, wishes to help her in any way possible... but she can't figure out how. This story is a heartwarming cat comedy about the","{""text_match"": 0.0044024386, ""cosine_similarity"": 0.569952}"
2026-02-10T00:08:59+00:00,CORTEX_DB.RAW.CAT_GAMES_SVC_1_5,default,"cozy cat cafe management sim, but NOT a visual novel, NOT anime, avoid paid games","cozy cat cafe management sim, but NOT a visual novel, NOT anime, avoid paid games",[],,False,,,,no_reranker_balanced,0.75,10,100,0,225,225,,01c24ec8-0005-07a7-0001-397a0003eb06,,28,28,,4e-06,4e-06,,4e-06,,,,,[],[],[],[],[],[],,,True,[],[],,7,Calico,0.77924305,2020,English;French;German;Italian;Japanese;Korean;Portuguese - Brazil;Simplified Chinese;Spanish - Latin America,Camera Comfort;Color Alternatives;Custom Volume Controls;Family Sharing;Full controller support;Playable without Timed Input;Save Anytime;Single-player;Steam Achievements;Steam Cloud,Casual;Indie;RPG;Simulation,3D;Anime;Building;Casual;Cats;Character Customization;Cute;Dog;Family Friendly;Female Protagonist;Horses;Indie;LGBTQ+;Life Sim;Magic;Open World;RPG;Relaxing;Simulation;Singleplayer,"Calico is a day-in-the-life community sim game where you are given an important and adorable task: rebuild the town’s cat café and fill it with cute and cuddly creatures! Build up your café by filling it with cute furniture, fun decorations, yummy pastries, and get it bustling with animals again! Calico is meant to make you feel all warm and fuzzy inside. The gameplay reflects that with a laid back, low stress creative environment to explore and play in. Character Creator The Calico character cr","{""text_match"": 0.023536198, ""cosine_similarity"": 0.5584861}"
2026-02-10T00:08:59+00:00,CORTEX_DB.RAW.CAT_GAMES_SVC_1_5,default,"cozy cat cafe management sim, but NOT a visual novel, NOT anime, avoid paid games","cozy cat cafe management sim, but NOT a visual novel, NOT anime, avoid paid games",[],,False,,,,no_reranker_balanced,0.75,10,100,0,225,225,,01c24ec8-0005-07a7-0001-397a0003eb06,,28,28,,4e-06,4e-06,,4e-06,,,,,[],[],[],[],[],[],,,True,[],[],,8,Sweet Delights: The Girl’s Cafe Quest,0.78023675,2025,English;French;German;Japanese;Korean;Polish;Portuguese - Portugal;Russian;Spanish - Spain;Traditional Chinese;Turkish;Ukrainian,Family Sharing;Single-player;Steam Achievements,Casual;Indie,Anime;Casual;Cats;Dating Sim;FPS;Female Protagonist;Hentai;Idler;Indie;Mature;NSFW;Nudity;Puzzle;RPG;Sexual Content;Simulation;Singleplayer;Visual Novel,"✨✨✨✨✨✨✨✨✨✨✨✨✨✨✨✨✨✨✨✨✨✨✨✨✨✨✨✨✨✨✨✨ ✨✨✨✨✨✨✨✨✨✨✨✨✨✨✨✨✨✨✨✨✨✨✨✨✨✨✨✨✨✨✨✨ 'Sweet Delights: The Girl’s Cafe Quest' — an engaging hidden object game where your ultimate reward is spending time with stunning anime girls. 🌸✨ Explore vibrant locations, find hidden items, and unlock new scenes featuring charming heroines. 🕵️‍♂️💖 Our game features a scroll system, allowing you to zoom in on important moments for a more immersive experience! 🚀🎮","{""text_match"": 0.013789082, ""cosine_similarity"": 0.5604735}"
2026-02-10T00:08:59+00:00,CORTEX_DB.RAW.CAT_GAMES_SVC_1_5,default,"cozy cat cafe management sim, but NOT a visual novel, NOT anime, avoid paid games","cozy cat cafe management sim, but NOT a visual novel, NOT anime, avoid paid games",[],,False,,,,no_reranker_balanced,0.75,10,100,0,225,225,,01c24ec8-0005-07a7-0001-397a0003eb06,,28,28,,4e-06,4e-06,,4e-06,,,,,[],[],[],[],[],[],,,True,[],[],,9,Whiskers on Time's Corner,0.7764147800000001,2024,English;Japanese;Simplified Chinese;Spanish - Spain;Traditional Chinese,Family Sharing;Single-player;Steam Achievements;Steam Cloud,Casual;Early Access;Indie,Action RPG;Action-Adventure;Atmospheric;Cartoon;Cartoony;Casual;Cats;Choices Matter;Cute;Dating Sim;Early Access;Emotional;Exploration;Funny;Indie;Multiple Endings;Relaxing;Singleplayer;Survival;Walking Simulator,"In a beautiful little town, you take on the role of a cat and experience life from its perspective. [Life as a Cat] You need to rummage through trash cans and recycling bins to find food. Remember the locations where food can be found and try your luck when hunger strikes. Always keep an eye on the weather—rain will quickly drain the cat's stamina, so make sure to find shelter under roofs to stay dry and maintain your energy. [Cat Stories] At the Rice Ball House, Mrs. Rice Ball occasionally give","{""text_match"": 0.0020935833, ""cosine_similarity"": 0.55282956}"
2026-02-10T00:08:59+00:00,CORTEX_DB.RAW.CAT_GAMES_SVC_1_5,default,"cozy cat cafe management sim, but NOT a visual novel, NOT anime, avoid paid games","cozy cat cafe management sim, but NOT a visual novel, NOT anime, avoid paid games",[],,False,,,,no_reranker_balanced,0.75,10,100,0,225,225,,01c24ec8-0005-07a7-0001-397a0003eb06,,28,28,,4e-06,4e-06,,4e-06,,,,,[],[],[],[],[],[],,,True,[],[],,10,A Street Cat's Tale,0.77343365,2019,English;Japanese;Korean;Traditional Chinese,Family Sharing;Full controller support;Single-player;Steam Achievements;Steam Cloud,Adventure;Indie;Simulation,Adventure;Cats;Cute;Indie;Isometric;Pixel Graphics;Simulation,"'Tale of a street cat' is a story of a baby kitten left alone at the town. it's an adventure game played at the cat's view. you will become a baby kitten to survive with 13days to become an adult cat. [Key Features] ■Hungry little Kitten -It’s inevitable that most cats living on the streets will starve. -Go around the town and get food so the kitten will not starve to death. ■Many NPCs -Many NPCs with their unique personalities. -Some people will get angry when you talk to them, and some people ","{""text_match"": 1.8017967e-07, ""cosine_similarity"": 0.5468673}"
2026-02-10T00:09:00+00:00,CORTEX_DB.RAW.CAT_GAMES_SVC_1_5,default,"cozy cat cafe management sim, but NOT a visual novel, NOT anime, avoid paid games","cozy cat cafe management sim, but NOT a visual novel, NOT anime, avoid paid games",[],,False,,,,low_latency,0.3,10,100,0,217,217,,01c24ec9-0005-07ef-0001-397a00041222,,28,28,,4e-06,4e-06,,4e-06,,,,,[],[],[],[],[],[],,,True,[],[],,1,Desktop Cat Cafe,0.8282407,2025,Arabic;Bulgarian;Czech;Danish;Dutch;English;Finnish;French;German;Greek;Hungarian;Indonesian;Italian;Japanese;Korean;Norwegian;Polish;Portuguese - Brazil;Portuguese - Portugal;Romanian;Russian;Simplified Chinese;Spanish - Latin America;Spanish - Spain;Swedish;Thai;Traditional Chinese;Turkish;Ukrainian;Vietnamese,Family Sharing;Single-player;Stats;Steam Achievements;Steam Cloud,Casual;Simulation,3D;Automation;Building;Casual;Cats;City Builder;Colorful;Cozy;Cute;Economy;Idler;Indie;Life Sim;Management;Nature;Relaxing;Sandbox;Simulation;Strategy;Stylized,"Desktop Cate Cafe is a cute, idle management game that lives at the bottom of your screen letting you work on other tasks while your cafe runs. Design your dream cafe, unlock delicious recipes, and automate your cafe with cute cat staff! Design Your Outdoor Cafe Build the perfect cafe with hundreds of customization options paired with an easy to use building system that lets your creativity shine. Unlock Delicious Recipes Progress by serving customers to unlock over 150 different recipes from co","{""text_match"": 0.07810198, ""cosine_similarity"": 0.6564814}"
2026-02-10T00:09:00+00:00,CORTEX_DB.RAW.CAT_GAMES_SVC_1_5,default,"cozy cat cafe management sim, but NOT a visual novel, NOT anime, avoid paid games","cozy cat cafe management sim, but NOT a visual novel, NOT anime, avoid paid games",[],,False,,,,low_latency,0.3,10,100,0,217,217,,01c24ec9-0005-07ef-0001-397a00041222,,28,28,,4e-06,4e-06,,4e-06,,,,,[],[],[],[],[],[],,,True,[],[],,2,Melo's cat cafe,0.80523245,2024,English;Japanese,Family Sharing;Single-player;Steam Achievements,Casual;Indie;Simulation,3D;Casual;Cute;Idler;Indie;Simulation;Singleplayer,"'Melo's Cat Cafe' is the perfect game for players who want to relax in a stress-free environment. Instead of chasing goals, players can simply enjoy spending time with the cats. Observe the cats as they eat and sleep, and find peace of mind in their calm presence. Main Features Spacious Mountain Home The game is set in a large house on top of a mountain with beautiful scenic views. 　　The view from the terrace is breathtaking. Free-Spirited Cats Free-spirited and independent cats make an appearan","{""text_match"": 0.0728874, ""cosine_similarity"": 0.6104649}"
2026-02-10T00:09:00+00:00,CORTEX_DB.RAW.CAT_GAMES_SVC_1_5,default,"cozy cat cafe management sim, but NOT a visual novel, NOT anime, avoid paid games","cozy cat cafe management sim, but NOT a visual novel, NOT anime, avoid paid games",[],,False,,,,low_latency,0.3,10,100,0,217,217,,01c24ec9-0005-07ef-0001-397a00041222,,28,28,,4e-06,4e-06,,4e-06,,,,,[],[],[],[],[],[],,,True,[],[],,3,My Fair Cat: Snow,0.79437805,2024,English;French;Japanese;Korean;Portuguese - Brazil;Russian;Simplified Chinese,Family Sharing;Single-player;Steam Achievements,Casual;Indie,Adventure;Anime;Cartoony;Casual;Cats;Choices Matter;Choose Your Own Adventure;Colorful;Cute;Dating Sim;Emotional;Female Protagonist;Immersive Sim;Interactive Fiction;Life Sim;Otome;Romance;Story Rich;Text-Based;Visual Novel,"Dive into a feel-good adventure of love, laughter, and cat companionship. Add My Fair Cat: Snow to your Steam wishlist and start spreading a little happiness today! Synopsis Recently moving to a new high school and not knowing anyone could have made for a dull routine, but everything changes when you save a stray cat. This single act of kindness sparks a chain of adventures that add a whole new layer of excitement in your daily life. As you're figuring out how to keep your new kitty content and ","{""text_match"": 0.027767744, ""cosine_similarity"": 0.5887561}"
2026-02-10T00:09:00+00:00,CORTEX_DB.RAW.CAT_GAMES_SVC_1_5,default,"cozy cat cafe management sim, but NOT a visual novel, NOT anime, avoid paid games","cozy cat cafe management sim, but NOT a visual novel, NOT anime, avoid paid games",[],,False,,,,low_latency,0.3,10,100,0,217,217,,01c24ec9-0005-07ef-0001-397a00041222,,28,28,,4e-06,4e-06,,4e-06,,,,,[],[],[],[],[],[],,,True,[],[],,4,Home Office Simulator,0.79086185,2023,English,Family Sharing;Single-player;Steam Achievements;Steam Cloud,Casual;Indie,Anime;Automation;Casual;Cats;Clicker;Colorful;Cute;Idler;Indie;Simulation;Singleplayer;Strategy,"Summary Help Ayame to work remotely, keeping her free of distractions and keeping her cat interested. Upgrade your home, move to new apartments, and take care of several cats. Upgrade your apartment objects so she can work without distractions or with less chance of getting interrupted by any distractions. Gameplay Move to seven unique apartments with different distractions and upgrades to be made. Upgrade and eliminate several distractions, including cats, computers, phone calls, and notificati","{""text_match"": 0.01088609, ""cosine_similarity"": 0.5817237}"
2026-02-10T00:09:00+00:00,CORTEX_DB.RAW.CAT_GAMES_SVC_1_5,default,"cozy cat cafe management sim, but NOT a visual novel, NOT anime, avoid paid games","cozy cat cafe management sim, but NOT a visual novel, NOT anime, avoid paid games",[],,False,,,,low_latency,0.3,10,100,0,217,217,,01c24ec9-0005-07ef-0001-397a00041222,,28,28,,4e-06,4e-06,,4e-06,,,,,[],[],[],[],[],[],,,True,[],[],,5,Catgirls From My Sweet Dream,0.78658122,2022,English;French;German;Italian;Japanese;Korean;Portuguese - Brazil;Portuguese - Portugal;Russian;Simplified Chinese;Spanish - Latin America;Spanish - Spain;Traditional Chinese;Ukrainian,Family Sharing;Single-player;Stats;Steam Achievements;Steam Cloud;Steam Leaderboards;Steam Trading Cards,Adventure;Casual;Indie,Anime;Casual;Cats;Colorful;Cute;Dating Sim;Fantasy;Funny;Hentai;Indie;Magic;Match 3;Mature;NSFW;Nudity;Puzzle;Relaxing;Sexual Content;Singleplayer;Visual Novel,"🌸Japanese treats and Catgirls 🌸 Catgirls From My Sweet Dream - a satirical visual novel with “Match 3” gameplay in the Magical Japanese Setting. 🌸Welcome to Nekoville – a small Japanese village located between the majestic and grandiose mountains. Local Catgirls are willing to treat you with traditional Japanese sweets, sushi and sashimi. You will meet cute Nekogirls and help them with their daily tasks, and in return they will help you out even more than you could expect. ♥ ♥FEATURES♥: Magical ","{""text_match"": 0.011742534, ""cosine_similarity"": 0.57316244}"
2026-02-10T00:09:00+00:00,CORTEX_DB.RAW.CAT_GAMES_SVC_1_5,default,"cozy cat cafe management sim, but NOT a visual novel, NOT anime, avoid paid games","cozy cat cafe management sim, but NOT a visual novel, NOT anime, avoid paid games",[],,False,,,,low_latency,0.3,10,100,0,217,217,,01c24ec9-0005-07ef-0001-397a00041222,,28,28,,4e-06,4e-06,,4e-06,,,,,[],[],[],[],[],[],,,True,[],[],,6,NEKOPARA Vol. 3,0.784976,2017,English;Japanese;Traditional Chinese,Family Sharing;Single-player;Steam Achievements;Steam Cloud;Steam Trading Cards,Casual;Indie,2D;Adventure;Anime;Atmospheric;Casual;Cats;Cute;Dating Sim;Funny;Great Soundtrack;Hentai;Indie;NSFW;Nudity;Replay Value;Romance;Sexual Content;Singleplayer;Story Rich;Visual Novel,"Patisserie 'La Soleil', run by Kashou Minaduki, is flourishing thanks to the help of two catgirls: Maple, full of pride and a little on the haughty side, and Cinnamon, an impulsive daydreamer. These two are especially close among the rest of the sisters. One day, Maple encounters something that shakes her belief in attaining her dream. Cinnamon, unwilling to see Maple suffer, wishes to help her in any way possible... but she can't figure out how. This story is a heartwarming cat comedy about the","{""text_match"": 0.0044024386, ""cosine_similarity"": 0.569952}"
2026-02-10T00:09:00+00:00,CORTEX_DB.RAW.CAT_GAMES_SVC_1_5,default,"cozy cat cafe management sim, but NOT a visual novel, NOT anime, avoid paid games","cozy cat cafe management sim, but NOT a visual novel, NOT anime, avoid paid games",[],,False,,,,low_latency,0.3,10,100,0,217,217,,01c24ec9-0005-07ef-0001-397a00041222,,28,28,,4e-06,4e-06,,4e-06,,,,,[],[],[],[],[],[],,,True,[],[],,7,Calico,0.77924305,2020,English;French;German;Italian;Japanese;Korean;Portuguese - Brazil;Simplified Chinese;Spanish - Latin America,Camera Comfort;Color Alternatives;Custom Volume Controls;Family Sharing;Full controller support;Playable without Timed Input;Save Anytime;Single-player;Steam Achievements;Steam Cloud,Casual;Indie;RPG;Simulation,3D;Anime;Building;Casual;Cats;Character Customization;Cute;Dog;Family Friendly;Female Protagonist;Horses;Indie;LGBTQ+;Life Sim;Magic;Open World;RPG;Relaxing;Simulation;Singleplayer,"Calico is a day-in-the-life community sim game where you are given an important and adorable task: rebuild the town’s cat café and fill it with cute and cuddly creatures! Build up your café by filling it with cute furniture, fun decorations, yummy pastries, and get it bustling with animals again! Calico is meant to make you feel all warm and fuzzy inside. The gameplay reflects that with a laid back, low stress creative environment to explore and play in. Character Creator The Calico character cr","{""text_match"": 0.023536198, ""cosine_similarity"": 0.5584861}"
2026-02-10T00:09:00+00:00,CORTEX_DB.RAW.CAT_GAMES_SVC_1_5,default,"cozy cat cafe management sim, but NOT a visual novel, NOT anime, avoid paid games","cozy cat cafe management sim, but NOT a visual novel, NOT anime, avoid paid games",[],,False,,,,low_latency,0.3,10,100,0,217,217,,01c24ec9-0005-07ef-0001-397a00041222,,28,28,,4e-06,4e-06,,4e-06,,,,,[],[],[],[],[],[],,,True,[],[],,8,Sweet Delights: The Girl’s Cafe Quest,0.78023675,2025,English;French;German;Japanese;Korean;Polish;Portuguese - Portugal;Russian;Spanish - Spain;Traditional Chinese;Turkish;Ukrainian,Family Sharing;Single-player;Steam Achievements,Casual;Indie,Anime;Casual;Cats;Dating Sim;FPS;Female Protagonist;Hentai;Idler;Indie;Mature;NSFW;Nudity;Puzzle;RPG;Sexual Content;Simulation;Singleplayer;Visual Novel,"✨✨✨✨✨✨✨✨✨✨✨✨✨✨✨✨✨✨✨✨✨✨✨✨✨✨✨✨✨✨✨✨ ✨✨✨✨✨✨✨✨✨✨✨✨✨✨✨✨✨✨✨✨✨✨✨✨✨✨✨✨✨✨✨✨ 'Sweet Delights: The Girl’s Cafe Quest' — an engaging hidden object game where your ultimate reward is spending time with stunning anime girls. 🌸✨ Explore vibrant locations, find hidden items, and unlock new scenes featuring charming heroines. 🕵️‍♂️💖 Our game features a scroll system, allowing you to zoom in on important moments for a more immersive experience! 🚀🎮","{""text_match"": 0.013789082, ""cosine_similarity"": 0.5604735}"
2026-02-10T00:09:00+00:00,CORTEX_DB.RAW.CAT_GAMES_SVC_1_5,default,"cozy cat cafe management sim, but NOT a visual novel, NOT anime, avoid paid games","cozy cat cafe management sim, but NOT a visual novel, NOT anime, avoid paid games",[],,False,,,,low_latency,0.3,10,100,0,217,217,,01c24ec9-0005-07ef-0001-397a00041222,,28,28,,4e-06,4e-06,,4e-06,,,,,[],[],[],[],[],[],,,True,[],[],,9,Whiskers on Time's Corner,0.7764147800000001,2024,English;Japanese;Simplified Chinese;Spanish - Spain;Traditional Chinese,Family Sharing;Single-player;Steam Achievements;Steam Cloud,Casual;Early Access;Indie,Action RPG;Action-Adventure;Atmospheric;Cartoon;Cartoony;Casual;Cats;Choices Matter;Cute;Dating Sim;Early Access;Emotional;Exploration;Funny;Indie;Multiple Endings;Relaxing;Singleplayer;Survival;Walking Simulator,"In a beautiful little town, you take on the role of a cat and experience life from its perspective. [Life as a Cat] You need to rummage through trash cans and recycling bins to find food. Remember the locations where food can be found and try your luck when hunger strikes. Always keep an eye on the weather—rain will quickly drain the cat's stamina, so make sure to find shelter under roofs to stay dry and maintain your energy. [Cat Stories] At the Rice Ball House, Mrs. Rice Ball occasionally give","{""text_match"": 0.0020935833, ""cosine_similarity"": 0.55282956}"
2026-02-10T00:09:00+00:00,CORTEX_DB.RAW.CAT_GAMES_SVC_1_5,default,"cozy cat cafe management sim, but NOT a visual novel, NOT anime, avoid paid games","cozy cat cafe management sim, but NOT a visual novel, NOT anime, avoid paid games",[],,False,,,,low_latency,0.3,10,100,0,217,217,,01c24ec9-0005-07ef-0001-397a00041222,,28,28,,4e-06,4e-06,,4e-06,,,,,[],[],[],[],[],[],,,True,[],[],,10,A Street Cat's Tale,0.77343365,2019,English;Japanese;Korean;Traditional Chinese,Family Sharing;Full controller support;Single-player;Steam Achievements;Steam Cloud,Adventure;Indie;Simulation,Adventure;Cats;Cute;Indie;Isometric;Pixel Graphics;Simulation,"'Tale of a street cat' is a story of a baby kitten left alone at the town. it's an adventure game played at the cat's view. you will become a baby kitten to survive with 13days to become an adult cat. [Key Features] ■Hungry little Kitten -It’s inevitable that most cats living on the streets will starve. -Go around the town and get food so the kitten will not starve to death. ■Many NPCs -Many NPCs with their unique personalities. -Some people will get angry when you talk to them, and some people ","{""text_match"": 1.8017967e-07, ""cosine_similarity"": 0.5468673}"
2026-02-10T00:09:01+00:00,CORTEX_DB.RAW.CAT_GAMES_SVC_1_5,default,"cozy cat cafe management sim, but NOT a visual novel, NOT anime, avoid paid games","cozy cat cafe management sim, but NOT a visual novel, NOT anime, avoid paid games",[],,False,,,,low_latency,0.65,10,100,0,240,240,,01c24ec9-0005-07ef-0001-397a00041226,,29,29,,4e-06,4e-06,,4e-06,,,,,[],[],[],[],[],[],,,True,[],[],,1,Desktop Cat Cafe,0.8282407,2025,Arabic;Bulgarian;Czech;Danish;Dutch;English;Finnish;French;German;Greek;Hungarian;Indonesian;Italian;Japanese;Korean;Norwegian;Polish;Portuguese - Brazil;Portuguese - Portugal;Romanian;Russian;Simplified Chinese;Spanish - Latin America;Spanish - Spain;Swedish;Thai;Traditional Chinese;Turkish;Ukrainian;Vietnamese,Family Sharing;Single-player;Stats;Steam Achievements;Steam Cloud,Casual;Simulation,3D;Automation;Building;Casual;Cats;City Builder;Colorful;Cozy;Cute;Economy;Idler;Indie;Life Sim;Management;Nature;Relaxing;Sandbox;Simulation;Strategy;Stylized,"Desktop Cate Cafe is a cute, idle management game that lives at the bottom of your screen letting you work on other tasks while your cafe runs. Design your dream cafe, unlock delicious recipes, and automate your cafe with cute cat staff! Design Your Outdoor Cafe Build the perfect cafe with hundreds of customization options paired with an easy to use building system that lets your creativity shine. Unlock Delicious Recipes Progress by serving customers to unlock over 150 different recipes from co","{""text_match"": 0.07810198, ""cosine_similarity"": 0.6564814}"
2026-02-10T00:09:01+00:00,CORTEX_DB.RAW.CAT_GAMES_SVC_1_5,default,"cozy cat cafe management sim, but NOT a visual novel, NOT anime, avoid paid games","cozy cat cafe management sim, but NOT a visual novel, NOT anime, avoid paid games",[],,False,,,,low_latency,0.65,10,100,0,240,240,,01c24ec9-0005-07ef-0001-397a00041226,,29,29,,4e-06,4e-06,,4e-06,,,,,[],[],[],[],[],[],,,True,[],[],,2,Melo's cat cafe,0.80523245,2024,English;Japanese,Family Sharing;Single-player;Steam Achievements,Casual;Indie;Simulation,3D;Casual;Cute;Idler;Indie;Simulation;Singleplayer,"'Melo's Cat Cafe' is the perfect game for players who want to relax in a stress-free environment. Instead of chasing goals, players can simply enjoy spending time with the cats. Observe the cats as they eat and sleep, and find peace of mind in their calm presence. Main Features Spacious Mountain Home The game is set in a large house on top of a mountain with beautiful scenic views. 　　The view from the terrace is breathtaking. Free-Spirited Cats Free-spirited and independent cats make an appearan","{""text_match"": 0.0728874, ""cosine_similarity"": 0.6104649}"
2026-02-10T00:09:01+00:00,CORTEX_DB.RAW.CAT_GAMES_SVC_1_5,default,"cozy cat cafe management sim, but NOT a visual novel, NOT anime, avoid paid games","cozy cat cafe management sim, but NOT a visual novel, NOT anime, avoid paid games",[],,False,,,,low_latency,0.65,10,100,0,240,240,,01c24ec9-0005-07ef-0001-397a00041226,,29,29,,4e-06,4e-06,,4e-06,,,,,[],[],[],[],[],[],,,True,[],[],,3,My Fair Cat: Snow,0.79437805,2024,English;French;Japanese;Korean;Portuguese - Brazil;Russian;Simplified Chinese,Family Sharing;Single-player;Steam Achievements,Casual;Indie,Adventure;Anime;Cartoony;Casual;Cats;Choices Matter;Choose Your Own Adventure;Colorful;Cute;Dating Sim;Emotional;Female Protagonist;Immersive Sim;Interactive Fiction;Life Sim;Otome;Romance;Story Rich;Text-Based;Visual Novel,"Dive into a feel-good adventure of love, laughter, and cat companionship. Add My Fair Cat: Snow to your Steam wishlist and start spreading a little happiness today! Synopsis Recently moving to a new high school and not knowing anyone could have made for a dull routine, but everything changes when you save a stray cat. This single act of kindness sparks a chain of adventures that add a whole new layer of excitement in your daily life. As you're figuring out how to keep your new kitty content and ","{""text_match"": 0.027767744, ""cosine_similarity"": 0.5887561}"
2026-02-10T00:09:01+00:00,CORTEX_DB.RAW.CAT_GAMES_SVC_1_5,default,"cozy cat cafe management sim, but NOT a visual novel, NOT anime, avoid paid games","cozy cat cafe management sim, but NOT a visual novel, NOT anime, avoid paid games",[],,False,,,,low_latency,0.65,10,100,0,240,240,,01c24ec9-0005-07ef-0001-397a00041226,,29,29,,4e-06,4e-06,,4e-06,,,,,[],[],[],[],[],[],,,True,[],[],,4,Home Office Simulator,0.79086185,2023,English,Family Sharing;Single-player;Steam Achievements;Steam Cloud,Casual;Indie,Anime;Automation;Casual;Cats;Clicker;Colorful;Cute;Idler;Indie;Simulation;Singleplayer;Strategy,"Summary Help Ayame to work remotely, keeping her free of distractions and keeping her cat interested. Upgrade your home, move to new apartments, and take care of several cats. Upgrade your apartment objects so she can work without distractions or with less chance of getting interrupted by any distractions. Gameplay Move to seven unique apartments with different distractions and upgrades to be made. Upgrade and eliminate several distractions, including cats, computers, phone calls, and notificati","{""text_match"": 0.01088609, ""cosine_similarity"": 0.5817237}"
2026-02-10T00:09:01+00:00,CORTEX_DB.RAW.CAT_GAMES_SVC_1_5,default,"cozy cat cafe management sim, but NOT a visual novel, NOT anime, avoid paid games","cozy cat cafe management sim, but NOT a visual novel, NOT anime, avoid paid games",[],,False,,,,low_latency,0.65,10,100,0,240,240,,01c24ec9-0005-07ef-0001-397a00041226,,29,29,,4e-06,4e-06,,4e-06,,,,,[],[],[],[],[],[],,,True,[],[],,5,Catgirls From My Sweet Dream,0.78658122,2022,English;French;German;Italian;Japanese;Korean;Portuguese - Brazil;Portuguese - Portugal;Russian;Simplified Chinese;Spanish - Latin America;Spanish - Spain;Traditional Chinese;Ukrainian,Family Sharing;Single-player;Stats;Steam Achievements;Steam Cloud;Steam Leaderboards;Steam Trading Cards,Adventure;Casual;Indie,Anime;Casual;Cats;Colorful;Cute;Dating Sim;Fantasy;Funny;Hentai;Indie;Magic;Match 3;Mature;NSFW;Nudity;Puzzle;Relaxing;Sexual Content;Singleplayer;Visual Novel,"🌸Japanese treats and Catgirls 🌸 Catgirls From My Sweet Dream - a satirical visual novel with “Match 3” gameplay in the Magical Japanese Setting. 🌸Welcome to Nekoville – a small Japanese village located between the majestic and grandiose mountains. Local Catgirls are willing to treat you with traditional Japanese sweets, sushi and sashimi. You will meet cute Nekogirls and help them with their daily tasks, and in return they will help you out even more than you could expect. ♥ ♥FEATURES♥: Magical ","{""text_match"": 0.011742534, ""cosine_similarity"": 0.57316244}"
2026-02-10T00:09:01+00:00,CORTEX_DB.RAW.CAT_GAMES_SVC_1_5,default,"cozy cat cafe management sim, but NOT a visual novel, NOT anime, avoid paid games","cozy cat cafe management sim, but NOT a visual novel, NOT anime, avoid paid games",[],,False,,,,low_latency,0.65,10,100,0,240,240,,01c24ec9-0005-07ef-0001-397a00041226,,29,29,,4e-06,4e-06,,4e-06,,,,,[],[],[],[],[],[],,,True,[],[],,6,NEKOPARA Vol. 3,0.784976,2017,English;Japanese;Traditional Chinese,Family Sharing;Single-player;Steam Achievements;Steam Cloud;Steam Trading Cards,Casual;Indie,2D;Adventure;Anime;Atmospheric;Casual;Cats;Cute;Dating Sim;Funny;Great Soundtrack;Hentai;Indie;NSFW;Nudity;Replay Value;Romance;Sexual Content;Singleplayer;Story Rich;Visual Novel,"Patisserie 'La Soleil', run by Kashou Minaduki, is flourishing thanks to the help of two catgirls: Maple, full of pride and a little on the haughty side, and Cinnamon, an impulsive daydreamer. These two are especially close among the rest of the sisters. One day, Maple encounters something that shakes her belief in attaining her dream. Cinnamon, unwilling to see Maple suffer, wishes to help her in any way possible... but she can't figure out how. This story is a heartwarming cat comedy about the","{""text_match"": 0.0044024386, ""cosine_similarity"": 0.569952}"
2026-02-10T00:09:01+00:00,CORTEX_DB.RAW.CAT_GAMES_SVC_1_5,default,"cozy cat cafe management sim, but NOT a visual novel, NOT anime, avoid paid games","cozy cat cafe management sim, but NOT a visual novel, NOT anime, avoid paid games",[],,False,,,,low_latency,0.65,10,100,0,240,240,,01c24ec9-0005-07ef-0001-397a00041226,,29,29,,4e-06,4e-06,,4e-06,,,,,[],[],[],[],[],[],,,True,[],[],,7,Calico,0.77924305,2020,English;French;German;Italian;Japanese;Korean;Portuguese - Brazil;Simplified Chinese;Spanish - Latin America,Camera Comfort;Color Alternatives;Custom Volume Controls;Family Sharing;Full controller support;Playable without Timed Input;Save Anytime;Single-player;Steam Achievements;Steam Cloud,Casual;Indie;RPG;Simulation,3D;Anime;Building;Casual;Cats;Character Customization;Cute;Dog;Family Friendly;Female Protagonist;Horses;Indie;LGBTQ+;Life Sim;Magic;Open World;RPG;Relaxing;Simulation;Singleplayer,"Calico is a day-in-the-life community sim game where you are given an important and adorable task: rebuild the town’s cat café and fill it with cute and cuddly creatures! Build up your café by filling it with cute furniture, fun decorations, yummy pastries, and get it bustling with animals again! Calico is meant to make you feel all warm and fuzzy inside. The gameplay reflects that with a laid back, low stress creative environment to explore and play in. Character Creator The Calico character cr","{""text_match"": 0.023536198, ""cosine_similarity"": 0.5584861}"
2026-02-10T00:09:01+00:00,CORTEX_DB.RAW.CAT_GAMES_SVC_1_5,default,"cozy cat cafe management sim, but NOT a visual novel, NOT anime, avoid paid games","cozy cat cafe management sim, but NOT a visual novel, NOT anime, avoid paid games",[],,False,,,,low_latency,0.65,10,100,0,240,240,,01c24ec9-0005-07ef-0001-397a00041226,,29,29,,4e-06,4e-06,,4e-06,,,,,[],[],[],[],[],[],,,True,[],[],,8,Sweet Delights: The Girl’s Cafe Quest,0.78023675,2025,English;French;German;Japanese;Korean;Polish;Portuguese - Portugal;Russian;Spanish - Spain;Traditional Chinese;Turkish;Ukrainian,Family Sharing;Single-player;Steam Achievements,Casual;Indie,Anime;Casual;Cats;Dating Sim;FPS;Female Protagonist;Hentai;Idler;Indie;Mature;NSFW;Nudity;Puzzle;RPG;Sexual Content;Simulation;Singleplayer;Visual Novel,"✨✨✨✨✨✨✨✨✨✨✨✨✨✨✨✨✨✨✨✨✨✨✨✨✨✨✨✨✨✨✨✨ ✨✨✨✨✨✨✨✨✨✨✨✨✨✨✨✨✨✨✨✨✨✨✨✨✨✨✨✨✨✨✨✨ 'Sweet Delights: The Girl’s Cafe Quest' — an engaging hidden object game where your ultimate reward is spending time with stunning anime girls. 🌸✨ Explore vibrant locations, find hidden items, and unlock new scenes featuring charming heroines. 🕵️‍♂️💖 Our game features a scroll system, allowing you to zoom in on important moments for a more immersive experience! 🚀🎮","{""text_match"": 0.013789082, ""cosine_similarity"": 0.5604735}"
2026-02-10T00:09:01+00:00,CORTEX_DB.RAW.CAT_GAMES_SVC_1_5,default,"cozy cat cafe management sim, but NOT a visual novel, NOT anime, avoid paid games","cozy cat cafe management sim, but NOT a visual novel, NOT anime, avoid paid games",[],,False,,,,low_latency,0.65,10,100,0,240,240,,01c24ec9-0005-07ef-0001-397a00041226,,29,29,,4e-06,4e-06,,4e-06,,,,,[],[],[],[],[],[],,,True,[],[],,9,Whiskers on Time's Corner,0.7764147800000001,2024,English;Japanese;Simplified Chinese;Spanish - Spain;Traditional Chinese,Family Sharing;Single-player;Steam Achievements;Steam Cloud,Casual;Early Access;Indie,Action RPG;Action-Adventure;Atmospheric;Cartoon;Cartoony;Casual;Cats;Choices Matter;Cute;Dating Sim;Early Access;Emotional;Exploration;Funny;Indie;Multiple Endings;Relaxing;Singleplayer;Survival;Walking Simulator,"In a beautiful little town, you take on the role of a cat and experience life from its perspective. [Life as a Cat] You need to rummage through trash cans and recycling bins to find food. Remember the locations where food can be found and try your luck when hunger strikes. Always keep an eye on the weather—rain will quickly drain the cat's stamina, so make sure to find shelter under roofs to stay dry and maintain your energy. [Cat Stories] At the Rice Ball House, Mrs. Rice Ball occasionally give","{""text_match"": 0.0020935833, ""cosine_similarity"": 0.55282956}"
2026-02-10T00:09:01+00:00,CORTEX_DB.RAW.CAT_GAMES_SVC_1_5,default,"cozy cat cafe management sim, but NOT a visual novel, NOT anime, avoid paid games","cozy cat cafe management sim, but NOT a visual novel, NOT anime, avoid paid games",[],,False,,,,low_latency,0.65,10,100,0,240,240,,01c24ec9-0005-07ef-0001-397a00041226,,29,29,,4e-06,4e-06,,4e-06,,,,,[],[],[],[],[],[],,,True,[],[],,10,A Street Cat's Tale,0.77343365,2019,English;Japanese;Korean;Traditional Chinese,Family Sharing;Full controller support;Single-player;Steam Achievements;Steam Cloud,Adventure;Indie;Simulation,Adventure;Cats;Cute;Indie;Isometric;Pixel Graphics;Simulation,"'Tale of a street cat' is a story of a baby kitten left alone at the town. it's an adventure game played at the cat's view. you will become a baby kitten to survive with 13days to become an adult cat. [Key Features] ■Hungry little Kitten -It’s inevitable that most cats living on the streets will starve. -Go around the town and get food so the kitten will not starve to death. ■Many NPCs -Many NPCs with their unique personalities. -Some people will get angry when you talk to them, and some people ","{""text_match"": 1.8017967e-07, ""cosine_similarity"": 0.5468673}"
2026-02-10T00:09:02+00:00,CORTEX_DB.RAW.CAT_GAMES_SVC_1_5,default,"cozy cat cafe management sim, but NOT a visual novel, NOT anime, avoid paid games","cozy cat cafe management sim, but NOT a visual novel, NOT anime, avoid paid games",[],,False,,,,low_latency,0.75,10,100,0,273,273,,01c24ec9-0005-07c5-0001-397a000406f2,,51,51,,8e-06,8e-06,,8e-06,,,,,[],[],[],[],[],[],,,True,[],[],,1,Desktop Cat Cafe,0.8282407,2025,Arabic;Bulgarian;Czech;Danish;Dutch;English;Finnish;French;German;Greek;Hungarian;Indonesian;Italian;Japanese;Korean;Norwegian;Polish;Portuguese - Brazil;Portuguese - Portugal;Romanian;Russian;Simplified Chinese;Spanish - Latin America;Spanish - Spain;Swedish;Thai;Traditional Chinese;Turkish;Ukrainian;Vietnamese,Family Sharing;Single-player;Stats;Steam Achievements;Steam Cloud,Casual;Simulation,3D;Automation;Building;Casual;Cats;City Builder;Colorful;Cozy;Cute;Economy;Idler;Indie;Life Sim;Management;Nature;Relaxing;Sandbox;Simulation;Strategy;Stylized,"Desktop Cate Cafe is a cute, idle management game that lives at the bottom of your screen letting you work on other tasks while your cafe runs. Design your dream cafe, unlock delicious recipes, and automate your cafe with cute cat staff! Design Your Outdoor Cafe Build the perfect cafe with hundreds of customization options paired with an easy to use building system that lets your creativity shine. Unlock Delicious Recipes Progress by serving customers to unlock over 150 different recipes from co","{""text_match"": 0.07810198, ""cosine_similarity"": 0.6564814}"
2026-02-10T00:09:02+00:00,CORTEX_DB.RAW.CAT_GAMES_SVC_1_5,default,"cozy cat cafe management sim, but NOT a visual novel, NOT anime, avoid paid games","cozy cat cafe management sim, but NOT a visual novel, NOT anime, avoid paid games",[],,False,,,,low_latency,0.75,10,100,0,273,273,,01c24ec9-0005-07c5-0001-397a000406f2,,51,51,,8e-06,8e-06,,8e-06,,,,,[],[],[],[],[],[],,,True,[],[],,2,Melo's cat cafe,0.80523245,2024,English;Japanese,Family Sharing;Single-player;Steam Achievements,Casual;Indie;Simulation,3D;Casual;Cute;Idler;Indie;Simulation;Singleplayer,"'Melo's Cat Cafe' is the perfect game for players who want to relax in a stress-free environment. Instead of chasing goals, players can simply enjoy spending time with the cats. Observe the cats as they eat and sleep, and find peace of mind in their calm presence. Main Features Spacious Mountain Home The game is set in a large house on top of a mountain with beautiful scenic views. 　　The view from the terrace is breathtaking. Free-Spirited Cats Free-spirited and independent cats make an appearan","{""text_match"": 0.0728874, ""cosine_similarity"": 0.6104649}"
2026-02-10T00:09:02+00:00,CORTEX_DB.RAW.CAT_GAMES_SVC_1_5,default,"cozy cat cafe management sim, but NOT a visual novel, NOT anime, avoid paid games","cozy cat cafe management sim, but NOT a visual novel, NOT anime, avoid paid games",[],,False,,,,low_latency,0.75,10,100,0,273,273,,01c24ec9-0005-07c5-0001-397a000406f2,,51,51,,8e-06,8e-06,,8e-06,,,,,[],[],[],[],[],[],,,True,[],[],,3,My Fair Cat: Snow,0.79437805,2024,English;French;Japanese;Korean;Portuguese - Brazil;Russian;Simplified Chinese,Family Sharing;Single-player;Steam Achievements,Casual;Indie,Adventure;Anime;Cartoony;Casual;Cats;Choices Matter;Choose Your Own Adventure;Colorful;Cute;Dating Sim;Emotional;Female Protagonist;Immersive Sim;Interactive Fiction;Life Sim;Otome;Romance;Story Rich;Text-Based;Visual Novel,"Dive into a feel-good adventure of love, laughter, and cat companionship. Add My Fair Cat: Snow to your Steam wishlist and start spreading a little happiness today! Synopsis Recently moving to a new high school and not knowing anyone could have made for a dull routine, but everything changes when you save a stray cat. This single act of kindness sparks a chain of adventures that add a whole new layer of excitement in your daily life. As you're figuring out how to keep your new kitty content and ","{""text_match"": 0.027767744, ""cosine_similarity"": 0.5887561}"
2026-02-10T00:09:02+00:00,CORTEX_DB.RAW.CAT_GAMES_SVC_1_5,default,"cozy cat cafe management sim, but NOT a visual novel, NOT anime, avoid paid games","cozy cat cafe management sim, but NOT a visual novel, NOT anime, avoid paid games",[],,False,,,,low_latency,0.75,10,100,0,273,273,,01c24ec9-0005-07c5-0001-397a000406f2,,51,51,,8e-06,8e-06,,8e-06,,,,,[],[],[],[],[],[],,,True,[],[],,4,Home Office Simulator,0.79086185,2023,English,Family Sharing;Single-player;Steam Achievements;Steam Cloud,Casual;Indie,Anime;Automation;Casual;Cats;Clicker;Colorful;Cute;Idler;Indie;Simulation;Singleplayer;Strategy,"Summary Help Ayame to work remotely, keeping her free of distractions and keeping her cat interested. Upgrade your home, move to new apartments, and take care of several cats. Upgrade your apartment objects so she can work without distractions or with less chance of getting interrupted by any distractions. Gameplay Move to seven unique apartments with different distractions and upgrades to be made. Upgrade and eliminate several distractions, including cats, computers, phone calls, and notificati","{""text_match"": 0.01088609, ""cosine_similarity"": 0.5817237}"
2026-02-10T00:09:02+00:00,CORTEX_DB.RAW.CAT_GAMES_SVC_1_5,default,"cozy cat cafe management sim, but NOT a visual novel, NOT anime, avoid paid games","cozy cat cafe management sim, but NOT a visual novel, NOT anime, avoid paid games",[],,False,,,,low_latency,0.75,10,100,0,273,273,,01c24ec9-0005-07c5-0001-397a000406f2,,51,51,,8e-06,8e-06,,8e-06,,,,,[],[],[],[],[],[],,,True,[],[],,5,Catgirls From My Sweet Dream,0.78658122,2022,English;French;German;Italian;Japanese;Korean;Portuguese - Brazil;Portuguese - Portugal;Russian;Simplified Chinese;Spanish - Latin America;Spanish - Spain;Traditional Chinese;Ukrainian,Family Sharing;Single-player;Stats;Steam Achievements;Steam Cloud;Steam Leaderboards;Steam Trading Cards,Adventure;Casual;Indie,Anime;Casual;Cats;Colorful;Cute;Dating Sim;Fantasy;Funny;Hentai;Indie;Magic;Match 3;Mature;NSFW;Nudity;Puzzle;Relaxing;Sexual Content;Singleplayer;Visual Novel,"🌸Japanese treats and Catgirls 🌸 Catgirls From My Sweet Dream - a satirical visual novel with “Match 3” gameplay in the Magical Japanese Setting. 🌸Welcome to Nekoville – a small Japanese village located between the majestic and grandiose mountains. Local Catgirls are willing to treat you with traditional Japanese sweets, sushi and sashimi. You will meet cute Nekogirls and help them with their daily tasks, and in return they will help you out even more than you could expect. ♥ ♥FEATURES♥: Magical ","{""text_match"": 0.011742534, ""cosine_similarity"": 0.57316244}"
2026-02-10T00:09:02+00:00,CORTEX_DB.RAW.CAT_GAMES_SVC_1_5,default,"cozy cat cafe management sim, but NOT a visual novel, NOT anime, avoid paid games","cozy cat cafe management sim, but NOT a visual novel, NOT anime, avoid paid games",[],,False,,,,low_latency,0.75,10,100,0,273,273,,01c24ec9-0005-07c5-0001-397a000406f2,,51,51,,8e-06,8e-06,,8e-06,,,,,[],[],[],[],[],[],,,True,[],[],,6,NEKOPARA Vol. 3,0.784976,2017,English;Japanese;Traditional Chinese,Family Sharing;Single-player;Steam Achievements;Steam Cloud;Steam Trading Cards,Casual;Indie,2D;Adventure;Anime;Atmospheric;Casual;Cats;Cute;Dating Sim;Funny;Great Soundtrack;Hentai;Indie;NSFW;Nudity;Replay Value;Romance;Sexual Content;Singleplayer;Story Rich;Visual Novel,"Patisserie 'La Soleil', run by Kashou Minaduki, is flourishing thanks to the help of two catgirls: Maple, full of pride and a little on the haughty side, and Cinnamon, an impulsive daydreamer. These two are especially close among the rest of the sisters. One day, Maple encounters something that shakes her belief in attaining her dream. Cinnamon, unwilling to see Maple suffer, wishes to help her in any way possible... but she can't figure out how. This story is a heartwarming cat comedy about the","{""text_match"": 0.0044024386, ""cosine_similarity"": 0.569952}"
2026-02-10T00:09:02+00:00,CORTEX_DB.RAW.CAT_GAMES_SVC_1_5,default,"cozy cat cafe management sim, but NOT a visual novel, NOT anime, avoid paid games","cozy cat cafe management sim, but NOT a visual novel, NOT anime, avoid paid games",[],,False,,,,low_latency,0.75,10,100,0,273,273,,01c24ec9-0005-07c5-0001-397a000406f2,,51,51,,8e-06,8e-06,,8e-06,,,,,[],[],[],[],[],[],,,True,[],[],,7,Calico,0.77924305,2020,English;French;German;Italian;Japanese;Korean;Portuguese - Brazil;Simplified Chinese;Spanish - Latin America,Camera Comfort;Color Alternatives;Custom Volume Controls;Family Sharing;Full controller support;Playable without Timed Input;Save Anytime;Single-player;Steam Achievements;Steam Cloud,Casual;Indie;RPG;Simulation,3D;Anime;Building;Casual;Cats;Character Customization;Cute;Dog;Family Friendly;Female Protagonist;Horses;Indie;LGBTQ+;Life Sim;Magic;Open World;RPG;Relaxing;Simulation;Singleplayer,"Calico is a day-in-the-life community sim game where you are given an important and adorable task: rebuild the town’s cat café and fill it with cute and cuddly creatures! Build up your café by filling it with cute furniture, fun decorations, yummy pastries, and get it bustling with animals again! Calico is meant to make you feel all warm and fuzzy inside. The gameplay reflects that with a laid back, low stress creative environment to explore and play in. Character Creator The Calico character cr","{""text_match"": 0.023536198, ""cosine_similarity"": 0.5584861}"
2026-02-10T00:09:02+00:00,CORTEX_DB.RAW.CAT_GAMES_SVC_1_5,default,"cozy cat cafe management sim, but NOT a visual novel, NOT anime, avoid paid games","cozy cat cafe management sim, but NOT a visual novel, NOT anime, avoid paid games",[],,False,,,,low_latency,0.75,10,100,0,273,273,,01c24ec9-0005-07c5-0001-397a000406f2,,51,51,,8e-06,8e-06,,8e-06,,,,,[],[],[],[],[],[],,,True,[],[],,8,Sweet Delights: The Girl’s Cafe Quest,0.78023675,2025,English;French;German;Japanese;Korean;Polish;Portuguese - Portugal;Russian;Spanish - Spain;Traditional Chinese;Turkish;Ukrainian,Family Sharing;Single-player;Steam Achievements,Casual;Indie,Anime;Casual;Cats;Dating Sim;FPS;Female Protagonist;Hentai;Idler;Indie;Mature;NSFW;Nudity;Puzzle;RPG;Sexual Content;Simulation;Singleplayer;Visual Novel,"✨✨✨✨✨✨✨✨✨✨✨✨✨✨✨✨✨✨✨✨✨✨✨✨✨✨✨✨✨✨✨✨ ✨✨✨✨✨✨✨✨✨✨✨✨✨✨✨✨✨✨✨✨✨✨✨✨✨✨✨✨✨✨✨✨ 'Sweet Delights: The Girl’s Cafe Quest' — an engaging hidden object game where your ultimate reward is spending time with stunning anime girls. 🌸✨ Explore vibrant locations, find hidden items, and unlock new scenes featuring charming heroines. 🕵️‍♂️💖 Our game features a scroll system, allowing you to zoom in on important moments for a more immersive experience! 🚀🎮","{""text_match"": 0.013789082, ""cosine_similarity"": 0.5604735}"
2026-02-10T00:09:02+00:00,CORTEX_DB.RAW.CAT_GAMES_SVC_1_5,default,"cozy cat cafe management sim, but NOT a visual novel, NOT anime, avoid paid games","cozy cat cafe management sim, but NOT a visual novel, NOT anime, avoid paid games",[],,False,,,,low_latency,0.75,10,100,0,273,273,,01c24ec9-0005-07c5-0001-397a000406f2,,51,51,,8e-06,8e-06,,8e-06,,,,,[],[],[],[],[],[],,,True,[],[],,9,Whiskers on Time's Corner,0.7764147800000001,2024,English;Japanese;Simplified Chinese;Spanish - Spain;Traditional Chinese,Family Sharing;Single-player;Steam Achievements;Steam Cloud,Casual;Early Access;Indie,Action RPG;Action-Adventure;Atmospheric;Cartoon;Cartoony;Casual;Cats;Choices Matter;Cute;Dating Sim;Early Access;Emotional;Exploration;Funny;Indie;Multiple Endings;Relaxing;Singleplayer;Survival;Walking Simulator,"In a beautiful little town, you take on the role of a cat and experience life from its perspective. [Life as a Cat] You need to rummage through trash cans and recycling bins to find food. Remember the locations where food can be found and try your luck when hunger strikes. Always keep an eye on the weather—rain will quickly drain the cat's stamina, so make sure to find shelter under roofs to stay dry and maintain your energy. [Cat Stories] At the Rice Ball House, Mrs. Rice Ball occasionally give","{""text_match"": 0.0020935833, ""cosine_similarity"": 0.55282956}"
2026-02-10T00:09:02+00:00,CORTEX_DB.RAW.CAT_GAMES_SVC_1_5,default,"cozy cat cafe management sim, but NOT a visual novel, NOT anime, avoid paid games","cozy cat cafe management sim, but NOT a visual novel, NOT anime, avoid paid games",[],,False,,,,low_latency,0.75,10,100,0,273,273,,01c24ec9-0005-07c5-0001-397a000406f2,,51,51,,8e-06,8e-06,,8e-06,,,,,[],[],[],[],[],[],,,True,[],[],,10,A Street Cat's Tale,0.77343365,2019,English;Japanese;Korean;Traditional Chinese,Family Sharing;Full controller support;Single-player;Steam Achievements;Steam Cloud,Adventure;Indie;Simulation,Adventure;Cats;Cute;Indie;Isometric;Pixel Graphics;Simulation,"'Tale of a street cat' is a story of a baby kitten left alone at the town. it's an adventure game played at the cat's view. you will become a baby kitten to survive with 13days to become an adult cat. [Key Features] ■Hungry little Kitten -It’s inevitable that most cats living on the streets will starve. -Go around the town and get food so the kitten will not starve to death. ■Many NPCs -Many NPCs with their unique personalities. -Some people will get angry when you talk to them, and some people ","{""text_match"": 1.8017967e-07, ""cosine_similarity"": 0.5468673}"
2026-02-10T00:09:04+00:00,CORTEX_DB.RAW.CAT_GAMES_SVC_1_5,default,"cozy cat cafe management sim, but NOT a visual novel, NOT anime, avoid paid games","cozy cat cafe management sim, but NOT a visual novel, NOT anime, avoid paid games",[],,False,,,,reranker_heavy,0.3,10,100,0,486,486,,01c24ec9-0005-07a7-0001-397a0003eb1a,,30,30,,4e-06,4e-06,,4e-06,,,,,[],[],[],[],[],[],,,True,[],[],,1,Desktop Cat Cafe,0.8282407,2025,Arabic;Bulgarian;Czech;Danish;Dutch;English;Finnish;French;German;Greek;Hungarian;Indonesian;Italian;Japanese;Korean;Norwegian;Polish;Portuguese - Brazil;Portuguese - Portugal;Romanian;Russian;Simplified Chinese;Spanish - Latin America;Spanish - Spain;Swedish;Thai;Traditional Chinese;Turkish;Ukrainian;Vietnamese,Family Sharing;Single-player;Stats;Steam Achievements;Steam Cloud,Casual;Simulation,3D;Automation;Building;Casual;Cats;City Builder;Colorful;Cozy;Cute;Economy;Idler;Indie;Life Sim;Management;Nature;Relaxing;Sandbox;Simulation;Strategy;Stylized,"Desktop Cate Cafe is a cute, idle management game that lives at the bottom of your screen letting you work on other tasks while your cafe runs. Design your dream cafe, unlock delicious recipes, and automate your cafe with cute cat staff! Design Your Outdoor Cafe Build the perfect cafe with hundreds of customization options paired with an easy to use building system that lets your creativity shine. Unlock Delicious Recipes Progress by serving customers to unlock over 150 different recipes from co","{""text_match"": 0.07810198, ""cosine_similarity"": 0.6564814, ""reranker_score"": -2.2023993}"
2026-02-10T00:09:04+00:00,CORTEX_DB.RAW.CAT_GAMES_SVC_1_5,default,"cozy cat cafe management sim, but NOT a visual novel, NOT anime, avoid paid games","cozy cat cafe management sim, but NOT a visual novel, NOT anime, avoid paid games",[],,False,,,,reranker_heavy,0.3,10,100,0,486,486,,01c24ec9-0005-07a7-0001-397a0003eb1a,,30,30,,4e-06,4e-06,,4e-06,,,,,[],[],[],[],[],[],,,True,[],[],,2,Melo's cat cafe,0.80523245,2024,English;Japanese,Family Sharing;Single-player;Steam Achievements,Casual;Indie;Simulation,3D;Casual;Cute;Idler;Indie;Simulation;Singleplayer,"'Melo's Cat Cafe' is the perfect game for players who want to relax in a stress-free environment. Instead of chasing goals, players can simply enjoy spending time with the cats. Observe the cats as they eat and sleep, and find peace of mind in their calm presence. Main Features Spacious Mountain Home The game is set in a large house on top of a mountain with beautiful scenic views. 　　The view from the terrace is breathtaking. Free-Spirited Cats Free-spirited and independent cats make an appearan","{""text_match"": 0.0728874, ""cosine_similarity"": 0.6104649, ""reranker_score"": -5.763082}"
2026-02-10T00:09:04+00:00,CORTEX_DB.RAW.CAT_GAMES_SVC_1_5,default,"cozy cat cafe management sim, but NOT a visual novel, NOT anime, avoid paid games","cozy cat cafe management sim, but NOT a visual novel, NOT anime, avoid paid games",[],,False,,,,reranker_heavy,0.3,10,100,0,486,486,,01c24ec9-0005-07a7-0001-397a0003eb1a,,30,30,,4e-06,4e-06,,4e-06,,,,,[],[],[],[],[],[],,,True,[],[],,3,Calico,0.77924305,2020,English;French;German;Italian;Japanese;Korean;Portuguese - Brazil;Simplified Chinese;Spanish - Latin America,Camera Comfort;Color Alternatives;Custom Volume Controls;Family Sharing;Full controller support;Playable without Timed Input;Save Anytime;Single-player;Steam Achievements;Steam Cloud,Casual;Indie;RPG;Simulation,3D;Anime;Building;Casual;Cats;Character Customization;Cute;Dog;Family Friendly;Female Protagonist;Horses;Indie;LGBTQ+;Life Sim;Magic;Open World;RPG;Relaxing;Simulation;Singleplayer,"Calico is a day-in-the-life community sim game where you are given an important and adorable task: rebuild the town’s cat café and fill it with cute and cuddly creatures! Build up your café by filling it with cute furniture, fun decorations, yummy pastries, and get it bustling with animals again! Calico is meant to make you feel all warm and fuzzy inside. The gameplay reflects that with a laid back, low stress creative environment to explore and play in. Character Creator The Calico character cr","{""text_match"": 0.023536198, ""cosine_similarity"": 0.5584861, ""reranker_score"": -4.316521}"
2026-02-10T00:09:04+00:00,CORTEX_DB.RAW.CAT_GAMES_SVC_1_5,default,"cozy cat cafe management sim, but NOT a visual novel, NOT anime, avoid paid games","cozy cat cafe management sim, but NOT a visual novel, NOT anime, avoid paid games",[],,False,,,,reranker_heavy,0.3,10,100,0,486,486,,01c24ec9-0005-07a7-0001-397a0003eb1a,,30,30,,4e-06,4e-06,,4e-06,,,,,[],[],[],[],[],[],,,True,[],[],,4,My Fair Cat: Snow,0.79437805,2024,English;French;Japanese;Korean;Portuguese - Brazil;Russian;Simplified Chinese,Family Sharing;Single-player;Steam Achievements,Casual;Indie,Adventure;Anime;Cartoony;Casual;Cats;Choices Matter;Choose Your Own Adventure;Colorful;Cute;Dating Sim;Emotional;Female Protagonist;Immersive Sim;Interactive Fiction;Life Sim;Otome;Romance;Story Rich;Text-Based;Visual Novel,"Dive into a feel-good adventure of love, laughter, and cat companionship. Add My Fair Cat: Snow to your Steam wishlist and start spreading a little happiness today! Synopsis Recently moving to a new high school and not knowing anyone could have made for a dull routine, but everything changes when you save a stray cat. This single act of kindness sparks a chain of adventures that add a whole new layer of excitement in your daily life. As you're figuring out how to keep your new kitty content and ","{""text_match"": 0.027767744, ""cosine_similarity"": 0.5887561, ""reranker_score"": -7.3493514}"
2026-02-10T00:09:04+00:00,CORTEX_DB.RAW.CAT_GAMES_SVC_1_5,default,"cozy cat cafe management sim, but NOT a visual novel, NOT anime, avoid paid games","cozy cat cafe management sim, but NOT a visual novel, NOT anime, avoid paid games",[],,False,,,,reranker_heavy,0.3,10,100,0,486,486,,01c24ec9-0005-07a7-0001-397a0003eb1a,,30,30,,4e-06,4e-06,,4e-06,,,,,[],[],[],[],[],[],,,True,[],[],,5,Home Office Simulator,0.79086185,2023,English,Family Sharing;Single-player;Steam Achievements;Steam Cloud,Casual;Indie,Anime;Automation;Casual;Cats;Clicker;Colorful;Cute;Idler;Indie;Simulation;Singleplayer;Strategy,"Summary Help Ayame to work remotely, keeping her free of distractions and keeping her cat interested. Upgrade your home, move to new apartments, and take care of several cats. Upgrade your apartment objects so she can work without distractions or with less chance of getting interrupted by any distractions. Gameplay Move to seven unique apartments with different distractions and upgrades to be made. Upgrade and eliminate several distractions, including cats, computers, phone calls, and notificati","{""text_match"": 0.01088609, ""cosine_similarity"": 0.5817237, ""reranker_score"": -8.25431}"
2026-02-10T00:09:04+00:00,CORTEX_DB.RAW.CAT_GAMES_SVC_1_5,default,"cozy cat cafe management sim, but NOT a visual novel, NOT anime, avoid paid games","cozy cat cafe management sim, but NOT a visual novel, NOT anime, avoid paid games",[],,False,,,,reranker_heavy,0.3,10,100,0,486,486,,01c24ec9-0005-07a7-0001-397a0003eb1a,,30,30,,4e-06,4e-06,,4e-06,,,,,[],[],[],[],[],[],,,True,[],[],,6,NEKOPARA Vol. 3,0.784976,2017,English;Japanese;Traditional Chinese,Family Sharing;Single-player;Steam Achievements;Steam Cloud;Steam Trading Cards,Casual;Indie,2D;Adventure;Anime;Atmospheric;Casual;Cats;Cute;Dating Sim;Funny;Great Soundtrack;Hentai;Indie;NSFW;Nudity;Replay Value;Romance;Sexual Content;Singleplayer;Story Rich;Visual Novel,"Patisserie 'La Soleil', run by Kashou Minaduki, is flourishing thanks to the help of two catgirls: Maple, full of pride and a little on the haughty side, and Cinnamon, an impulsive daydreamer. These two are especially close among the rest of the sisters. One day, Maple encounters something that shakes her belief in attaining her dream. Cinnamon, unwilling to see Maple suffer, wishes to help her in any way possible... but she can't figure out how. This story is a heartwarming cat comedy about the","{""text_match"": 0.0044024386, ""cosine_similarity"": 0.569952, ""reranker_score"": -7.911607}"
2026-02-10T00:09:04+00:00,CORTEX_DB.RAW.CAT_GAMES_SVC_1_5,default,"cozy cat cafe management sim, but NOT a visual novel, NOT anime, avoid paid games","cozy cat cafe management sim, but NOT a visual novel, NOT anime, avoid paid games",[],,False,,,,reranker_heavy,0.3,10,100,0,486,486,,01c24ec9-0005-07a7-0001-397a0003eb1a,,30,30,,4e-06,4e-06,,4e-06,,,,,[],[],[],[],[],[],,,True,[],[],,7,Boba Simulator : Idle Shop Management,0.7638023,2022,Arabic;Bulgarian;Czech;Danish;Dutch;English;Finnish;French;German;Greek;Hungarian;Italian;Japanese;Korean;Norwegian;Polish;Portuguese - Brazil;Portuguese - Portugal;Romanian;Russian;Simplified Chinese;Spanish - Latin America;Spanish - Spain;Swedish;Thai;Traditional Chinese;Turkish;Ukrainian;Vietnamese,Camera Comfort;Custom Volume Controls;Family Sharing;Mouse Only Option;Playable without Timed Input;Single-player;Steam Achievements;Steam Leaderboards,Casual;Early Access;Indie;Simulation;Strategy,Automation;Cartoony;Casual;Cats;Clicker;Colorful;Cozy;Cute;Early Access;Family Friendly;Funny;Idler;Isometric;Management;Point & Click;Relaxing;Shop Keeper;Simulation;Singleplayer;Strategy,"Create mouthwatering recipes for ultimate customer satisfaction Experiment and refine your recipes through fun trial and error. Customers' preferences can change at any moment, so stay adaptable! Upgrade your shop and unlock new possibilities Invest wisely in upgrades and watch your business flourish. More exciting upgrades, like a delivery service, await you as you progress! Efficiently manage your stock and storage Purchase Boba Tea ingredients from the supermarket and optimize your limited st","{""text_match"": 0.012152763, ""cosine_similarity"": 0.5276046, ""reranker_score"": -6.252993}"
2026-02-10T00:09:04+00:00,CORTEX_DB.RAW.CAT_GAMES_SVC_1_5,default,"cozy cat cafe management sim, but NOT a visual novel, NOT anime, avoid paid games","cozy cat cafe management sim, but NOT a visual novel, NOT anime, avoid paid games",[],,False,,,,reranker_heavy,0.3,10,100,0,486,486,,01c24ec9-0005-07a7-0001-397a0003eb1a,,30,30,,4e-06,4e-06,,4e-06,,,,,[],[],[],[],[],[],,,True,[],[],,8,Sweet Delights: The Girl’s Cafe Quest,0.78023675,2025,English;French;German;Japanese;Korean;Polish;Portuguese - Portugal;Russian;Spanish - Spain;Traditional Chinese;Turkish;Ukrainian,Family Sharing;Single-player;Steam Achievements,Casual;Indie,Anime;Casual;Cats;Dating Sim;FPS;Female Protagonist;Hentai;Idler;Indie;Mature;NSFW;Nudity;Puzzle;RPG;Sexual Content;Simulation;Singleplayer;Visual Novel,"✨✨✨✨✨✨✨✨✨✨✨✨✨✨✨✨✨✨✨✨✨✨✨✨✨✨✨✨✨✨✨✨ ✨✨✨✨✨✨✨✨✨✨✨✨✨✨✨✨✨✨✨✨✨✨✨✨✨✨✨✨✨✨✨✨ 'Sweet Delights: The Girl’s Cafe Quest' — an engaging hidden object game where your ultimate reward is spending time with stunning anime girls. 🌸✨ Explore vibrant locations, find hidden items, and unlock new scenes featuring charming heroines. 🕵️‍♂️💖 Our game features a scroll system, allowing you to zoom in on important moments for a more immersive experience! 🚀🎮","{""text_match"": 0.013789082, ""cosine_similarity"": 0.5604735, ""reranker_score"": -8.148882}"
2026-02-10T00:09:04+00:00,CORTEX_DB.RAW.CAT_GAMES_SVC_1_5,default,"cozy cat cafe management sim, but NOT a visual novel, NOT anime, avoid paid games","cozy cat cafe management sim, but NOT a visual novel, NOT anime, avoid paid games",[],,False,,,,reranker_heavy,0.3,10,100,0,486,486,,01c24ec9-0005-07a7-0001-397a0003eb1a,,30,30,,4e-06,4e-06,,4e-06,,,,,[],[],[],[],[],[],,,True,[],[],,9,Catgirls From My Sweet Dream,0.78658122,2022,English;French;German;Italian;Japanese;Korean;Portuguese - Brazil;Portuguese - Portugal;Russian;Simplified Chinese;Spanish - Latin America;Spanish - Spain;Traditional Chinese;Ukrainian,Family Sharing;Single-player;Stats;Steam Achievements;Steam Cloud;Steam Leaderboards;Steam Trading Cards,Adventure;Casual;Indie,Anime;Casual;Cats;Colorful;Cute;Dating Sim;Fantasy;Funny;Hentai;Indie;Magic;Match 3;Mature;NSFW;Nudity;Puzzle;Relaxing;Sexual Content;Singleplayer;Visual Novel,"🌸Japanese treats and Catgirls 🌸 Catgirls From My Sweet Dream - a satirical visual novel with “Match 3” gameplay in the Magical Japanese Setting. 🌸Welcome to Nekoville – a small Japanese village located between the majestic and grandiose mountains. Local Catgirls are willing to treat you with traditional Japanese sweets, sushi and sashimi. You will meet cute Nekogirls and help them with their daily tasks, and in return they will help you out even more than you could expect. ♥ ♥FEATURES♥: Magical ","{""text_match"": 0.011742534, ""cosine_similarity"": 0.57316244, ""reranker_score"": -8.934364}"
2026-02-10T00:09:04+00:00,CORTEX_DB.RAW.CAT_GAMES_SVC_1_5,default,"cozy cat cafe management sim, but NOT a visual novel, NOT anime, avoid paid games","cozy cat cafe management sim, but NOT a visual novel, NOT anime, avoid paid games",[],,False,,,,reranker_heavy,0.3,10,100,0,486,486,,01c24ec9-0005-07a7-0001-397a0003eb1a,,30,30,,4e-06,4e-06,,4e-06,,,,,[],[],[],[],[],[],,,True,[],[],,10,Nekokami - The Human Restoration Project,0.76915305,2024,English;Japanese;Simplified Chinese,Adjustable Difficulty;Adjustable Text Size;Camera Comfort;Co-op;Custom Volume Controls;Family Sharing;Full controller support;Mouse Only Option;Multi-player;Playable without Timed Input;Shared/Split Screen;Shared/Split Screen Co-op;Single-player;Steam Achievements;Steam Cloud,Adventure;Casual;Early Access;Indie;RPG,3D;Building;Casual;Cats;Colorful;Cozy;Cute;Early Access;Family Friendly;Funny;Hand-drawn;Immersive Sim;Indie;Life Sim;Local Co-Op;Nature;Puzzle;RPG;Relaxing;Story Rich,"✨ Nekokami is a meditative, calming tile building game where you play as a time-traveler to a far future Milky Way managed by... benevolent Future Cats with super advanced technologies. Why it has to be the Cats? And where are the Humans?     In Nekokami, you will: 🌏 Create beautiful worlds of natural habitats and human settlements with strategic, or spontaneous, placement of tiles in a unique hand-drawn-like art style. 🌌 Follow an epic, whimsical yet heartwarming story of Human-Cat friendship, ","{""text_match"": 0.008591051, ""cosine_similarity"": 0.5383061, ""reranker_score"": -7.666398}"
2026-02-10T00:09:05+00:00,CORTEX_DB.RAW.CAT_GAMES_SVC_1_5,default,"cozy cat cafe management sim, but NOT a visual novel, NOT anime, avoid paid games","cozy cat cafe management sim, but NOT a visual novel, NOT anime, avoid paid games",[],,False,,,,reranker_heavy,0.65,10,100,0,450,450,,01c24ec9-0005-07c5-0001-397a000406fe,,34,34,,5e-06,5e-06,,5e-06,,,,,[],[],[],[],[],[],,,True,[],[],,1,Desktop Cat Cafe,0.8282407,2025,Arabic;Bulgarian;Czech;Danish;Dutch;English;Finnish;French;German;Greek;Hungarian;Indonesian;Italian;Japanese;Korean;Norwegian;Polish;Portuguese - Brazil;Portuguese - Portugal;Romanian;Russian;Simplified Chinese;Spanish - Latin America;Spanish - Spain;Swedish;Thai;Traditional Chinese;Turkish;Ukrainian;Vietnamese,Family Sharing;Single-player;Stats;Steam Achievements;Steam Cloud,Casual;Simulation,3D;Automation;Building;Casual;Cats;City Builder;Colorful;Cozy;Cute;Economy;Idler;Indie;Life Sim;Management;Nature;Relaxing;Sandbox;Simulation;Strategy;Stylized,"Desktop Cate Cafe is a cute, idle management game that lives at the bottom of your screen letting you work on other tasks while your cafe runs. Design your dream cafe, unlock delicious recipes, and automate your cafe with cute cat staff! Design Your Outdoor Cafe Build the perfect cafe with hundreds of customization options paired with an easy to use building system that lets your creativity shine. Unlock Delicious Recipes Progress by serving customers to unlock over 150 different recipes from co","{""text_match"": 0.07810198, ""cosine_similarity"": 0.6564814, ""reranker_score"": -2.2023993}"
2026-02-10T00:09:05+00:00,CORTEX_DB.RAW.CAT_GAMES_SVC_1_5,default,"cozy cat cafe management sim, but NOT a visual novel, NOT anime, avoid paid games","cozy cat cafe management sim, but NOT a visual novel, NOT anime, avoid paid games",[],,False,,,,reranker_heavy,0.65,10,100,0,450,450,,01c24ec9-0005-07c5-0001-397a000406fe,,34,34,,5e-06,5e-06,,5e-06,,,,,[],[],[],[],[],[],,,True,[],[],,2,Melo's cat cafe,0.80523245,2024,English;Japanese,Family Sharing;Single-player;Steam Achievements,Casual;Indie;Simulation,3D;Casual;Cute;Idler;Indie;Simulation;Singleplayer,"'Melo's Cat Cafe' is the perfect game for players who want to relax in a stress-free environment. Instead of chasing goals, players can simply enjoy spending time with the cats. Observe the cats as they eat and sleep, and find peace of mind in their calm presence. Main Features Spacious Mountain Home The game is set in a large house on top of a mountain with beautiful scenic views. 　　The view from the terrace is breathtaking. Free-Spirited Cats Free-spirited and independent cats make an appearan","{""text_match"": 0.0728874, ""cosine_similarity"": 0.6104649, ""reranker_score"": -5.763082}"
2026-02-10T00:09:05+00:00,CORTEX_DB.RAW.CAT_GAMES_SVC_1_5,default,"cozy cat cafe management sim, but NOT a visual novel, NOT anime, avoid paid games","cozy cat cafe management sim, but NOT a visual novel, NOT anime, avoid paid games",[],,False,,,,reranker_heavy,0.65,10,100,0,450,450,,01c24ec9-0005-07c5-0001-397a000406fe,,34,34,,5e-06,5e-06,,5e-06,,,,,[],[],[],[],[],[],,,True,[],[],,3,Calico,0.77924305,2020,English;French;German;Italian;Japanese;Korean;Portuguese - Brazil;Simplified Chinese;Spanish - Latin America,Camera Comfort;Color Alternatives;Custom Volume Controls;Family Sharing;Full controller support;Playable without Timed Input;Save Anytime;Single-player;Steam Achievements;Steam Cloud,Casual;Indie;RPG;Simulation,3D;Anime;Building;Casual;Cats;Character Customization;Cute;Dog;Family Friendly;Female Protagonist;Horses;Indie;LGBTQ+;Life Sim;Magic;Open World;RPG;Relaxing;Simulation;Singleplayer,"Calico is a day-in-the-life community sim game where you are given an important and adorable task: rebuild the town’s cat café and fill it with cute and cuddly creatures! Build up your café by filling it with cute furniture, fun decorations, yummy pastries, and get it bustling with animals again! Calico is meant to make you feel all warm and fuzzy inside. The gameplay reflects that with a laid back, low stress creative environment to explore and play in. Character Creator The Calico character cr","{""text_match"": 0.023536198, ""cosine_similarity"": 0.5584861, ""reranker_score"": -4.316521}"
2026-02-10T00:09:05+00:00,CORTEX_DB.RAW.CAT_GAMES_SVC_1_5,default,"cozy cat cafe management sim, but NOT a visual novel, NOT anime, avoid paid games","cozy cat cafe management sim, but NOT a visual novel, NOT anime, avoid paid games",[],,False,,,,reranker_heavy,0.65,10,100,0,450,450,,01c24ec9-0005-07c5-0001-397a000406fe,,34,34,,5e-06,5e-06,,5e-06,,,,,[],[],[],[],[],[],,,True,[],[],,4,My Fair Cat: Snow,0.79437805,2024,English;French;Japanese;Korean;Portuguese - Brazil;Russian;Simplified Chinese,Family Sharing;Single-player;Steam Achievements,Casual;Indie,Adventure;Anime;Cartoony;Casual;Cats;Choices Matter;Choose Your Own Adventure;Colorful;Cute;Dating Sim;Emotional;Female Protagonist;Immersive Sim;Interactive Fiction;Life Sim;Otome;Romance;Story Rich;Text-Based;Visual Novel,"Dive into a feel-good adventure of love, laughter, and cat companionship. Add My Fair Cat: Snow to your Steam wishlist and start spreading a little happiness today! Synopsis Recently moving to a new high school and not knowing anyone could have made for a dull routine, but everything changes when you save a stray cat. This single act of kindness sparks a chain of adventures that add a whole new layer of excitement in your daily life. As you're figuring out how to keep your new kitty content and ","{""text_match"": 0.027767744, ""cosine_similarity"": 0.5887561, ""reranker_score"": -7.3493514}"
2026-02-10T00:09:05+00:00,CORTEX_DB.RAW.CAT_GAMES_SVC_1_5,default,"cozy cat cafe management sim, but NOT a visual novel, NOT anime, avoid paid games","cozy cat cafe management sim, but NOT a visual novel, NOT anime, avoid paid games",[],,False,,,,reranker_heavy,0.65,10,100,0,450,450,,01c24ec9-0005-07c5-0001-397a000406fe,,34,34,,5e-06,5e-06,,5e-06,,,,,[],[],[],[],[],[],,,True,[],[],,5,Home Office Simulator,0.79086185,2023,English,Family Sharing;Single-player;Steam Achievements;Steam Cloud,Casual;Indie,Anime;Automation;Casual;Cats;Clicker;Colorful;Cute;Idler;Indie;Simulation;Singleplayer;Strategy,"Summary Help Ayame to work remotely, keeping her free of distractions and keeping her cat interested. Upgrade your home, move to new apartments, and take care of several cats. Upgrade your apartment objects so she can work without distractions or with less chance of getting interrupted by any distractions. Gameplay Move to seven unique apartments with different distractions and upgrades to be made. Upgrade and eliminate several distractions, including cats, computers, phone calls, and notificati","{""text_match"": 0.01088609, ""cosine_similarity"": 0.5817237, ""reranker_score"": -8.25431}"
2026-02-10T00:09:05+00:00,CORTEX_DB.RAW.CAT_GAMES_SVC_1_5,default,"cozy cat cafe management sim, but NOT a visual novel, NOT anime, avoid paid games","cozy cat cafe management sim, but NOT a visual novel, NOT anime, avoid paid games",[],,False,,,,reranker_heavy,0.65,10,100,0,450,450,,01c24ec9-0005-07c5-0001-397a000406fe,,34,34,,5e-06,5e-06,,5e-06,,,,,[],[],[],[],[],[],,,True,[],[],,6,NEKOPARA Vol. 3,0.784976,2017,English;Japanese;Traditional Chinese,Family Sharing;Single-player;Steam Achievements;Steam Cloud;Steam Trading Cards,Casual;Indie,2D;Adventure;Anime;Atmospheric;Casual;Cats;Cute;Dating Sim;Funny;Great Soundtrack;Hentai;Indie;NSFW;Nudity;Replay Value;Romance;Sexual Content;Singleplayer;Story Rich;Visual Novel,"Patisserie 'La Soleil', run by Kashou Minaduki, is flourishing thanks to the help of two catgirls: Maple, full of pride and a little on the haughty side, and Cinnamon, an impulsive daydreamer. These two are especially close among the rest of the sisters. One day, Maple encounters something that shakes her belief in attaining her dream. Cinnamon, unwilling to see Maple suffer, wishes to help her in any way possible... but she can't figure out how. This story is a heartwarming cat comedy about the","{""text_match"": 0.0044024386, ""cosine_similarity"": 0.569952, ""reranker_score"": -7.911607}"
2026-02-10T00:09:05+00:00,CORTEX_DB.RAW.CAT_GAMES_SVC_1_5,default,"cozy cat cafe management sim, but NOT a visual novel, NOT anime, avoid paid games","cozy cat cafe management sim, but NOT a visual novel, NOT anime, avoid paid games",[],,False,,,,reranker_heavy,0.65,10,100,0,450,450,,01c24ec9-0005-07c5-0001-397a000406fe,,34,34,,5e-06,5e-06,,5e-06,,,,,[],[],[],[],[],[],,,True,[],[],,7,Boba Simulator : Idle Shop Management,0.7638023,2022,Arabic;Bulgarian;Czech;Danish;Dutch;English;Finnish;French;German;Greek;Hungarian;Italian;Japanese;Korean;Norwegian;Polish;Portuguese - Brazil;Portuguese - Portugal;Romanian;Russian;Simplified Chinese;Spanish - Latin America;Spanish - Spain;Swedish;Thai;Traditional Chinese;Turkish;Ukrainian;Vietnamese,Camera Comfort;Custom Volume Controls;Family Sharing;Mouse Only Option;Playable without Timed Input;Single-player;Steam Achievements;Steam Leaderboards,Casual;Early Access;Indie;Simulation;Strategy,Automation;Cartoony;Casual;Cats;Clicker;Colorful;Cozy;Cute;Early Access;Family Friendly;Funny;Idler;Isometric;Management;Point & Click;Relaxing;Shop Keeper;Simulation;Singleplayer;Strategy,"Create mouthwatering recipes for ultimate customer satisfaction Experiment and refine your recipes through fun trial and error. Customers' preferences can change at any moment, so stay adaptable! Upgrade your shop and unlock new possibilities Invest wisely in upgrades and watch your business flourish. More exciting upgrades, like a delivery service, await you as you progress! Efficiently manage your stock and storage Purchase Boba Tea ingredients from the supermarket and optimize your limited st","{""text_match"": 0.012152763, ""cosine_similarity"": 0.5276046, ""reranker_score"": -6.252993}"
2026-02-10T00:09:05+00:00,CORTEX_DB.RAW.CAT_GAMES_SVC_1_5,default,"cozy cat cafe management sim, but NOT a visual novel, NOT anime, avoid paid games","cozy cat cafe management sim, but NOT a visual novel, NOT anime, avoid paid games",[],,False,,,,reranker_heavy,0.65,10,100,0,450,450,,01c24ec9-0005-07c5-0001-397a000406fe,,34,34,,5e-06,5e-06,,5e-06,,,,,[],[],[],[],[],[],,,True,[],[],,8,Sweet Delights: The Girl’s Cafe Quest,0.78023675,2025,English;French;German;Japanese;Korean;Polish;Portuguese - Portugal;Russian;Spanish - Spain;Traditional Chinese;Turkish;Ukrainian,Family Sharing;Single-player;Steam Achievements,Casual;Indie,Anime;Casual;Cats;Dating Sim;FPS;Female Protagonist;Hentai;Idler;Indie;Mature;NSFW;Nudity;Puzzle;RPG;Sexual Content;Simulation;Singleplayer;Visual Novel,"✨✨✨✨✨✨✨✨✨✨✨✨✨✨✨✨✨✨✨✨✨✨✨✨✨✨✨✨✨✨✨✨ ✨✨✨✨✨✨✨✨✨✨✨✨✨✨✨✨✨✨✨✨✨✨✨✨✨✨✨✨✨✨✨✨ 'Sweet Delights: The Girl’s Cafe Quest' — an engaging hidden object game where your ultimate reward is spending time with stunning anime girls. 🌸✨ Explore vibrant locations, find hidden items, and unlock new scenes featuring charming heroines. 🕵️‍♂️💖 Our game features a scroll system, allowing you to zoom in on important moments for a more immersive experience! 🚀🎮","{""text_match"": 0.013789082, ""cosine_similarity"": 0.5604735, ""reranker_score"": -8.148882}"
2026-02-10T00:09:05+00:00,CORTEX_DB.RAW.CAT_GAMES_SVC_1_5,default,"cozy cat cafe management sim, but NOT a visual novel, NOT anime, avoid paid games","cozy cat cafe management sim, but NOT a visual novel, NOT anime, avoid paid games",[],,False,,,,reranker_heavy,0.65,10,100,0,450,450,,01c24ec9-0005-07c5-0001-397a000406fe,,34,34,,5e-06,5e-06,,5e-06,,,,,[],[],[],[],[],[],,,True,[],[],,9,Catgirls From My Sweet Dream,0.78658122,2022,English;French;German;Italian;Japanese;Korean;Portuguese - Brazil;Portuguese - Portugal;Russian;Simplified Chinese;Spanish - Latin America;Spanish - Spain;Traditional Chinese;Ukrainian,Family Sharing;Single-player;Stats;Steam Achievements;Steam Cloud;Steam Leaderboards;Steam Trading Cards,Adventure;Casual;Indie,Anime;Casual;Cats;Colorful;Cute;Dating Sim;Fantasy;Funny;Hentai;Indie;Magic;Match 3;Mature;NSFW;Nudity;Puzzle;Relaxing;Sexual Content;Singleplayer;Visual Novel,"🌸Japanese treats and Catgirls 🌸 Catgirls From My Sweet Dream - a satirical visual novel with “Match 3” gameplay in the Magical Japanese Setting. 🌸Welcome to Nekoville – a small Japanese village located between the majestic and grandiose mountains. Local Catgirls are willing to treat you with traditional Japanese sweets, sushi and sashimi. You will meet cute Nekogirls and help them with their daily tasks, and in return they will help you out even more than you could expect. ♥ ♥FEATURES♥: Magical ","{""text_match"": 0.011742534, ""cosine_similarity"": 0.57316244, ""reranker_score"": -8.934364}"
2026-02-10T00:09:05+00:00,CORTEX_DB.RAW.CAT_GAMES_SVC_1_5,default,"cozy cat cafe management sim, but NOT a visual novel, NOT anime, avoid paid games","cozy cat cafe management sim, but NOT a visual novel, NOT anime, avoid paid games",[],,False,,,,reranker_heavy,0.65,10,100,0,450,450,,01c24ec9-0005-07c5-0001-397a000406fe,,34,34,,5e-06,5e-06,,5e-06,,,,,[],[],[],[],[],[],,,True,[],[],,10,Nekokami - The Human Restoration Project,0.76915305,2024,English;Japanese;Simplified Chinese,Adjustable Difficulty;Adjustable Text Size;Camera Comfort;Co-op;Custom Volume Controls;Family Sharing;Full controller support;Mouse Only Option;Multi-player;Playable without Timed Input;Shared/Split Screen;Shared/Split Screen Co-op;Single-player;Steam Achievements;Steam Cloud,Adventure;Casual;Early Access;Indie;RPG,3D;Building;Casual;Cats;Colorful;Cozy;Cute;Early Access;Family Friendly;Funny;Hand-drawn;Immersive Sim;Indie;Life Sim;Local Co-Op;Nature;Puzzle;RPG;Relaxing;Story Rich,"✨ Nekokami is a meditative, calming tile building game where you play as a time-traveler to a far future Milky Way managed by... benevolent Future Cats with super advanced technologies. Why it has to be the Cats? And where are the Humans?     In Nekokami, you will: 🌏 Create beautiful worlds of natural habitats and human settlements with strategic, or spontaneous, placement of tiles in a unique hand-drawn-like art style. 🌌 Follow an epic, whimsical yet heartwarming story of Human-Cat friendship, ","{""text_match"": 0.008591051, ""cosine_similarity"": 0.5383061, ""reranker_score"": -7.666398}"
2026-02-10T00:09:06+00:00,CORTEX_DB.RAW.CAT_GAMES_SVC_1_5,default,"cozy cat cafe management sim, but NOT a visual novel, NOT anime, avoid paid games","cozy cat cafe management sim, but NOT a visual novel, NOT anime, avoid paid games",[],,False,,,,reranker_heavy,0.75,10,100,0,446,446,,01c24ec9-0005-07a7-0001-397a0003eb1e,,30,30,,4e-06,4e-06,,4e-06,,,,,[],[],[],[],[],[],,,True,[],[],,1,Desktop Cat Cafe,0.8282407,2025,Arabic;Bulgarian;Czech;Danish;Dutch;English;Finnish;French;German;Greek;Hungarian;Indonesian;Italian;Japanese;Korean;Norwegian;Polish;Portuguese - Brazil;Portuguese - Portugal;Romanian;Russian;Simplified Chinese;Spanish - Latin America;Spanish - Spain;Swedish;Thai;Traditional Chinese;Turkish;Ukrainian;Vietnamese,Family Sharing;Single-player;Stats;Steam Achievements;Steam Cloud,Casual;Simulation,3D;Automation;Building;Casual;Cats;City Builder;Colorful;Cozy;Cute;Economy;Idler;Indie;Life Sim;Management;Nature;Relaxing;Sandbox;Simulation;Strategy;Stylized,"Desktop Cate Cafe is a cute, idle management game that lives at the bottom of your screen letting you work on other tasks while your cafe runs. Design your dream cafe, unlock delicious recipes, and automate your cafe with cute cat staff! Design Your Outdoor Cafe Build the perfect cafe with hundreds of customization options paired with an easy to use building system that lets your creativity shine. Unlock Delicious Recipes Progress by serving customers to unlock over 150 different recipes from co","{""text_match"": 0.07810198, ""cosine_similarity"": 0.6564814, ""reranker_score"": -2.2023993}"
2026-02-10T00:09:06+00:00,CORTEX_DB.RAW.CAT_GAMES_SVC_1_5,default,"cozy cat cafe management sim, but NOT a visual novel, NOT anime, avoid paid games","cozy cat cafe management sim, but NOT a visual novel, NOT anime, avoid paid games",[],,False,,,,reranker_heavy,0.75,10,100,0,446,446,,01c24ec9-0005-07a7-0001-397a0003eb1e,,30,30,,4e-06,4e-06,,4e-06,,,,,[],[],[],[],[],[],,,True,[],[],,2,Melo's cat cafe,0.80523245,2024,English;Japanese,Family Sharing;Single-player;Steam Achievements,Casual;Indie;Simulation,3D;Casual;Cute;Idler;Indie;Simulation;Singleplayer,"'Melo's Cat Cafe' is the perfect game for players who want to relax in a stress-free environment. Instead of chasing goals, players can simply enjoy spending time with the cats. Observe the cats as they eat and sleep, and find peace of mind in their calm presence. Main Features Spacious Mountain Home The game is set in a large house on top of a mountain with beautiful scenic views. 　　The view from the terrace is breathtaking. Free-Spirited Cats Free-spirited and independent cats make an appearan","{""text_match"": 0.0728874, ""cosine_similarity"": 0.6104649, ""reranker_score"": -5.763082}"
2026-02-10T00:09:06+00:00,CORTEX_DB.RAW.CAT_GAMES_SVC_1_5,default,"cozy cat cafe management sim, but NOT a visual novel, NOT anime, avoid paid games","cozy cat cafe management sim, but NOT a visual novel, NOT anime, avoid paid games",[],,False,,,,reranker_heavy,0.75,10,100,0,446,446,,01c24ec9-0005-07a7-0001-397a0003eb1e,,30,30,,4e-06,4e-06,,4e-06,,,,,[],[],[],[],[],[],,,True,[],[],,3,Calico,0.77924305,2020,English;French;German;Italian;Japanese;Korean;Portuguese - Brazil;Simplified Chinese;Spanish - Latin America,Camera Comfort;Color Alternatives;Custom Volume Controls;Family Sharing;Full controller support;Playable without Timed Input;Save Anytime;Single-player;Steam Achievements;Steam Cloud,Casual;Indie;RPG;Simulation,3D;Anime;Building;Casual;Cats;Character Customization;Cute;Dog;Family Friendly;Female Protagonist;Horses;Indie;LGBTQ+;Life Sim;Magic;Open World;RPG;Relaxing;Simulation;Singleplayer,"Calico is a day-in-the-life community sim game where you are given an important and adorable task: rebuild the town’s cat café and fill it with cute and cuddly creatures! Build up your café by filling it with cute furniture, fun decorations, yummy pastries, and get it bustling with animals again! Calico is meant to make you feel all warm and fuzzy inside. The gameplay reflects that with a laid back, low stress creative environment to explore and play in. Character Creator The Calico character cr","{""text_match"": 0.023536198, ""cosine_similarity"": 0.5584861, ""reranker_score"": -4.316521}"
2026-02-10T00:09:06+00:00,CORTEX_DB.RAW.CAT_GAMES_SVC_1_5,default,"cozy cat cafe management sim, but NOT a visual novel, NOT anime, avoid paid games","cozy cat cafe management sim, but NOT a visual novel, NOT anime, avoid paid games",[],,False,,,,reranker_heavy,0.75,10,100,0,446,446,,01c24ec9-0005-07a7-0001-397a0003eb1e,,30,30,,4e-06,4e-06,,4e-06,,,,,[],[],[],[],[],[],,,True,[],[],,4,My Fair Cat: Snow,0.79437805,2024,English;French;Japanese;Korean;Portuguese - Brazil;Russian;Simplified Chinese,Family Sharing;Single-player;Steam Achievements,Casual;Indie,Adventure;Anime;Cartoony;Casual;Cats;Choices Matter;Choose Your Own Adventure;Colorful;Cute;Dating Sim;Emotional;Female Protagonist;Immersive Sim;Interactive Fiction;Life Sim;Otome;Romance;Story Rich;Text-Based;Visual Novel,"Dive into a feel-good adventure of love, laughter, and cat companionship. Add My Fair Cat: Snow to your Steam wishlist and start spreading a little happiness today! Synopsis Recently moving to a new high school and not knowing anyone could have made for a dull routine, but everything changes when you save a stray cat. This single act of kindness sparks a chain of adventures that add a whole new layer of excitement in your daily life. As you're figuring out how to keep your new kitty content and ","{""text_match"": 0.027767744, ""cosine_similarity"": 0.5887561, ""reranker_score"": -7.3493514}"
2026-02-10T00:09:06+00:00,CORTEX_DB.RAW.CAT_GAMES_SVC_1_5,default,"cozy cat cafe management sim, but NOT a visual novel, NOT anime, avoid paid games","cozy cat cafe management sim, but NOT a visual novel, NOT anime, avoid paid games",[],,False,,,,reranker_heavy,0.75,10,100,0,446,446,,01c24ec9-0005-07a7-0001-397a0003eb1e,,30,30,,4e-06,4e-06,,4e-06,,,,,[],[],[],[],[],[],,,True,[],[],,5,Home Office Simulator,0.79086185,2023,English,Family Sharing;Single-player;Steam Achievements;Steam Cloud,Casual;Indie,Anime;Automation;Casual;Cats;Clicker;Colorful;Cute;Idler;Indie;Simulation;Singleplayer;Strategy,"Summary Help Ayame to work remotely, keeping her free of distractions and keeping her cat interested. Upgrade your home, move to new apartments, and take care of several cats. Upgrade your apartment objects so she can work without distractions or with less chance of getting interrupted by any distractions. Gameplay Move to seven unique apartments with different distractions and upgrades to be made. Upgrade and eliminate several distractions, including cats, computers, phone calls, and notificati","{""text_match"": 0.01088609, ""cosine_similarity"": 0.5817237, ""reranker_score"": -8.25431}"
2026-02-10T00:09:06+00:00,CORTEX_DB.RAW.CAT_GAMES_SVC_1_5,default,"cozy cat cafe management sim, but NOT a visual novel, NOT anime, avoid paid games","cozy cat cafe management sim, but NOT a visual novel, NOT anime, avoid paid games",[],,False,,,,reranker_heavy,0.75,10,100,0,446,446,,01c24ec9-0005-07a7-0001-397a0003eb1e,,30,30,,4e-06,4e-06,,4e-06,,,,,[],[],[],[],[],[],,,True,[],[],,6,NEKOPARA Vol. 3,0.784976,2017,English;Japanese;Traditional Chinese,Family Sharing;Single-player;Steam Achievements;Steam Cloud;Steam Trading Cards,Casual;Indie,2D;Adventure;Anime;Atmospheric;Casual;Cats;Cute;Dating Sim;Funny;Great Soundtrack;Hentai;Indie;NSFW;Nudity;Replay Value;Romance;Sexual Content;Singleplayer;Story Rich;Visual Novel,"Patisserie 'La Soleil', run by Kashou Minaduki, is flourishing thanks to the help of two catgirls: Maple, full of pride and a little on the haughty side, and Cinnamon, an impulsive daydreamer. These two are especially close among the rest of the sisters. One day, Maple encounters something that shakes her belief in attaining her dream. Cinnamon, unwilling to see Maple suffer, wishes to help her in any way possible... but she can't figure out how. This story is a heartwarming cat comedy about the","{""text_match"": 0.0044024386, ""cosine_similarity"": 0.569952, ""reranker_score"": -7.911607}"
2026-02-10T00:09:06+00:00,CORTEX_DB.RAW.CAT_GAMES_SVC_1_5,default,"cozy cat cafe management sim, but NOT a visual novel, NOT anime, avoid paid games","cozy cat cafe management sim, but NOT a visual novel, NOT anime, avoid paid games",[],,False,,,,reranker_heavy,0.75,10,100,0,446,446,,01c24ec9-0005-07a7-0001-397a0003eb1e,,30,30,,4e-06,4e-06,,4e-06,,,,,[],[],[],[],[],[],,,True,[],[],,7,Boba Simulator : Idle Shop Management,0.7638023,2022,Arabic;Bulgarian;Czech;Danish;Dutch;English;Finnish;French;German;Greek;Hungarian;Italian;Japanese;Korean;Norwegian;Polish;Portuguese - Brazil;Portuguese - Portugal;Romanian;Russian;Simplified Chinese;Spanish - Latin America;Spanish - Spain;Swedish;Thai;Traditional Chinese;Turkish;Ukrainian;Vietnamese,Camera Comfort;Custom Volume Controls;Family Sharing;Mouse Only Option;Playable without Timed Input;Single-player;Steam Achievements;Steam Leaderboards,Casual;Early Access;Indie;Simulation;Strategy,Automation;Cartoony;Casual;Cats;Clicker;Colorful;Cozy;Cute;Early Access;Family Friendly;Funny;Idler;Isometric;Management;Point & Click;Relaxing;Shop Keeper;Simulation;Singleplayer;Strategy,"Create mouthwatering recipes for ultimate customer satisfaction Experiment and refine your recipes through fun trial and error. Customers' preferences can change at any moment, so stay adaptable! Upgrade your shop and unlock new possibilities Invest wisely in upgrades and watch your business flourish. More exciting upgrades, like a delivery service, await you as you progress! Efficiently manage your stock and storage Purchase Boba Tea ingredients from the supermarket and optimize your limited st","{""text_match"": 0.012152763, ""cosine_similarity"": 0.5276046, ""reranker_score"": -6.252993}"
2026-02-10T00:09:06+00:00,CORTEX_DB.RAW.CAT_GAMES_SVC_1_5,default,"cozy cat cafe management sim, but NOT a visual novel, NOT anime, avoid paid games","cozy cat cafe management sim, but NOT a visual novel, NOT anime, avoid paid games",[],,False,,,,reranker_heavy,0.75,10,100,0,446,446,,01c24ec9-0005-07a7-0001-397a0003eb1e,,30,30,,4e-06,4e-06,,4e-06,,,,,[],[],[],[],[],[],,,True,[],[],,8,Sweet Delights: The Girl’s Cafe Quest,0.78023675,2025,English;French;German;Japanese;Korean;Polish;Portuguese - Portugal;Russian;Spanish - Spain;Traditional Chinese;Turkish;Ukrainian,Family Sharing;Single-player;Steam Achievements,Casual;Indie,Anime;Casual;Cats;Dating Sim;FPS;Female Protagonist;Hentai;Idler;Indie;Mature;NSFW;Nudity;Puzzle;RPG;Sexual Content;Simulation;Singleplayer;Visual Novel,"✨✨✨✨✨✨✨✨✨✨✨✨✨✨✨✨✨✨✨✨✨✨✨✨✨✨✨✨✨✨✨✨ ✨✨✨✨✨✨✨✨✨✨✨✨✨✨✨✨✨✨✨✨✨✨✨✨✨✨✨✨✨✨✨✨ 'Sweet Delights: The Girl’s Cafe Quest' — an engaging hidden object game where your ultimate reward is spending time with stunning anime girls. 🌸✨ Explore vibrant locations, find hidden items, and unlock new scenes featuring charming heroines. 🕵️‍♂️💖 Our game features a scroll system, allowing you to zoom in on important moments for a more immersive experience! 🚀🎮","{""text_match"": 0.013789082, ""cosine_similarity"": 0.5604735, ""reranker_score"": -8.148882}"
2026-02-10T00:09:06+00:00,CORTEX_DB.RAW.CAT_GAMES_SVC_1_5,default,"cozy cat cafe management sim, but NOT a visual novel, NOT anime, avoid paid games","cozy cat cafe management sim, but NOT a visual novel, NOT anime, avoid paid games",[],,False,,,,reranker_heavy,0.75,10,100,0,446,446,,01c24ec9-0005-07a7-0001-397a0003eb1e,,30,30,,4e-06,4e-06,,4e-06,,,,,[],[],[],[],[],[],,,True,[],[],,9,Catgirls From My Sweet Dream,0.78658122,2022,English;French;German;Italian;Japanese;Korean;Portuguese - Brazil;Portuguese - Portugal;Russian;Simplified Chinese;Spanish - Latin America;Spanish - Spain;Traditional Chinese;Ukrainian,Family Sharing;Single-player;Stats;Steam Achievements;Steam Cloud;Steam Leaderboards;Steam Trading Cards,Adventure;Casual;Indie,Anime;Casual;Cats;Colorful;Cute;Dating Sim;Fantasy;Funny;Hentai;Indie;Magic;Match 3;Mature;NSFW;Nudity;Puzzle;Relaxing;Sexual Content;Singleplayer;Visual Novel,"🌸Japanese treats and Catgirls 🌸 Catgirls From My Sweet Dream - a satirical visual novel with “Match 3” gameplay in the Magical Japanese Setting. 🌸Welcome to Nekoville – a small Japanese village located between the majestic and grandiose mountains. Local Catgirls are willing to treat you with traditional Japanese sweets, sushi and sashimi. You will meet cute Nekogirls and help them with their daily tasks, and in return they will help you out even more than you could expect. ♥ ♥FEATURES♥: Magical ","{""text_match"": 0.011742534, ""cosine_similarity"": 0.57316244, ""reranker_score"": -8.934364}"
2026-02-10T00:09:06+00:00,CORTEX_DB.RAW.CAT_GAMES_SVC_1_5,default,"cozy cat cafe management sim, but NOT a visual novel, NOT anime, avoid paid games","cozy cat cafe management sim, but NOT a visual novel, NOT anime, avoid paid games",[],,False,,,,reranker_heavy,0.75,10,100,0,446,446,,01c24ec9-0005-07a7-0001-397a0003eb1e,,30,30,,4e-06,4e-06,,4e-06,,,,,[],[],[],[],[],[],,,True,[],[],,10,Nekokami - The Human Restoration Project,0.76915305,2024,English;Japanese;Simplified Chinese,Adjustable Difficulty;Adjustable Text Size;Camera Comfort;Co-op;Custom Volume Controls;Family Sharing;Full controller support;Mouse Only Option;Multi-player;Playable without Timed Input;Shared/Split Screen;Shared/Split Screen Co-op;Single-player;Steam Achievements;Steam Cloud,Adventure;Casual;Early Access;Indie;RPG,3D;Building;Casual;Cats;Colorful;Cozy;Cute;Early Access;Family Friendly;Funny;Hand-drawn;Immersive Sim;Indie;Life Sim;Local Co-Op;Nature;Puzzle;RPG;Relaxing;Story Rich,"✨ Nekokami is a meditative, calming tile building game where you play as a time-traveler to a far future Milky Way managed by... benevolent Future Cats with super advanced technologies. Why it has to be the Cats? And where are the Humans?     In Nekokami, you will: 🌏 Create beautiful worlds of natural habitats and human settlements with strategic, or spontaneous, placement of tiles in a unique hand-drawn-like art style. 🌌 Follow an epic, whimsical yet heartwarming story of Human-Cat friendship, ","{""text_match"": 0.008591051, ""cosine_similarity"": 0.5383061, ""reranker_score"": -7.666398}"
2026-02-10T00:09:08+00:00,CORTEX_DB.RAW.CAT_GAMES_SVC_1_5,default,"third-person cat adventure in a city, no horror, no gore","third-person cat adventure in a city, no horror, no gore",[],,False,,,,balanced_default,0.3,10,100,0,556,556,,01c24ec9-0005-07a7-0001-397a0003eb2a,,28,28,,4e-06,4e-06,,4e-06,,,,,[],[],[],[],[],[],,,True,[],[],,1,Stray,0.7773759650000001,2022,Dutch;English;French;German;Italian;Japanese;Korean;Polish;Portuguese - Brazil;Portuguese - Portugal;Russian;Simplified Chinese;Spanish - Latin America;Spanish - Spain;Traditional Chinese;Turkish,Family Sharing;Full controller support;Remote Play on TV;Single-player;Steam Achievements;Steam Cloud;Steam Trading Cards,Adventure;Indie,Action;Adventure;Atmospheric;Beautiful;Cats;Colorful;Cute;Cyberpunk;Dystopian;Exploration;Horror;Indie;Mystery;Open World;Puzzle;Robots;Sci-fi;Singleplayer;Stealth;Third Person,"Lost, alone and separated from family, a stray cat must untangle an ancient mystery to escape a long-forgotten city. Stray is a third-person cat adventure game set amidst the detailed, neon-lit alleys of a decaying cybercity and the murky environments of its seedy underbelly. Roam surroundings high and low, defend against unforeseen threats and solve the mysteries of this unwelcoming place inhabited by curious droids and dangerous creatures. See the world through the eyes of a cat and interact w","{""text_match"": 0.07150107, ""cosine_similarity"": 0.55475193, ""reranker_score"": -2.599227}"
2026-02-10T00:09:08+00:00,CORTEX_DB.RAW.CAT_GAMES_SVC_1_5,default,"third-person cat adventure in a city, no horror, no gore","third-person cat adventure in a city, no horror, no gore",[],,False,,,,balanced_default,0.3,10,100,0,556,556,,01c24ec9-0005-07a7-0001-397a0003eb2a,,28,28,,4e-06,4e-06,,4e-06,,,,,[],[],[],[],[],[],,,True,[],[],,2,Finding Mosey,0.7613957,2024,English;French;German;Japanese;Simplified Chinese;Spanish - Spain,Family Sharing;Full controller support;Single-player;Steam Achievements,Adventure;RPG,3D;Action;Adventure;Anime;Cats;Colorful;Cute;Exploration;Funny;Mystery;Open World;Puzzle;RPG;Relaxing;Sandbox;Singleplayer;Stealth;Story Rich;Stylized;Third Person,"Finding Mosey is an open world single-player third-person RPG about finding your cat. Successfully funded on Kickstarter! While on a relaxing camping trip with your kitty, you wake up one day to find him missing. This search leads you to deep mysteries about your environment and its relationship with cats. As you explore the landscape and cities, the character you decide to become will determine how destructive or peaceful your search will unfold. Key Features For the fans of BOTW , Goat Simulat","{""text_match"": 0.056193896, ""cosine_similarity"": 0.5227914, ""reranker_score"": -2.3463593}"
2026-02-10T00:09:08+00:00,CORTEX_DB.RAW.CAT_GAMES_SVC_1_5,default,"third-person cat adventure in a city, no horror, no gore","third-person cat adventure in a city, no horror, no gore",[],,False,,,,balanced_default,0.3,10,100,0,556,556,,01c24ec9-0005-07a7-0001-397a0003eb2a,,28,28,,4e-06,4e-06,,4e-06,,,,,[],[],[],[],[],[],,,True,[],[],,3,Adventures of Human Being,0.80156625,2021,English,Family Sharing;Full controller support;Single-player,Adventure;Indie,2D;Adventure;Assassin;Cats;Choices Matter;Conspiracy;Crime;Dog;Exploration;Linear;Lore-Rich;Minimalist;Pixel Graphics;Political;Puzzle;Retro;Singleplayer;Story Rich;Top-Down;War,"You are hurt and running away from armed men who are hell bent on ending you. You escape just in time to a completely new place. Tired and helpless, you wander around. Until you meet a feline stranger who takes care of you as you heal. You Only Know One Thing, Kill the King . Developing friendship, you find out that the king resides in City 4. Solving a roster of interesting puzzles, with new mechanics introduced in every new city, ride on this adventure. Features: A simple cohesive story keepin","{""text_match"": 0.013835832, ""cosine_similarity"": 0.6031325, ""reranker_score"": -6.189288}"
2026-02-10T00:09:08+00:00,CORTEX_DB.RAW.CAT_GAMES_SVC_1_5,default,"third-person cat adventure in a city, no horror, no gore","third-person cat adventure in a city, no horror, no gore",[],,False,,,,balanced_default,0.3,10,100,0,556,556,,01c24ec9-0005-07a7-0001-397a0003eb2a,,28,28,,4e-06,4e-06,,4e-06,,,,,[],[],[],[],[],[],,,True,[],[],,4,Cat city,0.77920855,2023,English;Russian,Family Sharing;Full controller support;Single-player;Steam Achievements,Adventure;Casual;Indie,2D;Atmospheric;Casual;Cats;Clicker;Controller;Creature Collector;Cute;Detective;Education;Exploration;Family Friendly;Hand-drawn;Hidden Object;Interactive Fiction;Point & Click;Puzzle;Side Scroller;Singleplayer;Trading Card Game,"'Cat city' is an exciting hidden objects game. In this game, you will have to explore the whole city to find all the cats (and various secrets) and get closer to the goal of making this world and the lives of the cats living in it a little better, and restore their faith in people! The main character will help you figure it out and get comfortable, and tell you about the necessary help in this exciting and extremely important matter! The help of each person is important so that the world becomes","{""text_match"": 0.00715794, ""cosine_similarity"": 0.5584171, ""reranker_score"": -5.4745865}"
2026-02-10T00:09:08+00:00,CORTEX_DB.RAW.CAT_GAMES_SVC_1_5,default,"third-person cat adventure in a city, no horror, no gore","third-person cat adventure in a city, no horror, no gore",[],,False,,,,balanced_default,0.3,10,100,0,556,556,,01c24ec9-0005-07a7-0001-397a0003eb2a,,28,28,,4e-06,4e-06,,4e-06,,,,,[],[],[],[],[],[],,,True,[],[],,5,The Cat! Porfirio's Adventure,0.747321365,2016,English;Russian,Family Sharing;Partial Controller Support;Single-player;Steam Achievements;Steam Trading Cards,Action;Adventure;Indie,3D Platformer;Action;Action-Adventure;Adventure;Atmospheric;Cartoony;Cats;Colorful;Conversation;Cute;Family Friendly;Indie;Memes;Nonlinear;Open World;Short;Simulation;Singleplayer;Stylized;Third Person,"Porfirio's amazing adventures in the village. Porfirio is a cat — a couch potato, a philosopher, a family pet, just a regular cat happily living with an ordinary family in a city. His lazy life is interrupted when his little owner is sent to the countryside to live with her grandparents for the summer. Naturally, she takes her best friend Porfirio with her. For an urban cat, the village is a nightmare! Instead of pillows and blankets you get a pile of straw in the barn; instead of canned cat foo","{""text_match"": 0.03867439, ""cosine_similarity"": 0.49464273, ""reranker_score"": -4.184849}"
2026-02-10T00:09:08+00:00,CORTEX_DB.RAW.CAT_GAMES_SVC_1_5,default,"third-person cat adventure in a city, no horror, no gore","third-person cat adventure in a city, no horror, no gore",[],,False,,,,balanced_default,0.3,10,100,0,556,556,,01c24ec9-0005-07a7-0001-397a0003eb2a,,28,28,,4e-06,4e-06,,4e-06,,,,,[],[],[],[],[],[],,,True,[],[],,6,Cat Go! Ultimate Challenge,0.7542119,2021,English;Russian;Simplified Chinese,Family Sharing;Single-player;Steam Achievements,Adventure;Casual;Indie,3D;3D Platformer;6DOF;Adventure;Arcade;Atmospheric;Casual;Cats;Character Customization;Cute;Family Friendly;Funny;Minimalist;Open World;Platformer;Relaxing;Runner;Singleplayer;Stylized;Third Person,"Help a cute kitten to save Barsikgrad from unkind looter cats and restore peace in a cozy town. Collect fish on your journey and share it with Kotofei, who will give you many interesting, cute and colorful hats. Make your cat the main mod of the town. Do you know what an infinite engine is? No? So kittens don't know! Explore this strange mechanism in the city and give the cats endless happiness! Show the cat the world! Travel with him to colorful and sometimes not kind places. Any trip is more f","{""text_match"": 0.0049523907, ""cosine_similarity"": 0.5084238, ""reranker_score"": -4.8988667}"
2026-02-10T00:09:08+00:00,CORTEX_DB.RAW.CAT_GAMES_SVC_1_5,default,"third-person cat adventure in a city, no horror, no gore","third-person cat adventure in a city, no horror, no gore",[],,False,,,,balanced_default,0.3,10,100,0,556,556,,01c24ec9-0005-07a7-0001-397a0003eb2a,,28,28,,4e-06,4e-06,,4e-06,,,,,[],[],[],[],[],[],,,True,[],[],,7,CATRUN,0.76601385,2024,English,Family Sharing;Single-player,Adventure;Casual;Indie,2D;2D Platformer;Action-Adventure;Adventure;Arcade;Casual;Cats;Dystopian;Indie;Physics;Pixel Graphics;Platformer;Precision Platformer;Puzzle;Runner;Singleplayer,"You are waiting for an exciting adventure in a metropolis, where the main character - a cat named Philip - is forced to survive, exploring the city's nooks and crannies and scavenging through garbage dumps in search of food. Life in the city is full of dangers and surprises, but Philip is not one to give up. One day, after a heart-to-heart talk with his faithful friend, a beaver named Bob, Philip decides to change his fate. Bob tells him about a mysterious secret stash that hides the most delici","{""text_match"": 0.017228067, ""cosine_similarity"": 0.5320277, ""reranker_score"": -6.0535316}"
2026-02-10T00:09:08+00:00,CORTEX_DB.RAW.CAT_GAMES_SVC_1_5,default,"third-person cat adventure in a city, no horror, no gore","third-person cat adventure in a city, no horror, no gore",[],,False,,,,balanced_default,0.3,10,100,0,556,556,,01c24ec9-0005-07a7-0001-397a0003eb2a,,28,28,,4e-06,4e-06,,4e-06,,,,,[],[],[],[],[],[],,,True,[],[],,8,Marfa,0.753112375,2024,English;Russian;Simplified Chinese,Family Sharing;Single-player,Adventure;Indie,2D;Adventure;Atmospheric;Cats;Conversation;Cute;Detective;Emotional;Exploration;First-Person;Hand-drawn;Hidden Object;Investigation;Logic;Modern;Multiple Endings;Puzzle-Platformer;Singleplayer;Story Rich;Stylized,"Cool summer breeze, fluffy clouds and singing birds. What could be more beautiful? — that's what Marfa the cat thought, basking in the sun on the windowsill of the Artist's house. Who is an Artist? This is Marfa's owner. He works hard, but not only on his paintings, but also... on a mysterious plan. What is this plan? — you may ask. The answer to this question is what the kitty Marfa is looking for. The path to the solution will turn the life of a simple home cat upside down, open up a new myste","{""text_match"": 0.004240647, ""cosine_similarity"": 0.50622475, ""reranker_score"": -5.4440002}"
2026-02-10T00:09:08+00:00,CORTEX_DB.RAW.CAT_GAMES_SVC_1_5,default,"third-person cat adventure in a city, no horror, no gore","third-person cat adventure in a city, no horror, no gore",[],,False,,,,balanced_default,0.3,10,100,0,556,556,,01c24ec9-0005-07a7-0001-397a0003eb2a,,28,28,,4e-06,4e-06,,4e-06,,,,,[],[],[],[],[],[],,,True,[],[],,9,A Street Cat's Tale,0.76850617,2019,English;Japanese;Korean;Traditional Chinese,Family Sharing;Full controller support;Single-player;Steam Achievements;Steam Cloud,Adventure;Indie;Simulation,Adventure;Cats;Cute;Indie;Isometric;Pixel Graphics;Simulation,"'Tale of a street cat' is a story of a baby kitten left alone at the town. it's an adventure game played at the cat's view. you will become a baby kitten to survive with 13days to become an adult cat. [Key Features] ■Hungry little Kitten -It’s inevitable that most cats living on the streets will starve. -Go around the town and get food so the kitten will not starve to death. ■Many NPCs -Many NPCs with their unique personalities. -Some people will get angry when you talk to them, and some people ","{""text_match"": 0.0028827637, ""cosine_similarity"": 0.53701234, ""reranker_score"": -6.4804525}"
2026-02-10T00:09:08+00:00,CORTEX_DB.RAW.CAT_GAMES_SVC_1_5,default,"third-person cat adventure in a city, no horror, no gore","third-person cat adventure in a city, no horror, no gore",[],,False,,,,balanced_default,0.3,10,100,0,556,556,,01c24ec9-0005-07a7-0001-397a0003eb2a,,28,28,,4e-06,4e-06,,4e-06,,,,,[],[],[],[],[],[],,,True,[],[],,10,Heist Kitty: Multiplayer Cat Simulator Game,0.75223273,2023,English;Japanese,Co-op;Family Sharing;LAN Co-op;Multi-player;Online Co-op;Partial Controller Support;Single-player,Action;Adventure;Casual;Indie;RPG;Racing;Simulation,Action;Adventure;Automobile Sim;Casual;Cats;Co-op;Cute;Exploration;Family Friendly;Funny;Multiplayer;Online Co-Op;Physics;RPG;Racing;Sandbox;Simulation;Singleplayer;Story Rich;Third Person,"An open-world sand-box game where you play as a cat, defying the rules and causing mayhem. Climb, scratch, and pounce your way through the cityscape filled with playful challenges and hidden secrets. Customise your cat, team up with friends and let the adventure begin! Multiplayer Cat Chaos Take your chaos to new heights as you collaborate on the city streets. Hijack cars, cause explosive distractions, and equip a variety of weapons to create the ultimate cat caper. Show off your agile moves wit","{""text_match"": 0.006173967, ""cosine_similarity"": 0.50446546, ""reranker_score"": -5.877123}"
2026-02-10T00:09:09+00:00,CORTEX_DB.RAW.CAT_GAMES_SVC_1_5,default,"third-person cat adventure in a city, no horror, no gore","third-person cat adventure in a city, no horror, no gore",[],,False,,,,balanced_default,0.65,10,100,0,442,442,,01c24ec9-0005-07f0-0001-397a0003f642,,34,34,,5e-06,5e-06,,5e-06,,,,,[],[],[],[],[],[],,,True,[],[],,1,Stray,0.7773759650000001,2022,Dutch;English;French;German;Italian;Japanese;Korean;Polish;Portuguese - Brazil;Portuguese - Portugal;Russian;Simplified Chinese;Spanish - Latin America;Spanish - Spain;Traditional Chinese;Turkish,Family Sharing;Full controller support;Remote Play on TV;Single-player;Steam Achievements;Steam Cloud;Steam Trading Cards,Adventure;Indie,Action;Adventure;Atmospheric;Beautiful;Cats;Colorful;Cute;Cyberpunk;Dystopian;Exploration;Horror;Indie;Mystery;Open World;Puzzle;Robots;Sci-fi;Singleplayer;Stealth;Third Person,"Lost, alone and separated from family, a stray cat must untangle an ancient mystery to escape a long-forgotten city. Stray is a third-person cat adventure game set amidst the detailed, neon-lit alleys of a decaying cybercity and the murky environments of its seedy underbelly. Roam surroundings high and low, defend against unforeseen threats and solve the mysteries of this unwelcoming place inhabited by curious droids and dangerous creatures. See the world through the eyes of a cat and interact w","{""text_match"": 0.07150107, ""cosine_similarity"": 0.55475193, ""reranker_score"": -2.599227}"
2026-02-10T00:09:09+00:00,CORTEX_DB.RAW.CAT_GAMES_SVC_1_5,default,"third-person cat adventure in a city, no horror, no gore","third-person cat adventure in a city, no horror, no gore",[],,False,,,,balanced_default,0.65,10,100,0,442,442,,01c24ec9-0005-07f0-0001-397a0003f642,,34,34,,5e-06,5e-06,,5e-06,,,,,[],[],[],[],[],[],,,True,[],[],,2,Finding Mosey,0.7613957,2024,English;French;German;Japanese;Simplified Chinese;Spanish - Spain,Family Sharing;Full controller support;Single-player;Steam Achievements,Adventure;RPG,3D;Action;Adventure;Anime;Cats;Colorful;Cute;Exploration;Funny;Mystery;Open World;Puzzle;RPG;Relaxing;Sandbox;Singleplayer;Stealth;Story Rich;Stylized;Third Person,"Finding Mosey is an open world single-player third-person RPG about finding your cat. Successfully funded on Kickstarter! While on a relaxing camping trip with your kitty, you wake up one day to find him missing. This search leads you to deep mysteries about your environment and its relationship with cats. As you explore the landscape and cities, the character you decide to become will determine how destructive or peaceful your search will unfold. Key Features For the fans of BOTW , Goat Simulat","{""text_match"": 0.056193896, ""cosine_similarity"": 0.5227914, ""reranker_score"": -2.3463593}"
2026-02-10T00:09:09+00:00,CORTEX_DB.RAW.CAT_GAMES_SVC_1_5,default,"third-person cat adventure in a city, no horror, no gore","third-person cat adventure in a city, no horror, no gore",[],,False,,,,balanced_default,0.65,10,100,0,442,442,,01c24ec9-0005-07f0-0001-397a0003f642,,34,34,,5e-06,5e-06,,5e-06,,,,,[],[],[],[],[],[],,,True,[],[],,3,Adventures of Human Being,0.80156625,2021,English,Family Sharing;Full controller support;Single-player,Adventure;Indie,2D;Adventure;Assassin;Cats;Choices Matter;Conspiracy;Crime;Dog;Exploration;Linear;Lore-Rich;Minimalist;Pixel Graphics;Political;Puzzle;Retro;Singleplayer;Story Rich;Top-Down;War,"You are hurt and running away from armed men who are hell bent on ending you. You escape just in time to a completely new place. Tired and helpless, you wander around. Until you meet a feline stranger who takes care of you as you heal. You Only Know One Thing, Kill the King . Developing friendship, you find out that the king resides in City 4. Solving a roster of interesting puzzles, with new mechanics introduced in every new city, ride on this adventure. Features: A simple cohesive story keepin","{""text_match"": 0.013835832, ""cosine_similarity"": 0.6031325, ""reranker_score"": -6.189288}"
2026-02-10T00:09:09+00:00,CORTEX_DB.RAW.CAT_GAMES_SVC_1_5,default,"third-person cat adventure in a city, no horror, no gore","third-person cat adventure in a city, no horror, no gore",[],,False,,,,balanced_default,0.65,10,100,0,442,442,,01c24ec9-0005-07f0-0001-397a0003f642,,34,34,,5e-06,5e-06,,5e-06,,,,,[],[],[],[],[],[],,,True,[],[],,4,Cat city,0.77920855,2023,English;Russian,Family Sharing;Full controller support;Single-player;Steam Achievements,Adventure;Casual;Indie,2D;Atmospheric;Casual;Cats;Clicker;Controller;Creature Collector;Cute;Detective;Education;Exploration;Family Friendly;Hand-drawn;Hidden Object;Interactive Fiction;Point & Click;Puzzle;Side Scroller;Singleplayer;Trading Card Game,"'Cat city' is an exciting hidden objects game. In this game, you will have to explore the whole city to find all the cats (and various secrets) and get closer to the goal of making this world and the lives of the cats living in it a little better, and restore their faith in people! The main character will help you figure it out and get comfortable, and tell you about the necessary help in this exciting and extremely important matter! The help of each person is important so that the world becomes","{""text_match"": 0.00715794, ""cosine_similarity"": 0.5584171, ""reranker_score"": -5.4745865}"
2026-02-10T00:09:09+00:00,CORTEX_DB.RAW.CAT_GAMES_SVC_1_5,default,"third-person cat adventure in a city, no horror, no gore","third-person cat adventure in a city, no horror, no gore",[],,False,,,,balanced_default,0.65,10,100,0,442,442,,01c24ec9-0005-07f0-0001-397a0003f642,,34,34,,5e-06,5e-06,,5e-06,,,,,[],[],[],[],[],[],,,True,[],[],,5,The Cat! Porfirio's Adventure,0.747321365,2016,English;Russian,Family Sharing;Partial Controller Support;Single-player;Steam Achievements;Steam Trading Cards,Action;Adventure;Indie,3D Platformer;Action;Action-Adventure;Adventure;Atmospheric;Cartoony;Cats;Colorful;Conversation;Cute;Family Friendly;Indie;Memes;Nonlinear;Open World;Short;Simulation;Singleplayer;Stylized;Third Person,"Porfirio's amazing adventures in the village. Porfirio is a cat — a couch potato, a philosopher, a family pet, just a regular cat happily living with an ordinary family in a city. His lazy life is interrupted when his little owner is sent to the countryside to live with her grandparents for the summer. Naturally, she takes her best friend Porfirio with her. For an urban cat, the village is a nightmare! Instead of pillows and blankets you get a pile of straw in the barn; instead of canned cat foo","{""text_match"": 0.03867439, ""cosine_similarity"": 0.49464273, ""reranker_score"": -4.184849}"
2026-02-10T00:09:09+00:00,CORTEX_DB.RAW.CAT_GAMES_SVC_1_5,default,"third-person cat adventure in a city, no horror, no gore","third-person cat adventure in a city, no horror, no gore",[],,False,,,,balanced_default,0.65,10,100,0,442,442,,01c24ec9-0005-07f0-0001-397a0003f642,,34,34,,5e-06,5e-06,,5e-06,,,,,[],[],[],[],[],[],,,True,[],[],,6,Cat Go! Ultimate Challenge,0.7542119,2021,English;Russian;Simplified Chinese,Family Sharing;Single-player;Steam Achievements,Adventure;Casual;Indie,3D;3D Platformer;6DOF;Adventure;Arcade;Atmospheric;Casual;Cats;Character Customization;Cute;Family Friendly;Funny;Minimalist;Open World;Platformer;Relaxing;Runner;Singleplayer;Stylized;Third Person,"Help a cute kitten to save Barsikgrad from unkind looter cats and restore peace in a cozy town. Collect fish on your journey and share it with Kotofei, who will give you many interesting, cute and colorful hats. Make your cat the main mod of the town. Do you know what an infinite engine is? No? So kittens don't know! Explore this strange mechanism in the city and give the cats endless happiness! Show the cat the world! Travel with him to colorful and sometimes not kind places. Any trip is more f","{""text_match"": 0.0049523907, ""cosine_similarity"": 0.5084238, ""reranker_score"": -4.8988667}"
2026-02-10T00:09:09+00:00,CORTEX_DB.RAW.CAT_GAMES_SVC_1_5,default,"third-person cat adventure in a city, no horror, no gore","third-person cat adventure in a city, no horror, no gore",[],,False,,,,balanced_default,0.65,10,100,0,442,442,,01c24ec9-0005-07f0-0001-397a0003f642,,34,34,,5e-06,5e-06,,5e-06,,,,,[],[],[],[],[],[],,,True,[],[],,7,CATRUN,0.76601385,2024,English,Family Sharing;Single-player,Adventure;Casual;Indie,2D;2D Platformer;Action-Adventure;Adventure;Arcade;Casual;Cats;Dystopian;Indie;Physics;Pixel Graphics;Platformer;Precision Platformer;Puzzle;Runner;Singleplayer,"You are waiting for an exciting adventure in a metropolis, where the main character - a cat named Philip - is forced to survive, exploring the city's nooks and crannies and scavenging through garbage dumps in search of food. Life in the city is full of dangers and surprises, but Philip is not one to give up. One day, after a heart-to-heart talk with his faithful friend, a beaver named Bob, Philip decides to change his fate. Bob tells him about a mysterious secret stash that hides the most delici","{""text_match"": 0.017228067, ""cosine_similarity"": 0.5320277, ""reranker_score"": -6.0535316}"
2026-02-10T00:09:09+00:00,CORTEX_DB.RAW.CAT_GAMES_SVC_1_5,default,"third-person cat adventure in a city, no horror, no gore","third-person cat adventure in a city, no horror, no gore",[],,False,,,,balanced_default,0.65,10,100,0,442,442,,01c24ec9-0005-07f0-0001-397a0003f642,,34,34,,5e-06,5e-06,,5e-06,,,,,[],[],[],[],[],[],,,True,[],[],,8,Marfa,0.753112375,2024,English;Russian;Simplified Chinese,Family Sharing;Single-player,Adventure;Indie,2D;Adventure;Atmospheric;Cats;Conversation;Cute;Detective;Emotional;Exploration;First-Person;Hand-drawn;Hidden Object;Investigation;Logic;Modern;Multiple Endings;Puzzle-Platformer;Singleplayer;Story Rich;Stylized,"Cool summer breeze, fluffy clouds and singing birds. What could be more beautiful? — that's what Marfa the cat thought, basking in the sun on the windowsill of the Artist's house. Who is an Artist? This is Marfa's owner. He works hard, but not only on his paintings, but also... on a mysterious plan. What is this plan? — you may ask. The answer to this question is what the kitty Marfa is looking for. The path to the solution will turn the life of a simple home cat upside down, open up a new myste","{""text_match"": 0.004240647, ""cosine_similarity"": 0.50622475, ""reranker_score"": -5.4440002}"
2026-02-10T00:09:09+00:00,CORTEX_DB.RAW.CAT_GAMES_SVC_1_5,default,"third-person cat adventure in a city, no horror, no gore","third-person cat adventure in a city, no horror, no gore",[],,False,,,,balanced_default,0.65,10,100,0,442,442,,01c24ec9-0005-07f0-0001-397a0003f642,,34,34,,5e-06,5e-06,,5e-06,,,,,[],[],[],[],[],[],,,True,[],[],,9,A Street Cat's Tale,0.76850617,2019,English;Japanese;Korean;Traditional Chinese,Family Sharing;Full controller support;Single-player;Steam Achievements;Steam Cloud,Adventure;Indie;Simulation,Adventure;Cats;Cute;Indie;Isometric;Pixel Graphics;Simulation,"'Tale of a street cat' is a story of a baby kitten left alone at the town. it's an adventure game played at the cat's view. you will become a baby kitten to survive with 13days to become an adult cat. [Key Features] ■Hungry little Kitten -It’s inevitable that most cats living on the streets will starve. -Go around the town and get food so the kitten will not starve to death. ■Many NPCs -Many NPCs with their unique personalities. -Some people will get angry when you talk to them, and some people ","{""text_match"": 0.0028827637, ""cosine_similarity"": 0.53701234, ""reranker_score"": -6.4804525}"
2026-02-10T00:09:09+00:00,CORTEX_DB.RAW.CAT_GAMES_SVC_1_5,default,"third-person cat adventure in a city, no horror, no gore","third-person cat adventure in a city, no horror, no gore",[],,False,,,,balanced_default,0.65,10,100,0,442,442,,01c24ec9-0005-07f0-0001-397a0003f642,,34,34,,5e-06,5e-06,,5e-06,,,,,[],[],[],[],[],[],,,True,[],[],,10,Heist Kitty: Multiplayer Cat Simulator Game,0.75223273,2023,English;Japanese,Co-op;Family Sharing;LAN Co-op;Multi-player;Online Co-op;Partial Controller Support;Single-player,Action;Adventure;Casual;Indie;RPG;Racing;Simulation,Action;Adventure;Automobile Sim;Casual;Cats;Co-op;Cute;Exploration;Family Friendly;Funny;Multiplayer;Online Co-Op;Physics;RPG;Racing;Sandbox;Simulation;Singleplayer;Story Rich;Third Person,"An open-world sand-box game where you play as a cat, defying the rules and causing mayhem. Climb, scratch, and pounce your way through the cityscape filled with playful challenges and hidden secrets. Customise your cat, team up with friends and let the adventure begin! Multiplayer Cat Chaos Take your chaos to new heights as you collaborate on the city streets. Hijack cars, cause explosive distractions, and equip a variety of weapons to create the ultimate cat caper. Show off your agile moves wit","{""text_match"": 0.006173967, ""cosine_similarity"": 0.50446546, ""reranker_score"": -5.877123}"
2026-02-10T00:09:10+00:00,CORTEX_DB.RAW.CAT_GAMES_SVC_1_5,default,"third-person cat adventure in a city, no horror, no gore","third-person cat adventure in a city, no horror, no gore",[],,False,,,,balanced_default,0.75,10,100,0,478,478,,01c24ec9-0005-07f0-0001-397a0003f646,,32,32,,5e-06,5e-06,,5e-06,,,,,[],[],[],[],[],[],,,True,[],[],,1,Stray,0.7773759650000001,2022,Dutch;English;French;German;Italian;Japanese;Korean;Polish;Portuguese - Brazil;Portuguese - Portugal;Russian;Simplified Chinese;Spanish - Latin America;Spanish - Spain;Traditional Chinese;Turkish,Family Sharing;Full controller support;Remote Play on TV;Single-player;Steam Achievements;Steam Cloud;Steam Trading Cards,Adventure;Indie,Action;Adventure;Atmospheric;Beautiful;Cats;Colorful;Cute;Cyberpunk;Dystopian;Exploration;Horror;Indie;Mystery;Open World;Puzzle;Robots;Sci-fi;Singleplayer;Stealth;Third Person,"Lost, alone and separated from family, a stray cat must untangle an ancient mystery to escape a long-forgotten city. Stray is a third-person cat adventure game set amidst the detailed, neon-lit alleys of a decaying cybercity and the murky environments of its seedy underbelly. Roam surroundings high and low, defend against unforeseen threats and solve the mysteries of this unwelcoming place inhabited by curious droids and dangerous creatures. See the world through the eyes of a cat and interact w","{""text_match"": 0.07150107, ""cosine_similarity"": 0.55475193, ""reranker_score"": -2.599227}"
2026-02-10T00:09:10+00:00,CORTEX_DB.RAW.CAT_GAMES_SVC_1_5,default,"third-person cat adventure in a city, no horror, no gore","third-person cat adventure in a city, no horror, no gore",[],,False,,,,balanced_default,0.75,10,100,0,478,478,,01c24ec9-0005-07f0-0001-397a0003f646,,32,32,,5e-06,5e-06,,5e-06,,,,,[],[],[],[],[],[],,,True,[],[],,2,Finding Mosey,0.7613957,2024,English;French;German;Japanese;Simplified Chinese;Spanish - Spain,Family Sharing;Full controller support;Single-player;Steam Achievements,Adventure;RPG,3D;Action;Adventure;Anime;Cats;Colorful;Cute;Exploration;Funny;Mystery;Open World;Puzzle;RPG;Relaxing;Sandbox;Singleplayer;Stealth;Story Rich;Stylized;Third Person,"Finding Mosey is an open world single-player third-person RPG about finding your cat. Successfully funded on Kickstarter! While on a relaxing camping trip with your kitty, you wake up one day to find him missing. This search leads you to deep mysteries about your environment and its relationship with cats. As you explore the landscape and cities, the character you decide to become will determine how destructive or peaceful your search will unfold. Key Features For the fans of BOTW , Goat Simulat","{""text_match"": 0.056193896, ""cosine_similarity"": 0.5227914, ""reranker_score"": -2.3463593}"
2026-02-10T00:09:10+00:00,CORTEX_DB.RAW.CAT_GAMES_SVC_1_5,default,"third-person cat adventure in a city, no horror, no gore","third-person cat adventure in a city, no horror, no gore",[],,False,,,,balanced_default,0.75,10,100,0,478,478,,01c24ec9-0005-07f0-0001-397a0003f646,,32,32,,5e-06,5e-06,,5e-06,,,,,[],[],[],[],[],[],,,True,[],[],,3,Adventures of Human Being,0.80156625,2021,English,Family Sharing;Full controller support;Single-player,Adventure;Indie,2D;Adventure;Assassin;Cats;Choices Matter;Conspiracy;Crime;Dog;Exploration;Linear;Lore-Rich;Minimalist;Pixel Graphics;Political;Puzzle;Retro;Singleplayer;Story Rich;Top-Down;War,"You are hurt and running away from armed men who are hell bent on ending you. You escape just in time to a completely new place. Tired and helpless, you wander around. Until you meet a feline stranger who takes care of you as you heal. You Only Know One Thing, Kill the King . Developing friendship, you find out that the king resides in City 4. Solving a roster of interesting puzzles, with new mechanics introduced in every new city, ride on this adventure. Features: A simple cohesive story keepin","{""text_match"": 0.013835832, ""cosine_similarity"": 0.6031325, ""reranker_score"": -6.189288}"
2026-02-10T00:09:10+00:00,CORTEX_DB.RAW.CAT_GAMES_SVC_1_5,default,"third-person cat adventure in a city, no horror, no gore","third-person cat adventure in a city, no horror, no gore",[],,False,,,,balanced_default,0.75,10,100,0,478,478,,01c24ec9-0005-07f0-0001-397a0003f646,,32,32,,5e-06,5e-06,,5e-06,,,,,[],[],[],[],[],[],,,True,[],[],,4,Cat city,0.77920855,2023,English;Russian,Family Sharing;Full controller support;Single-player;Steam Achievements,Adventure;Casual;Indie,2D;Atmospheric;Casual;Cats;Clicker;Controller;Creature Collector;Cute;Detective;Education;Exploration;Family Friendly;Hand-drawn;Hidden Object;Interactive Fiction;Point & Click;Puzzle;Side Scroller;Singleplayer;Trading Card Game,"'Cat city' is an exciting hidden objects game. In this game, you will have to explore the whole city to find all the cats (and various secrets) and get closer to the goal of making this world and the lives of the cats living in it a little better, and restore their faith in people! The main character will help you figure it out and get comfortable, and tell you about the necessary help in this exciting and extremely important matter! The help of each person is important so that the world becomes","{""text_match"": 0.00715794, ""cosine_similarity"": 0.5584171, ""reranker_score"": -5.4745865}"
2026-02-10T00:09:10+00:00,CORTEX_DB.RAW.CAT_GAMES_SVC_1_5,default,"third-person cat adventure in a city, no horror, no gore","third-person cat adventure in a city, no horror, no gore",[],,False,,,,balanced_default,0.75,10,100,0,478,478,,01c24ec9-0005-07f0-0001-397a0003f646,,32,32,,5e-06,5e-06,,5e-06,,,,,[],[],[],[],[],[],,,True,[],[],,5,Cat Go! Ultimate Challenge,0.7542119,2021,English;Russian;Simplified Chinese,Family Sharing;Single-player;Steam Achievements,Adventure;Casual;Indie,3D;3D Platformer;6DOF;Adventure;Arcade;Atmospheric;Casual;Cats;Character Customization;Cute;Family Friendly;Funny;Minimalist;Open World;Platformer;Relaxing;Runner;Singleplayer;Stylized;Third Person,"Help a cute kitten to save Barsikgrad from unkind looter cats and restore peace in a cozy town. Collect fish on your journey and share it with Kotofei, who will give you many interesting, cute and colorful hats. Make your cat the main mod of the town. Do you know what an infinite engine is? No? So kittens don't know! Explore this strange mechanism in the city and give the cats endless happiness! Show the cat the world! Travel with him to colorful and sometimes not kind places. Any trip is more f","{""text_match"": 0.0049523907, ""cosine_similarity"": 0.5084238, ""reranker_score"": -4.8988667}"
2026-02-10T00:09:10+00:00,CORTEX_DB.RAW.CAT_GAMES_SVC_1_5,default,"third-person cat adventure in a city, no horror, no gore","third-person cat adventure in a city, no horror, no gore",[],,False,,,,balanced_default,0.75,10,100,0,478,478,,01c24ec9-0005-07f0-0001-397a0003f646,,32,32,,5e-06,5e-06,,5e-06,,,,,[],[],[],[],[],[],,,True,[],[],,6,CATRUN,0.76601385,2024,English,Family Sharing;Single-player,Adventure;Casual;Indie,2D;2D Platformer;Action-Adventure;Adventure;Arcade;Casual;Cats;Dystopian;Indie;Physics;Pixel Graphics;Platformer;Precision Platformer;Puzzle;Runner;Singleplayer,"You are waiting for an exciting adventure in a metropolis, where the main character - a cat named Philip - is forced to survive, exploring the city's nooks and crannies and scavenging through garbage dumps in search of food. Life in the city is full of dangers and surprises, but Philip is not one to give up. One day, after a heart-to-heart talk with his faithful friend, a beaver named Bob, Philip decides to change his fate. Bob tells him about a mysterious secret stash that hides the most delici","{""text_match"": 0.017228067, ""cosine_similarity"": 0.5320277, ""reranker_score"": -6.0535316}"
2026-02-10T00:09:10+00:00,CORTEX_DB.RAW.CAT_GAMES_SVC_1_5,default,"third-person cat adventure in a city, no horror, no gore","third-person cat adventure in a city, no horror, no gore",[],,False,,,,balanced_default,0.75,10,100,0,478,478,,01c24ec9-0005-07f0-0001-397a0003f646,,32,32,,5e-06,5e-06,,5e-06,,,,,[],[],[],[],[],[],,,True,[],[],,7,Marfa,0.753112375,2024,English;Russian;Simplified Chinese,Family Sharing;Single-player,Adventure;Indie,2D;Adventure;Atmospheric;Cats;Conversation;Cute;Detective;Emotional;Exploration;First-Person;Hand-drawn;Hidden Object;Investigation;Logic;Modern;Multiple Endings;Puzzle-Platformer;Singleplayer;Story Rich;Stylized,"Cool summer breeze, fluffy clouds and singing birds. What could be more beautiful? — that's what Marfa the cat thought, basking in the sun on the windowsill of the Artist's house. Who is an Artist? This is Marfa's owner. He works hard, but not only on his paintings, but also... on a mysterious plan. What is this plan? — you may ask. The answer to this question is what the kitty Marfa is looking for. The path to the solution will turn the life of a simple home cat upside down, open up a new myste","{""text_match"": 0.004240647, ""cosine_similarity"": 0.50622475, ""reranker_score"": -5.4440002}"
2026-02-10T00:09:10+00:00,CORTEX_DB.RAW.CAT_GAMES_SVC_1_5,default,"third-person cat adventure in a city, no horror, no gore","third-person cat adventure in a city, no horror, no gore",[],,False,,,,balanced_default,0.75,10,100,0,478,478,,01c24ec9-0005-07f0-0001-397a0003f646,,32,32,,5e-06,5e-06,,5e-06,,,,,[],[],[],[],[],[],,,True,[],[],,8,A Street Cat's Tale,0.76850617,2019,English;Japanese;Korean;Traditional Chinese,Family Sharing;Full controller support;Single-player;Steam Achievements;Steam Cloud,Adventure;Indie;Simulation,Adventure;Cats;Cute;Indie;Isometric;Pixel Graphics;Simulation,"'Tale of a street cat' is a story of a baby kitten left alone at the town. it's an adventure game played at the cat's view. you will become a baby kitten to survive with 13days to become an adult cat. [Key Features] ■Hungry little Kitten -It’s inevitable that most cats living on the streets will starve. -Go around the town and get food so the kitten will not starve to death. ■Many NPCs -Many NPCs with their unique personalities. -Some people will get angry when you talk to them, and some people ","{""text_match"": 0.0028827637, ""cosine_similarity"": 0.53701234, ""reranker_score"": -6.4804525}"
2026-02-10T00:09:10+00:00,CORTEX_DB.RAW.CAT_GAMES_SVC_1_5,default,"third-person cat adventure in a city, no horror, no gore","third-person cat adventure in a city, no horror, no gore",[],,False,,,,balanced_default,0.75,10,100,0,478,478,,01c24ec9-0005-07f0-0001-397a0003f646,,32,32,,5e-06,5e-06,,5e-06,,,,,[],[],[],[],[],[],,,True,[],[],,9,Heist Kitty: Multiplayer Cat Simulator Game,0.75223273,2023,English;Japanese,Co-op;Family Sharing;LAN Co-op;Multi-player;Online Co-op;Partial Controller Support;Single-player,Action;Adventure;Casual;Indie;RPG;Racing;Simulation,Action;Adventure;Automobile Sim;Casual;Cats;Co-op;Cute;Exploration;Family Friendly;Funny;Multiplayer;Online Co-Op;Physics;RPG;Racing;Sandbox;Simulation;Singleplayer;Story Rich;Third Person,"An open-world sand-box game where you play as a cat, defying the rules and causing mayhem. Climb, scratch, and pounce your way through the cityscape filled with playful challenges and hidden secrets. Customise your cat, team up with friends and let the adventure begin! Multiplayer Cat Chaos Take your chaos to new heights as you collaborate on the city streets. Hijack cars, cause explosive distractions, and equip a variety of weapons to create the ultimate cat caper. Show off your agile moves wit","{""text_match"": 0.006173967, ""cosine_similarity"": 0.50446546, ""reranker_score"": -5.877123}"
2026-02-10T00:09:10+00:00,CORTEX_DB.RAW.CAT_GAMES_SVC_1_5,default,"third-person cat adventure in a city, no horror, no gore","third-person cat adventure in a city, no horror, no gore",[],,False,,,,balanced_default,0.75,10,100,0,478,478,,01c24ec9-0005-07f0-0001-397a0003f646,,32,32,,5e-06,5e-06,,5e-06,,,,,[],[],[],[],[],[],,,True,[],[],,10,Last Subway,0.76227535,2024,English;French;German;Italian;Japanese;Korean;Polish;Portuguese - Portugal;Russian;Simplified Chinese;Spanish - Spain;Vietnamese,Family Sharing;Single-player,Adventure;Indie;RPG,Adventure;Atmospheric;Cats;Cinematic;Drama;Emotional;First-Person;Horror;Indie;Mystery;Narration;Philosophical;Psychedelic;Psychological;Psychological Horror;Puzzle;Singleplayer;Story Rich;Supernatural;Surreal,"*Before introducing the game, I want to tell everyone why I made it. I once saw a documentary online about a warrior named Nike from the international animal protection organization, the Anti-Poaching Alliance, and his fight against poachers in Africa. The documentary moved me, especially the moment when Nike was unfortunately shot and killed. I felt I needed to do something, and that's how the idea for 'Last Subway' came about. I hope 'Last Subway' will draw more attention to such people and or","{""text_match"": 0.010882946, ""cosine_similarity"": 0.5245507, ""reranker_score"": -6.609909}"
2026-02-10T00:09:12+00:00,CORTEX_DB.RAW.CAT_GAMES_SVC_1_5,default,"third-person cat adventure in a city, no horror, no gore","third-person cat adventure in a city, no horror, no gore",[],,False,,,,keyword_focus,0.3,10,100,0,482,482,,01c24ec9-0005-07a7-0001-397a0003eb3a,,30,30,,4e-06,4e-06,,4e-06,,,,,[],[],[],[],[],[],,,True,[],[],,1,Stray,0.7773759650000001,2022,Dutch;English;French;German;Italian;Japanese;Korean;Polish;Portuguese - Brazil;Portuguese - Portugal;Russian;Simplified Chinese;Spanish - Latin America;Spanish - Spain;Traditional Chinese;Turkish,Family Sharing;Full controller support;Remote Play on TV;Single-player;Steam Achievements;Steam Cloud;Steam Trading Cards,Adventure;Indie,Action;Adventure;Atmospheric;Beautiful;Cats;Colorful;Cute;Cyberpunk;Dystopian;Exploration;Horror;Indie;Mystery;Open World;Puzzle;Robots;Sci-fi;Singleplayer;Stealth;Third Person,"Lost, alone and separated from family, a stray cat must untangle an ancient mystery to escape a long-forgotten city. Stray is a third-person cat adventure game set amidst the detailed, neon-lit alleys of a decaying cybercity and the murky environments of its seedy underbelly. Roam surroundings high and low, defend against unforeseen threats and solve the mysteries of this unwelcoming place inhabited by curious droids and dangerous creatures. See the world through the eyes of a cat and interact w","{""text_match"": 0.07150107, ""cosine_similarity"": 0.55475193, ""reranker_score"": -2.599227}"
2026-02-10T00:09:12+00:00,CORTEX_DB.RAW.CAT_GAMES_SVC_1_5,default,"third-person cat adventure in a city, no horror, no gore","third-person cat adventure in a city, no horror, no gore",[],,False,,,,keyword_focus,0.3,10,100,0,482,482,,01c24ec9-0005-07a7-0001-397a0003eb3a,,30,30,,4e-06,4e-06,,4e-06,,,,,[],[],[],[],[],[],,,True,[],[],,2,Finding Mosey,0.7613957,2024,English;French;German;Japanese;Simplified Chinese;Spanish - Spain,Family Sharing;Full controller support;Single-player;Steam Achievements,Adventure;RPG,3D;Action;Adventure;Anime;Cats;Colorful;Cute;Exploration;Funny;Mystery;Open World;Puzzle;RPG;Relaxing;Sandbox;Singleplayer;Stealth;Story Rich;Stylized;Third Person,"Finding Mosey is an open world single-player third-person RPG about finding your cat. Successfully funded on Kickstarter! While on a relaxing camping trip with your kitty, you wake up one day to find him missing. This search leads you to deep mysteries about your environment and its relationship with cats. As you explore the landscape and cities, the character you decide to become will determine how destructive or peaceful your search will unfold. Key Features For the fans of BOTW , Goat Simulat","{""text_match"": 0.056193896, ""cosine_similarity"": 0.5227914, ""reranker_score"": -2.3463593}"
2026-02-10T00:09:12+00:00,CORTEX_DB.RAW.CAT_GAMES_SVC_1_5,default,"third-person cat adventure in a city, no horror, no gore","third-person cat adventure in a city, no horror, no gore",[],,False,,,,keyword_focus,0.3,10,100,0,482,482,,01c24ec9-0005-07a7-0001-397a0003eb3a,,30,30,,4e-06,4e-06,,4e-06,,,,,[],[],[],[],[],[],,,True,[],[],,3,Adventures of Human Being,0.80156625,2021,English,Family Sharing;Full controller support;Single-player,Adventure;Indie,2D;Adventure;Assassin;Cats;Choices Matter;Conspiracy;Crime;Dog;Exploration;Linear;Lore-Rich;Minimalist;Pixel Graphics;Political;Puzzle;Retro;Singleplayer;Story Rich;Top-Down;War,"You are hurt and running away from armed men who are hell bent on ending you. You escape just in time to a completely new place. Tired and helpless, you wander around. Until you meet a feline stranger who takes care of you as you heal. You Only Know One Thing, Kill the King . Developing friendship, you find out that the king resides in City 4. Solving a roster of interesting puzzles, with new mechanics introduced in every new city, ride on this adventure. Features: A simple cohesive story keepin","{""text_match"": 0.013835832, ""cosine_similarity"": 0.6031325, ""reranker_score"": -6.189288}"
2026-02-10T00:09:12+00:00,CORTEX_DB.RAW.CAT_GAMES_SVC_1_5,default,"third-person cat adventure in a city, no horror, no gore","third-person cat adventure in a city, no horror, no gore",[],,False,,,,keyword_focus,0.3,10,100,0,482,482,,01c24ec9-0005-07a7-0001-397a0003eb3a,,30,30,,4e-06,4e-06,,4e-06,,,,,[],[],[],[],[],[],,,True,[],[],,4,Cat city,0.77920855,2023,English;Russian,Family Sharing;Full controller support;Single-player;Steam Achievements,Adventure;Casual;Indie,2D;Atmospheric;Casual;Cats;Clicker;Controller;Creature Collector;Cute;Detective;Education;Exploration;Family Friendly;Hand-drawn;Hidden Object;Interactive Fiction;Point & Click;Puzzle;Side Scroller;Singleplayer;Trading Card Game,"'Cat city' is an exciting hidden objects game. In this game, you will have to explore the whole city to find all the cats (and various secrets) and get closer to the goal of making this world and the lives of the cats living in it a little better, and restore their faith in people! The main character will help you figure it out and get comfortable, and tell you about the necessary help in this exciting and extremely important matter! The help of each person is important so that the world becomes","{""text_match"": 0.00715794, ""cosine_similarity"": 0.5584171, ""reranker_score"": -5.4745865}"
2026-02-10T00:09:12+00:00,CORTEX_DB.RAW.CAT_GAMES_SVC_1_5,default,"third-person cat adventure in a city, no horror, no gore","third-person cat adventure in a city, no horror, no gore",[],,False,,,,keyword_focus,0.3,10,100,0,482,482,,01c24ec9-0005-07a7-0001-397a0003eb3a,,30,30,,4e-06,4e-06,,4e-06,,,,,[],[],[],[],[],[],,,True,[],[],,5,The Cat! Porfirio's Adventure,0.747321365,2016,English;Russian,Family Sharing;Partial Controller Support;Single-player;Steam Achievements;Steam Trading Cards,Action;Adventure;Indie,3D Platformer;Action;Action-Adventure;Adventure;Atmospheric;Cartoony;Cats;Colorful;Conversation;Cute;Family Friendly;Indie;Memes;Nonlinear;Open World;Short;Simulation;Singleplayer;Stylized;Third Person,"Porfirio's amazing adventures in the village. Porfirio is a cat — a couch potato, a philosopher, a family pet, just a regular cat happily living with an ordinary family in a city. His lazy life is interrupted when his little owner is sent to the countryside to live with her grandparents for the summer. Naturally, she takes her best friend Porfirio with her. For an urban cat, the village is a nightmare! Instead of pillows and blankets you get a pile of straw in the barn; instead of canned cat foo","{""text_match"": 0.03867439, ""cosine_similarity"": 0.49464273, ""reranker_score"": -4.184849}"
2026-02-10T00:09:12+00:00,CORTEX_DB.RAW.CAT_GAMES_SVC_1_5,default,"third-person cat adventure in a city, no horror, no gore","third-person cat adventure in a city, no horror, no gore",[],,False,,,,keyword_focus,0.3,10,100,0,482,482,,01c24ec9-0005-07a7-0001-397a0003eb3a,,30,30,,4e-06,4e-06,,4e-06,,,,,[],[],[],[],[],[],,,True,[],[],,6,Cat Go! Ultimate Challenge,0.7542119,2021,English;Russian;Simplified Chinese,Family Sharing;Single-player;Steam Achievements,Adventure;Casual;Indie,3D;3D Platformer;6DOF;Adventure;Arcade;Atmospheric;Casual;Cats;Character Customization;Cute;Family Friendly;Funny;Minimalist;Open World;Platformer;Relaxing;Runner;Singleplayer;Stylized;Third Person,"Help a cute kitten to save Barsikgrad from unkind looter cats and restore peace in a cozy town. Collect fish on your journey and share it with Kotofei, who will give you many interesting, cute and colorful hats. Make your cat the main mod of the town. Do you know what an infinite engine is? No? So kittens don't know! Explore this strange mechanism in the city and give the cats endless happiness! Show the cat the world! Travel with him to colorful and sometimes not kind places. Any trip is more f","{""text_match"": 0.0049523907, ""cosine_similarity"": 0.5084238, ""reranker_score"": -4.8988667}"
2026-02-10T00:09:12+00:00,CORTEX_DB.RAW.CAT_GAMES_SVC_1_5,default,"third-person cat adventure in a city, no horror, no gore","third-person cat adventure in a city, no horror, no gore",[],,False,,,,keyword_focus,0.3,10,100,0,482,482,,01c24ec9-0005-07a7-0001-397a0003eb3a,,30,30,,4e-06,4e-06,,4e-06,,,,,[],[],[],[],[],[],,,True,[],[],,7,CATRUN,0.76601385,2024,English,Family Sharing;Single-player,Adventure;Casual;Indie,2D;2D Platformer;Action-Adventure;Adventure;Arcade;Casual;Cats;Dystopian;Indie;Physics;Pixel Graphics;Platformer;Precision Platformer;Puzzle;Runner;Singleplayer,"You are waiting for an exciting adventure in a metropolis, where the main character - a cat named Philip - is forced to survive, exploring the city's nooks and crannies and scavenging through garbage dumps in search of food. Life in the city is full of dangers and surprises, but Philip is not one to give up. One day, after a heart-to-heart talk with his faithful friend, a beaver named Bob, Philip decides to change his fate. Bob tells him about a mysterious secret stash that hides the most delici","{""text_match"": 0.017228067, ""cosine_similarity"": 0.5320277, ""reranker_score"": -6.0535316}"
2026-02-10T00:09:12+00:00,CORTEX_DB.RAW.CAT_GAMES_SVC_1_5,default,"third-person cat adventure in a city, no horror, no gore","third-person cat adventure in a city, no horror, no gore",[],,False,,,,keyword_focus,0.3,10,100,0,482,482,,01c24ec9-0005-07a7-0001-397a0003eb3a,,30,30,,4e-06,4e-06,,4e-06,,,,,[],[],[],[],[],[],,,True,[],[],,8,Marfa,0.753112375,2024,English;Russian;Simplified Chinese,Family Sharing;Single-player,Adventure;Indie,2D;Adventure;Atmospheric;Cats;Conversation;Cute;Detective;Emotional;Exploration;First-Person;Hand-drawn;Hidden Object;Investigation;Logic;Modern;Multiple Endings;Puzzle-Platformer;Singleplayer;Story Rich;Stylized,"Cool summer breeze, fluffy clouds and singing birds. What could be more beautiful? — that's what Marfa the cat thought, basking in the sun on the windowsill of the Artist's house. Who is an Artist? This is Marfa's owner. He works hard, but not only on his paintings, but also... on a mysterious plan. What is this plan? — you may ask. The answer to this question is what the kitty Marfa is looking for. The path to the solution will turn the life of a simple home cat upside down, open up a new myste","{""text_match"": 0.004240647, ""cosine_similarity"": 0.50622475, ""reranker_score"": -5.4440002}"
2026-02-10T00:09:12+00:00,CORTEX_DB.RAW.CAT_GAMES_SVC_1_5,default,"third-person cat adventure in a city, no horror, no gore","third-person cat adventure in a city, no horror, no gore",[],,False,,,,keyword_focus,0.3,10,100,0,482,482,,01c24ec9-0005-07a7-0001-397a0003eb3a,,30,30,,4e-06,4e-06,,4e-06,,,,,[],[],[],[],[],[],,,True,[],[],,9,A Street Cat's Tale,0.76850617,2019,English;Japanese;Korean;Traditional Chinese,Family Sharing;Full controller support;Single-player;Steam Achievements;Steam Cloud,Adventure;Indie;Simulation,Adventure;Cats;Cute;Indie;Isometric;Pixel Graphics;Simulation,"'Tale of a street cat' is a story of a baby kitten left alone at the town. it's an adventure game played at the cat's view. you will become a baby kitten to survive with 13days to become an adult cat. [Key Features] ■Hungry little Kitten -It’s inevitable that most cats living on the streets will starve. -Go around the town and get food so the kitten will not starve to death. ■Many NPCs -Many NPCs with their unique personalities. -Some people will get angry when you talk to them, and some people ","{""text_match"": 0.0028827637, ""cosine_similarity"": 0.53701234, ""reranker_score"": -6.4804525}"
2026-02-10T00:09:12+00:00,CORTEX_DB.RAW.CAT_GAMES_SVC_1_5,default,"third-person cat adventure in a city, no horror, no gore","third-person cat adventure in a city, no horror, no gore",[],,False,,,,keyword_focus,0.3,10,100,0,482,482,,01c24ec9-0005-07a7-0001-397a0003eb3a,,30,30,,4e-06,4e-06,,4e-06,,,,,[],[],[],[],[],[],,,True,[],[],,10,Heist Kitty: Multiplayer Cat Simulator Game,0.75223273,2023,English;Japanese,Co-op;Family Sharing;LAN Co-op;Multi-player;Online Co-op;Partial Controller Support;Single-player,Action;Adventure;Casual;Indie;RPG;Racing;Simulation,Action;Adventure;Automobile Sim;Casual;Cats;Co-op;Cute;Exploration;Family Friendly;Funny;Multiplayer;Online Co-Op;Physics;RPG;Racing;Sandbox;Simulation;Singleplayer;Story Rich;Third Person,"An open-world sand-box game where you play as a cat, defying the rules and causing mayhem. Climb, scratch, and pounce your way through the cityscape filled with playful challenges and hidden secrets. Customise your cat, team up with friends and let the adventure begin! Multiplayer Cat Chaos Take your chaos to new heights as you collaborate on the city streets. Hijack cars, cause explosive distractions, and equip a variety of weapons to create the ultimate cat caper. Show off your agile moves wit","{""text_match"": 0.006173967, ""cosine_similarity"": 0.50446546, ""reranker_score"": -5.877123}"
2026-02-10T00:09:13+00:00,CORTEX_DB.RAW.CAT_GAMES_SVC_1_5,default,"third-person cat adventure in a city, no horror, no gore","third-person cat adventure in a city, no horror, no gore",[],,False,,,,keyword_focus,0.65,10,100,0,508,508,,01c24ec9-0005-07ef-0001-397a00041246,,41,41,,6e-06,6e-06,,6e-06,,,,,[],[],[],[],[],[],,,True,[],[],,1,Stray,0.7773759650000001,2022,Dutch;English;French;German;Italian;Japanese;Korean;Polish;Portuguese - Brazil;Portuguese - Portugal;Russian;Simplified Chinese;Spanish - Latin America;Spanish - Spain;Traditional Chinese;Turkish,Family Sharing;Full controller support;Remote Play on TV;Single-player;Steam Achievements;Steam Cloud;Steam Trading Cards,Adventure;Indie,Action;Adventure;Atmospheric;Beautiful;Cats;Colorful;Cute;Cyberpunk;Dystopian;Exploration;Horror;Indie;Mystery;Open World;Puzzle;Robots;Sci-fi;Singleplayer;Stealth;Third Person,"Lost, alone and separated from family, a stray cat must untangle an ancient mystery to escape a long-forgotten city. Stray is a third-person cat adventure game set amidst the detailed, neon-lit alleys of a decaying cybercity and the murky environments of its seedy underbelly. Roam surroundings high and low, defend against unforeseen threats and solve the mysteries of this unwelcoming place inhabited by curious droids and dangerous creatures. See the world through the eyes of a cat and interact w","{""text_match"": 0.07150107, ""cosine_similarity"": 0.55475193, ""reranker_score"": -2.599227}"
2026-02-10T00:09:13+00:00,CORTEX_DB.RAW.CAT_GAMES_SVC_1_5,default,"third-person cat adventure in a city, no horror, no gore","third-person cat adventure in a city, no horror, no gore",[],,False,,,,keyword_focus,0.65,10,100,0,508,508,,01c24ec9-0005-07ef-0001-397a00041246,,41,41,,6e-06,6e-06,,6e-06,,,,,[],[],[],[],[],[],,,True,[],[],,2,Finding Mosey,0.7613957,2024,English;French;German;Japanese;Simplified Chinese;Spanish - Spain,Family Sharing;Full controller support;Single-player;Steam Achievements,Adventure;RPG,3D;Action;Adventure;Anime;Cats;Colorful;Cute;Exploration;Funny;Mystery;Open World;Puzzle;RPG;Relaxing;Sandbox;Singleplayer;Stealth;Story Rich;Stylized;Third Person,"Finding Mosey is an open world single-player third-person RPG about finding your cat. Successfully funded on Kickstarter! While on a relaxing camping trip with your kitty, you wake up one day to find him missing. This search leads you to deep mysteries about your environment and its relationship with cats. As you explore the landscape and cities, the character you decide to become will determine how destructive or peaceful your search will unfold. Key Features For the fans of BOTW , Goat Simulat","{""text_match"": 0.056193896, ""cosine_similarity"": 0.5227914, ""reranker_score"": -2.3463593}"
2026-02-10T00:09:13+00:00,CORTEX_DB.RAW.CAT_GAMES_SVC_1_5,default,"third-person cat adventure in a city, no horror, no gore","third-person cat adventure in a city, no horror, no gore",[],,False,,,,keyword_focus,0.65,10,100,0,508,508,,01c24ec9-0005-07ef-0001-397a00041246,,41,41,,6e-06,6e-06,,6e-06,,,,,[],[],[],[],[],[],,,True,[],[],,3,Adventures of Human Being,0.80156625,2021,English,Family Sharing;Full controller support;Single-player,Adventure;Indie,2D;Adventure;Assassin;Cats;Choices Matter;Conspiracy;Crime;Dog;Exploration;Linear;Lore-Rich;Minimalist;Pixel Graphics;Political;Puzzle;Retro;Singleplayer;Story Rich;Top-Down;War,"You are hurt and running away from armed men who are hell bent on ending you. You escape just in time to a completely new place. Tired and helpless, you wander around. Until you meet a feline stranger who takes care of you as you heal. You Only Know One Thing, Kill the King . Developing friendship, you find out that the king resides in City 4. Solving a roster of interesting puzzles, with new mechanics introduced in every new city, ride on this adventure. Features: A simple cohesive story keepin","{""text_match"": 0.013835832, ""cosine_similarity"": 0.6031325, ""reranker_score"": -6.189288}"
2026-02-10T00:09:13+00:00,CORTEX_DB.RAW.CAT_GAMES_SVC_1_5,default,"third-person cat adventure in a city, no horror, no gore","third-person cat adventure in a city, no horror, no gore",[],,False,,,,keyword_focus,0.65,10,100,0,508,508,,01c24ec9-0005-07ef-0001-397a00041246,,41,41,,6e-06,6e-06,,6e-06,,,,,[],[],[],[],[],[],,,True,[],[],,4,Cat city,0.77920855,2023,English;Russian,Family Sharing;Full controller support;Single-player;Steam Achievements,Adventure;Casual;Indie,2D;Atmospheric;Casual;Cats;Clicker;Controller;Creature Collector;Cute;Detective;Education;Exploration;Family Friendly;Hand-drawn;Hidden Object;Interactive Fiction;Point & Click;Puzzle;Side Scroller;Singleplayer;Trading Card Game,"'Cat city' is an exciting hidden objects game. In this game, you will have to explore the whole city to find all the cats (and various secrets) and get closer to the goal of making this world and the lives of the cats living in it a little better, and restore their faith in people! The main character will help you figure it out and get comfortable, and tell you about the necessary help in this exciting and extremely important matter! The help of each person is important so that the world becomes","{""text_match"": 0.00715794, ""cosine_similarity"": 0.5584171, ""reranker_score"": -5.4745865}"
2026-02-10T00:09:13+00:00,CORTEX_DB.RAW.CAT_GAMES_SVC_1_5,default,"third-person cat adventure in a city, no horror, no gore","third-person cat adventure in a city, no horror, no gore",[],,False,,,,keyword_focus,0.65,10,100,0,508,508,,01c24ec9-0005-07ef-0001-397a00041246,,41,41,,6e-06,6e-06,,6e-06,,,,,[],[],[],[],[],[],,,True,[],[],,5,The Cat! Porfirio's Adventure,0.747321365,2016,English;Russian,Family Sharing;Partial Controller Support;Single-player;Steam Achievements;Steam Trading Cards,Action;Adventure;Indie,3D Platformer;Action;Action-Adventure;Adventure;Atmospheric;Cartoony;Cats;Colorful;Conversation;Cute;Family Friendly;Indie;Memes;Nonlinear;Open World;Short;Simulation;Singleplayer;Stylized;Third Person,"Porfirio's amazing adventures in the village. Porfirio is a cat — a couch potato, a philosopher, a family pet, just a regular cat happily living with an ordinary family in a city. His lazy life is interrupted when his little owner is sent to the countryside to live with her grandparents for the summer. Naturally, she takes her best friend Porfirio with her. For an urban cat, the village is a nightmare! Instead of pillows and blankets you get a pile of straw in the barn; instead of canned cat foo","{""text_match"": 0.03867439, ""cosine_similarity"": 0.49464273, ""reranker_score"": -4.184849}"
2026-02-10T00:09:13+00:00,CORTEX_DB.RAW.CAT_GAMES_SVC_1_5,default,"third-person cat adventure in a city, no horror, no gore","third-person cat adventure in a city, no horror, no gore",[],,False,,,,keyword_focus,0.65,10,100,0,508,508,,01c24ec9-0005-07ef-0001-397a00041246,,41,41,,6e-06,6e-06,,6e-06,,,,,[],[],[],[],[],[],,,True,[],[],,6,Cat Go! Ultimate Challenge,0.7542119,2021,English;Russian;Simplified Chinese,Family Sharing;Single-player;Steam Achievements,Adventure;Casual;Indie,3D;3D Platformer;6DOF;Adventure;Arcade;Atmospheric;Casual;Cats;Character Customization;Cute;Family Friendly;Funny;Minimalist;Open World;Platformer;Relaxing;Runner;Singleplayer;Stylized;Third Person,"Help a cute kitten to save Barsikgrad from unkind looter cats and restore peace in a cozy town. Collect fish on your journey and share it with Kotofei, who will give you many interesting, cute and colorful hats. Make your cat the main mod of the town. Do you know what an infinite engine is? No? So kittens don't know! Explore this strange mechanism in the city and give the cats endless happiness! Show the cat the world! Travel with him to colorful and sometimes not kind places. Any trip is more f","{""text_match"": 0.0049523907, ""cosine_similarity"": 0.5084238, ""reranker_score"": -4.8988667}"
2026-02-10T00:09:13+00:00,CORTEX_DB.RAW.CAT_GAMES_SVC_1_5,default,"third-person cat adventure in a city, no horror, no gore","third-person cat adventure in a city, no horror, no gore",[],,False,,,,keyword_focus,0.65,10,100,0,508,508,,01c24ec9-0005-07ef-0001-397a00041246,,41,41,,6e-06,6e-06,,6e-06,,,,,[],[],[],[],[],[],,,True,[],[],,7,CATRUN,0.76601385,2024,English,Family Sharing;Single-player,Adventure;Casual;Indie,2D;2D Platformer;Action-Adventure;Adventure;Arcade;Casual;Cats;Dystopian;Indie;Physics;Pixel Graphics;Platformer;Precision Platformer;Puzzle;Runner;Singleplayer,"You are waiting for an exciting adventure in a metropolis, where the main character - a cat named Philip - is forced to survive, exploring the city's nooks and crannies and scavenging through garbage dumps in search of food. Life in the city is full of dangers and surprises, but Philip is not one to give up. One day, after a heart-to-heart talk with his faithful friend, a beaver named Bob, Philip decides to change his fate. Bob tells him about a mysterious secret stash that hides the most delici","{""text_match"": 0.017228067, ""cosine_similarity"": 0.5320277, ""reranker_score"": -6.0535316}"
2026-02-10T00:09:13+00:00,CORTEX_DB.RAW.CAT_GAMES_SVC_1_5,default,"third-person cat adventure in a city, no horror, no gore","third-person cat adventure in a city, no horror, no gore",[],,False,,,,keyword_focus,0.65,10,100,0,508,508,,01c24ec9-0005-07ef-0001-397a00041246,,41,41,,6e-06,6e-06,,6e-06,,,,,[],[],[],[],[],[],,,True,[],[],,8,Marfa,0.753112375,2024,English;Russian;Simplified Chinese,Family Sharing;Single-player,Adventure;Indie,2D;Adventure;Atmospheric;Cats;Conversation;Cute;Detective;Emotional;Exploration;First-Person;Hand-drawn;Hidden Object;Investigation;Logic;Modern;Multiple Endings;Puzzle-Platformer;Singleplayer;Story Rich;Stylized,"Cool summer breeze, fluffy clouds and singing birds. What could be more beautiful? — that's what Marfa the cat thought, basking in the sun on the windowsill of the Artist's house. Who is an Artist? This is Marfa's owner. He works hard, but not only on his paintings, but also... on a mysterious plan. What is this plan? — you may ask. The answer to this question is what the kitty Marfa is looking for. The path to the solution will turn the life of a simple home cat upside down, open up a new myste","{""text_match"": 0.004240647, ""cosine_similarity"": 0.50622475, ""reranker_score"": -5.4440002}"
2026-02-10T00:09:13+00:00,CORTEX_DB.RAW.CAT_GAMES_SVC_1_5,default,"third-person cat adventure in a city, no horror, no gore","third-person cat adventure in a city, no horror, no gore",[],,False,,,,keyword_focus,0.65,10,100,0,508,508,,01c24ec9-0005-07ef-0001-397a00041246,,41,41,,6e-06,6e-06,,6e-06,,,,,[],[],[],[],[],[],,,True,[],[],,9,A Street Cat's Tale,0.76850617,2019,English;Japanese;Korean;Traditional Chinese,Family Sharing;Full controller support;Single-player;Steam Achievements;Steam Cloud,Adventure;Indie;Simulation,Adventure;Cats;Cute;Indie;Isometric;Pixel Graphics;Simulation,"'Tale of a street cat' is a story of a baby kitten left alone at the town. it's an adventure game played at the cat's view. you will become a baby kitten to survive with 13days to become an adult cat. [Key Features] ■Hungry little Kitten -It’s inevitable that most cats living on the streets will starve. -Go around the town and get food so the kitten will not starve to death. ■Many NPCs -Many NPCs with their unique personalities. -Some people will get angry when you talk to them, and some people ","{""text_match"": 0.0028827637, ""cosine_similarity"": 0.53701234, ""reranker_score"": -6.4804525}"
2026-02-10T00:09:13+00:00,CORTEX_DB.RAW.CAT_GAMES_SVC_1_5,default,"third-person cat adventure in a city, no horror, no gore","third-person cat adventure in a city, no horror, no gore",[],,False,,,,keyword_focus,0.65,10,100,0,508,508,,01c24ec9-0005-07ef-0001-397a00041246,,41,41,,6e-06,6e-06,,6e-06,,,,,[],[],[],[],[],[],,,True,[],[],,10,Heist Kitty: Multiplayer Cat Simulator Game,0.75223273,2023,English;Japanese,Co-op;Family Sharing;LAN Co-op;Multi-player;Online Co-op;Partial Controller Support;Single-player,Action;Adventure;Casual;Indie;RPG;Racing;Simulation,Action;Adventure;Automobile Sim;Casual;Cats;Co-op;Cute;Exploration;Family Friendly;Funny;Multiplayer;Online Co-Op;Physics;RPG;Racing;Sandbox;Simulation;Singleplayer;Story Rich;Third Person,"An open-world sand-box game where you play as a cat, defying the rules and causing mayhem. Climb, scratch, and pounce your way through the cityscape filled with playful challenges and hidden secrets. Customise your cat, team up with friends and let the adventure begin! Multiplayer Cat Chaos Take your chaos to new heights as you collaborate on the city streets. Hijack cars, cause explosive distractions, and equip a variety of weapons to create the ultimate cat caper. Show off your agile moves wit","{""text_match"": 0.006173967, ""cosine_similarity"": 0.50446546, ""reranker_score"": -5.877123}"
2026-02-10T00:09:16+00:00,CORTEX_DB.RAW.CAT_GAMES_SVC_1_5,default,"third-person cat adventure in a city, no horror, no gore","third-person cat adventure in a city, no horror, no gore",[],,False,,,,keyword_focus,0.75,10,100,0,501,501,,01c24ec9-0005-07c5-0001-397a0004071a,,51,51,,8e-06,8e-06,,8e-06,,,,,[],[],[],[],[],[],,,True,[],[],,1,Stray,0.7773759650000001,2022,Dutch;English;French;German;Italian;Japanese;Korean;Polish;Portuguese - Brazil;Portuguese - Portugal;Russian;Simplified Chinese;Spanish - Latin America;Spanish - Spain;Traditional Chinese;Turkish,Family Sharing;Full controller support;Remote Play on TV;Single-player;Steam Achievements;Steam Cloud;Steam Trading Cards,Adventure;Indie,Action;Adventure;Atmospheric;Beautiful;Cats;Colorful;Cute;Cyberpunk;Dystopian;Exploration;Horror;Indie;Mystery;Open World;Puzzle;Robots;Sci-fi;Singleplayer;Stealth;Third Person,"Lost, alone and separated from family, a stray cat must untangle an ancient mystery to escape a long-forgotten city. Stray is a third-person cat adventure game set amidst the detailed, neon-lit alleys of a decaying cybercity and the murky environments of its seedy underbelly. Roam surroundings high and low, defend against unforeseen threats and solve the mysteries of this unwelcoming place inhabited by curious droids and dangerous creatures. See the world through the eyes of a cat and interact w","{""text_match"": 0.07150107, ""cosine_similarity"": 0.55475193, ""reranker_score"": -2.599227}"
2026-02-10T00:09:16+00:00,CORTEX_DB.RAW.CAT_GAMES_SVC_1_5,default,"third-person cat adventure in a city, no horror, no gore","third-person cat adventure in a city, no horror, no gore",[],,False,,,,keyword_focus,0.75,10,100,0,501,501,,01c24ec9-0005-07c5-0001-397a0004071a,,51,51,,8e-06,8e-06,,8e-06,,,,,[],[],[],[],[],[],,,True,[],[],,2,Finding Mosey,0.7613957,2024,English;French;German;Japanese;Simplified Chinese;Spanish - Spain,Family Sharing;Full controller support;Single-player;Steam Achievements,Adventure;RPG,3D;Action;Adventure;Anime;Cats;Colorful;Cute;Exploration;Funny;Mystery;Open World;Puzzle;RPG;Relaxing;Sandbox;Singleplayer;Stealth;Story Rich;Stylized;Third Person,"Finding Mosey is an open world single-player third-person RPG about finding your cat. Successfully funded on Kickstarter! While on a relaxing camping trip with your kitty, you wake up one day to find him missing. This search leads you to deep mysteries about your environment and its relationship with cats. As you explore the landscape and cities, the character you decide to become will determine how destructive or peaceful your search will unfold. Key Features For the fans of BOTW , Goat Simulat","{""text_match"": 0.056193896, ""cosine_similarity"": 0.5227914, ""reranker_score"": -2.3463593}"
2026-02-10T00:09:16+00:00,CORTEX_DB.RAW.CAT_GAMES_SVC_1_5,default,"third-person cat adventure in a city, no horror, no gore","third-person cat adventure in a city, no horror, no gore",[],,False,,,,keyword_focus,0.75,10,100,0,501,501,,01c24ec9-0005-07c5-0001-397a0004071a,,51,51,,8e-06,8e-06,,8e-06,,,,,[],[],[],[],[],[],,,True,[],[],,3,Adventures of Human Being,0.80156625,2021,English,Family Sharing;Full controller support;Single-player,Adventure;Indie,2D;Adventure;Assassin;Cats;Choices Matter;Conspiracy;Crime;Dog;Exploration;Linear;Lore-Rich;Minimalist;Pixel Graphics;Political;Puzzle;Retro;Singleplayer;Story Rich;Top-Down;War,"You are hurt and running away from armed men who are hell bent on ending you. You escape just in time to a completely new place. Tired and helpless, you wander around. Until you meet a feline stranger who takes care of you as you heal. You Only Know One Thing, Kill the King . Developing friendship, you find out that the king resides in City 4. Solving a roster of interesting puzzles, with new mechanics introduced in every new city, ride on this adventure. Features: A simple cohesive story keepin","{""text_match"": 0.013835832, ""cosine_similarity"": 0.6031325, ""reranker_score"": -6.189288}"
2026-02-10T00:09:16+00:00,CORTEX_DB.RAW.CAT_GAMES_SVC_1_5,default,"third-person cat adventure in a city, no horror, no gore","third-person cat adventure in a city, no horror, no gore",[],,False,,,,keyword_focus,0.75,10,100,0,501,501,,01c24ec9-0005-07c5-0001-397a0004071a,,51,51,,8e-06,8e-06,,8e-06,,,,,[],[],[],[],[],[],,,True,[],[],,4,Cat city,0.77920855,2023,English;Russian,Family Sharing;Full controller support;Single-player;Steam Achievements,Adventure;Casual;Indie,2D;Atmospheric;Casual;Cats;Clicker;Controller;Creature Collector;Cute;Detective;Education;Exploration;Family Friendly;Hand-drawn;Hidden Object;Interactive Fiction;Point & Click;Puzzle;Side Scroller;Singleplayer;Trading Card Game,"'Cat city' is an exciting hidden objects game. In this game, you will have to explore the whole city to find all the cats (and various secrets) and get closer to the goal of making this world and the lives of the cats living in it a little better, and restore their faith in people! The main character will help you figure it out and get comfortable, and tell you about the necessary help in this exciting and extremely important matter! The help of each person is important so that the world becomes","{""text_match"": 0.00715794, ""cosine_similarity"": 0.5584171, ""reranker_score"": -5.4745865}"
2026-02-10T00:09:16+00:00,CORTEX_DB.RAW.CAT_GAMES_SVC_1_5,default,"third-person cat adventure in a city, no horror, no gore","third-person cat adventure in a city, no horror, no gore",[],,False,,,,keyword_focus,0.75,10,100,0,501,501,,01c24ec9-0005-07c5-0001-397a0004071a,,51,51,,8e-06,8e-06,,8e-06,,,,,[],[],[],[],[],[],,,True,[],[],,5,Cat Go! Ultimate Challenge,0.7542119,2021,English;Russian;Simplified Chinese,Family Sharing;Single-player;Steam Achievements,Adventure;Casual;Indie,3D;3D Platformer;6DOF;Adventure;Arcade;Atmospheric;Casual;Cats;Character Customization;Cute;Family Friendly;Funny;Minimalist;Open World;Platformer;Relaxing;Runner;Singleplayer;Stylized;Third Person,"Help a cute kitten to save Barsikgrad from unkind looter cats and restore peace in a cozy town. Collect fish on your journey and share it with Kotofei, who will give you many interesting, cute and colorful hats. Make your cat the main mod of the town. Do you know what an infinite engine is? No? So kittens don't know! Explore this strange mechanism in the city and give the cats endless happiness! Show the cat the world! Travel with him to colorful and sometimes not kind places. Any trip is more f","{""text_match"": 0.0049523907, ""cosine_similarity"": 0.5084238, ""reranker_score"": -4.8988667}"
2026-02-10T00:09:16+00:00,CORTEX_DB.RAW.CAT_GAMES_SVC_1_5,default,"third-person cat adventure in a city, no horror, no gore","third-person cat adventure in a city, no horror, no gore",[],,False,,,,keyword_focus,0.75,10,100,0,501,501,,01c24ec9-0005-07c5-0001-397a0004071a,,51,51,,8e-06,8e-06,,8e-06,,,,,[],[],[],[],[],[],,,True,[],[],,6,CATRUN,0.76601385,2024,English,Family Sharing;Single-player,Adventure;Casual;Indie,2D;2D Platformer;Action-Adventure;Adventure;Arcade;Casual;Cats;Dystopian;Indie;Physics;Pixel Graphics;Platformer;Precision Platformer;Puzzle;Runner;Singleplayer,"You are waiting for an exciting adventure in a metropolis, where the main character - a cat named Philip - is forced to survive, exploring the city's nooks and crannies and scavenging through garbage dumps in search of food. Life in the city is full of dangers and surprises, but Philip is not one to give up. One day, after a heart-to-heart talk with his faithful friend, a beaver named Bob, Philip decides to change his fate. Bob tells him about a mysterious secret stash that hides the most delici","{""text_match"": 0.017228067, ""cosine_similarity"": 0.5320277, ""reranker_score"": -6.0535316}"
2026-02-10T00:09:16+00:00,CORTEX_DB.RAW.CAT_GAMES_SVC_1_5,default,"third-person cat adventure in a city, no horror, no gore","third-person cat adventure in a city, no horror, no gore",[],,False,,,,keyword_focus,0.75,10,100,0,501,501,,01c24ec9-0005-07c5-0001-397a0004071a,,51,51,,8e-06,8e-06,,8e-06,,,,,[],[],[],[],[],[],,,True,[],[],,7,Marfa,0.753112375,2024,English;Russian;Simplified Chinese,Family Sharing;Single-player,Adventure;Indie,2D;Adventure;Atmospheric;Cats;Conversation;Cute;Detective;Emotional;Exploration;First-Person;Hand-drawn;Hidden Object;Investigation;Logic;Modern;Multiple Endings;Puzzle-Platformer;Singleplayer;Story Rich;Stylized,"Cool summer breeze, fluffy clouds and singing birds. What could be more beautiful? — that's what Marfa the cat thought, basking in the sun on the windowsill of the Artist's house. Who is an Artist? This is Marfa's owner. He works hard, but not only on his paintings, but also... on a mysterious plan. What is this plan? — you may ask. The answer to this question is what the kitty Marfa is looking for. The path to the solution will turn the life of a simple home cat upside down, open up a new myste","{""text_match"": 0.004240647, ""cosine_similarity"": 0.50622475, ""reranker_score"": -5.4440002}"
2026-02-10T00:09:16+00:00,CORTEX_DB.RAW.CAT_GAMES_SVC_1_5,default,"third-person cat adventure in a city, no horror, no gore","third-person cat adventure in a city, no horror, no gore",[],,False,,,,keyword_focus,0.75,10,100,0,501,501,,01c24ec9-0005-07c5-0001-397a0004071a,,51,51,,8e-06,8e-06,,8e-06,,,,,[],[],[],[],[],[],,,True,[],[],,8,A Street Cat's Tale,0.76850617,2019,English;Japanese;Korean;Traditional Chinese,Family Sharing;Full controller support;Single-player;Steam Achievements;Steam Cloud,Adventure;Indie;Simulation,Adventure;Cats;Cute;Indie;Isometric;Pixel Graphics;Simulation,"'Tale of a street cat' is a story of a baby kitten left alone at the town. it's an adventure game played at the cat's view. you will become a baby kitten to survive with 13days to become an adult cat. [Key Features] ■Hungry little Kitten -It’s inevitable that most cats living on the streets will starve. -Go around the town and get food so the kitten will not starve to death. ■Many NPCs -Many NPCs with their unique personalities. -Some people will get angry when you talk to them, and some people ","{""text_match"": 0.0028827637, ""cosine_similarity"": 0.53701234, ""reranker_score"": -6.4804525}"
2026-02-10T00:09:16+00:00,CORTEX_DB.RAW.CAT_GAMES_SVC_1_5,default,"third-person cat adventure in a city, no horror, no gore","third-person cat adventure in a city, no horror, no gore",[],,False,,,,keyword_focus,0.75,10,100,0,501,501,,01c24ec9-0005-07c5-0001-397a0004071a,,51,51,,8e-06,8e-06,,8e-06,,,,,[],[],[],[],[],[],,,True,[],[],,9,Heist Kitty: Multiplayer Cat Simulator Game,0.75223273,2023,English;Japanese,Co-op;Family Sharing;LAN Co-op;Multi-player;Online Co-op;Partial Controller Support;Single-player,Action;Adventure;Casual;Indie;RPG;Racing;Simulation,Action;Adventure;Automobile Sim;Casual;Cats;Co-op;Cute;Exploration;Family Friendly;Funny;Multiplayer;Online Co-Op;Physics;RPG;Racing;Sandbox;Simulation;Singleplayer;Story Rich;Third Person,"An open-world sand-box game where you play as a cat, defying the rules and causing mayhem. Climb, scratch, and pounce your way through the cityscape filled with playful challenges and hidden secrets. Customise your cat, team up with friends and let the adventure begin! Multiplayer Cat Chaos Take your chaos to new heights as you collaborate on the city streets. Hijack cars, cause explosive distractions, and equip a variety of weapons to create the ultimate cat caper. Show off your agile moves wit","{""text_match"": 0.006173967, ""cosine_similarity"": 0.50446546, ""reranker_score"": -5.877123}"
2026-02-10T00:09:16+00:00,CORTEX_DB.RAW.CAT_GAMES_SVC_1_5,default,"third-person cat adventure in a city, no horror, no gore","third-person cat adventure in a city, no horror, no gore",[],,False,,,,keyword_focus,0.75,10,100,0,501,501,,01c24ec9-0005-07c5-0001-397a0004071a,,51,51,,8e-06,8e-06,,8e-06,,,,,[],[],[],[],[],[],,,True,[],[],,10,Last Subway,0.76227535,2024,English;French;German;Italian;Japanese;Korean;Polish;Portuguese - Portugal;Russian;Simplified Chinese;Spanish - Spain;Vietnamese,Family Sharing;Single-player,Adventure;Indie;RPG,Adventure;Atmospheric;Cats;Cinematic;Drama;Emotional;First-Person;Horror;Indie;Mystery;Narration;Philosophical;Psychedelic;Psychological;Psychological Horror;Puzzle;Singleplayer;Story Rich;Supernatural;Surreal,"*Before introducing the game, I want to tell everyone why I made it. I once saw a documentary online about a warrior named Nike from the international animal protection organization, the Anti-Poaching Alliance, and his fight against poachers in Africa. The documentary moved me, especially the moment when Nike was unfortunately shot and killed. I felt I needed to do something, and that's how the idea for 'Last Subway' came about. I hope 'Last Subway' will draw more attention to such people and or","{""text_match"": 0.010882946, ""cosine_similarity"": 0.5245507, ""reranker_score"": -6.609909}"
2026-02-10T00:09:18+00:00,CORTEX_DB.RAW.CAT_GAMES_SVC_1_5,default,"third-person cat adventure in a city, no horror, no gore","third-person cat adventure in a city, no horror, no gore",[],,False,,,,semantic_focus,0.3,10,100,0,504,504,,01c24ec9-0005-07ef-0001-397a0004124e,,28,28,,4e-06,4e-06,,4e-06,,,,,[],[],[],[],[],[],,,True,[],[],,1,Stray,0.7773759650000001,2022,Dutch;English;French;German;Italian;Japanese;Korean;Polish;Portuguese - Brazil;Portuguese - Portugal;Russian;Simplified Chinese;Spanish - Latin America;Spanish - Spain;Traditional Chinese;Turkish,Family Sharing;Full controller support;Remote Play on TV;Single-player;Steam Achievements;Steam Cloud;Steam Trading Cards,Adventure;Indie,Action;Adventure;Atmospheric;Beautiful;Cats;Colorful;Cute;Cyberpunk;Dystopian;Exploration;Horror;Indie;Mystery;Open World;Puzzle;Robots;Sci-fi;Singleplayer;Stealth;Third Person,"Lost, alone and separated from family, a stray cat must untangle an ancient mystery to escape a long-forgotten city. Stray is a third-person cat adventure game set amidst the detailed, neon-lit alleys of a decaying cybercity and the murky environments of its seedy underbelly. Roam surroundings high and low, defend against unforeseen threats and solve the mysteries of this unwelcoming place inhabited by curious droids and dangerous creatures. See the world through the eyes of a cat and interact w","{""text_match"": 0.07150107, ""cosine_similarity"": 0.55475193, ""reranker_score"": -2.599227}"
2026-02-10T00:09:18+00:00,CORTEX_DB.RAW.CAT_GAMES_SVC_1_5,default,"third-person cat adventure in a city, no horror, no gore","third-person cat adventure in a city, no horror, no gore",[],,False,,,,semantic_focus,0.3,10,100,0,504,504,,01c24ec9-0005-07ef-0001-397a0004124e,,28,28,,4e-06,4e-06,,4e-06,,,,,[],[],[],[],[],[],,,True,[],[],,2,Finding Mosey,0.7613957,2024,English;French;German;Japanese;Simplified Chinese;Spanish - Spain,Family Sharing;Full controller support;Single-player;Steam Achievements,Adventure;RPG,3D;Action;Adventure;Anime;Cats;Colorful;Cute;Exploration;Funny;Mystery;Open World;Puzzle;RPG;Relaxing;Sandbox;Singleplayer;Stealth;Story Rich;Stylized;Third Person,"Finding Mosey is an open world single-player third-person RPG about finding your cat. Successfully funded on Kickstarter! While on a relaxing camping trip with your kitty, you wake up one day to find him missing. This search leads you to deep mysteries about your environment and its relationship with cats. As you explore the landscape and cities, the character you decide to become will determine how destructive or peaceful your search will unfold. Key Features For the fans of BOTW , Goat Simulat","{""text_match"": 0.056193896, ""cosine_similarity"": 0.5227914, ""reranker_score"": -2.3463593}"
2026-02-10T00:09:18+00:00,CORTEX_DB.RAW.CAT_GAMES_SVC_1_5,default,"third-person cat adventure in a city, no horror, no gore","third-person cat adventure in a city, no horror, no gore",[],,False,,,,semantic_focus,0.3,10,100,0,504,504,,01c24ec9-0005-07ef-0001-397a0004124e,,28,28,,4e-06,4e-06,,4e-06,,,,,[],[],[],[],[],[],,,True,[],[],,3,Adventures of Human Being,0.80156625,2021,English,Family Sharing;Full controller support;Single-player,Adventure;Indie,2D;Adventure;Assassin;Cats;Choices Matter;Conspiracy;Crime;Dog;Exploration;Linear;Lore-Rich;Minimalist;Pixel Graphics;Political;Puzzle;Retro;Singleplayer;Story Rich;Top-Down;War,"You are hurt and running away from armed men who are hell bent on ending you. You escape just in time to a completely new place. Tired and helpless, you wander around. Until you meet a feline stranger who takes care of you as you heal. You Only Know One Thing, Kill the King . Developing friendship, you find out that the king resides in City 4. Solving a roster of interesting puzzles, with new mechanics introduced in every new city, ride on this adventure. Features: A simple cohesive story keepin","{""text_match"": 0.013835832, ""cosine_similarity"": 0.6031325, ""reranker_score"": -6.189288}"
2026-02-10T00:09:18+00:00,CORTEX_DB.RAW.CAT_GAMES_SVC_1_5,default,"third-person cat adventure in a city, no horror, no gore","third-person cat adventure in a city, no horror, no gore",[],,False,,,,semantic_focus,0.3,10,100,0,504,504,,01c24ec9-0005-07ef-0001-397a0004124e,,28,28,,4e-06,4e-06,,4e-06,,,,,[],[],[],[],[],[],,,True,[],[],,4,Cat city,0.77920855,2023,English;Russian,Family Sharing;Full controller support;Single-player;Steam Achievements,Adventure;Casual;Indie,2D;Atmospheric;Casual;Cats;Clicker;Controller;Creature Collector;Cute;Detective;Education;Exploration;Family Friendly;Hand-drawn;Hidden Object;Interactive Fiction;Point & Click;Puzzle;Side Scroller;Singleplayer;Trading Card Game,"'Cat city' is an exciting hidden objects game. In this game, you will have to explore the whole city to find all the cats (and various secrets) and get closer to the goal of making this world and the lives of the cats living in it a little better, and restore their faith in people! The main character will help you figure it out and get comfortable, and tell you about the necessary help in this exciting and extremely important matter! The help of each person is important so that the world becomes","{""text_match"": 0.00715794, ""cosine_similarity"": 0.5584171, ""reranker_score"": -5.4745865}"
2026-02-10T00:09:18+00:00,CORTEX_DB.RAW.CAT_GAMES_SVC_1_5,default,"third-person cat adventure in a city, no horror, no gore","third-person cat adventure in a city, no horror, no gore",[],,False,,,,semantic_focus,0.3,10,100,0,504,504,,01c24ec9-0005-07ef-0001-397a0004124e,,28,28,,4e-06,4e-06,,4e-06,,,,,[],[],[],[],[],[],,,True,[],[],,5,The Cat! Porfirio's Adventure,0.747321365,2016,English;Russian,Family Sharing;Partial Controller Support;Single-player;Steam Achievements;Steam Trading Cards,Action;Adventure;Indie,3D Platformer;Action;Action-Adventure;Adventure;Atmospheric;Cartoony;Cats;Colorful;Conversation;Cute;Family Friendly;Indie;Memes;Nonlinear;Open World;Short;Simulation;Singleplayer;Stylized;Third Person,"Porfirio's amazing adventures in the village. Porfirio is a cat — a couch potato, a philosopher, a family pet, just a regular cat happily living with an ordinary family in a city. His lazy life is interrupted when his little owner is sent to the countryside to live with her grandparents for the summer. Naturally, she takes her best friend Porfirio with her. For an urban cat, the village is a nightmare! Instead of pillows and blankets you get a pile of straw in the barn; instead of canned cat foo","{""text_match"": 0.03867439, ""cosine_similarity"": 0.49464273, ""reranker_score"": -4.184849}"
2026-02-10T00:09:18+00:00,CORTEX_DB.RAW.CAT_GAMES_SVC_1_5,default,"third-person cat adventure in a city, no horror, no gore","third-person cat adventure in a city, no horror, no gore",[],,False,,,,semantic_focus,0.3,10,100,0,504,504,,01c24ec9-0005-07ef-0001-397a0004124e,,28,28,,4e-06,4e-06,,4e-06,,,,,[],[],[],[],[],[],,,True,[],[],,6,Cat Go! Ultimate Challenge,0.7542119,2021,English;Russian;Simplified Chinese,Family Sharing;Single-player;Steam Achievements,Adventure;Casual;Indie,3D;3D Platformer;6DOF;Adventure;Arcade;Atmospheric;Casual;Cats;Character Customization;Cute;Family Friendly;Funny;Minimalist;Open World;Platformer;Relaxing;Runner;Singleplayer;Stylized;Third Person,"Help a cute kitten to save Barsikgrad from unkind looter cats and restore peace in a cozy town. Collect fish on your journey and share it with Kotofei, who will give you many interesting, cute and colorful hats. Make your cat the main mod of the town. Do you know what an infinite engine is? No? So kittens don't know! Explore this strange mechanism in the city and give the cats endless happiness! Show the cat the world! Travel with him to colorful and sometimes not kind places. Any trip is more f","{""text_match"": 0.0049523907, ""cosine_similarity"": 0.5084238, ""reranker_score"": -4.8988667}"
2026-02-10T00:09:18+00:00,CORTEX_DB.RAW.CAT_GAMES_SVC_1_5,default,"third-person cat adventure in a city, no horror, no gore","third-person cat adventure in a city, no horror, no gore",[],,False,,,,semantic_focus,0.3,10,100,0,504,504,,01c24ec9-0005-07ef-0001-397a0004124e,,28,28,,4e-06,4e-06,,4e-06,,,,,[],[],[],[],[],[],,,True,[],[],,7,CATRUN,0.76601385,2024,English,Family Sharing;Single-player,Adventure;Casual;Indie,2D;2D Platformer;Action-Adventure;Adventure;Arcade;Casual;Cats;Dystopian;Indie;Physics;Pixel Graphics;Platformer;Precision Platformer;Puzzle;Runner;Singleplayer,"You are waiting for an exciting adventure in a metropolis, where the main character - a cat named Philip - is forced to survive, exploring the city's nooks and crannies and scavenging through garbage dumps in search of food. Life in the city is full of dangers and surprises, but Philip is not one to give up. One day, after a heart-to-heart talk with his faithful friend, a beaver named Bob, Philip decides to change his fate. Bob tells him about a mysterious secret stash that hides the most delici","{""text_match"": 0.017228067, ""cosine_similarity"": 0.5320277, ""reranker_score"": -6.0535316}"
2026-02-10T00:09:18+00:00,CORTEX_DB.RAW.CAT_GAMES_SVC_1_5,default,"third-person cat adventure in a city, no horror, no gore","third-person cat adventure in a city, no horror, no gore",[],,False,,,,semantic_focus,0.3,10,100,0,504,504,,01c24ec9-0005-07ef-0001-397a0004124e,,28,28,,4e-06,4e-06,,4e-06,,,,,[],[],[],[],[],[],,,True,[],[],,8,Marfa,0.753112375,2024,English;Russian;Simplified Chinese,Family Sharing;Single-player,Adventure;Indie,2D;Adventure;Atmospheric;Cats;Conversation;Cute;Detective;Emotional;Exploration;First-Person;Hand-drawn;Hidden Object;Investigation;Logic;Modern;Multiple Endings;Puzzle-Platformer;Singleplayer;Story Rich;Stylized,"Cool summer breeze, fluffy clouds and singing birds. What could be more beautiful? — that's what Marfa the cat thought, basking in the sun on the windowsill of the Artist's house. Who is an Artist? This is Marfa's owner. He works hard, but not only on his paintings, but also... on a mysterious plan. What is this plan? — you may ask. The answer to this question is what the kitty Marfa is looking for. The path to the solution will turn the life of a simple home cat upside down, open up a new myste","{""text_match"": 0.004240647, ""cosine_similarity"": 0.50622475, ""reranker_score"": -5.4440002}"
2026-02-10T00:09:18+00:00,CORTEX_DB.RAW.CAT_GAMES_SVC_1_5,default,"third-person cat adventure in a city, no horror, no gore","third-person cat adventure in a city, no horror, no gore",[],,False,,,,semantic_focus,0.3,10,100,0,504,504,,01c24ec9-0005-07ef-0001-397a0004124e,,28,28,,4e-06,4e-06,,4e-06,,,,,[],[],[],[],[],[],,,True,[],[],,9,A Street Cat's Tale,0.76850617,2019,English;Japanese;Korean;Traditional Chinese,Family Sharing;Full controller support;Single-player;Steam Achievements;Steam Cloud,Adventure;Indie;Simulation,Adventure;Cats;Cute;Indie;Isometric;Pixel Graphics;Simulation,"'Tale of a street cat' is a story of a baby kitten left alone at the town. it's an adventure game played at the cat's view. you will become a baby kitten to survive with 13days to become an adult cat. [Key Features] ■Hungry little Kitten -It’s inevitable that most cats living on the streets will starve. -Go around the town and get food so the kitten will not starve to death. ■Many NPCs -Many NPCs with their unique personalities. -Some people will get angry when you talk to them, and some people ","{""text_match"": 0.0028827637, ""cosine_similarity"": 0.53701234, ""reranker_score"": -6.4804525}"
2026-02-10T00:09:18+00:00,CORTEX_DB.RAW.CAT_GAMES_SVC_1_5,default,"third-person cat adventure in a city, no horror, no gore","third-person cat adventure in a city, no horror, no gore",[],,False,,,,semantic_focus,0.3,10,100,0,504,504,,01c24ec9-0005-07ef-0001-397a0004124e,,28,28,,4e-06,4e-06,,4e-06,,,,,[],[],[],[],[],[],,,True,[],[],,10,Heist Kitty: Multiplayer Cat Simulator Game,0.75223273,2023,English;Japanese,Co-op;Family Sharing;LAN Co-op;Multi-player;Online Co-op;Partial Controller Support;Single-player,Action;Adventure;Casual;Indie;RPG;Racing;Simulation,Action;Adventure;Automobile Sim;Casual;Cats;Co-op;Cute;Exploration;Family Friendly;Funny;Multiplayer;Online Co-Op;Physics;RPG;Racing;Sandbox;Simulation;Singleplayer;Story Rich;Third Person,"An open-world sand-box game where you play as a cat, defying the rules and causing mayhem. Climb, scratch, and pounce your way through the cityscape filled with playful challenges and hidden secrets. Customise your cat, team up with friends and let the adventure begin! Multiplayer Cat Chaos Take your chaos to new heights as you collaborate on the city streets. Hijack cars, cause explosive distractions, and equip a variety of weapons to create the ultimate cat caper. Show off your agile moves wit","{""text_match"": 0.006173967, ""cosine_similarity"": 0.50446546, ""reranker_score"": -5.877123}"
2026-02-10T00:09:19+00:00,CORTEX_DB.RAW.CAT_GAMES_SVC_1_5,default,"third-person cat adventure in a city, no horror, no gore","third-person cat adventure in a city, no horror, no gore",[],,False,,,,semantic_focus,0.65,10,100,0,505,505,,01c24ec9-0005-07ef-0001-397a00041256,,29,29,,4e-06,4e-06,,4e-06,,,,,[],[],[],[],[],[],,,True,[],[],,1,Stray,0.7773759650000001,2022,Dutch;English;French;German;Italian;Japanese;Korean;Polish;Portuguese - Brazil;Portuguese - Portugal;Russian;Simplified Chinese;Spanish - Latin America;Spanish - Spain;Traditional Chinese;Turkish,Family Sharing;Full controller support;Remote Play on TV;Single-player;Steam Achievements;Steam Cloud;Steam Trading Cards,Adventure;Indie,Action;Adventure;Atmospheric;Beautiful;Cats;Colorful;Cute;Cyberpunk;Dystopian;Exploration;Horror;Indie;Mystery;Open World;Puzzle;Robots;Sci-fi;Singleplayer;Stealth;Third Person,"Lost, alone and separated from family, a stray cat must untangle an ancient mystery to escape a long-forgotten city. Stray is a third-person cat adventure game set amidst the detailed, neon-lit alleys of a decaying cybercity and the murky environments of its seedy underbelly. Roam surroundings high and low, defend against unforeseen threats and solve the mysteries of this unwelcoming place inhabited by curious droids and dangerous creatures. See the world through the eyes of a cat and interact w","{""text_match"": 0.07150107, ""cosine_similarity"": 0.55475193, ""reranker_score"": -2.599227}"
2026-02-10T00:09:19+00:00,CORTEX_DB.RAW.CAT_GAMES_SVC_1_5,default,"third-person cat adventure in a city, no horror, no gore","third-person cat adventure in a city, no horror, no gore",[],,False,,,,semantic_focus,0.65,10,100,0,505,505,,01c24ec9-0005-07ef-0001-397a00041256,,29,29,,4e-06,4e-06,,4e-06,,,,,[],[],[],[],[],[],,,True,[],[],,2,Finding Mosey,0.7613957,2024,English;French;German;Japanese;Simplified Chinese;Spanish - Spain,Family Sharing;Full controller support;Single-player;Steam Achievements,Adventure;RPG,3D;Action;Adventure;Anime;Cats;Colorful;Cute;Exploration;Funny;Mystery;Open World;Puzzle;RPG;Relaxing;Sandbox;Singleplayer;Stealth;Story Rich;Stylized;Third Person,"Finding Mosey is an open world single-player third-person RPG about finding your cat. Successfully funded on Kickstarter! While on a relaxing camping trip with your kitty, you wake up one day to find him missing. This search leads you to deep mysteries about your environment and its relationship with cats. As you explore the landscape and cities, the character you decide to become will determine how destructive or peaceful your search will unfold. Key Features For the fans of BOTW , Goat Simulat","{""text_match"": 0.056193896, ""cosine_similarity"": 0.5227914, ""reranker_score"": -2.3463593}"
2026-02-10T00:09:19+00:00,CORTEX_DB.RAW.CAT_GAMES_SVC_1_5,default,"third-person cat adventure in a city, no horror, no gore","third-person cat adventure in a city, no horror, no gore",[],,False,,,,semantic_focus,0.65,10,100,0,505,505,,01c24ec9-0005-07ef-0001-397a00041256,,29,29,,4e-06,4e-06,,4e-06,,,,,[],[],[],[],[],[],,,True,[],[],,3,Adventures of Human Being,0.80156625,2021,English,Family Sharing;Full controller support;Single-player,Adventure;Indie,2D;Adventure;Assassin;Cats;Choices Matter;Conspiracy;Crime;Dog;Exploration;Linear;Lore-Rich;Minimalist;Pixel Graphics;Political;Puzzle;Retro;Singleplayer;Story Rich;Top-Down;War,"You are hurt and running away from armed men who are hell bent on ending you. You escape just in time to a completely new place. Tired and helpless, you wander around. Until you meet a feline stranger who takes care of you as you heal. You Only Know One Thing, Kill the King . Developing friendship, you find out that the king resides in City 4. Solving a roster of interesting puzzles, with new mechanics introduced in every new city, ride on this adventure. Features: A simple cohesive story keepin","{""text_match"": 0.013835832, ""cosine_similarity"": 0.6031325, ""reranker_score"": -6.189288}"
2026-02-10T00:09:19+00:00,CORTEX_DB.RAW.CAT_GAMES_SVC_1_5,default,"third-person cat adventure in a city, no horror, no gore","third-person cat adventure in a city, no horror, no gore",[],,False,,,,semantic_focus,0.65,10,100,0,505,505,,01c24ec9-0005-07ef-0001-397a00041256,,29,29,,4e-06,4e-06,,4e-06,,,,,[],[],[],[],[],[],,,True,[],[],,4,Cat city,0.77920855,2023,English;Russian,Family Sharing;Full controller support;Single-player;Steam Achievements,Adventure;Casual;Indie,2D;Atmospheric;Casual;Cats;Clicker;Controller;Creature Collector;Cute;Detective;Education;Exploration;Family Friendly;Hand-drawn;Hidden Object;Interactive Fiction;Point & Click;Puzzle;Side Scroller;Singleplayer;Trading Card Game,"'Cat city' is an exciting hidden objects game. In this game, you will have to explore the whole city to find all the cats (and various secrets) and get closer to the goal of making this world and the lives of the cats living in it a little better, and restore their faith in people! The main character will help you figure it out and get comfortable, and tell you about the necessary help in this exciting and extremely important matter! The help of each person is important so that the world becomes","{""text_match"": 0.00715794, ""cosine_similarity"": 0.5584171, ""reranker_score"": -5.4745865}"
2026-02-10T00:09:19+00:00,CORTEX_DB.RAW.CAT_GAMES_SVC_1_5,default,"third-person cat adventure in a city, no horror, no gore","third-person cat adventure in a city, no horror, no gore",[],,False,,,,semantic_focus,0.65,10,100,0,505,505,,01c24ec9-0005-07ef-0001-397a00041256,,29,29,,4e-06,4e-06,,4e-06,,,,,[],[],[],[],[],[],,,True,[],[],,5,The Cat! Porfirio's Adventure,0.747321365,2016,English;Russian,Family Sharing;Partial Controller Support;Single-player;Steam Achievements;Steam Trading Cards,Action;Adventure;Indie,3D Platformer;Action;Action-Adventure;Adventure;Atmospheric;Cartoony;Cats;Colorful;Conversation;Cute;Family Friendly;Indie;Memes;Nonlinear;Open World;Short;Simulation;Singleplayer;Stylized;Third Person,"Porfirio's amazing adventures in the village. Porfirio is a cat — a couch potato, a philosopher, a family pet, just a regular cat happily living with an ordinary family in a city. His lazy life is interrupted when his little owner is sent to the countryside to live with her grandparents for the summer. Naturally, she takes her best friend Porfirio with her. For an urban cat, the village is a nightmare! Instead of pillows and blankets you get a pile of straw in the barn; instead of canned cat foo","{""text_match"": 0.03867439, ""cosine_similarity"": 0.49464273, ""reranker_score"": -4.184849}"
2026-02-10T00:09:19+00:00,CORTEX_DB.RAW.CAT_GAMES_SVC_1_5,default,"third-person cat adventure in a city, no horror, no gore","third-person cat adventure in a city, no horror, no gore",[],,False,,,,semantic_focus,0.65,10,100,0,505,505,,01c24ec9-0005-07ef-0001-397a00041256,,29,29,,4e-06,4e-06,,4e-06,,,,,[],[],[],[],[],[],,,True,[],[],,6,Cat Go! Ultimate Challenge,0.7542119,2021,English;Russian;Simplified Chinese,Family Sharing;Single-player;Steam Achievements,Adventure;Casual;Indie,3D;3D Platformer;6DOF;Adventure;Arcade;Atmospheric;Casual;Cats;Character Customization;Cute;Family Friendly;Funny;Minimalist;Open World;Platformer;Relaxing;Runner;Singleplayer;Stylized;Third Person,"Help a cute kitten to save Barsikgrad from unkind looter cats and restore peace in a cozy town. Collect fish on your journey and share it with Kotofei, who will give you many interesting, cute and colorful hats. Make your cat the main mod of the town. Do you know what an infinite engine is? No? So kittens don't know! Explore this strange mechanism in the city and give the cats endless happiness! Show the cat the world! Travel with him to colorful and sometimes not kind places. Any trip is more f","{""text_match"": 0.0049523907, ""cosine_similarity"": 0.5084238, ""reranker_score"": -4.8988667}"
2026-02-10T00:09:19+00:00,CORTEX_DB.RAW.CAT_GAMES_SVC_1_5,default,"third-person cat adventure in a city, no horror, no gore","third-person cat adventure in a city, no horror, no gore",[],,False,,,,semantic_focus,0.65,10,100,0,505,505,,01c24ec9-0005-07ef-0001-397a00041256,,29,29,,4e-06,4e-06,,4e-06,,,,,[],[],[],[],[],[],,,True,[],[],,7,CATRUN,0.76601385,2024,English,Family Sharing;Single-player,Adventure;Casual;Indie,2D;2D Platformer;Action-Adventure;Adventure;Arcade;Casual;Cats;Dystopian;Indie;Physics;Pixel Graphics;Platformer;Precision Platformer;Puzzle;Runner;Singleplayer,"You are waiting for an exciting adventure in a metropolis, where the main character - a cat named Philip - is forced to survive, exploring the city's nooks and crannies and scavenging through garbage dumps in search of food. Life in the city is full of dangers and surprises, but Philip is not one to give up. One day, after a heart-to-heart talk with his faithful friend, a beaver named Bob, Philip decides to change his fate. Bob tells him about a mysterious secret stash that hides the most delici","{""text_match"": 0.017228067, ""cosine_similarity"": 0.5320277, ""reranker_score"": -6.0535316}"
2026-02-10T00:09:19+00:00,CORTEX_DB.RAW.CAT_GAMES_SVC_1_5,default,"third-person cat adventure in a city, no horror, no gore","third-person cat adventure in a city, no horror, no gore",[],,False,,,,semantic_focus,0.65,10,100,0,505,505,,01c24ec9-0005-07ef-0001-397a00041256,,29,29,,4e-06,4e-06,,4e-06,,,,,[],[],[],[],[],[],,,True,[],[],,8,Marfa,0.753112375,2024,English;Russian;Simplified Chinese,Family Sharing;Single-player,Adventure;Indie,2D;Adventure;Atmospheric;Cats;Conversation;Cute;Detective;Emotional;Exploration;First-Person;Hand-drawn;Hidden Object;Investigation;Logic;Modern;Multiple Endings;Puzzle-Platformer;Singleplayer;Story Rich;Stylized,"Cool summer breeze, fluffy clouds and singing birds. What could be more beautiful? — that's what Marfa the cat thought, basking in the sun on the windowsill of the Artist's house. Who is an Artist? This is Marfa's owner. He works hard, but not only on his paintings, but also... on a mysterious plan. What is this plan? — you may ask. The answer to this question is what the kitty Marfa is looking for. The path to the solution will turn the life of a simple home cat upside down, open up a new myste","{""text_match"": 0.004240647, ""cosine_similarity"": 0.50622475, ""reranker_score"": -5.4440002}"
2026-02-10T00:09:19+00:00,CORTEX_DB.RAW.CAT_GAMES_SVC_1_5,default,"third-person cat adventure in a city, no horror, no gore","third-person cat adventure in a city, no horror, no gore",[],,False,,,,semantic_focus,0.65,10,100,0,505,505,,01c24ec9-0005-07ef-0001-397a00041256,,29,29,,4e-06,4e-06,,4e-06,,,,,[],[],[],[],[],[],,,True,[],[],,9,A Street Cat's Tale,0.76850617,2019,English;Japanese;Korean;Traditional Chinese,Family Sharing;Full controller support;Single-player;Steam Achievements;Steam Cloud,Adventure;Indie;Simulation,Adventure;Cats;Cute;Indie;Isometric;Pixel Graphics;Simulation,"'Tale of a street cat' is a story of a baby kitten left alone at the town. it's an adventure game played at the cat's view. you will become a baby kitten to survive with 13days to become an adult cat. [Key Features] ■Hungry little Kitten -It’s inevitable that most cats living on the streets will starve. -Go around the town and get food so the kitten will not starve to death. ■Many NPCs -Many NPCs with their unique personalities. -Some people will get angry when you talk to them, and some people ","{""text_match"": 0.0028827637, ""cosine_similarity"": 0.53701234, ""reranker_score"": -6.4804525}"
2026-02-10T00:09:19+00:00,CORTEX_DB.RAW.CAT_GAMES_SVC_1_5,default,"third-person cat adventure in a city, no horror, no gore","third-person cat adventure in a city, no horror, no gore",[],,False,,,,semantic_focus,0.65,10,100,0,505,505,,01c24ec9-0005-07ef-0001-397a00041256,,29,29,,4e-06,4e-06,,4e-06,,,,,[],[],[],[],[],[],,,True,[],[],,10,Heist Kitty: Multiplayer Cat Simulator Game,0.75223273,2023,English;Japanese,Co-op;Family Sharing;LAN Co-op;Multi-player;Online Co-op;Partial Controller Support;Single-player,Action;Adventure;Casual;Indie;RPG;Racing;Simulation,Action;Adventure;Automobile Sim;Casual;Cats;Co-op;Cute;Exploration;Family Friendly;Funny;Multiplayer;Online Co-Op;Physics;RPG;Racing;Sandbox;Simulation;Singleplayer;Story Rich;Third Person,"An open-world sand-box game where you play as a cat, defying the rules and causing mayhem. Climb, scratch, and pounce your way through the cityscape filled with playful challenges and hidden secrets. Customise your cat, team up with friends and let the adventure begin! Multiplayer Cat Chaos Take your chaos to new heights as you collaborate on the city streets. Hijack cars, cause explosive distractions, and equip a variety of weapons to create the ultimate cat caper. Show off your agile moves wit","{""text_match"": 0.006173967, ""cosine_similarity"": 0.50446546, ""reranker_score"": -5.877123}"
2026-02-10T00:09:20+00:00,CORTEX_DB.RAW.CAT_GAMES_SVC_1_5,default,"third-person cat adventure in a city, no horror, no gore","third-person cat adventure in a city, no horror, no gore",[],,False,,,,semantic_focus,0.75,10,100,0,552,552,,01c24ec9-0005-07ef-0001-397a0004125a,,28,28,,4e-06,4e-06,,4e-06,,,,,[],[],[],[],[],[],,,True,[],[],,1,Stray,0.7773759650000001,2022,Dutch;English;French;German;Italian;Japanese;Korean;Polish;Portuguese - Brazil;Portuguese - Portugal;Russian;Simplified Chinese;Spanish - Latin America;Spanish - Spain;Traditional Chinese;Turkish,Family Sharing;Full controller support;Remote Play on TV;Single-player;Steam Achievements;Steam Cloud;Steam Trading Cards,Adventure;Indie,Action;Adventure;Atmospheric;Beautiful;Cats;Colorful;Cute;Cyberpunk;Dystopian;Exploration;Horror;Indie;Mystery;Open World;Puzzle;Robots;Sci-fi;Singleplayer;Stealth;Third Person,"Lost, alone and separated from family, a stray cat must untangle an ancient mystery to escape a long-forgotten city. Stray is a third-person cat adventure game set amidst the detailed, neon-lit alleys of a decaying cybercity and the murky environments of its seedy underbelly. Roam surroundings high and low, defend against unforeseen threats and solve the mysteries of this unwelcoming place inhabited by curious droids and dangerous creatures. See the world through the eyes of a cat and interact w","{""text_match"": 0.07150107, ""cosine_similarity"": 0.55475193, ""reranker_score"": -2.599227}"
2026-02-10T00:09:20+00:00,CORTEX_DB.RAW.CAT_GAMES_SVC_1_5,default,"third-person cat adventure in a city, no horror, no gore","third-person cat adventure in a city, no horror, no gore",[],,False,,,,semantic_focus,0.75,10,100,0,552,552,,01c24ec9-0005-07ef-0001-397a0004125a,,28,28,,4e-06,4e-06,,4e-06,,,,,[],[],[],[],[],[],,,True,[],[],,2,Finding Mosey,0.7613957,2024,English;French;German;Japanese;Simplified Chinese;Spanish - Spain,Family Sharing;Full controller support;Single-player;Steam Achievements,Adventure;RPG,3D;Action;Adventure;Anime;Cats;Colorful;Cute;Exploration;Funny;Mystery;Open World;Puzzle;RPG;Relaxing;Sandbox;Singleplayer;Stealth;Story Rich;Stylized;Third Person,"Finding Mosey is an open world single-player third-person RPG about finding your cat. Successfully funded on Kickstarter! While on a relaxing camping trip with your kitty, you wake up one day to find him missing. This search leads you to deep mysteries about your environment and its relationship with cats. As you explore the landscape and cities, the character you decide to become will determine how destructive or peaceful your search will unfold. Key Features For the fans of BOTW , Goat Simulat","{""text_match"": 0.056193896, ""cosine_similarity"": 0.5227914, ""reranker_score"": -2.3463593}"
2026-02-10T00:09:20+00:00,CORTEX_DB.RAW.CAT_GAMES_SVC_1_5,default,"third-person cat adventure in a city, no horror, no gore","third-person cat adventure in a city, no horror, no gore",[],,False,,,,semantic_focus,0.75,10,100,0,552,552,,01c24ec9-0005-07ef-0001-397a0004125a,,28,28,,4e-06,4e-06,,4e-06,,,,,[],[],[],[],[],[],,,True,[],[],,3,Adventures of Human Being,0.80156625,2021,English,Family Sharing;Full controller support;Single-player,Adventure;Indie,2D;Adventure;Assassin;Cats;Choices Matter;Conspiracy;Crime;Dog;Exploration;Linear;Lore-Rich;Minimalist;Pixel Graphics;Political;Puzzle;Retro;Singleplayer;Story Rich;Top-Down;War,"You are hurt and running away from armed men who are hell bent on ending you. You escape just in time to a completely new place. Tired and helpless, you wander around. Until you meet a feline stranger who takes care of you as you heal. You Only Know One Thing, Kill the King . Developing friendship, you find out that the king resides in City 4. Solving a roster of interesting puzzles, with new mechanics introduced in every new city, ride on this adventure. Features: A simple cohesive story keepin","{""text_match"": 0.013835832, ""cosine_similarity"": 0.6031325, ""reranker_score"": -6.189288}"
2026-02-10T00:09:20+00:00,CORTEX_DB.RAW.CAT_GAMES_SVC_1_5,default,"third-person cat adventure in a city, no horror, no gore","third-person cat adventure in a city, no horror, no gore",[],,False,,,,semantic_focus,0.75,10,100,0,552,552,,01c24ec9-0005-07ef-0001-397a0004125a,,28,28,,4e-06,4e-06,,4e-06,,,,,[],[],[],[],[],[],,,True,[],[],,4,Cat city,0.77920855,2023,English;Russian,Family Sharing;Full controller support;Single-player;Steam Achievements,Adventure;Casual;Indie,2D;Atmospheric;Casual;Cats;Clicker;Controller;Creature Collector;Cute;Detective;Education;Exploration;Family Friendly;Hand-drawn;Hidden Object;Interactive Fiction;Point & Click;Puzzle;Side Scroller;Singleplayer;Trading Card Game,"'Cat city' is an exciting hidden objects game. In this game, you will have to explore the whole city to find all the cats (and various secrets) and get closer to the goal of making this world and the lives of the cats living in it a little better, and restore their faith in people! The main character will help you figure it out and get comfortable, and tell you about the necessary help in this exciting and extremely important matter! The help of each person is important so that the world becomes","{""text_match"": 0.00715794, ""cosine_similarity"": 0.5584171, ""reranker_score"": -5.4745865}"
2026-02-10T00:09:20+00:00,CORTEX_DB.RAW.CAT_GAMES_SVC_1_5,default,"third-person cat adventure in a city, no horror, no gore","third-person cat adventure in a city, no horror, no gore",[],,False,,,,semantic_focus,0.75,10,100,0,552,552,,01c24ec9-0005-07ef-0001-397a0004125a,,28,28,,4e-06,4e-06,,4e-06,,,,,[],[],[],[],[],[],,,True,[],[],,5,Cat Go! Ultimate Challenge,0.7542119,2021,English;Russian;Simplified Chinese,Family Sharing;Single-player;Steam Achievements,Adventure;Casual;Indie,3D;3D Platformer;6DOF;Adventure;Arcade;Atmospheric;Casual;Cats;Character Customization;Cute;Family Friendly;Funny;Minimalist;Open World;Platformer;Relaxing;Runner;Singleplayer;Stylized;Third Person,"Help a cute kitten to save Barsikgrad from unkind looter cats and restore peace in a cozy town. Collect fish on your journey and share it with Kotofei, who will give you many interesting, cute and colorful hats. Make your cat the main mod of the town. Do you know what an infinite engine is? No? So kittens don't know! Explore this strange mechanism in the city and give the cats endless happiness! Show the cat the world! Travel with him to colorful and sometimes not kind places. Any trip is more f","{""text_match"": 0.0049523907, ""cosine_similarity"": 0.5084238, ""reranker_score"": -4.8988667}"
2026-02-10T00:09:20+00:00,CORTEX_DB.RAW.CAT_GAMES_SVC_1_5,default,"third-person cat adventure in a city, no horror, no gore","third-person cat adventure in a city, no horror, no gore",[],,False,,,,semantic_focus,0.75,10,100,0,552,552,,01c24ec9-0005-07ef-0001-397a0004125a,,28,28,,4e-06,4e-06,,4e-06,,,,,[],[],[],[],[],[],,,True,[],[],,6,CATRUN,0.76601385,2024,English,Family Sharing;Single-player,Adventure;Casual;Indie,2D;2D Platformer;Action-Adventure;Adventure;Arcade;Casual;Cats;Dystopian;Indie;Physics;Pixel Graphics;Platformer;Precision Platformer;Puzzle;Runner;Singleplayer,"You are waiting for an exciting adventure in a metropolis, where the main character - a cat named Philip - is forced to survive, exploring the city's nooks and crannies and scavenging through garbage dumps in search of food. Life in the city is full of dangers and surprises, but Philip is not one to give up. One day, after a heart-to-heart talk with his faithful friend, a beaver named Bob, Philip decides to change his fate. Bob tells him about a mysterious secret stash that hides the most delici","{""text_match"": 0.017228067, ""cosine_similarity"": 0.5320277, ""reranker_score"": -6.0535316}"
2026-02-10T00:09:20+00:00,CORTEX_DB.RAW.CAT_GAMES_SVC_1_5,default,"third-person cat adventure in a city, no horror, no gore","third-person cat adventure in a city, no horror, no gore",[],,False,,,,semantic_focus,0.75,10,100,0,552,552,,01c24ec9-0005-07ef-0001-397a0004125a,,28,28,,4e-06,4e-06,,4e-06,,,,,[],[],[],[],[],[],,,True,[],[],,7,Marfa,0.753112375,2024,English;Russian;Simplified Chinese,Family Sharing;Single-player,Adventure;Indie,2D;Adventure;Atmospheric;Cats;Conversation;Cute;Detective;Emotional;Exploration;First-Person;Hand-drawn;Hidden Object;Investigation;Logic;Modern;Multiple Endings;Puzzle-Platformer;Singleplayer;Story Rich;Stylized,"Cool summer breeze, fluffy clouds and singing birds. What could be more beautiful? — that's what Marfa the cat thought, basking in the sun on the windowsill of the Artist's house. Who is an Artist? This is Marfa's owner. He works hard, but not only on his paintings, but also... on a mysterious plan. What is this plan? — you may ask. The answer to this question is what the kitty Marfa is looking for. The path to the solution will turn the life of a simple home cat upside down, open up a new myste","{""text_match"": 0.004240647, ""cosine_similarity"": 0.50622475, ""reranker_score"": -5.4440002}"
2026-02-10T00:09:20+00:00,CORTEX_DB.RAW.CAT_GAMES_SVC_1_5,default,"third-person cat adventure in a city, no horror, no gore","third-person cat adventure in a city, no horror, no gore",[],,False,,,,semantic_focus,0.75,10,100,0,552,552,,01c24ec9-0005-07ef-0001-397a0004125a,,28,28,,4e-06,4e-06,,4e-06,,,,,[],[],[],[],[],[],,,True,[],[],,8,A Street Cat's Tale,0.76850617,2019,English;Japanese;Korean;Traditional Chinese,Family Sharing;Full controller support;Single-player;Steam Achievements;Steam Cloud,Adventure;Indie;Simulation,Adventure;Cats;Cute;Indie;Isometric;Pixel Graphics;Simulation,"'Tale of a street cat' is a story of a baby kitten left alone at the town. it's an adventure game played at the cat's view. you will become a baby kitten to survive with 13days to become an adult cat. [Key Features] ■Hungry little Kitten -It’s inevitable that most cats living on the streets will starve. -Go around the town and get food so the kitten will not starve to death. ■Many NPCs -Many NPCs with their unique personalities. -Some people will get angry when you talk to them, and some people ","{""text_match"": 0.0028827637, ""cosine_similarity"": 0.53701234, ""reranker_score"": -6.4804525}"
2026-02-10T00:09:20+00:00,CORTEX_DB.RAW.CAT_GAMES_SVC_1_5,default,"third-person cat adventure in a city, no horror, no gore","third-person cat adventure in a city, no horror, no gore",[],,False,,,,semantic_focus,0.75,10,100,0,552,552,,01c24ec9-0005-07ef-0001-397a0004125a,,28,28,,4e-06,4e-06,,4e-06,,,,,[],[],[],[],[],[],,,True,[],[],,9,Heist Kitty: Multiplayer Cat Simulator Game,0.75223273,2023,English;Japanese,Co-op;Family Sharing;LAN Co-op;Multi-player;Online Co-op;Partial Controller Support;Single-player,Action;Adventure;Casual;Indie;RPG;Racing;Simulation,Action;Adventure;Automobile Sim;Casual;Cats;Co-op;Cute;Exploration;Family Friendly;Funny;Multiplayer;Online Co-Op;Physics;RPG;Racing;Sandbox;Simulation;Singleplayer;Story Rich;Third Person,"An open-world sand-box game where you play as a cat, defying the rules and causing mayhem. Climb, scratch, and pounce your way through the cityscape filled with playful challenges and hidden secrets. Customise your cat, team up with friends and let the adventure begin! Multiplayer Cat Chaos Take your chaos to new heights as you collaborate on the city streets. Hijack cars, cause explosive distractions, and equip a variety of weapons to create the ultimate cat caper. Show off your agile moves wit","{""text_match"": 0.006173967, ""cosine_similarity"": 0.50446546, ""reranker_score"": -5.877123}"
2026-02-10T00:09:20+00:00,CORTEX_DB.RAW.CAT_GAMES_SVC_1_5,default,"third-person cat adventure in a city, no horror, no gore","third-person cat adventure in a city, no horror, no gore",[],,False,,,,semantic_focus,0.75,10,100,0,552,552,,01c24ec9-0005-07ef-0001-397a0004125a,,28,28,,4e-06,4e-06,,4e-06,,,,,[],[],[],[],[],[],,,True,[],[],,10,Last Subway,0.76227535,2024,English;French;German;Italian;Japanese;Korean;Polish;Portuguese - Portugal;Russian;Simplified Chinese;Spanish - Spain;Vietnamese,Family Sharing;Single-player,Adventure;Indie;RPG,Adventure;Atmospheric;Cats;Cinematic;Drama;Emotional;First-Person;Horror;Indie;Mystery;Narration;Philosophical;Psychedelic;Psychological;Psychological Horror;Puzzle;Singleplayer;Story Rich;Supernatural;Surreal,"*Before introducing the game, I want to tell everyone why I made it. I once saw a documentary online about a warrior named Nike from the international animal protection organization, the Anti-Poaching Alliance, and his fight against poachers in Africa. The documentary moved me, especially the moment when Nike was unfortunately shot and killed. I felt I needed to do something, and that's how the idea for 'Last Subway' came about. I hope 'Last Subway' will draw more attention to such people and or","{""text_match"": 0.010882946, ""cosine_similarity"": 0.5245507, ""reranker_score"": -6.609909}"
2026-02-10T00:09:22+00:00,CORTEX_DB.RAW.CAT_GAMES_SVC_1_5,default,"third-person cat adventure in a city, no horror, no gore","third-person cat adventure in a city, no horror, no gore",[],,False,,,,keyword_extreme,0.3,10,100,0,424,424,,01c24ec9-0005-07f0-0001-397a0003f66e,,35,35,,5e-06,5e-06,,5e-06,,,,,[],[],[],[],[],[],,,True,[],[],,1,Stray,0.7773759650000001,2022,Dutch;English;French;German;Italian;Japanese;Korean;Polish;Portuguese - Brazil;Portuguese - Portugal;Russian;Simplified Chinese;Spanish - Latin America;Spanish - Spain;Traditional Chinese;Turkish,Family Sharing;Full controller support;Remote Play on TV;Single-player;Steam Achievements;Steam Cloud;Steam Trading Cards,Adventure;Indie,Action;Adventure;Atmospheric;Beautiful;Cats;Colorful;Cute;Cyberpunk;Dystopian;Exploration;Horror;Indie;Mystery;Open World;Puzzle;Robots;Sci-fi;Singleplayer;Stealth;Third Person,"Lost, alone and separated from family, a stray cat must untangle an ancient mystery to escape a long-forgotten city. Stray is a third-person cat adventure game set amidst the detailed, neon-lit alleys of a decaying cybercity and the murky environments of its seedy underbelly. Roam surroundings high and low, defend against unforeseen threats and solve the mysteries of this unwelcoming place inhabited by curious droids and dangerous creatures. See the world through the eyes of a cat and interact w","{""text_match"": 0.07150107, ""cosine_similarity"": 0.55475193, ""reranker_score"": -2.599227}"
2026-02-10T00:09:22+00:00,CORTEX_DB.RAW.CAT_GAMES_SVC_1_5,default,"third-person cat adventure in a city, no horror, no gore","third-person cat adventure in a city, no horror, no gore",[],,False,,,,keyword_extreme,0.3,10,100,0,424,424,,01c24ec9-0005-07f0-0001-397a0003f66e,,35,35,,5e-06,5e-06,,5e-06,,,,,[],[],[],[],[],[],,,True,[],[],,2,Finding Mosey,0.7613957,2024,English;French;German;Japanese;Simplified Chinese;Spanish - Spain,Family Sharing;Full controller support;Single-player;Steam Achievements,Adventure;RPG,3D;Action;Adventure;Anime;Cats;Colorful;Cute;Exploration;Funny;Mystery;Open World;Puzzle;RPG;Relaxing;Sandbox;Singleplayer;Stealth;Story Rich;Stylized;Third Person,"Finding Mosey is an open world single-player third-person RPG about finding your cat. Successfully funded on Kickstarter! While on a relaxing camping trip with your kitty, you wake up one day to find him missing. This search leads you to deep mysteries about your environment and its relationship with cats. As you explore the landscape and cities, the character you decide to become will determine how destructive or peaceful your search will unfold. Key Features For the fans of BOTW , Goat Simulat","{""text_match"": 0.056193896, ""cosine_similarity"": 0.5227914, ""reranker_score"": -2.3463593}"
2026-02-10T00:09:22+00:00,CORTEX_DB.RAW.CAT_GAMES_SVC_1_5,default,"third-person cat adventure in a city, no horror, no gore","third-person cat adventure in a city, no horror, no gore",[],,False,,,,keyword_extreme,0.3,10,100,0,424,424,,01c24ec9-0005-07f0-0001-397a0003f66e,,35,35,,5e-06,5e-06,,5e-06,,,,,[],[],[],[],[],[],,,True,[],[],,3,Adventures of Human Being,0.80156625,2021,English,Family Sharing;Full controller support;Single-player,Adventure;Indie,2D;Adventure;Assassin;Cats;Choices Matter;Conspiracy;Crime;Dog;Exploration;Linear;Lore-Rich;Minimalist;Pixel Graphics;Political;Puzzle;Retro;Singleplayer;Story Rich;Top-Down;War,"You are hurt and running away from armed men who are hell bent on ending you. You escape just in time to a completely new place. Tired and helpless, you wander around. Until you meet a feline stranger who takes care of you as you heal. You Only Know One Thing, Kill the King . Developing friendship, you find out that the king resides in City 4. Solving a roster of interesting puzzles, with new mechanics introduced in every new city, ride on this adventure. Features: A simple cohesive story keepin","{""text_match"": 0.013835832, ""cosine_similarity"": 0.6031325, ""reranker_score"": -6.189288}"
2026-02-10T00:09:22+00:00,CORTEX_DB.RAW.CAT_GAMES_SVC_1_5,default,"third-person cat adventure in a city, no horror, no gore","third-person cat adventure in a city, no horror, no gore",[],,False,,,,keyword_extreme,0.3,10,100,0,424,424,,01c24ec9-0005-07f0-0001-397a0003f66e,,35,35,,5e-06,5e-06,,5e-06,,,,,[],[],[],[],[],[],,,True,[],[],,4,Cat city,0.77920855,2023,English;Russian,Family Sharing;Full controller support;Single-player;Steam Achievements,Adventure;Casual;Indie,2D;Atmospheric;Casual;Cats;Clicker;Controller;Creature Collector;Cute;Detective;Education;Exploration;Family Friendly;Hand-drawn;Hidden Object;Interactive Fiction;Point & Click;Puzzle;Side Scroller;Singleplayer;Trading Card Game,"'Cat city' is an exciting hidden objects game. In this game, you will have to explore the whole city to find all the cats (and various secrets) and get closer to the goal of making this world and the lives of the cats living in it a little better, and restore their faith in people! The main character will help you figure it out and get comfortable, and tell you about the necessary help in this exciting and extremely important matter! The help of each person is important so that the world becomes","{""text_match"": 0.00715794, ""cosine_similarity"": 0.5584171, ""reranker_score"": -5.4745865}"
2026-02-10T00:09:22+00:00,CORTEX_DB.RAW.CAT_GAMES_SVC_1_5,default,"third-person cat adventure in a city, no horror, no gore","third-person cat adventure in a city, no horror, no gore",[],,False,,,,keyword_extreme,0.3,10,100,0,424,424,,01c24ec9-0005-07f0-0001-397a0003f66e,,35,35,,5e-06,5e-06,,5e-06,,,,,[],[],[],[],[],[],,,True,[],[],,5,The Cat! Porfirio's Adventure,0.747321365,2016,English;Russian,Family Sharing;Partial Controller Support;Single-player;Steam Achievements;Steam Trading Cards,Action;Adventure;Indie,3D Platformer;Action;Action-Adventure;Adventure;Atmospheric;Cartoony;Cats;Colorful;Conversation;Cute;Family Friendly;Indie;Memes;Nonlinear;Open World;Short;Simulation;Singleplayer;Stylized;Third Person,"Porfirio's amazing adventures in the village. Porfirio is a cat — a couch potato, a philosopher, a family pet, just a regular cat happily living with an ordinary family in a city. His lazy life is interrupted when his little owner is sent to the countryside to live with her grandparents for the summer. Naturally, she takes her best friend Porfirio with her. For an urban cat, the village is a nightmare! Instead of pillows and blankets you get a pile of straw in the barn; instead of canned cat foo","{""text_match"": 0.03867439, ""cosine_similarity"": 0.49464273, ""reranker_score"": -4.184849}"
2026-02-10T00:09:22+00:00,CORTEX_DB.RAW.CAT_GAMES_SVC_1_5,default,"third-person cat adventure in a city, no horror, no gore","third-person cat adventure in a city, no horror, no gore",[],,False,,,,keyword_extreme,0.3,10,100,0,424,424,,01c24ec9-0005-07f0-0001-397a0003f66e,,35,35,,5e-06,5e-06,,5e-06,,,,,[],[],[],[],[],[],,,True,[],[],,6,Cat Go! Ultimate Challenge,0.7542119,2021,English;Russian;Simplified Chinese,Family Sharing;Single-player;Steam Achievements,Adventure;Casual;Indie,3D;3D Platformer;6DOF;Adventure;Arcade;Atmospheric;Casual;Cats;Character Customization;Cute;Family Friendly;Funny;Minimalist;Open World;Platformer;Relaxing;Runner;Singleplayer;Stylized;Third Person,"Help a cute kitten to save Barsikgrad from unkind looter cats and restore peace in a cozy town. Collect fish on your journey and share it with Kotofei, who will give you many interesting, cute and colorful hats. Make your cat the main mod of the town. Do you know what an infinite engine is? No? So kittens don't know! Explore this strange mechanism in the city and give the cats endless happiness! Show the cat the world! Travel with him to colorful and sometimes not kind places. Any trip is more f","{""text_match"": 0.0049523907, ""cosine_similarity"": 0.5084238, ""reranker_score"": -4.8988667}"
2026-02-10T00:09:22+00:00,CORTEX_DB.RAW.CAT_GAMES_SVC_1_5,default,"third-person cat adventure in a city, no horror, no gore","third-person cat adventure in a city, no horror, no gore",[],,False,,,,keyword_extreme,0.3,10,100,0,424,424,,01c24ec9-0005-07f0-0001-397a0003f66e,,35,35,,5e-06,5e-06,,5e-06,,,,,[],[],[],[],[],[],,,True,[],[],,7,CATRUN,0.76601385,2024,English,Family Sharing;Single-player,Adventure;Casual;Indie,2D;2D Platformer;Action-Adventure;Adventure;Arcade;Casual;Cats;Dystopian;Indie;Physics;Pixel Graphics;Platformer;Precision Platformer;Puzzle;Runner;Singleplayer,"You are waiting for an exciting adventure in a metropolis, where the main character - a cat named Philip - is forced to survive, exploring the city's nooks and crannies and scavenging through garbage dumps in search of food. Life in the city is full of dangers and surprises, but Philip is not one to give up. One day, after a heart-to-heart talk with his faithful friend, a beaver named Bob, Philip decides to change his fate. Bob tells him about a mysterious secret stash that hides the most delici","{""text_match"": 0.017228067, ""cosine_similarity"": 0.5320277, ""reranker_score"": -6.0535316}"
2026-02-10T00:09:22+00:00,CORTEX_DB.RAW.CAT_GAMES_SVC_1_5,default,"third-person cat adventure in a city, no horror, no gore","third-person cat adventure in a city, no horror, no gore",[],,False,,,,keyword_extreme,0.3,10,100,0,424,424,,01c24ec9-0005-07f0-0001-397a0003f66e,,35,35,,5e-06,5e-06,,5e-06,,,,,[],[],[],[],[],[],,,True,[],[],,8,Marfa,0.753112375,2024,English;Russian;Simplified Chinese,Family Sharing;Single-player,Adventure;Indie,2D;Adventure;Atmospheric;Cats;Conversation;Cute;Detective;Emotional;Exploration;First-Person;Hand-drawn;Hidden Object;Investigation;Logic;Modern;Multiple Endings;Puzzle-Platformer;Singleplayer;Story Rich;Stylized,"Cool summer breeze, fluffy clouds and singing birds. What could be more beautiful? — that's what Marfa the cat thought, basking in the sun on the windowsill of the Artist's house. Who is an Artist? This is Marfa's owner. He works hard, but not only on his paintings, but also... on a mysterious plan. What is this plan? — you may ask. The answer to this question is what the kitty Marfa is looking for. The path to the solution will turn the life of a simple home cat upside down, open up a new myste","{""text_match"": 0.004240647, ""cosine_similarity"": 0.50622475, ""reranker_score"": -5.4440002}"
2026-02-10T00:09:22+00:00,CORTEX_DB.RAW.CAT_GAMES_SVC_1_5,default,"third-person cat adventure in a city, no horror, no gore","third-person cat adventure in a city, no horror, no gore",[],,False,,,,keyword_extreme,0.3,10,100,0,424,424,,01c24ec9-0005-07f0-0001-397a0003f66e,,35,35,,5e-06,5e-06,,5e-06,,,,,[],[],[],[],[],[],,,True,[],[],,9,A Street Cat's Tale,0.76850617,2019,English;Japanese;Korean;Traditional Chinese,Family Sharing;Full controller support;Single-player;Steam Achievements;Steam Cloud,Adventure;Indie;Simulation,Adventure;Cats;Cute;Indie;Isometric;Pixel Graphics;Simulation,"'Tale of a street cat' is a story of a baby kitten left alone at the town. it's an adventure game played at the cat's view. you will become a baby kitten to survive with 13days to become an adult cat. [Key Features] ■Hungry little Kitten -It’s inevitable that most cats living on the streets will starve. -Go around the town and get food so the kitten will not starve to death. ■Many NPCs -Many NPCs with their unique personalities. -Some people will get angry when you talk to them, and some people ","{""text_match"": 0.0028827637, ""cosine_similarity"": 0.53701234, ""reranker_score"": -6.4804525}"
2026-02-10T00:09:22+00:00,CORTEX_DB.RAW.CAT_GAMES_SVC_1_5,default,"third-person cat adventure in a city, no horror, no gore","third-person cat adventure in a city, no horror, no gore",[],,False,,,,keyword_extreme,0.3,10,100,0,424,424,,01c24ec9-0005-07f0-0001-397a0003f66e,,35,35,,5e-06,5e-06,,5e-06,,,,,[],[],[],[],[],[],,,True,[],[],,10,Heist Kitty: Multiplayer Cat Simulator Game,0.75223273,2023,English;Japanese,Co-op;Family Sharing;LAN Co-op;Multi-player;Online Co-op;Partial Controller Support;Single-player,Action;Adventure;Casual;Indie;RPG;Racing;Simulation,Action;Adventure;Automobile Sim;Casual;Cats;Co-op;Cute;Exploration;Family Friendly;Funny;Multiplayer;Online Co-Op;Physics;RPG;Racing;Sandbox;Simulation;Singleplayer;Story Rich;Third Person,"An open-world sand-box game where you play as a cat, defying the rules and causing mayhem. Climb, scratch, and pounce your way through the cityscape filled with playful challenges and hidden secrets. Customise your cat, team up with friends and let the adventure begin! Multiplayer Cat Chaos Take your chaos to new heights as you collaborate on the city streets. Hijack cars, cause explosive distractions, and equip a variety of weapons to create the ultimate cat caper. Show off your agile moves wit","{""text_match"": 0.006173967, ""cosine_similarity"": 0.50446546, ""reranker_score"": -5.877123}"
2026-02-10T00:09:23+00:00,CORTEX_DB.RAW.CAT_GAMES_SVC_1_5,default,"third-person cat adventure in a city, no horror, no gore","third-person cat adventure in a city, no horror, no gore",[],,False,,,,keyword_extreme,0.65,10,100,0,494,494,,01c24ec9-0005-07a7-0001-397a0003eb46,,42,42,,6e-06,6e-06,,6e-06,,,,,[],[],[],[],[],[],,,True,[],[],,1,Stray,0.7773759650000001,2022,Dutch;English;French;German;Italian;Japanese;Korean;Polish;Portuguese - Brazil;Portuguese - Portugal;Russian;Simplified Chinese;Spanish - Latin America;Spanish - Spain;Traditional Chinese;Turkish,Family Sharing;Full controller support;Remote Play on TV;Single-player;Steam Achievements;Steam Cloud;Steam Trading Cards,Adventure;Indie,Action;Adventure;Atmospheric;Beautiful;Cats;Colorful;Cute;Cyberpunk;Dystopian;Exploration;Horror;Indie;Mystery;Open World;Puzzle;Robots;Sci-fi;Singleplayer;Stealth;Third Person,"Lost, alone and separated from family, a stray cat must untangle an ancient mystery to escape a long-forgotten city. Stray is a third-person cat adventure game set amidst the detailed, neon-lit alleys of a decaying cybercity and the murky environments of its seedy underbelly. Roam surroundings high and low, defend against unforeseen threats and solve the mysteries of this unwelcoming place inhabited by curious droids and dangerous creatures. See the world through the eyes of a cat and interact w","{""text_match"": 0.07150107, ""cosine_similarity"": 0.55475193, ""reranker_score"": -2.599227}"
2026-02-10T00:09:23+00:00,CORTEX_DB.RAW.CAT_GAMES_SVC_1_5,default,"third-person cat adventure in a city, no horror, no gore","third-person cat adventure in a city, no horror, no gore",[],,False,,,,keyword_extreme,0.65,10,100,0,494,494,,01c24ec9-0005-07a7-0001-397a0003eb46,,42,42,,6e-06,6e-06,,6e-06,,,,,[],[],[],[],[],[],,,True,[],[],,2,Finding Mosey,0.7613957,2024,English;French;German;Japanese;Simplified Chinese;Spanish - Spain,Family Sharing;Full controller support;Single-player;Steam Achievements,Adventure;RPG,3D;Action;Adventure;Anime;Cats;Colorful;Cute;Exploration;Funny;Mystery;Open World;Puzzle;RPG;Relaxing;Sandbox;Singleplayer;Stealth;Story Rich;Stylized;Third Person,"Finding Mosey is an open world single-player third-person RPG about finding your cat. Successfully funded on Kickstarter! While on a relaxing camping trip with your kitty, you wake up one day to find him missing. This search leads you to deep mysteries about your environment and its relationship with cats. As you explore the landscape and cities, the character you decide to become will determine how destructive or peaceful your search will unfold. Key Features For the fans of BOTW , Goat Simulat","{""text_match"": 0.056193896, ""cosine_similarity"": 0.5227914, ""reranker_score"": -2.3463593}"
2026-02-10T00:09:23+00:00,CORTEX_DB.RAW.CAT_GAMES_SVC_1_5,default,"third-person cat adventure in a city, no horror, no gore","third-person cat adventure in a city, no horror, no gore",[],,False,,,,keyword_extreme,0.65,10,100,0,494,494,,01c24ec9-0005-07a7-0001-397a0003eb46,,42,42,,6e-06,6e-06,,6e-06,,,,,[],[],[],[],[],[],,,True,[],[],,3,Adventures of Human Being,0.80156625,2021,English,Family Sharing;Full controller support;Single-player,Adventure;Indie,2D;Adventure;Assassin;Cats;Choices Matter;Conspiracy;Crime;Dog;Exploration;Linear;Lore-Rich;Minimalist;Pixel Graphics;Political;Puzzle;Retro;Singleplayer;Story Rich;Top-Down;War,"You are hurt and running away from armed men who are hell bent on ending you. You escape just in time to a completely new place. Tired and helpless, you wander around. Until you meet a feline stranger who takes care of you as you heal. You Only Know One Thing, Kill the King . Developing friendship, you find out that the king resides in City 4. Solving a roster of interesting puzzles, with new mechanics introduced in every new city, ride on this adventure. Features: A simple cohesive story keepin","{""text_match"": 0.013835832, ""cosine_similarity"": 0.6031325, ""reranker_score"": -6.189288}"
2026-02-10T00:09:23+00:00,CORTEX_DB.RAW.CAT_GAMES_SVC_1_5,default,"third-person cat adventure in a city, no horror, no gore","third-person cat adventure in a city, no horror, no gore",[],,False,,,,keyword_extreme,0.65,10,100,0,494,494,,01c24ec9-0005-07a7-0001-397a0003eb46,,42,42,,6e-06,6e-06,,6e-06,,,,,[],[],[],[],[],[],,,True,[],[],,4,Cat city,0.77920855,2023,English;Russian,Family Sharing;Full controller support;Single-player;Steam Achievements,Adventure;Casual;Indie,2D;Atmospheric;Casual;Cats;Clicker;Controller;Creature Collector;Cute;Detective;Education;Exploration;Family Friendly;Hand-drawn;Hidden Object;Interactive Fiction;Point & Click;Puzzle;Side Scroller;Singleplayer;Trading Card Game,"'Cat city' is an exciting hidden objects game. In this game, you will have to explore the whole city to find all the cats (and various secrets) and get closer to the goal of making this world and the lives of the cats living in it a little better, and restore their faith in people! The main character will help you figure it out and get comfortable, and tell you about the necessary help in this exciting and extremely important matter! The help of each person is important so that the world becomes","{""text_match"": 0.00715794, ""cosine_similarity"": 0.5584171, ""reranker_score"": -5.4745865}"
2026-02-10T00:09:23+00:00,CORTEX_DB.RAW.CAT_GAMES_SVC_1_5,default,"third-person cat adventure in a city, no horror, no gore","third-person cat adventure in a city, no horror, no gore",[],,False,,,,keyword_extreme,0.65,10,100,0,494,494,,01c24ec9-0005-07a7-0001-397a0003eb46,,42,42,,6e-06,6e-06,,6e-06,,,,,[],[],[],[],[],[],,,True,[],[],,5,The Cat! Porfirio's Adventure,0.747321365,2016,English;Russian,Family Sharing;Partial Controller Support;Single-player;Steam Achievements;Steam Trading Cards,Action;Adventure;Indie,3D Platformer;Action;Action-Adventure;Adventure;Atmospheric;Cartoony;Cats;Colorful;Conversation;Cute;Family Friendly;Indie;Memes;Nonlinear;Open World;Short;Simulation;Singleplayer;Stylized;Third Person,"Porfirio's amazing adventures in the village. Porfirio is a cat — a couch potato, a philosopher, a family pet, just a regular cat happily living with an ordinary family in a city. His lazy life is interrupted when his little owner is sent to the countryside to live with her grandparents for the summer. Naturally, she takes her best friend Porfirio with her. For an urban cat, the village is a nightmare! Instead of pillows and blankets you get a pile of straw in the barn; instead of canned cat foo","{""text_match"": 0.03867439, ""cosine_similarity"": 0.49464273, ""reranker_score"": -4.184849}"
2026-02-10T00:09:23+00:00,CORTEX_DB.RAW.CAT_GAMES_SVC_1_5,default,"third-person cat adventure in a city, no horror, no gore","third-person cat adventure in a city, no horror, no gore",[],,False,,,,keyword_extreme,0.65,10,100,0,494,494,,01c24ec9-0005-07a7-0001-397a0003eb46,,42,42,,6e-06,6e-06,,6e-06,,,,,[],[],[],[],[],[],,,True,[],[],,6,Cat Go! Ultimate Challenge,0.7542119,2021,English;Russian;Simplified Chinese,Family Sharing;Single-player;Steam Achievements,Adventure;Casual;Indie,3D;3D Platformer;6DOF;Adventure;Arcade;Atmospheric;Casual;Cats;Character Customization;Cute;Family Friendly;Funny;Minimalist;Open World;Platformer;Relaxing;Runner;Singleplayer;Stylized;Third Person,"Help a cute kitten to save Barsikgrad from unkind looter cats and restore peace in a cozy town. Collect fish on your journey and share it with Kotofei, who will give you many interesting, cute and colorful hats. Make your cat the main mod of the town. Do you know what an infinite engine is? No? So kittens don't know! Explore this strange mechanism in the city and give the cats endless happiness! Show the cat the world! Travel with him to colorful and sometimes not kind places. Any trip is more f","{""text_match"": 0.0049523907, ""cosine_similarity"": 0.5084238, ""reranker_score"": -4.8988667}"
2026-02-10T00:09:23+00:00,CORTEX_DB.RAW.CAT_GAMES_SVC_1_5,default,"third-person cat adventure in a city, no horror, no gore","third-person cat adventure in a city, no horror, no gore",[],,False,,,,keyword_extreme,0.65,10,100,0,494,494,,01c24ec9-0005-07a7-0001-397a0003eb46,,42,42,,6e-06,6e-06,,6e-06,,,,,[],[],[],[],[],[],,,True,[],[],,7,CATRUN,0.76601385,2024,English,Family Sharing;Single-player,Adventure;Casual;Indie,2D;2D Platformer;Action-Adventure;Adventure;Arcade;Casual;Cats;Dystopian;Indie;Physics;Pixel Graphics;Platformer;Precision Platformer;Puzzle;Runner;Singleplayer,"You are waiting for an exciting adventure in a metropolis, where the main character - a cat named Philip - is forced to survive, exploring the city's nooks and crannies and scavenging through garbage dumps in search of food. Life in the city is full of dangers and surprises, but Philip is not one to give up. One day, after a heart-to-heart talk with his faithful friend, a beaver named Bob, Philip decides to change his fate. Bob tells him about a mysterious secret stash that hides the most delici","{""text_match"": 0.017228067, ""cosine_similarity"": 0.5320277, ""reranker_score"": -6.0535316}"
2026-02-10T00:09:23+00:00,CORTEX_DB.RAW.CAT_GAMES_SVC_1_5,default,"third-person cat adventure in a city, no horror, no gore","third-person cat adventure in a city, no horror, no gore",[],,False,,,,keyword_extreme,0.65,10,100,0,494,494,,01c24ec9-0005-07a7-0001-397a0003eb46,,42,42,,6e-06,6e-06,,6e-06,,,,,[],[],[],[],[],[],,,True,[],[],,8,Marfa,0.753112375,2024,English;Russian;Simplified Chinese,Family Sharing;Single-player,Adventure;Indie,2D;Adventure;Atmospheric;Cats;Conversation;Cute;Detective;Emotional;Exploration;First-Person;Hand-drawn;Hidden Object;Investigation;Logic;Modern;Multiple Endings;Puzzle-Platformer;Singleplayer;Story Rich;Stylized,"Cool summer breeze, fluffy clouds and singing birds. What could be more beautiful? — that's what Marfa the cat thought, basking in the sun on the windowsill of the Artist's house. Who is an Artist? This is Marfa's owner. He works hard, but not only on his paintings, but also... on a mysterious plan. What is this plan? — you may ask. The answer to this question is what the kitty Marfa is looking for. The path to the solution will turn the life of a simple home cat upside down, open up a new myste","{""text_match"": 0.004240647, ""cosine_similarity"": 0.50622475, ""reranker_score"": -5.4440002}"
2026-02-10T00:09:23+00:00,CORTEX_DB.RAW.CAT_GAMES_SVC_1_5,default,"third-person cat adventure in a city, no horror, no gore","third-person cat adventure in a city, no horror, no gore",[],,False,,,,keyword_extreme,0.65,10,100,0,494,494,,01c24ec9-0005-07a7-0001-397a0003eb46,,42,42,,6e-06,6e-06,,6e-06,,,,,[],[],[],[],[],[],,,True,[],[],,9,A Street Cat's Tale,0.76850617,2019,English;Japanese;Korean;Traditional Chinese,Family Sharing;Full controller support;Single-player;Steam Achievements;Steam Cloud,Adventure;Indie;Simulation,Adventure;Cats;Cute;Indie;Isometric;Pixel Graphics;Simulation,"'Tale of a street cat' is a story of a baby kitten left alone at the town. it's an adventure game played at the cat's view. you will become a baby kitten to survive with 13days to become an adult cat. [Key Features] ■Hungry little Kitten -It’s inevitable that most cats living on the streets will starve. -Go around the town and get food so the kitten will not starve to death. ■Many NPCs -Many NPCs with their unique personalities. -Some people will get angry when you talk to them, and some people ","{""text_match"": 0.0028827637, ""cosine_similarity"": 0.53701234, ""reranker_score"": -6.4804525}"
2026-02-10T00:09:23+00:00,CORTEX_DB.RAW.CAT_GAMES_SVC_1_5,default,"third-person cat adventure in a city, no horror, no gore","third-person cat adventure in a city, no horror, no gore",[],,False,,,,keyword_extreme,0.65,10,100,0,494,494,,01c24ec9-0005-07a7-0001-397a0003eb46,,42,42,,6e-06,6e-06,,6e-06,,,,,[],[],[],[],[],[],,,True,[],[],,10,Heist Kitty: Multiplayer Cat Simulator Game,0.75223273,2023,English;Japanese,Co-op;Family Sharing;LAN Co-op;Multi-player;Online Co-op;Partial Controller Support;Single-player,Action;Adventure;Casual;Indie;RPG;Racing;Simulation,Action;Adventure;Automobile Sim;Casual;Cats;Co-op;Cute;Exploration;Family Friendly;Funny;Multiplayer;Online Co-Op;Physics;RPG;Racing;Sandbox;Simulation;Singleplayer;Story Rich;Third Person,"An open-world sand-box game where you play as a cat, defying the rules and causing mayhem. Climb, scratch, and pounce your way through the cityscape filled with playful challenges and hidden secrets. Customise your cat, team up with friends and let the adventure begin! Multiplayer Cat Chaos Take your chaos to new heights as you collaborate on the city streets. Hijack cars, cause explosive distractions, and equip a variety of weapons to create the ultimate cat caper. Show off your agile moves wit","{""text_match"": 0.006173967, ""cosine_similarity"": 0.50446546, ""reranker_score"": -5.877123}"
2026-02-10T00:09:24+00:00,CORTEX_DB.RAW.CAT_GAMES_SVC_1_5,default,"third-person cat adventure in a city, no horror, no gore","third-person cat adventure in a city, no horror, no gore",[],,False,,,,keyword_extreme,0.75,10,100,0,479,479,,01c24ec9-0005-07ef-0001-397a00041266,,28,28,,4e-06,4e-06,,4e-06,,,,,[],[],[],[],[],[],,,True,[],[],,1,Stray,0.7773759650000001,2022,Dutch;English;French;German;Italian;Japanese;Korean;Polish;Portuguese - Brazil;Portuguese - Portugal;Russian;Simplified Chinese;Spanish - Latin America;Spanish - Spain;Traditional Chinese;Turkish,Family Sharing;Full controller support;Remote Play on TV;Single-player;Steam Achievements;Steam Cloud;Steam Trading Cards,Adventure;Indie,Action;Adventure;Atmospheric;Beautiful;Cats;Colorful;Cute;Cyberpunk;Dystopian;Exploration;Horror;Indie;Mystery;Open World;Puzzle;Robots;Sci-fi;Singleplayer;Stealth;Third Person,"Lost, alone and separated from family, a stray cat must untangle an ancient mystery to escape a long-forgotten city. Stray is a third-person cat adventure game set amidst the detailed, neon-lit alleys of a decaying cybercity and the murky environments of its seedy underbelly. Roam surroundings high and low, defend against unforeseen threats and solve the mysteries of this unwelcoming place inhabited by curious droids and dangerous creatures. See the world through the eyes of a cat and interact w","{""text_match"": 0.07150107, ""cosine_similarity"": 0.55475193, ""reranker_score"": -2.599227}"
2026-02-10T00:09:24+00:00,CORTEX_DB.RAW.CAT_GAMES_SVC_1_5,default,"third-person cat adventure in a city, no horror, no gore","third-person cat adventure in a city, no horror, no gore",[],,False,,,,keyword_extreme,0.75,10,100,0,479,479,,01c24ec9-0005-07ef-0001-397a00041266,,28,28,,4e-06,4e-06,,4e-06,,,,,[],[],[],[],[],[],,,True,[],[],,2,Finding Mosey,0.7613957,2024,English;French;German;Japanese;Simplified Chinese;Spanish - Spain,Family Sharing;Full controller support;Single-player;Steam Achievements,Adventure;RPG,3D;Action;Adventure;Anime;Cats;Colorful;Cute;Exploration;Funny;Mystery;Open World;Puzzle;RPG;Relaxing;Sandbox;Singleplayer;Stealth;Story Rich;Stylized;Third Person,"Finding Mosey is an open world single-player third-person RPG about finding your cat. Successfully funded on Kickstarter! While on a relaxing camping trip with your kitty, you wake up one day to find him missing. This search leads you to deep mysteries about your environment and its relationship with cats. As you explore the landscape and cities, the character you decide to become will determine how destructive or peaceful your search will unfold. Key Features For the fans of BOTW , Goat Simulat","{""text_match"": 0.056193896, ""cosine_similarity"": 0.5227914, ""reranker_score"": -2.3463593}"
2026-02-10T00:09:24+00:00,CORTEX_DB.RAW.CAT_GAMES_SVC_1_5,default,"third-person cat adventure in a city, no horror, no gore","third-person cat adventure in a city, no horror, no gore",[],,False,,,,keyword_extreme,0.75,10,100,0,479,479,,01c24ec9-0005-07ef-0001-397a00041266,,28,28,,4e-06,4e-06,,4e-06,,,,,[],[],[],[],[],[],,,True,[],[],,3,Adventures of Human Being,0.80156625,2021,English,Family Sharing;Full controller support;Single-player,Adventure;Indie,2D;Adventure;Assassin;Cats;Choices Matter;Conspiracy;Crime;Dog;Exploration;Linear;Lore-Rich;Minimalist;Pixel Graphics;Political;Puzzle;Retro;Singleplayer;Story Rich;Top-Down;War,"You are hurt and running away from armed men who are hell bent on ending you. You escape just in time to a completely new place. Tired and helpless, you wander around. Until you meet a feline stranger who takes care of you as you heal. You Only Know One Thing, Kill the King . Developing friendship, you find out that the king resides in City 4. Solving a roster of interesting puzzles, with new mechanics introduced in every new city, ride on this adventure. Features: A simple cohesive story keepin","{""text_match"": 0.013835832, ""cosine_similarity"": 0.6031325, ""reranker_score"": -6.189288}"
2026-02-10T00:09:24+00:00,CORTEX_DB.RAW.CAT_GAMES_SVC_1_5,default,"third-person cat adventure in a city, no horror, no gore","third-person cat adventure in a city, no horror, no gore",[],,False,,,,keyword_extreme,0.75,10,100,0,479,479,,01c24ec9-0005-07ef-0001-397a00041266,,28,28,,4e-06,4e-06,,4e-06,,,,,[],[],[],[],[],[],,,True,[],[],,4,Cat city,0.77920855,2023,English;Russian,Family Sharing;Full controller support;Single-player;Steam Achievements,Adventure;Casual;Indie,2D;Atmospheric;Casual;Cats;Clicker;Controller;Creature Collector;Cute;Detective;Education;Exploration;Family Friendly;Hand-drawn;Hidden Object;Interactive Fiction;Point & Click;Puzzle;Side Scroller;Singleplayer;Trading Card Game,"'Cat city' is an exciting hidden objects game. In this game, you will have to explore the whole city to find all the cats (and various secrets) and get closer to the goal of making this world and the lives of the cats living in it a little better, and restore their faith in people! The main character will help you figure it out and get comfortable, and tell you about the necessary help in this exciting and extremely important matter! The help of each person is important so that the world becomes","{""text_match"": 0.00715794, ""cosine_similarity"": 0.5584171, ""reranker_score"": -5.4745865}"
2026-02-10T00:09:24+00:00,CORTEX_DB.RAW.CAT_GAMES_SVC_1_5,default,"third-person cat adventure in a city, no horror, no gore","third-person cat adventure in a city, no horror, no gore",[],,False,,,,keyword_extreme,0.75,10,100,0,479,479,,01c24ec9-0005-07ef-0001-397a00041266,,28,28,,4e-06,4e-06,,4e-06,,,,,[],[],[],[],[],[],,,True,[],[],,5,Cat Go! Ultimate Challenge,0.7542119,2021,English;Russian;Simplified Chinese,Family Sharing;Single-player;Steam Achievements,Adventure;Casual;Indie,3D;3D Platformer;6DOF;Adventure;Arcade;Atmospheric;Casual;Cats;Character Customization;Cute;Family Friendly;Funny;Minimalist;Open World;Platformer;Relaxing;Runner;Singleplayer;Stylized;Third Person,"Help a cute kitten to save Barsikgrad from unkind looter cats and restore peace in a cozy town. Collect fish on your journey and share it with Kotofei, who will give you many interesting, cute and colorful hats. Make your cat the main mod of the town. Do you know what an infinite engine is? No? So kittens don't know! Explore this strange mechanism in the city and give the cats endless happiness! Show the cat the world! Travel with him to colorful and sometimes not kind places. Any trip is more f","{""text_match"": 0.0049523907, ""cosine_similarity"": 0.5084238, ""reranker_score"": -4.8988667}"
2026-02-10T00:09:24+00:00,CORTEX_DB.RAW.CAT_GAMES_SVC_1_5,default,"third-person cat adventure in a city, no horror, no gore","third-person cat adventure in a city, no horror, no gore",[],,False,,,,keyword_extreme,0.75,10,100,0,479,479,,01c24ec9-0005-07ef-0001-397a00041266,,28,28,,4e-06,4e-06,,4e-06,,,,,[],[],[],[],[],[],,,True,[],[],,6,CATRUN,0.76601385,2024,English,Family Sharing;Single-player,Adventure;Casual;Indie,2D;2D Platformer;Action-Adventure;Adventure;Arcade;Casual;Cats;Dystopian;Indie;Physics;Pixel Graphics;Platformer;Precision Platformer;Puzzle;Runner;Singleplayer,"You are waiting for an exciting adventure in a metropolis, where the main character - a cat named Philip - is forced to survive, exploring the city's nooks and crannies and scavenging through garbage dumps in search of food. Life in the city is full of dangers and surprises, but Philip is not one to give up. One day, after a heart-to-heart talk with his faithful friend, a beaver named Bob, Philip decides to change his fate. Bob tells him about a mysterious secret stash that hides the most delici","{""text_match"": 0.017228067, ""cosine_similarity"": 0.5320277, ""reranker_score"": -6.0535316}"
2026-02-10T00:09:24+00:00,CORTEX_DB.RAW.CAT_GAMES_SVC_1_5,default,"third-person cat adventure in a city, no horror, no gore","third-person cat adventure in a city, no horror, no gore",[],,False,,,,keyword_extreme,0.75,10,100,0,479,479,,01c24ec9-0005-07ef-0001-397a00041266,,28,28,,4e-06,4e-06,,4e-06,,,,,[],[],[],[],[],[],,,True,[],[],,7,Marfa,0.753112375,2024,English;Russian;Simplified Chinese,Family Sharing;Single-player,Adventure;Indie,2D;Adventure;Atmospheric;Cats;Conversation;Cute;Detective;Emotional;Exploration;First-Person;Hand-drawn;Hidden Object;Investigation;Logic;Modern;Multiple Endings;Puzzle-Platformer;Singleplayer;Story Rich;Stylized,"Cool summer breeze, fluffy clouds and singing birds. What could be more beautiful? — that's what Marfa the cat thought, basking in the sun on the windowsill of the Artist's house. Who is an Artist? This is Marfa's owner. He works hard, but not only on his paintings, but also... on a mysterious plan. What is this plan? — you may ask. The answer to this question is what the kitty Marfa is looking for. The path to the solution will turn the life of a simple home cat upside down, open up a new myste","{""text_match"": 0.004240647, ""cosine_similarity"": 0.50622475, ""reranker_score"": -5.4440002}"
2026-02-10T00:09:24+00:00,CORTEX_DB.RAW.CAT_GAMES_SVC_1_5,default,"third-person cat adventure in a city, no horror, no gore","third-person cat adventure in a city, no horror, no gore",[],,False,,,,keyword_extreme,0.75,10,100,0,479,479,,01c24ec9-0005-07ef-0001-397a00041266,,28,28,,4e-06,4e-06,,4e-06,,,,,[],[],[],[],[],[],,,True,[],[],,8,A Street Cat's Tale,0.76850617,2019,English;Japanese;Korean;Traditional Chinese,Family Sharing;Full controller support;Single-player;Steam Achievements;Steam Cloud,Adventure;Indie;Simulation,Adventure;Cats;Cute;Indie;Isometric;Pixel Graphics;Simulation,"'Tale of a street cat' is a story of a baby kitten left alone at the town. it's an adventure game played at the cat's view. you will become a baby kitten to survive with 13days to become an adult cat. [Key Features] ■Hungry little Kitten -It’s inevitable that most cats living on the streets will starve. -Go around the town and get food so the kitten will not starve to death. ■Many NPCs -Many NPCs with their unique personalities. -Some people will get angry when you talk to them, and some people ","{""text_match"": 0.0028827637, ""cosine_similarity"": 0.53701234, ""reranker_score"": -6.4804525}"
2026-02-10T00:09:24+00:00,CORTEX_DB.RAW.CAT_GAMES_SVC_1_5,default,"third-person cat adventure in a city, no horror, no gore","third-person cat adventure in a city, no horror, no gore",[],,False,,,,keyword_extreme,0.75,10,100,0,479,479,,01c24ec9-0005-07ef-0001-397a00041266,,28,28,,4e-06,4e-06,,4e-06,,,,,[],[],[],[],[],[],,,True,[],[],,9,Heist Kitty: Multiplayer Cat Simulator Game,0.75223273,2023,English;Japanese,Co-op;Family Sharing;LAN Co-op;Multi-player;Online Co-op;Partial Controller Support;Single-player,Action;Adventure;Casual;Indie;RPG;Racing;Simulation,Action;Adventure;Automobile Sim;Casual;Cats;Co-op;Cute;Exploration;Family Friendly;Funny;Multiplayer;Online Co-Op;Physics;RPG;Racing;Sandbox;Simulation;Singleplayer;Story Rich;Third Person,"An open-world sand-box game where you play as a cat, defying the rules and causing mayhem. Climb, scratch, and pounce your way through the cityscape filled with playful challenges and hidden secrets. Customise your cat, team up with friends and let the adventure begin! Multiplayer Cat Chaos Take your chaos to new heights as you collaborate on the city streets. Hijack cars, cause explosive distractions, and equip a variety of weapons to create the ultimate cat caper. Show off your agile moves wit","{""text_match"": 0.006173967, ""cosine_similarity"": 0.50446546, ""reranker_score"": -5.877123}"
2026-02-10T00:09:24+00:00,CORTEX_DB.RAW.CAT_GAMES_SVC_1_5,default,"third-person cat adventure in a city, no horror, no gore","third-person cat adventure in a city, no horror, no gore",[],,False,,,,keyword_extreme,0.75,10,100,0,479,479,,01c24ec9-0005-07ef-0001-397a00041266,,28,28,,4e-06,4e-06,,4e-06,,,,,[],[],[],[],[],[],,,True,[],[],,10,Last Subway,0.76227535,2024,English;French;German;Italian;Japanese;Korean;Polish;Portuguese - Portugal;Russian;Simplified Chinese;Spanish - Spain;Vietnamese,Family Sharing;Single-player,Adventure;Indie;RPG,Adventure;Atmospheric;Cats;Cinematic;Drama;Emotional;First-Person;Horror;Indie;Mystery;Narration;Philosophical;Psychedelic;Psychological;Psychological Horror;Puzzle;Singleplayer;Story Rich;Supernatural;Surreal,"*Before introducing the game, I want to tell everyone why I made it. I once saw a documentary online about a warrior named Nike from the international animal protection organization, the Anti-Poaching Alliance, and his fight against poachers in Africa. The documentary moved me, especially the moment when Nike was unfortunately shot and killed. I felt I needed to do something, and that's how the idea for 'Last Subway' came about. I hope 'Last Subway' will draw more attention to such people and or","{""text_match"": 0.010882946, ""cosine_similarity"": 0.5245507, ""reranker_score"": -6.609909}"
2026-02-10T00:09:26+00:00,CORTEX_DB.RAW.CAT_GAMES_SVC_1_5,default,"third-person cat adventure in a city, no horror, no gore","third-person cat adventure in a city, no horror, no gore",[],,False,,,,no_reranker_balanced,0.3,10,100,0,256,256,,01c24ec9-0005-07f0-0001-397a0003f67e,,36,36,,5e-06,5e-06,,5e-06,,,,,[],[],[],[],[],[],,,True,[],[],,1,Adventures of Human Being,0.80156625,2021,English,Family Sharing;Full controller support;Single-player,Adventure;Indie,2D;Adventure;Assassin;Cats;Choices Matter;Conspiracy;Crime;Dog;Exploration;Linear;Lore-Rich;Minimalist;Pixel Graphics;Political;Puzzle;Retro;Singleplayer;Story Rich;Top-Down;War,"You are hurt and running away from armed men who are hell bent on ending you. You escape just in time to a completely new place. Tired and helpless, you wander around. Until you meet a feline stranger who takes care of you as you heal. You Only Know One Thing, Kill the King . Developing friendship, you find out that the king resides in City 4. Solving a roster of interesting puzzles, with new mechanics introduced in every new city, ride on this adventure. Features: A simple cohesive story keepin","{""text_match"": 0.013835832, ""cosine_similarity"": 0.6031325}"
2026-02-10T00:09:26+00:00,CORTEX_DB.RAW.CAT_GAMES_SVC_1_5,default,"third-person cat adventure in a city, no horror, no gore","third-person cat adventure in a city, no horror, no gore",[],,False,,,,no_reranker_balanced,0.3,10,100,0,256,256,,01c24ec9-0005-07f0-0001-397a0003f67e,,36,36,,5e-06,5e-06,,5e-06,,,,,[],[],[],[],[],[],,,True,[],[],,2,Stray,0.7773759650000001,2022,Dutch;English;French;German;Italian;Japanese;Korean;Polish;Portuguese - Brazil;Portuguese - Portugal;Russian;Simplified Chinese;Spanish - Latin America;Spanish - Spain;Traditional Chinese;Turkish,Family Sharing;Full controller support;Remote Play on TV;Single-player;Steam Achievements;Steam Cloud;Steam Trading Cards,Adventure;Indie,Action;Adventure;Atmospheric;Beautiful;Cats;Colorful;Cute;Cyberpunk;Dystopian;Exploration;Horror;Indie;Mystery;Open World;Puzzle;Robots;Sci-fi;Singleplayer;Stealth;Third Person,"Lost, alone and separated from family, a stray cat must untangle an ancient mystery to escape a long-forgotten city. Stray is a third-person cat adventure game set amidst the detailed, neon-lit alleys of a decaying cybercity and the murky environments of its seedy underbelly. Roam surroundings high and low, defend against unforeseen threats and solve the mysteries of this unwelcoming place inhabited by curious droids and dangerous creatures. See the world through the eyes of a cat and interact w","{""text_match"": 0.07150107, ""cosine_similarity"": 0.55475193}"
2026-02-10T00:09:26+00:00,CORTEX_DB.RAW.CAT_GAMES_SVC_1_5,default,"third-person cat adventure in a city, no horror, no gore","third-person cat adventure in a city, no horror, no gore",[],,False,,,,no_reranker_balanced,0.3,10,100,0,256,256,,01c24ec9-0005-07f0-0001-397a0003f67e,,36,36,,5e-06,5e-06,,5e-06,,,,,[],[],[],[],[],[],,,True,[],[],,3,Cat city,0.77920855,2023,English;Russian,Family Sharing;Full controller support;Single-player;Steam Achievements,Adventure;Casual;Indie,2D;Atmospheric;Casual;Cats;Clicker;Controller;Creature Collector;Cute;Detective;Education;Exploration;Family Friendly;Hand-drawn;Hidden Object;Interactive Fiction;Point & Click;Puzzle;Side Scroller;Singleplayer;Trading Card Game,"'Cat city' is an exciting hidden objects game. In this game, you will have to explore the whole city to find all the cats (and various secrets) and get closer to the goal of making this world and the lives of the cats living in it a little better, and restore their faith in people! The main character will help you figure it out and get comfortable, and tell you about the necessary help in this exciting and extremely important matter! The help of each person is important so that the world becomes","{""text_match"": 0.00715794, ""cosine_similarity"": 0.5584171}"
2026-02-10T00:09:26+00:00,CORTEX_DB.RAW.CAT_GAMES_SVC_1_5,default,"third-person cat adventure in a city, no horror, no gore","third-person cat adventure in a city, no horror, no gore",[],,False,,,,no_reranker_balanced,0.3,10,100,0,256,256,,01c24ec9-0005-07f0-0001-397a0003f67e,,36,36,,5e-06,5e-06,,5e-06,,,,,[],[],[],[],[],[],,,True,[],[],,4,Finding Mosey,0.7613957,2024,English;French;German;Japanese;Simplified Chinese;Spanish - Spain,Family Sharing;Full controller support;Single-player;Steam Achievements,Adventure;RPG,3D;Action;Adventure;Anime;Cats;Colorful;Cute;Exploration;Funny;Mystery;Open World;Puzzle;RPG;Relaxing;Sandbox;Singleplayer;Stealth;Story Rich;Stylized;Third Person,"Finding Mosey is an open world single-player third-person RPG about finding your cat. Successfully funded on Kickstarter! While on a relaxing camping trip with your kitty, you wake up one day to find him missing. This search leads you to deep mysteries about your environment and its relationship with cats. As you explore the landscape and cities, the character you decide to become will determine how destructive or peaceful your search will unfold. Key Features For the fans of BOTW , Goat Simulat","{""text_match"": 0.056193896, ""cosine_similarity"": 0.5227914}"
2026-02-10T00:09:26+00:00,CORTEX_DB.RAW.CAT_GAMES_SVC_1_5,default,"third-person cat adventure in a city, no horror, no gore","third-person cat adventure in a city, no horror, no gore",[],,False,,,,no_reranker_balanced,0.3,10,100,0,256,256,,01c24ec9-0005-07f0-0001-397a0003f67e,,36,36,,5e-06,5e-06,,5e-06,,,,,[],[],[],[],[],[],,,True,[],[],,5,CATRUN,0.76601385,2024,English,Family Sharing;Single-player,Adventure;Casual;Indie,2D;2D Platformer;Action-Adventure;Adventure;Arcade;Casual;Cats;Dystopian;Indie;Physics;Pixel Graphics;Platformer;Precision Platformer;Puzzle;Runner;Singleplayer,"You are waiting for an exciting adventure in a metropolis, where the main character - a cat named Philip - is forced to survive, exploring the city's nooks and crannies and scavenging through garbage dumps in search of food. Life in the city is full of dangers and surprises, but Philip is not one to give up. One day, after a heart-to-heart talk with his faithful friend, a beaver named Bob, Philip decides to change his fate. Bob tells him about a mysterious secret stash that hides the most delici","{""text_match"": 0.017228067, ""cosine_similarity"": 0.5320277}"
2026-02-10T00:09:26+00:00,CORTEX_DB.RAW.CAT_GAMES_SVC_1_5,default,"third-person cat adventure in a city, no horror, no gore","third-person cat adventure in a city, no horror, no gore",[],,False,,,,no_reranker_balanced,0.3,10,100,0,256,256,,01c24ec9-0005-07f0-0001-397a0003f67e,,36,36,,5e-06,5e-06,,5e-06,,,,,[],[],[],[],[],[],,,True,[],[],,6,A Street Cat's Tale,0.76850617,2019,English;Japanese;Korean;Traditional Chinese,Family Sharing;Full controller support;Single-player;Steam Achievements;Steam Cloud,Adventure;Indie;Simulation,Adventure;Cats;Cute;Indie;Isometric;Pixel Graphics;Simulation,"'Tale of a street cat' is a story of a baby kitten left alone at the town. it's an adventure game played at the cat's view. you will become a baby kitten to survive with 13days to become an adult cat. [Key Features] ■Hungry little Kitten -It’s inevitable that most cats living on the streets will starve. -Go around the town and get food so the kitten will not starve to death. ■Many NPCs -Many NPCs with their unique personalities. -Some people will get angry when you talk to them, and some people ","{""text_match"": 0.0028827637, ""cosine_similarity"": 0.53701234}"
2026-02-10T00:09:26+00:00,CORTEX_DB.RAW.CAT_GAMES_SVC_1_5,default,"third-person cat adventure in a city, no horror, no gore","third-person cat adventure in a city, no horror, no gore",[],,False,,,,no_reranker_balanced,0.3,10,100,0,256,256,,01c24ec9-0005-07f0-0001-397a0003f67e,,36,36,,5e-06,5e-06,,5e-06,,,,,[],[],[],[],[],[],,,True,[],[],,7,Last Subway,0.76227535,2024,English;French;German;Italian;Japanese;Korean;Polish;Portuguese - Portugal;Russian;Simplified Chinese;Spanish - Spain;Vietnamese,Family Sharing;Single-player,Adventure;Indie;RPG,Adventure;Atmospheric;Cats;Cinematic;Drama;Emotional;First-Person;Horror;Indie;Mystery;Narration;Philosophical;Psychedelic;Psychological;Psychological Horror;Puzzle;Singleplayer;Story Rich;Supernatural;Surreal,"*Before introducing the game, I want to tell everyone why I made it. I once saw a documentary online about a warrior named Nike from the international animal protection organization, the Anti-Poaching Alliance, and his fight against poachers in Africa. The documentary moved me, especially the moment when Nike was unfortunately shot and killed. I felt I needed to do something, and that's how the idea for 'Last Subway' came about. I hope 'Last Subway' will draw more attention to such people and or","{""text_match"": 0.010882946, ""cosine_similarity"": 0.5245507}"
2026-02-10T00:09:26+00:00,CORTEX_DB.RAW.CAT_GAMES_SVC_1_5,default,"third-person cat adventure in a city, no horror, no gore","third-person cat adventure in a city, no horror, no gore",[],,False,,,,no_reranker_balanced,0.3,10,100,0,256,256,,01c24ec9-0005-07f0-0001-397a0003f67e,,36,36,,5e-06,5e-06,,5e-06,,,,,[],[],[],[],[],[],,,True,[],[],,8,Whiskers on Time's Corner,0.7589767000000001,2024,English;Japanese;Simplified Chinese;Spanish - Spain;Traditional Chinese,Family Sharing;Single-player;Steam Achievements;Steam Cloud,Casual;Early Access;Indie,Action RPG;Action-Adventure;Atmospheric;Cartoon;Cartoony;Casual;Cats;Choices Matter;Cute;Dating Sim;Early Access;Emotional;Exploration;Funny;Indie;Multiple Endings;Relaxing;Singleplayer;Survival;Walking Simulator,"In a beautiful little town, you take on the role of a cat and experience life from its perspective. [Life as a Cat] You need to rummage through trash cans and recycling bins to find food. Remember the locations where food can be found and try your luck when hunger strikes. Always keep an eye on the weather—rain will quickly drain the cat's stamina, so make sure to find shelter under roofs to stay dry and maintain your energy. [Cat Stories] At the Rice Ball House, Mrs. Rice Ball occasionally give","{""text_match"": 3.3389682e-07, ""cosine_similarity"": 0.5179534}"
2026-02-10T00:09:26+00:00,CORTEX_DB.RAW.CAT_GAMES_SVC_1_5,default,"third-person cat adventure in a city, no horror, no gore","third-person cat adventure in a city, no horror, no gore",[],,False,,,,no_reranker_balanced,0.3,10,100,0,256,256,,01c24ec9-0005-07f0-0001-397a0003f67e,,36,36,,5e-06,5e-06,,5e-06,,,,,[],[],[],[],[],[],,,True,[],[],,9,Cat's Menace,0.75296575,2021,English;Russian,Family Sharing;Single-player,Adventure;Casual;Indie;Simulation;Strategy,Atmospheric;Choices Matter;Comedy;Creature Collector;Cute;Dark;Dark Humor;Detective;Experimental;Hand-drawn;Idler;Investigation;Narration;Noir;Puzzle;Satire;Story Rich;Stylized;Surreal;Visual Novel,"The dark story from the life of cats and people. Who will own the city? After one dramatic incident the whole city turned against the cats. In the city cats are now banned. Having cats was punishable by a fine or even a prison. People began to exterminate cats. Someone took the cats out of town, someone killed them. But the cats still returned. People were amazed that the number of cats did not decrease, but they did not stop and continued to get rid of them. But the townspeople didn’t know that","{""text_match"": 0.015134935, ""cosine_similarity"": 0.5059315}"
2026-02-10T00:09:26+00:00,CORTEX_DB.RAW.CAT_GAMES_SVC_1_5,default,"third-person cat adventure in a city, no horror, no gore","third-person cat adventure in a city, no horror, no gore",[],,False,,,,no_reranker_balanced,0.3,10,100,0,256,256,,01c24ec9-0005-07f0-0001-397a0003f67e,,36,36,,5e-06,5e-06,,5e-06,,,,,[],[],[],[],[],[],,,True,[],[],,10,Qajary Cat,0.73947785,2017,English,Family Sharing;Single-player,Adventure,Adventure;Comedy;Funny;Indie;Point & Click,"Many years ago, a cruel king ruled over the people of Iran whose only thoughts revolved around him and his court; an authoritarian king who was rich beyond the dream of avarice while his people held their stomachs out of hunger. The king becomes sick and lies on his deathbed. A miserable rain-soaked cat named “Babri Khan” together with its kitten accidentally enters the king’s palace and somehow arrives at his room. Seeing that the room is warm and cozy, the cat leaves the kitten under the king’","{""text_match"": 0.08533396, ""cosine_similarity"": 0.4789557}"
2026-02-10T00:09:27+00:00,CORTEX_DB.RAW.CAT_GAMES_SVC_1_5,default,"third-person cat adventure in a city, no horror, no gore","third-person cat adventure in a city, no horror, no gore",[],,False,,,,no_reranker_balanced,0.65,10,100,0,260,260,,01c24ec9-0005-07c5-0001-397a0004072a,,36,36,,5e-06,5e-06,,5e-06,,,,,[],[],[],[],[],[],,,True,[],[],,1,Adventures of Human Being,0.80156625,2021,English,Family Sharing;Full controller support;Single-player,Adventure;Indie,2D;Adventure;Assassin;Cats;Choices Matter;Conspiracy;Crime;Dog;Exploration;Linear;Lore-Rich;Minimalist;Pixel Graphics;Political;Puzzle;Retro;Singleplayer;Story Rich;Top-Down;War,"You are hurt and running away from armed men who are hell bent on ending you. You escape just in time to a completely new place. Tired and helpless, you wander around. Until you meet a feline stranger who takes care of you as you heal. You Only Know One Thing, Kill the King . Developing friendship, you find out that the king resides in City 4. Solving a roster of interesting puzzles, with new mechanics introduced in every new city, ride on this adventure. Features: A simple cohesive story keepin","{""text_match"": 0.013835832, ""cosine_similarity"": 0.6031325}"
2026-02-10T00:09:27+00:00,CORTEX_DB.RAW.CAT_GAMES_SVC_1_5,default,"third-person cat adventure in a city, no horror, no gore","third-person cat adventure in a city, no horror, no gore",[],,False,,,,no_reranker_balanced,0.65,10,100,0,260,260,,01c24ec9-0005-07c5-0001-397a0004072a,,36,36,,5e-06,5e-06,,5e-06,,,,,[],[],[],[],[],[],,,True,[],[],,2,Stray,0.7773759650000001,2022,Dutch;English;French;German;Italian;Japanese;Korean;Polish;Portuguese - Brazil;Portuguese - Portugal;Russian;Simplified Chinese;Spanish - Latin America;Spanish - Spain;Traditional Chinese;Turkish,Family Sharing;Full controller support;Remote Play on TV;Single-player;Steam Achievements;Steam Cloud;Steam Trading Cards,Adventure;Indie,Action;Adventure;Atmospheric;Beautiful;Cats;Colorful;Cute;Cyberpunk;Dystopian;Exploration;Horror;Indie;Mystery;Open World;Puzzle;Robots;Sci-fi;Singleplayer;Stealth;Third Person,"Lost, alone and separated from family, a stray cat must untangle an ancient mystery to escape a long-forgotten city. Stray is a third-person cat adventure game set amidst the detailed, neon-lit alleys of a decaying cybercity and the murky environments of its seedy underbelly. Roam surroundings high and low, defend against unforeseen threats and solve the mysteries of this unwelcoming place inhabited by curious droids and dangerous creatures. See the world through the eyes of a cat and interact w","{""text_match"": 0.07150107, ""cosine_similarity"": 0.55475193}"
2026-02-10T00:09:27+00:00,CORTEX_DB.RAW.CAT_GAMES_SVC_1_5,default,"third-person cat adventure in a city, no horror, no gore","third-person cat adventure in a city, no horror, no gore",[],,False,,,,no_reranker_balanced,0.65,10,100,0,260,260,,01c24ec9-0005-07c5-0001-397a0004072a,,36,36,,5e-06,5e-06,,5e-06,,,,,[],[],[],[],[],[],,,True,[],[],,3,Cat city,0.77920855,2023,English;Russian,Family Sharing;Full controller support;Single-player;Steam Achievements,Adventure;Casual;Indie,2D;Atmospheric;Casual;Cats;Clicker;Controller;Creature Collector;Cute;Detective;Education;Exploration;Family Friendly;Hand-drawn;Hidden Object;Interactive Fiction;Point & Click;Puzzle;Side Scroller;Singleplayer;Trading Card Game,"'Cat city' is an exciting hidden objects game. In this game, you will have to explore the whole city to find all the cats (and various secrets) and get closer to the goal of making this world and the lives of the cats living in it a little better, and restore their faith in people! The main character will help you figure it out and get comfortable, and tell you about the necessary help in this exciting and extremely important matter! The help of each person is important so that the world becomes","{""text_match"": 0.00715794, ""cosine_similarity"": 0.5584171}"
2026-02-10T00:09:27+00:00,CORTEX_DB.RAW.CAT_GAMES_SVC_1_5,default,"third-person cat adventure in a city, no horror, no gore","third-person cat adventure in a city, no horror, no gore",[],,False,,,,no_reranker_balanced,0.65,10,100,0,260,260,,01c24ec9-0005-07c5-0001-397a0004072a,,36,36,,5e-06,5e-06,,5e-06,,,,,[],[],[],[],[],[],,,True,[],[],,4,Finding Mosey,0.7613957,2024,English;French;German;Japanese;Simplified Chinese;Spanish - Spain,Family Sharing;Full controller support;Single-player;Steam Achievements,Adventure;RPG,3D;Action;Adventure;Anime;Cats;Colorful;Cute;Exploration;Funny;Mystery;Open World;Puzzle;RPG;Relaxing;Sandbox;Singleplayer;Stealth;Story Rich;Stylized;Third Person,"Finding Mosey is an open world single-player third-person RPG about finding your cat. Successfully funded on Kickstarter! While on a relaxing camping trip with your kitty, you wake up one day to find him missing. This search leads you to deep mysteries about your environment and its relationship with cats. As you explore the landscape and cities, the character you decide to become will determine how destructive or peaceful your search will unfold. Key Features For the fans of BOTW , Goat Simulat","{""text_match"": 0.056193896, ""cosine_similarity"": 0.5227914}"
2026-02-10T00:09:27+00:00,CORTEX_DB.RAW.CAT_GAMES_SVC_1_5,default,"third-person cat adventure in a city, no horror, no gore","third-person cat adventure in a city, no horror, no gore",[],,False,,,,no_reranker_balanced,0.65,10,100,0,260,260,,01c24ec9-0005-07c5-0001-397a0004072a,,36,36,,5e-06,5e-06,,5e-06,,,,,[],[],[],[],[],[],,,True,[],[],,5,CATRUN,0.76601385,2024,English,Family Sharing;Single-player,Adventure;Casual;Indie,2D;2D Platformer;Action-Adventure;Adventure;Arcade;Casual;Cats;Dystopian;Indie;Physics;Pixel Graphics;Platformer;Precision Platformer;Puzzle;Runner;Singleplayer,"You are waiting for an exciting adventure in a metropolis, where the main character - a cat named Philip - is forced to survive, exploring the city's nooks and crannies and scavenging through garbage dumps in search of food. Life in the city is full of dangers and surprises, but Philip is not one to give up. One day, after a heart-to-heart talk with his faithful friend, a beaver named Bob, Philip decides to change his fate. Bob tells him about a mysterious secret stash that hides the most delici","{""text_match"": 0.017228067, ""cosine_similarity"": 0.5320277}"
2026-02-10T00:09:27+00:00,CORTEX_DB.RAW.CAT_GAMES_SVC_1_5,default,"third-person cat adventure in a city, no horror, no gore","third-person cat adventure in a city, no horror, no gore",[],,False,,,,no_reranker_balanced,0.65,10,100,0,260,260,,01c24ec9-0005-07c5-0001-397a0004072a,,36,36,,5e-06,5e-06,,5e-06,,,,,[],[],[],[],[],[],,,True,[],[],,6,A Street Cat's Tale,0.76850617,2019,English;Japanese;Korean;Traditional Chinese,Family Sharing;Full controller support;Single-player;Steam Achievements;Steam Cloud,Adventure;Indie;Simulation,Adventure;Cats;Cute;Indie;Isometric;Pixel Graphics;Simulation,"'Tale of a street cat' is a story of a baby kitten left alone at the town. it's an adventure game played at the cat's view. you will become a baby kitten to survive with 13days to become an adult cat. [Key Features] ■Hungry little Kitten -It’s inevitable that most cats living on the streets will starve. -Go around the town and get food so the kitten will not starve to death. ■Many NPCs -Many NPCs with their unique personalities. -Some people will get angry when you talk to them, and some people ","{""text_match"": 0.0028827637, ""cosine_similarity"": 0.53701234}"
2026-02-10T00:09:27+00:00,CORTEX_DB.RAW.CAT_GAMES_SVC_1_5,default,"third-person cat adventure in a city, no horror, no gore","third-person cat adventure in a city, no horror, no gore",[],,False,,,,no_reranker_balanced,0.65,10,100,0,260,260,,01c24ec9-0005-07c5-0001-397a0004072a,,36,36,,5e-06,5e-06,,5e-06,,,,,[],[],[],[],[],[],,,True,[],[],,7,Last Subway,0.76227535,2024,English;French;German;Italian;Japanese;Korean;Polish;Portuguese - Portugal;Russian;Simplified Chinese;Spanish - Spain;Vietnamese,Family Sharing;Single-player,Adventure;Indie;RPG,Adventure;Atmospheric;Cats;Cinematic;Drama;Emotional;First-Person;Horror;Indie;Mystery;Narration;Philosophical;Psychedelic;Psychological;Psychological Horror;Puzzle;Singleplayer;Story Rich;Supernatural;Surreal,"*Before introducing the game, I want to tell everyone why I made it. I once saw a documentary online about a warrior named Nike from the international animal protection organization, the Anti-Poaching Alliance, and his fight against poachers in Africa. The documentary moved me, especially the moment when Nike was unfortunately shot and killed. I felt I needed to do something, and that's how the idea for 'Last Subway' came about. I hope 'Last Subway' will draw more attention to such people and or","{""text_match"": 0.010882946, ""cosine_similarity"": 0.5245507}"
2026-02-10T00:09:27+00:00,CORTEX_DB.RAW.CAT_GAMES_SVC_1_5,default,"third-person cat adventure in a city, no horror, no gore","third-person cat adventure in a city, no horror, no gore",[],,False,,,,no_reranker_balanced,0.65,10,100,0,260,260,,01c24ec9-0005-07c5-0001-397a0004072a,,36,36,,5e-06,5e-06,,5e-06,,,,,[],[],[],[],[],[],,,True,[],[],,8,Whiskers on Time's Corner,0.7589767000000001,2024,English;Japanese;Simplified Chinese;Spanish - Spain;Traditional Chinese,Family Sharing;Single-player;Steam Achievements;Steam Cloud,Casual;Early Access;Indie,Action RPG;Action-Adventure;Atmospheric;Cartoon;Cartoony;Casual;Cats;Choices Matter;Cute;Dating Sim;Early Access;Emotional;Exploration;Funny;Indie;Multiple Endings;Relaxing;Singleplayer;Survival;Walking Simulator,"In a beautiful little town, you take on the role of a cat and experience life from its perspective. [Life as a Cat] You need to rummage through trash cans and recycling bins to find food. Remember the locations where food can be found and try your luck when hunger strikes. Always keep an eye on the weather—rain will quickly drain the cat's stamina, so make sure to find shelter under roofs to stay dry and maintain your energy. [Cat Stories] At the Rice Ball House, Mrs. Rice Ball occasionally give","{""text_match"": 3.3389682e-07, ""cosine_similarity"": 0.5179534}"
2026-02-10T00:09:27+00:00,CORTEX_DB.RAW.CAT_GAMES_SVC_1_5,default,"third-person cat adventure in a city, no horror, no gore","third-person cat adventure in a city, no horror, no gore",[],,False,,,,no_reranker_balanced,0.65,10,100,0,260,260,,01c24ec9-0005-07c5-0001-397a0004072a,,36,36,,5e-06,5e-06,,5e-06,,,,,[],[],[],[],[],[],,,True,[],[],,9,Cat's Menace,0.75296575,2021,English;Russian,Family Sharing;Single-player,Adventure;Casual;Indie;Simulation;Strategy,Atmospheric;Choices Matter;Comedy;Creature Collector;Cute;Dark;Dark Humor;Detective;Experimental;Hand-drawn;Idler;Investigation;Narration;Noir;Puzzle;Satire;Story Rich;Stylized;Surreal;Visual Novel,"The dark story from the life of cats and people. Who will own the city? After one dramatic incident the whole city turned against the cats. In the city cats are now banned. Having cats was punishable by a fine or even a prison. People began to exterminate cats. Someone took the cats out of town, someone killed them. But the cats still returned. People were amazed that the number of cats did not decrease, but they did not stop and continued to get rid of them. But the townspeople didn’t know that","{""text_match"": 0.015134935, ""cosine_similarity"": 0.5059315}"
2026-02-10T00:09:27+00:00,CORTEX_DB.RAW.CAT_GAMES_SVC_1_5,default,"third-person cat adventure in a city, no horror, no gore","third-person cat adventure in a city, no horror, no gore",[],,False,,,,no_reranker_balanced,0.65,10,100,0,260,260,,01c24ec9-0005-07c5-0001-397a0004072a,,36,36,,5e-06,5e-06,,5e-06,,,,,[],[],[],[],[],[],,,True,[],[],,10,Qajary Cat,0.73947785,2017,English,Family Sharing;Single-player,Adventure,Adventure;Comedy;Funny;Indie;Point & Click,"Many years ago, a cruel king ruled over the people of Iran whose only thoughts revolved around him and his court; an authoritarian king who was rich beyond the dream of avarice while his people held their stomachs out of hunger. The king becomes sick and lies on his deathbed. A miserable rain-soaked cat named “Babri Khan” together with its kitten accidentally enters the king’s palace and somehow arrives at his room. Seeing that the room is warm and cozy, the cat leaves the kitten under the king’","{""text_match"": 0.08533396, ""cosine_similarity"": 0.4789557}"
2026-02-10T00:09:28+00:00,CORTEX_DB.RAW.CAT_GAMES_SVC_1_5,default,"third-person cat adventure in a city, no horror, no gore","third-person cat adventure in a city, no horror, no gore",[],,False,,,,no_reranker_balanced,0.75,10,100,0,228,228,,01c24ec9-0005-07f0-0001-397a0003f682,,33,33,,5e-06,5e-06,,5e-06,,,,,[],[],[],[],[],[],,,True,[],[],,1,Adventures of Human Being,0.80156625,2021,English,Family Sharing;Full controller support;Single-player,Adventure;Indie,2D;Adventure;Assassin;Cats;Choices Matter;Conspiracy;Crime;Dog;Exploration;Linear;Lore-Rich;Minimalist;Pixel Graphics;Political;Puzzle;Retro;Singleplayer;Story Rich;Top-Down;War,"You are hurt and running away from armed men who are hell bent on ending you. You escape just in time to a completely new place. Tired and helpless, you wander around. Until you meet a feline stranger who takes care of you as you heal. You Only Know One Thing, Kill the King . Developing friendship, you find out that the king resides in City 4. Solving a roster of interesting puzzles, with new mechanics introduced in every new city, ride on this adventure. Features: A simple cohesive story keepin","{""text_match"": 0.013835832, ""cosine_similarity"": 0.6031325}"
2026-02-10T00:09:28+00:00,CORTEX_DB.RAW.CAT_GAMES_SVC_1_5,default,"third-person cat adventure in a city, no horror, no gore","third-person cat adventure in a city, no horror, no gore",[],,False,,,,no_reranker_balanced,0.75,10,100,0,228,228,,01c24ec9-0005-07f0-0001-397a0003f682,,33,33,,5e-06,5e-06,,5e-06,,,,,[],[],[],[],[],[],,,True,[],[],,2,Stray,0.7773759650000001,2022,Dutch;English;French;German;Italian;Japanese;Korean;Polish;Portuguese - Brazil;Portuguese - Portugal;Russian;Simplified Chinese;Spanish - Latin America;Spanish - Spain;Traditional Chinese;Turkish,Family Sharing;Full controller support;Remote Play on TV;Single-player;Steam Achievements;Steam Cloud;Steam Trading Cards,Adventure;Indie,Action;Adventure;Atmospheric;Beautiful;Cats;Colorful;Cute;Cyberpunk;Dystopian;Exploration;Horror;Indie;Mystery;Open World;Puzzle;Robots;Sci-fi;Singleplayer;Stealth;Third Person,"Lost, alone and separated from family, a stray cat must untangle an ancient mystery to escape a long-forgotten city. Stray is a third-person cat adventure game set amidst the detailed, neon-lit alleys of a decaying cybercity and the murky environments of its seedy underbelly. Roam surroundings high and low, defend against unforeseen threats and solve the mysteries of this unwelcoming place inhabited by curious droids and dangerous creatures. See the world through the eyes of a cat and interact w","{""text_match"": 0.07150107, ""cosine_similarity"": 0.55475193}"
2026-02-10T00:09:28+00:00,CORTEX_DB.RAW.CAT_GAMES_SVC_1_5,default,"third-person cat adventure in a city, no horror, no gore","third-person cat adventure in a city, no horror, no gore",[],,False,,,,no_reranker_balanced,0.75,10,100,0,228,228,,01c24ec9-0005-07f0-0001-397a0003f682,,33,33,,5e-06,5e-06,,5e-06,,,,,[],[],[],[],[],[],,,True,[],[],,3,Cat city,0.77920855,2023,English;Russian,Family Sharing;Full controller support;Single-player;Steam Achievements,Adventure;Casual;Indie,2D;Atmospheric;Casual;Cats;Clicker;Controller;Creature Collector;Cute;Detective;Education;Exploration;Family Friendly;Hand-drawn;Hidden Object;Interactive Fiction;Point & Click;Puzzle;Side Scroller;Singleplayer;Trading Card Game,"'Cat city' is an exciting hidden objects game. In this game, you will have to explore the whole city to find all the cats (and various secrets) and get closer to the goal of making this world and the lives of the cats living in it a little better, and restore their faith in people! The main character will help you figure it out and get comfortable, and tell you about the necessary help in this exciting and extremely important matter! The help of each person is important so that the world becomes","{""text_match"": 0.00715794, ""cosine_similarity"": 0.5584171}"
2026-02-10T00:09:28+00:00,CORTEX_DB.RAW.CAT_GAMES_SVC_1_5,default,"third-person cat adventure in a city, no horror, no gore","third-person cat adventure in a city, no horror, no gore",[],,False,,,,no_reranker_balanced,0.75,10,100,0,228,228,,01c24ec9-0005-07f0-0001-397a0003f682,,33,33,,5e-06,5e-06,,5e-06,,,,,[],[],[],[],[],[],,,True,[],[],,4,Finding Mosey,0.7613957,2024,English;French;German;Japanese;Simplified Chinese;Spanish - Spain,Family Sharing;Full controller support;Single-player;Steam Achievements,Adventure;RPG,3D;Action;Adventure;Anime;Cats;Colorful;Cute;Exploration;Funny;Mystery;Open World;Puzzle;RPG;Relaxing;Sandbox;Singleplayer;Stealth;Story Rich;Stylized;Third Person,"Finding Mosey is an open world single-player third-person RPG about finding your cat. Successfully funded on Kickstarter! While on a relaxing camping trip with your kitty, you wake up one day to find him missing. This search leads you to deep mysteries about your environment and its relationship with cats. As you explore the landscape and cities, the character you decide to become will determine how destructive or peaceful your search will unfold. Key Features For the fans of BOTW , Goat Simulat","{""text_match"": 0.056193896, ""cosine_similarity"": 0.5227914}"
2026-02-10T00:09:28+00:00,CORTEX_DB.RAW.CAT_GAMES_SVC_1_5,default,"third-person cat adventure in a city, no horror, no gore","third-person cat adventure in a city, no horror, no gore",[],,False,,,,no_reranker_balanced,0.75,10,100,0,228,228,,01c24ec9-0005-07f0-0001-397a0003f682,,33,33,,5e-06,5e-06,,5e-06,,,,,[],[],[],[],[],[],,,True,[],[],,5,CATRUN,0.76601385,2024,English,Family Sharing;Single-player,Adventure;Casual;Indie,2D;2D Platformer;Action-Adventure;Adventure;Arcade;Casual;Cats;Dystopian;Indie;Physics;Pixel Graphics;Platformer;Precision Platformer;Puzzle;Runner;Singleplayer,"You are waiting for an exciting adventure in a metropolis, where the main character - a cat named Philip - is forced to survive, exploring the city's nooks and crannies and scavenging through garbage dumps in search of food. Life in the city is full of dangers and surprises, but Philip is not one to give up. One day, after a heart-to-heart talk with his faithful friend, a beaver named Bob, Philip decides to change his fate. Bob tells him about a mysterious secret stash that hides the most delici","{""text_match"": 0.017228067, ""cosine_similarity"": 0.5320277}"
2026-02-10T00:09:28+00:00,CORTEX_DB.RAW.CAT_GAMES_SVC_1_5,default,"third-person cat adventure in a city, no horror, no gore","third-person cat adventure in a city, no horror, no gore",[],,False,,,,no_reranker_balanced,0.75,10,100,0,228,228,,01c24ec9-0005-07f0-0001-397a0003f682,,33,33,,5e-06,5e-06,,5e-06,,,,,[],[],[],[],[],[],,,True,[],[],,6,A Street Cat's Tale,0.76850617,2019,English;Japanese;Korean;Traditional Chinese,Family Sharing;Full controller support;Single-player;Steam Achievements;Steam Cloud,Adventure;Indie;Simulation,Adventure;Cats;Cute;Indie;Isometric;Pixel Graphics;Simulation,"'Tale of a street cat' is a story of a baby kitten left alone at the town. it's an adventure game played at the cat's view. you will become a baby kitten to survive with 13days to become an adult cat. [Key Features] ■Hungry little Kitten -It’s inevitable that most cats living on the streets will starve. -Go around the town and get food so the kitten will not starve to death. ■Many NPCs -Many NPCs with their unique personalities. -Some people will get angry when you talk to them, and some people ","{""text_match"": 0.0028827637, ""cosine_similarity"": 0.53701234}"
2026-02-10T00:09:28+00:00,CORTEX_DB.RAW.CAT_GAMES_SVC_1_5,default,"third-person cat adventure in a city, no horror, no gore","third-person cat adventure in a city, no horror, no gore",[],,False,,,,no_reranker_balanced,0.75,10,100,0,228,228,,01c24ec9-0005-07f0-0001-397a0003f682,,33,33,,5e-06,5e-06,,5e-06,,,,,[],[],[],[],[],[],,,True,[],[],,7,Last Subway,0.76227535,2024,English;French;German;Italian;Japanese;Korean;Polish;Portuguese - Portugal;Russian;Simplified Chinese;Spanish - Spain;Vietnamese,Family Sharing;Single-player,Adventure;Indie;RPG,Adventure;Atmospheric;Cats;Cinematic;Drama;Emotional;First-Person;Horror;Indie;Mystery;Narration;Philosophical;Psychedelic;Psychological;Psychological Horror;Puzzle;Singleplayer;Story Rich;Supernatural;Surreal,"*Before introducing the game, I want to tell everyone why I made it. I once saw a documentary online about a warrior named Nike from the international animal protection organization, the Anti-Poaching Alliance, and his fight against poachers in Africa. The documentary moved me, especially the moment when Nike was unfortunately shot and killed. I felt I needed to do something, and that's how the idea for 'Last Subway' came about. I hope 'Last Subway' will draw more attention to such people and or","{""text_match"": 0.010882946, ""cosine_similarity"": 0.5245507}"
2026-02-10T00:09:28+00:00,CORTEX_DB.RAW.CAT_GAMES_SVC_1_5,default,"third-person cat adventure in a city, no horror, no gore","third-person cat adventure in a city, no horror, no gore",[],,False,,,,no_reranker_balanced,0.75,10,100,0,228,228,,01c24ec9-0005-07f0-0001-397a0003f682,,33,33,,5e-06,5e-06,,5e-06,,,,,[],[],[],[],[],[],,,True,[],[],,8,Whiskers on Time's Corner,0.7589767000000001,2024,English;Japanese;Simplified Chinese;Spanish - Spain;Traditional Chinese,Family Sharing;Single-player;Steam Achievements;Steam Cloud,Casual;Early Access;Indie,Action RPG;Action-Adventure;Atmospheric;Cartoon;Cartoony;Casual;Cats;Choices Matter;Cute;Dating Sim;Early Access;Emotional;Exploration;Funny;Indie;Multiple Endings;Relaxing;Singleplayer;Survival;Walking Simulator,"In a beautiful little town, you take on the role of a cat and experience life from its perspective. [Life as a Cat] You need to rummage through trash cans and recycling bins to find food. Remember the locations where food can be found and try your luck when hunger strikes. Always keep an eye on the weather—rain will quickly drain the cat's stamina, so make sure to find shelter under roofs to stay dry and maintain your energy. [Cat Stories] At the Rice Ball House, Mrs. Rice Ball occasionally give","{""text_match"": 3.3389682e-07, ""cosine_similarity"": 0.5179534}"
2026-02-10T00:09:28+00:00,CORTEX_DB.RAW.CAT_GAMES_SVC_1_5,default,"third-person cat adventure in a city, no horror, no gore","third-person cat adventure in a city, no horror, no gore",[],,False,,,,no_reranker_balanced,0.75,10,100,0,228,228,,01c24ec9-0005-07f0-0001-397a0003f682,,33,33,,5e-06,5e-06,,5e-06,,,,,[],[],[],[],[],[],,,True,[],[],,9,Cat's Menace,0.75296575,2021,English;Russian,Family Sharing;Single-player,Adventure;Casual;Indie;Simulation;Strategy,Atmospheric;Choices Matter;Comedy;Creature Collector;Cute;Dark;Dark Humor;Detective;Experimental;Hand-drawn;Idler;Investigation;Narration;Noir;Puzzle;Satire;Story Rich;Stylized;Surreal;Visual Novel,"The dark story from the life of cats and people. Who will own the city? After one dramatic incident the whole city turned against the cats. In the city cats are now banned. Having cats was punishable by a fine or even a prison. People began to exterminate cats. Someone took the cats out of town, someone killed them. But the cats still returned. People were amazed that the number of cats did not decrease, but they did not stop and continued to get rid of them. But the townspeople didn’t know that","{""text_match"": 0.015134935, ""cosine_similarity"": 0.5059315}"
2026-02-10T00:09:28+00:00,CORTEX_DB.RAW.CAT_GAMES_SVC_1_5,default,"third-person cat adventure in a city, no horror, no gore","third-person cat adventure in a city, no horror, no gore",[],,False,,,,no_reranker_balanced,0.75,10,100,0,228,228,,01c24ec9-0005-07f0-0001-397a0003f682,,33,33,,5e-06,5e-06,,5e-06,,,,,[],[],[],[],[],[],,,True,[],[],,10,Cat Go! Ultimate Challenge,0.7542119,2021,English;Russian;Simplified Chinese,Family Sharing;Single-player;Steam Achievements,Adventure;Casual;Indie,3D;3D Platformer;6DOF;Adventure;Arcade;Atmospheric;Casual;Cats;Character Customization;Cute;Family Friendly;Funny;Minimalist;Open World;Platformer;Relaxing;Runner;Singleplayer;Stylized;Third Person,"Help a cute kitten to save Barsikgrad from unkind looter cats and restore peace in a cozy town. Collect fish on your journey and share it with Kotofei, who will give you many interesting, cute and colorful hats. Make your cat the main mod of the town. Do you know what an infinite engine is? No? So kittens don't know! Explore this strange mechanism in the city and give the cats endless happiness! Show the cat the world! Travel with him to colorful and sometimes not kind places. Any trip is more f","{""text_match"": 0.0049523907, ""cosine_similarity"": 0.5084238}"
2026-02-10T00:09:30+00:00,CORTEX_DB.RAW.CAT_GAMES_SVC_1_5,default,"third-person cat adventure in a city, no horror, no gore","third-person cat adventure in a city, no horror, no gore",[],,False,,,,low_latency,0.3,10,100,0,276,276,,01c24ec9-0005-07ef-0001-397a00041282,,45,45,,7e-06,7e-06,,7e-06,,,,,[],[],[],[],[],[],,,True,[],[],,1,Adventures of Human Being,0.80156625,2021,English,Family Sharing;Full controller support;Single-player,Adventure;Indie,2D;Adventure;Assassin;Cats;Choices Matter;Conspiracy;Crime;Dog;Exploration;Linear;Lore-Rich;Minimalist;Pixel Graphics;Political;Puzzle;Retro;Singleplayer;Story Rich;Top-Down;War,"You are hurt and running away from armed men who are hell bent on ending you. You escape just in time to a completely new place. Tired and helpless, you wander around. Until you meet a feline stranger who takes care of you as you heal. You Only Know One Thing, Kill the King . Developing friendship, you find out that the king resides in City 4. Solving a roster of interesting puzzles, with new mechanics introduced in every new city, ride on this adventure. Features: A simple cohesive story keepin","{""text_match"": 0.013835832, ""cosine_similarity"": 0.6031325}"
2026-02-10T00:09:30+00:00,CORTEX_DB.RAW.CAT_GAMES_SVC_1_5,default,"third-person cat adventure in a city, no horror, no gore","third-person cat adventure in a city, no horror, no gore",[],,False,,,,low_latency,0.3,10,100,0,276,276,,01c24ec9-0005-07ef-0001-397a00041282,,45,45,,7e-06,7e-06,,7e-06,,,,,[],[],[],[],[],[],,,True,[],[],,2,Stray,0.7773759650000001,2022,Dutch;English;French;German;Italian;Japanese;Korean;Polish;Portuguese - Brazil;Portuguese - Portugal;Russian;Simplified Chinese;Spanish - Latin America;Spanish - Spain;Traditional Chinese;Turkish,Family Sharing;Full controller support;Remote Play on TV;Single-player;Steam Achievements;Steam Cloud;Steam Trading Cards,Adventure;Indie,Action;Adventure;Atmospheric;Beautiful;Cats;Colorful;Cute;Cyberpunk;Dystopian;Exploration;Horror;Indie;Mystery;Open World;Puzzle;Robots;Sci-fi;Singleplayer;Stealth;Third Person,"Lost, alone and separated from family, a stray cat must untangle an ancient mystery to escape a long-forgotten city. Stray is a third-person cat adventure game set amidst the detailed, neon-lit alleys of a decaying cybercity and the murky environments of its seedy underbelly. Roam surroundings high and low, defend against unforeseen threats and solve the mysteries of this unwelcoming place inhabited by curious droids and dangerous creatures. See the world through the eyes of a cat and interact w","{""text_match"": 0.07150107, ""cosine_similarity"": 0.55475193}"
2026-02-10T00:09:30+00:00,CORTEX_DB.RAW.CAT_GAMES_SVC_1_5,default,"third-person cat adventure in a city, no horror, no gore","third-person cat adventure in a city, no horror, no gore",[],,False,,,,low_latency,0.3,10,100,0,276,276,,01c24ec9-0005-07ef-0001-397a00041282,,45,45,,7e-06,7e-06,,7e-06,,,,,[],[],[],[],[],[],,,True,[],[],,3,Cat city,0.77920855,2023,English;Russian,Family Sharing;Full controller support;Single-player;Steam Achievements,Adventure;Casual;Indie,2D;Atmospheric;Casual;Cats;Clicker;Controller;Creature Collector;Cute;Detective;Education;Exploration;Family Friendly;Hand-drawn;Hidden Object;Interactive Fiction;Point & Click;Puzzle;Side Scroller;Singleplayer;Trading Card Game,"'Cat city' is an exciting hidden objects game. In this game, you will have to explore the whole city to find all the cats (and various secrets) and get closer to the goal of making this world and the lives of the cats living in it a little better, and restore their faith in people! The main character will help you figure it out and get comfortable, and tell you about the necessary help in this exciting and extremely important matter! The help of each person is important so that the world becomes","{""text_match"": 0.00715794, ""cosine_similarity"": 0.5584171}"
2026-02-10T00:09:30+00:00,CORTEX_DB.RAW.CAT_GAMES_SVC_1_5,default,"third-person cat adventure in a city, no horror, no gore","third-person cat adventure in a city, no horror, no gore",[],,False,,,,low_latency,0.3,10,100,0,276,276,,01c24ec9-0005-07ef-0001-397a00041282,,45,45,,7e-06,7e-06,,7e-06,,,,,[],[],[],[],[],[],,,True,[],[],,4,Finding Mosey,0.7613957,2024,English;French;German;Japanese;Simplified Chinese;Spanish - Spain,Family Sharing;Full controller support;Single-player;Steam Achievements,Adventure;RPG,3D;Action;Adventure;Anime;Cats;Colorful;Cute;Exploration;Funny;Mystery;Open World;Puzzle;RPG;Relaxing;Sandbox;Singleplayer;Stealth;Story Rich;Stylized;Third Person,"Finding Mosey is an open world single-player third-person RPG about finding your cat. Successfully funded on Kickstarter! While on a relaxing camping trip with your kitty, you wake up one day to find him missing. This search leads you to deep mysteries about your environment and its relationship with cats. As you explore the landscape and cities, the character you decide to become will determine how destructive or peaceful your search will unfold. Key Features For the fans of BOTW , Goat Simulat","{""text_match"": 0.056193896, ""cosine_similarity"": 0.5227914}"
2026-02-10T00:09:30+00:00,CORTEX_DB.RAW.CAT_GAMES_SVC_1_5,default,"third-person cat adventure in a city, no horror, no gore","third-person cat adventure in a city, no horror, no gore",[],,False,,,,low_latency,0.3,10,100,0,276,276,,01c24ec9-0005-07ef-0001-397a00041282,,45,45,,7e-06,7e-06,,7e-06,,,,,[],[],[],[],[],[],,,True,[],[],,5,CATRUN,0.76601385,2024,English,Family Sharing;Single-player,Adventure;Casual;Indie,2D;2D Platformer;Action-Adventure;Adventure;Arcade;Casual;Cats;Dystopian;Indie;Physics;Pixel Graphics;Platformer;Precision Platformer;Puzzle;Runner;Singleplayer,"You are waiting for an exciting adventure in a metropolis, where the main character - a cat named Philip - is forced to survive, exploring the city's nooks and crannies and scavenging through garbage dumps in search of food. Life in the city is full of dangers and surprises, but Philip is not one to give up. One day, after a heart-to-heart talk with his faithful friend, a beaver named Bob, Philip decides to change his fate. Bob tells him about a mysterious secret stash that hides the most delici","{""text_match"": 0.017228067, ""cosine_similarity"": 0.5320277}"
2026-02-10T00:09:30+00:00,CORTEX_DB.RAW.CAT_GAMES_SVC_1_5,default,"third-person cat adventure in a city, no horror, no gore","third-person cat adventure in a city, no horror, no gore",[],,False,,,,low_latency,0.3,10,100,0,276,276,,01c24ec9-0005-07ef-0001-397a00041282,,45,45,,7e-06,7e-06,,7e-06,,,,,[],[],[],[],[],[],,,True,[],[],,6,A Street Cat's Tale,0.76850617,2019,English;Japanese;Korean;Traditional Chinese,Family Sharing;Full controller support;Single-player;Steam Achievements;Steam Cloud,Adventure;Indie;Simulation,Adventure;Cats;Cute;Indie;Isometric;Pixel Graphics;Simulation,"'Tale of a street cat' is a story of a baby kitten left alone at the town. it's an adventure game played at the cat's view. you will become a baby kitten to survive with 13days to become an adult cat. [Key Features] ■Hungry little Kitten -It’s inevitable that most cats living on the streets will starve. -Go around the town and get food so the kitten will not starve to death. ■Many NPCs -Many NPCs with their unique personalities. -Some people will get angry when you talk to them, and some people ","{""text_match"": 0.0028827637, ""cosine_similarity"": 0.53701234}"
2026-02-10T00:09:30+00:00,CORTEX_DB.RAW.CAT_GAMES_SVC_1_5,default,"third-person cat adventure in a city, no horror, no gore","third-person cat adventure in a city, no horror, no gore",[],,False,,,,low_latency,0.3,10,100,0,276,276,,01c24ec9-0005-07ef-0001-397a00041282,,45,45,,7e-06,7e-06,,7e-06,,,,,[],[],[],[],[],[],,,True,[],[],,7,Last Subway,0.76227535,2024,English;French;German;Italian;Japanese;Korean;Polish;Portuguese - Portugal;Russian;Simplified Chinese;Spanish - Spain;Vietnamese,Family Sharing;Single-player,Adventure;Indie;RPG,Adventure;Atmospheric;Cats;Cinematic;Drama;Emotional;First-Person;Horror;Indie;Mystery;Narration;Philosophical;Psychedelic;Psychological;Psychological Horror;Puzzle;Singleplayer;Story Rich;Supernatural;Surreal,"*Before introducing the game, I want to tell everyone why I made it. I once saw a documentary online about a warrior named Nike from the international animal protection organization, the Anti-Poaching Alliance, and his fight against poachers in Africa. The documentary moved me, especially the moment when Nike was unfortunately shot and killed. I felt I needed to do something, and that's how the idea for 'Last Subway' came about. I hope 'Last Subway' will draw more attention to such people and or","{""text_match"": 0.010882946, ""cosine_similarity"": 0.5245507}"
2026-02-10T00:09:30+00:00,CORTEX_DB.RAW.CAT_GAMES_SVC_1_5,default,"third-person cat adventure in a city, no horror, no gore","third-person cat adventure in a city, no horror, no gore",[],,False,,,,low_latency,0.3,10,100,0,276,276,,01c24ec9-0005-07ef-0001-397a00041282,,45,45,,7e-06,7e-06,,7e-06,,,,,[],[],[],[],[],[],,,True,[],[],,8,Whiskers on Time's Corner,0.7589767000000001,2024,English;Japanese;Simplified Chinese;Spanish - Spain;Traditional Chinese,Family Sharing;Single-player;Steam Achievements;Steam Cloud,Casual;Early Access;Indie,Action RPG;Action-Adventure;Atmospheric;Cartoon;Cartoony;Casual;Cats;Choices Matter;Cute;Dating Sim;Early Access;Emotional;Exploration;Funny;Indie;Multiple Endings;Relaxing;Singleplayer;Survival;Walking Simulator,"In a beautiful little town, you take on the role of a cat and experience life from its perspective. [Life as a Cat] You need to rummage through trash cans and recycling bins to find food. Remember the locations where food can be found and try your luck when hunger strikes. Always keep an eye on the weather—rain will quickly drain the cat's stamina, so make sure to find shelter under roofs to stay dry and maintain your energy. [Cat Stories] At the Rice Ball House, Mrs. Rice Ball occasionally give","{""text_match"": 3.3389682e-07, ""cosine_similarity"": 0.5179534}"
2026-02-10T00:09:30+00:00,CORTEX_DB.RAW.CAT_GAMES_SVC_1_5,default,"third-person cat adventure in a city, no horror, no gore","third-person cat adventure in a city, no horror, no gore",[],,False,,,,low_latency,0.3,10,100,0,276,276,,01c24ec9-0005-07ef-0001-397a00041282,,45,45,,7e-06,7e-06,,7e-06,,,,,[],[],[],[],[],[],,,True,[],[],,9,Cat's Menace,0.75296575,2021,English;Russian,Family Sharing;Single-player,Adventure;Casual;Indie;Simulation;Strategy,Atmospheric;Choices Matter;Comedy;Creature Collector;Cute;Dark;Dark Humor;Detective;Experimental;Hand-drawn;Idler;Investigation;Narration;Noir;Puzzle;Satire;Story Rich;Stylized;Surreal;Visual Novel,"The dark story from the life of cats and people. Who will own the city? After one dramatic incident the whole city turned against the cats. In the city cats are now banned. Having cats was punishable by a fine or even a prison. People began to exterminate cats. Someone took the cats out of town, someone killed them. But the cats still returned. People were amazed that the number of cats did not decrease, but they did not stop and continued to get rid of them. But the townspeople didn’t know that","{""text_match"": 0.015134935, ""cosine_similarity"": 0.5059315}"
2026-02-10T00:09:30+00:00,CORTEX_DB.RAW.CAT_GAMES_SVC_1_5,default,"third-person cat adventure in a city, no horror, no gore","third-person cat adventure in a city, no horror, no gore",[],,False,,,,low_latency,0.3,10,100,0,276,276,,01c24ec9-0005-07ef-0001-397a00041282,,45,45,,7e-06,7e-06,,7e-06,,,,,[],[],[],[],[],[],,,True,[],[],,10,Qajary Cat,0.73947785,2017,English,Family Sharing;Single-player,Adventure,Adventure;Comedy;Funny;Indie;Point & Click,"Many years ago, a cruel king ruled over the people of Iran whose only thoughts revolved around him and his court; an authoritarian king who was rich beyond the dream of avarice while his people held their stomachs out of hunger. The king becomes sick and lies on his deathbed. A miserable rain-soaked cat named “Babri Khan” together with its kitten accidentally enters the king’s palace and somehow arrives at his room. Seeing that the room is warm and cozy, the cat leaves the kitten under the king’","{""text_match"": 0.08533396, ""cosine_similarity"": 0.4789557}"
2026-02-10T00:09:30+00:00,CORTEX_DB.RAW.CAT_GAMES_SVC_1_5,default,"third-person cat adventure in a city, no horror, no gore","third-person cat adventure in a city, no horror, no gore",[],,False,,,,low_latency,0.65,10,100,0,266,266,,01c24ec9-0005-07c5-0001-397a00040736,,37,37,,6e-06,6e-06,,6e-06,,,,,[],[],[],[],[],[],,,True,[],[],,1,Adventures of Human Being,0.80156625,2021,English,Family Sharing;Full controller support;Single-player,Adventure;Indie,2D;Adventure;Assassin;Cats;Choices Matter;Conspiracy;Crime;Dog;Exploration;Linear;Lore-Rich;Minimalist;Pixel Graphics;Political;Puzzle;Retro;Singleplayer;Story Rich;Top-Down;War,"You are hurt and running away from armed men who are hell bent on ending you. You escape just in time to a completely new place. Tired and helpless, you wander around. Until you meet a feline stranger who takes care of you as you heal. You Only Know One Thing, Kill the King . Developing friendship, you find out that the king resides in City 4. Solving a roster of interesting puzzles, with new mechanics introduced in every new city, ride on this adventure. Features: A simple cohesive story keepin","{""text_match"": 0.013835832, ""cosine_similarity"": 0.6031325}"
2026-02-10T00:09:30+00:00,CORTEX_DB.RAW.CAT_GAMES_SVC_1_5,default,"third-person cat adventure in a city, no horror, no gore","third-person cat adventure in a city, no horror, no gore",[],,False,,,,low_latency,0.65,10,100,0,266,266,,01c24ec9-0005-07c5-0001-397a00040736,,37,37,,6e-06,6e-06,,6e-06,,,,,[],[],[],[],[],[],,,True,[],[],,2,Stray,0.7773759650000001,2022,Dutch;English;French;German;Italian;Japanese;Korean;Polish;Portuguese - Brazil;Portuguese - Portugal;Russian;Simplified Chinese;Spanish - Latin America;Spanish - Spain;Traditional Chinese;Turkish,Family Sharing;Full controller support;Remote Play on TV;Single-player;Steam Achievements;Steam Cloud;Steam Trading Cards,Adventure;Indie,Action;Adventure;Atmospheric;Beautiful;Cats;Colorful;Cute;Cyberpunk;Dystopian;Exploration;Horror;Indie;Mystery;Open World;Puzzle;Robots;Sci-fi;Singleplayer;Stealth;Third Person,"Lost, alone and separated from family, a stray cat must untangle an ancient mystery to escape a long-forgotten city. Stray is a third-person cat adventure game set amidst the detailed, neon-lit alleys of a decaying cybercity and the murky environments of its seedy underbelly. Roam surroundings high and low, defend against unforeseen threats and solve the mysteries of this unwelcoming place inhabited by curious droids and dangerous creatures. See the world through the eyes of a cat and interact w","{""text_match"": 0.07150107, ""cosine_similarity"": 0.55475193}"
2026-02-10T00:09:30+00:00,CORTEX_DB.RAW.CAT_GAMES_SVC_1_5,default,"third-person cat adventure in a city, no horror, no gore","third-person cat adventure in a city, no horror, no gore",[],,False,,,,low_latency,0.65,10,100,0,266,266,,01c24ec9-0005-07c5-0001-397a00040736,,37,37,,6e-06,6e-06,,6e-06,,,,,[],[],[],[],[],[],,,True,[],[],,3,Cat city,0.77920855,2023,English;Russian,Family Sharing;Full controller support;Single-player;Steam Achievements,Adventure;Casual;Indie,2D;Atmospheric;Casual;Cats;Clicker;Controller;Creature Collector;Cute;Detective;Education;Exploration;Family Friendly;Hand-drawn;Hidden Object;Interactive Fiction;Point & Click;Puzzle;Side Scroller;Singleplayer;Trading Card Game,"'Cat city' is an exciting hidden objects game. In this game, you will have to explore the whole city to find all the cats (and various secrets) and get closer to the goal of making this world and the lives of the cats living in it a little better, and restore their faith in people! The main character will help you figure it out and get comfortable, and tell you about the necessary help in this exciting and extremely important matter! The help of each person is important so that the world becomes","{""text_match"": 0.00715794, ""cosine_similarity"": 0.5584171}"
2026-02-10T00:09:30+00:00,CORTEX_DB.RAW.CAT_GAMES_SVC_1_5,default,"third-person cat adventure in a city, no horror, no gore","third-person cat adventure in a city, no horror, no gore",[],,False,,,,low_latency,0.65,10,100,0,266,266,,01c24ec9-0005-07c5-0001-397a00040736,,37,37,,6e-06,6e-06,,6e-06,,,,,[],[],[],[],[],[],,,True,[],[],,4,Finding Mosey,0.7613957,2024,English;French;German;Japanese;Simplified Chinese;Spanish - Spain,Family Sharing;Full controller support;Single-player;Steam Achievements,Adventure;RPG,3D;Action;Adventure;Anime;Cats;Colorful;Cute;Exploration;Funny;Mystery;Open World;Puzzle;RPG;Relaxing;Sandbox;Singleplayer;Stealth;Story Rich;Stylized;Third Person,"Finding Mosey is an open world single-player third-person RPG about finding your cat. Successfully funded on Kickstarter! While on a relaxing camping trip with your kitty, you wake up one day to find him missing. This search leads you to deep mysteries about your environment and its relationship with cats. As you explore the landscape and cities, the character you decide to become will determine how destructive or peaceful your search will unfold. Key Features For the fans of BOTW , Goat Simulat","{""text_match"": 0.056193896, ""cosine_similarity"": 0.5227914}"
2026-02-10T00:09:30+00:00,CORTEX_DB.RAW.CAT_GAMES_SVC_1_5,default,"third-person cat adventure in a city, no horror, no gore","third-person cat adventure in a city, no horror, no gore",[],,False,,,,low_latency,0.65,10,100,0,266,266,,01c24ec9-0005-07c5-0001-397a00040736,,37,37,,6e-06,6e-06,,6e-06,,,,,[],[],[],[],[],[],,,True,[],[],,5,CATRUN,0.76601385,2024,English,Family Sharing;Single-player,Adventure;Casual;Indie,2D;2D Platformer;Action-Adventure;Adventure;Arcade;Casual;Cats;Dystopian;Indie;Physics;Pixel Graphics;Platformer;Precision Platformer;Puzzle;Runner;Singleplayer,"You are waiting for an exciting adventure in a metropolis, where the main character - a cat named Philip - is forced to survive, exploring the city's nooks and crannies and scavenging through garbage dumps in search of food. Life in the city is full of dangers and surprises, but Philip is not one to give up. One day, after a heart-to-heart talk with his faithful friend, a beaver named Bob, Philip decides to change his fate. Bob tells him about a mysterious secret stash that hides the most delici","{""text_match"": 0.017228067, ""cosine_similarity"": 0.5320277}"
2026-02-10T00:09:30+00:00,CORTEX_DB.RAW.CAT_GAMES_SVC_1_5,default,"third-person cat adventure in a city, no horror, no gore","third-person cat adventure in a city, no horror, no gore",[],,False,,,,low_latency,0.65,10,100,0,266,266,,01c24ec9-0005-07c5-0001-397a00040736,,37,37,,6e-06,6e-06,,6e-06,,,,,[],[],[],[],[],[],,,True,[],[],,6,A Street Cat's Tale,0.76850617,2019,English;Japanese;Korean;Traditional Chinese,Family Sharing;Full controller support;Single-player;Steam Achievements;Steam Cloud,Adventure;Indie;Simulation,Adventure;Cats;Cute;Indie;Isometric;Pixel Graphics;Simulation,"'Tale of a street cat' is a story of a baby kitten left alone at the town. it's an adventure game played at the cat's view. you will become a baby kitten to survive with 13days to become an adult cat. [Key Features] ■Hungry little Kitten -It’s inevitable that most cats living on the streets will starve. -Go around the town and get food so the kitten will not starve to death. ■Many NPCs -Many NPCs with their unique personalities. -Some people will get angry when you talk to them, and some people ","{""text_match"": 0.0028827637, ""cosine_similarity"": 0.53701234}"
2026-02-10T00:09:30+00:00,CORTEX_DB.RAW.CAT_GAMES_SVC_1_5,default,"third-person cat adventure in a city, no horror, no gore","third-person cat adventure in a city, no horror, no gore",[],,False,,,,low_latency,0.65,10,100,0,266,266,,01c24ec9-0005-07c5-0001-397a00040736,,37,37,,6e-06,6e-06,,6e-06,,,,,[],[],[],[],[],[],,,True,[],[],,7,Last Subway,0.76227535,2024,English;French;German;Italian;Japanese;Korean;Polish;Portuguese - Portugal;Russian;Simplified Chinese;Spanish - Spain;Vietnamese,Family Sharing;Single-player,Adventure;Indie;RPG,Adventure;Atmospheric;Cats;Cinematic;Drama;Emotional;First-Person;Horror;Indie;Mystery;Narration;Philosophical;Psychedelic;Psychological;Psychological Horror;Puzzle;Singleplayer;Story Rich;Supernatural;Surreal,"*Before introducing the game, I want to tell everyone why I made it. I once saw a documentary online about a warrior named Nike from the international animal protection organization, the Anti-Poaching Alliance, and his fight against poachers in Africa. The documentary moved me, especially the moment when Nike was unfortunately shot and killed. I felt I needed to do something, and that's how the idea for 'Last Subway' came about. I hope 'Last Subway' will draw more attention to such people and or","{""text_match"": 0.010882946, ""cosine_similarity"": 0.5245507}"
2026-02-10T00:09:30+00:00,CORTEX_DB.RAW.CAT_GAMES_SVC_1_5,default,"third-person cat adventure in a city, no horror, no gore","third-person cat adventure in a city, no horror, no gore",[],,False,,,,low_latency,0.65,10,100,0,266,266,,01c24ec9-0005-07c5-0001-397a00040736,,37,37,,6e-06,6e-06,,6e-06,,,,,[],[],[],[],[],[],,,True,[],[],,8,Whiskers on Time's Corner,0.7589767000000001,2024,English;Japanese;Simplified Chinese;Spanish - Spain;Traditional Chinese,Family Sharing;Single-player;Steam Achievements;Steam Cloud,Casual;Early Access;Indie,Action RPG;Action-Adventure;Atmospheric;Cartoon;Cartoony;Casual;Cats;Choices Matter;Cute;Dating Sim;Early Access;Emotional;Exploration;Funny;Indie;Multiple Endings;Relaxing;Singleplayer;Survival;Walking Simulator,"In a beautiful little town, you take on the role of a cat and experience life from its perspective. [Life as a Cat] You need to rummage through trash cans and recycling bins to find food. Remember the locations where food can be found and try your luck when hunger strikes. Always keep an eye on the weather—rain will quickly drain the cat's stamina, so make sure to find shelter under roofs to stay dry and maintain your energy. [Cat Stories] At the Rice Ball House, Mrs. Rice Ball occasionally give","{""text_match"": 3.3389682e-07, ""cosine_similarity"": 0.5179534}"
2026-02-10T00:09:30+00:00,CORTEX_DB.RAW.CAT_GAMES_SVC_1_5,default,"third-person cat adventure in a city, no horror, no gore","third-person cat adventure in a city, no horror, no gore",[],,False,,,,low_latency,0.65,10,100,0,266,266,,01c24ec9-0005-07c5-0001-397a00040736,,37,37,,6e-06,6e-06,,6e-06,,,,,[],[],[],[],[],[],,,True,[],[],,9,Cat's Menace,0.75296575,2021,English;Russian,Family Sharing;Single-player,Adventure;Casual;Indie;Simulation;Strategy,Atmospheric;Choices Matter;Comedy;Creature Collector;Cute;Dark;Dark Humor;Detective;Experimental;Hand-drawn;Idler;Investigation;Narration;Noir;Puzzle;Satire;Story Rich;Stylized;Surreal;Visual Novel,"The dark story from the life of cats and people. Who will own the city? After one dramatic incident the whole city turned against the cats. In the city cats are now banned. Having cats was punishable by a fine or even a prison. People began to exterminate cats. Someone took the cats out of town, someone killed them. But the cats still returned. People were amazed that the number of cats did not decrease, but they did not stop and continued to get rid of them. But the townspeople didn’t know that","{""text_match"": 0.015134935, ""cosine_similarity"": 0.5059315}"
2026-02-10T00:09:30+00:00,CORTEX_DB.RAW.CAT_GAMES_SVC_1_5,default,"third-person cat adventure in a city, no horror, no gore","third-person cat adventure in a city, no horror, no gore",[],,False,,,,low_latency,0.65,10,100,0,266,266,,01c24ec9-0005-07c5-0001-397a00040736,,37,37,,6e-06,6e-06,,6e-06,,,,,[],[],[],[],[],[],,,True,[],[],,10,Qajary Cat,0.73947785,2017,English,Family Sharing;Single-player,Adventure,Adventure;Comedy;Funny;Indie;Point & Click,"Many years ago, a cruel king ruled over the people of Iran whose only thoughts revolved around him and his court; an authoritarian king who was rich beyond the dream of avarice while his people held their stomachs out of hunger. The king becomes sick and lies on his deathbed. A miserable rain-soaked cat named “Babri Khan” together with its kitten accidentally enters the king’s palace and somehow arrives at his room. Seeing that the room is warm and cozy, the cat leaves the kitten under the king’","{""text_match"": 0.08533396, ""cosine_similarity"": 0.4789557}"
2026-02-10T00:09:31+00:00,CORTEX_DB.RAW.CAT_GAMES_SVC_1_5,default,"third-person cat adventure in a city, no horror, no gore","third-person cat adventure in a city, no horror, no gore",[],,False,,,,low_latency,0.75,10,100,0,246,246,,01c24ec9-0005-07c5-0001-397a0004073a,,36,36,,5e-06,5e-06,,5e-06,,,,,[],[],[],[],[],[],,,True,[],[],,1,Adventures of Human Being,0.80156625,2021,English,Family Sharing;Full controller support;Single-player,Adventure;Indie,2D;Adventure;Assassin;Cats;Choices Matter;Conspiracy;Crime;Dog;Exploration;Linear;Lore-Rich;Minimalist;Pixel Graphics;Political;Puzzle;Retro;Singleplayer;Story Rich;Top-Down;War,"You are hurt and running away from armed men who are hell bent on ending you. You escape just in time to a completely new place. Tired and helpless, you wander around. Until you meet a feline stranger who takes care of you as you heal. You Only Know One Thing, Kill the King . Developing friendship, you find out that the king resides in City 4. Solving a roster of interesting puzzles, with new mechanics introduced in every new city, ride on this adventure. Features: A simple cohesive story keepin","{""text_match"": 0.013835832, ""cosine_similarity"": 0.6031325}"
2026-02-10T00:09:31+00:00,CORTEX_DB.RAW.CAT_GAMES_SVC_1_5,default,"third-person cat adventure in a city, no horror, no gore","third-person cat adventure in a city, no horror, no gore",[],,False,,,,low_latency,0.75,10,100,0,246,246,,01c24ec9-0005-07c5-0001-397a0004073a,,36,36,,5e-06,5e-06,,5e-06,,,,,[],[],[],[],[],[],,,True,[],[],,2,Stray,0.7773759650000001,2022,Dutch;English;French;German;Italian;Japanese;Korean;Polish;Portuguese - Brazil;Portuguese - Portugal;Russian;Simplified Chinese;Spanish - Latin America;Spanish - Spain;Traditional Chinese;Turkish,Family Sharing;Full controller support;Remote Play on TV;Single-player;Steam Achievements;Steam Cloud;Steam Trading Cards,Adventure;Indie,Action;Adventure;Atmospheric;Beautiful;Cats;Colorful;Cute;Cyberpunk;Dystopian;Exploration;Horror;Indie;Mystery;Open World;Puzzle;Robots;Sci-fi;Singleplayer;Stealth;Third Person,"Lost, alone and separated from family, a stray cat must untangle an ancient mystery to escape a long-forgotten city. Stray is a third-person cat adventure game set amidst the detailed, neon-lit alleys of a decaying cybercity and the murky environments of its seedy underbelly. Roam surroundings high and low, defend against unforeseen threats and solve the mysteries of this unwelcoming place inhabited by curious droids and dangerous creatures. See the world through the eyes of a cat and interact w","{""text_match"": 0.07150107, ""cosine_similarity"": 0.55475193}"
2026-02-10T00:09:31+00:00,CORTEX_DB.RAW.CAT_GAMES_SVC_1_5,default,"third-person cat adventure in a city, no horror, no gore","third-person cat adventure in a city, no horror, no gore",[],,False,,,,low_latency,0.75,10,100,0,246,246,,01c24ec9-0005-07c5-0001-397a0004073a,,36,36,,5e-06,5e-06,,5e-06,,,,,[],[],[],[],[],[],,,True,[],[],,3,Cat city,0.77920855,2023,English;Russian,Family Sharing;Full controller support;Single-player;Steam Achievements,Adventure;Casual;Indie,2D;Atmospheric;Casual;Cats;Clicker;Controller;Creature Collector;Cute;Detective;Education;Exploration;Family Friendly;Hand-drawn;Hidden Object;Interactive Fiction;Point & Click;Puzzle;Side Scroller;Singleplayer;Trading Card Game,"'Cat city' is an exciting hidden objects game. In this game, you will have to explore the whole city to find all the cats (and various secrets) and get closer to the goal of making this world and the lives of the cats living in it a little better, and restore their faith in people! The main character will help you figure it out and get comfortable, and tell you about the necessary help in this exciting and extremely important matter! The help of each person is important so that the world becomes","{""text_match"": 0.00715794, ""cosine_similarity"": 0.5584171}"
2026-02-10T00:09:31+00:00,CORTEX_DB.RAW.CAT_GAMES_SVC_1_5,default,"third-person cat adventure in a city, no horror, no gore","third-person cat adventure in a city, no horror, no gore",[],,False,,,,low_latency,0.75,10,100,0,246,246,,01c24ec9-0005-07c5-0001-397a0004073a,,36,36,,5e-06,5e-06,,5e-06,,,,,[],[],[],[],[],[],,,True,[],[],,4,Finding Mosey,0.7613957,2024,English;French;German;Japanese;Simplified Chinese;Spanish - Spain,Family Sharing;Full controller support;Single-player;Steam Achievements,Adventure;RPG,3D;Action;Adventure;Anime;Cats;Colorful;Cute;Exploration;Funny;Mystery;Open World;Puzzle;RPG;Relaxing;Sandbox;Singleplayer;Stealth;Story Rich;Stylized;Third Person,"Finding Mosey is an open world single-player third-person RPG about finding your cat. Successfully funded on Kickstarter! While on a relaxing camping trip with your kitty, you wake up one day to find him missing. This search leads you to deep mysteries about your environment and its relationship with cats. As you explore the landscape and cities, the character you decide to become will determine how destructive or peaceful your search will unfold. Key Features For the fans of BOTW , Goat Simulat","{""text_match"": 0.056193896, ""cosine_similarity"": 0.5227914}"
2026-02-10T00:09:31+00:00,CORTEX_DB.RAW.CAT_GAMES_SVC_1_5,default,"third-person cat adventure in a city, no horror, no gore","third-person cat adventure in a city, no horror, no gore",[],,False,,,,low_latency,0.75,10,100,0,246,246,,01c24ec9-0005-07c5-0001-397a0004073a,,36,36,,5e-06,5e-06,,5e-06,,,,,[],[],[],[],[],[],,,True,[],[],,5,CATRUN,0.76601385,2024,English,Family Sharing;Single-player,Adventure;Casual;Indie,2D;2D Platformer;Action-Adventure;Adventure;Arcade;Casual;Cats;Dystopian;Indie;Physics;Pixel Graphics;Platformer;Precision Platformer;Puzzle;Runner;Singleplayer,"You are waiting for an exciting adventure in a metropolis, where the main character - a cat named Philip - is forced to survive, exploring the city's nooks and crannies and scavenging through garbage dumps in search of food. Life in the city is full of dangers and surprises, but Philip is not one to give up. One day, after a heart-to-heart talk with his faithful friend, a beaver named Bob, Philip decides to change his fate. Bob tells him about a mysterious secret stash that hides the most delici","{""text_match"": 0.017228067, ""cosine_similarity"": 0.5320277}"
2026-02-10T00:09:31+00:00,CORTEX_DB.RAW.CAT_GAMES_SVC_1_5,default,"third-person cat adventure in a city, no horror, no gore","third-person cat adventure in a city, no horror, no gore",[],,False,,,,low_latency,0.75,10,100,0,246,246,,01c24ec9-0005-07c5-0001-397a0004073a,,36,36,,5e-06,5e-06,,5e-06,,,,,[],[],[],[],[],[],,,True,[],[],,6,A Street Cat's Tale,0.76850617,2019,English;Japanese;Korean;Traditional Chinese,Family Sharing;Full controller support;Single-player;Steam Achievements;Steam Cloud,Adventure;Indie;Simulation,Adventure;Cats;Cute;Indie;Isometric;Pixel Graphics;Simulation,"'Tale of a street cat' is a story of a baby kitten left alone at the town. it's an adventure game played at the cat's view. you will become a baby kitten to survive with 13days to become an adult cat. [Key Features] ■Hungry little Kitten -It’s inevitable that most cats living on the streets will starve. -Go around the town and get food so the kitten will not starve to death. ■Many NPCs -Many NPCs with their unique personalities. -Some people will get angry when you talk to them, and some people ","{""text_match"": 0.0028827637, ""cosine_similarity"": 0.53701234}"
2026-02-10T00:09:31+00:00,CORTEX_DB.RAW.CAT_GAMES_SVC_1_5,default,"third-person cat adventure in a city, no horror, no gore","third-person cat adventure in a city, no horror, no gore",[],,False,,,,low_latency,0.75,10,100,0,246,246,,01c24ec9-0005-07c5-0001-397a0004073a,,36,36,,5e-06,5e-06,,5e-06,,,,,[],[],[],[],[],[],,,True,[],[],,7,Last Subway,0.76227535,2024,English;French;German;Italian;Japanese;Korean;Polish;Portuguese - Portugal;Russian;Simplified Chinese;Spanish - Spain;Vietnamese,Family Sharing;Single-player,Adventure;Indie;RPG,Adventure;Atmospheric;Cats;Cinematic;Drama;Emotional;First-Person;Horror;Indie;Mystery;Narration;Philosophical;Psychedelic;Psychological;Psychological Horror;Puzzle;Singleplayer;Story Rich;Supernatural;Surreal,"*Before introducing the game, I want to tell everyone why I made it. I once saw a documentary online about a warrior named Nike from the international animal protection organization, the Anti-Poaching Alliance, and his fight against poachers in Africa. The documentary moved me, especially the moment when Nike was unfortunately shot and killed. I felt I needed to do something, and that's how the idea for 'Last Subway' came about. I hope 'Last Subway' will draw more attention to such people and or","{""text_match"": 0.010882946, ""cosine_similarity"": 0.5245507}"
2026-02-10T00:09:31+00:00,CORTEX_DB.RAW.CAT_GAMES_SVC_1_5,default,"third-person cat adventure in a city, no horror, no gore","third-person cat adventure in a city, no horror, no gore",[],,False,,,,low_latency,0.75,10,100,0,246,246,,01c24ec9-0005-07c5-0001-397a0004073a,,36,36,,5e-06,5e-06,,5e-06,,,,,[],[],[],[],[],[],,,True,[],[],,8,Whiskers on Time's Corner,0.7589767000000001,2024,English;Japanese;Simplified Chinese;Spanish - Spain;Traditional Chinese,Family Sharing;Single-player;Steam Achievements;Steam Cloud,Casual;Early Access;Indie,Action RPG;Action-Adventure;Atmospheric;Cartoon;Cartoony;Casual;Cats;Choices Matter;Cute;Dating Sim;Early Access;Emotional;Exploration;Funny;Indie;Multiple Endings;Relaxing;Singleplayer;Survival;Walking Simulator,"In a beautiful little town, you take on the role of a cat and experience life from its perspective. [Life as a Cat] You need to rummage through trash cans and recycling bins to find food. Remember the locations where food can be found and try your luck when hunger strikes. Always keep an eye on the weather—rain will quickly drain the cat's stamina, so make sure to find shelter under roofs to stay dry and maintain your energy. [Cat Stories] At the Rice Ball House, Mrs. Rice Ball occasionally give","{""text_match"": 3.3389682e-07, ""cosine_similarity"": 0.5179534}"
2026-02-10T00:09:31+00:00,CORTEX_DB.RAW.CAT_GAMES_SVC_1_5,default,"third-person cat adventure in a city, no horror, no gore","third-person cat adventure in a city, no horror, no gore",[],,False,,,,low_latency,0.75,10,100,0,246,246,,01c24ec9-0005-07c5-0001-397a0004073a,,36,36,,5e-06,5e-06,,5e-06,,,,,[],[],[],[],[],[],,,True,[],[],,9,Cat's Menace,0.75296575,2021,English;Russian,Family Sharing;Single-player,Adventure;Casual;Indie;Simulation;Strategy,Atmospheric;Choices Matter;Comedy;Creature Collector;Cute;Dark;Dark Humor;Detective;Experimental;Hand-drawn;Idler;Investigation;Narration;Noir;Puzzle;Satire;Story Rich;Stylized;Surreal;Visual Novel,"The dark story from the life of cats and people. Who will own the city? After one dramatic incident the whole city turned against the cats. In the city cats are now banned. Having cats was punishable by a fine or even a prison. People began to exterminate cats. Someone took the cats out of town, someone killed them. But the cats still returned. People were amazed that the number of cats did not decrease, but they did not stop and continued to get rid of them. But the townspeople didn’t know that","{""text_match"": 0.015134935, ""cosine_similarity"": 0.5059315}"
2026-02-10T00:09:31+00:00,CORTEX_DB.RAW.CAT_GAMES_SVC_1_5,default,"third-person cat adventure in a city, no horror, no gore","third-person cat adventure in a city, no horror, no gore",[],,False,,,,low_latency,0.75,10,100,0,246,246,,01c24ec9-0005-07c5-0001-397a0004073a,,36,36,,5e-06,5e-06,,5e-06,,,,,[],[],[],[],[],[],,,True,[],[],,10,Cat Go! Ultimate Challenge,0.7542119,2021,English;Russian;Simplified Chinese,Family Sharing;Single-player;Steam Achievements,Adventure;Casual;Indie,3D;3D Platformer;6DOF;Adventure;Arcade;Atmospheric;Casual;Cats;Character Customization;Cute;Family Friendly;Funny;Minimalist;Open World;Platformer;Relaxing;Runner;Singleplayer;Stylized;Third Person,"Help a cute kitten to save Barsikgrad from unkind looter cats and restore peace in a cozy town. Collect fish on your journey and share it with Kotofei, who will give you many interesting, cute and colorful hats. Make your cat the main mod of the town. Do you know what an infinite engine is? No? So kittens don't know! Explore this strange mechanism in the city and give the cats endless happiness! Show the cat the world! Travel with him to colorful and sometimes not kind places. Any trip is more f","{""text_match"": 0.0049523907, ""cosine_similarity"": 0.5084238}"
2026-02-10T00:09:33+00:00,CORTEX_DB.RAW.CAT_GAMES_SVC_1_5,default,"third-person cat adventure in a city, no horror, no gore","third-person cat adventure in a city, no horror, no gore",[],,False,,,,reranker_heavy,0.3,10,100,0,506,506,,01c24ec9-0005-07a7-0001-397a0003eb6a,,54,54,,8e-06,8e-06,,8e-06,,,,,[],[],[],[],[],[],,,True,[],[],,1,Stray,0.7773759650000001,2022,Dutch;English;French;German;Italian;Japanese;Korean;Polish;Portuguese - Brazil;Portuguese - Portugal;Russian;Simplified Chinese;Spanish - Latin America;Spanish - Spain;Traditional Chinese;Turkish,Family Sharing;Full controller support;Remote Play on TV;Single-player;Steam Achievements;Steam Cloud;Steam Trading Cards,Adventure;Indie,Action;Adventure;Atmospheric;Beautiful;Cats;Colorful;Cute;Cyberpunk;Dystopian;Exploration;Horror;Indie;Mystery;Open World;Puzzle;Robots;Sci-fi;Singleplayer;Stealth;Third Person,"Lost, alone and separated from family, a stray cat must untangle an ancient mystery to escape a long-forgotten city. Stray is a third-person cat adventure game set amidst the detailed, neon-lit alleys of a decaying cybercity and the murky environments of its seedy underbelly. Roam surroundings high and low, defend against unforeseen threats and solve the mysteries of this unwelcoming place inhabited by curious droids and dangerous creatures. See the world through the eyes of a cat and interact w","{""text_match"": 0.07150107, ""cosine_similarity"": 0.55475193, ""reranker_score"": -2.599227}"
2026-02-10T00:09:33+00:00,CORTEX_DB.RAW.CAT_GAMES_SVC_1_5,default,"third-person cat adventure in a city, no horror, no gore","third-person cat adventure in a city, no horror, no gore",[],,False,,,,reranker_heavy,0.3,10,100,0,506,506,,01c24ec9-0005-07a7-0001-397a0003eb6a,,54,54,,8e-06,8e-06,,8e-06,,,,,[],[],[],[],[],[],,,True,[],[],,2,Finding Mosey,0.7613957,2024,English;French;German;Japanese;Simplified Chinese;Spanish - Spain,Family Sharing;Full controller support;Single-player;Steam Achievements,Adventure;RPG,3D;Action;Adventure;Anime;Cats;Colorful;Cute;Exploration;Funny;Mystery;Open World;Puzzle;RPG;Relaxing;Sandbox;Singleplayer;Stealth;Story Rich;Stylized;Third Person,"Finding Mosey is an open world single-player third-person RPG about finding your cat. Successfully funded on Kickstarter! While on a relaxing camping trip with your kitty, you wake up one day to find him missing. This search leads you to deep mysteries about your environment and its relationship with cats. As you explore the landscape and cities, the character you decide to become will determine how destructive or peaceful your search will unfold. Key Features For the fans of BOTW , Goat Simulat","{""text_match"": 0.056193896, ""cosine_similarity"": 0.5227914, ""reranker_score"": -2.3463593}"
2026-02-10T00:09:33+00:00,CORTEX_DB.RAW.CAT_GAMES_SVC_1_5,default,"third-person cat adventure in a city, no horror, no gore","third-person cat adventure in a city, no horror, no gore",[],,False,,,,reranker_heavy,0.3,10,100,0,506,506,,01c24ec9-0005-07a7-0001-397a0003eb6a,,54,54,,8e-06,8e-06,,8e-06,,,,,[],[],[],[],[],[],,,True,[],[],,3,Adventures of Human Being,0.80156625,2021,English,Family Sharing;Full controller support;Single-player,Adventure;Indie,2D;Adventure;Assassin;Cats;Choices Matter;Conspiracy;Crime;Dog;Exploration;Linear;Lore-Rich;Minimalist;Pixel Graphics;Political;Puzzle;Retro;Singleplayer;Story Rich;Top-Down;War,"You are hurt and running away from armed men who are hell bent on ending you. You escape just in time to a completely new place. Tired and helpless, you wander around. Until you meet a feline stranger who takes care of you as you heal. You Only Know One Thing, Kill the King . Developing friendship, you find out that the king resides in City 4. Solving a roster of interesting puzzles, with new mechanics introduced in every new city, ride on this adventure. Features: A simple cohesive story keepin","{""text_match"": 0.013835832, ""cosine_similarity"": 0.6031325, ""reranker_score"": -6.189288}"
2026-02-10T00:09:33+00:00,CORTEX_DB.RAW.CAT_GAMES_SVC_1_5,default,"third-person cat adventure in a city, no horror, no gore","third-person cat adventure in a city, no horror, no gore",[],,False,,,,reranker_heavy,0.3,10,100,0,506,506,,01c24ec9-0005-07a7-0001-397a0003eb6a,,54,54,,8e-06,8e-06,,8e-06,,,,,[],[],[],[],[],[],,,True,[],[],,4,Cat city,0.77920855,2023,English;Russian,Family Sharing;Full controller support;Single-player;Steam Achievements,Adventure;Casual;Indie,2D;Atmospheric;Casual;Cats;Clicker;Controller;Creature Collector;Cute;Detective;Education;Exploration;Family Friendly;Hand-drawn;Hidden Object;Interactive Fiction;Point & Click;Puzzle;Side Scroller;Singleplayer;Trading Card Game,"'Cat city' is an exciting hidden objects game. In this game, you will have to explore the whole city to find all the cats (and various secrets) and get closer to the goal of making this world and the lives of the cats living in it a little better, and restore their faith in people! The main character will help you figure it out and get comfortable, and tell you about the necessary help in this exciting and extremely important matter! The help of each person is important so that the world becomes","{""text_match"": 0.00715794, ""cosine_similarity"": 0.5584171, ""reranker_score"": -5.4745865}"
2026-02-10T00:09:33+00:00,CORTEX_DB.RAW.CAT_GAMES_SVC_1_5,default,"third-person cat adventure in a city, no horror, no gore","third-person cat adventure in a city, no horror, no gore",[],,False,,,,reranker_heavy,0.3,10,100,0,506,506,,01c24ec9-0005-07a7-0001-397a0003eb6a,,54,54,,8e-06,8e-06,,8e-06,,,,,[],[],[],[],[],[],,,True,[],[],,5,The Cat! Porfirio's Adventure,0.747321365,2016,English;Russian,Family Sharing;Partial Controller Support;Single-player;Steam Achievements;Steam Trading Cards,Action;Adventure;Indie,3D Platformer;Action;Action-Adventure;Adventure;Atmospheric;Cartoony;Cats;Colorful;Conversation;Cute;Family Friendly;Indie;Memes;Nonlinear;Open World;Short;Simulation;Singleplayer;Stylized;Third Person,"Porfirio's amazing adventures in the village. Porfirio is a cat — a couch potato, a philosopher, a family pet, just a regular cat happily living with an ordinary family in a city. His lazy life is interrupted when his little owner is sent to the countryside to live with her grandparents for the summer. Naturally, she takes her best friend Porfirio with her. For an urban cat, the village is a nightmare! Instead of pillows and blankets you get a pile of straw in the barn; instead of canned cat foo","{""text_match"": 0.03867439, ""cosine_similarity"": 0.49464273, ""reranker_score"": -4.184849}"
2026-02-10T00:09:33+00:00,CORTEX_DB.RAW.CAT_GAMES_SVC_1_5,default,"third-person cat adventure in a city, no horror, no gore","third-person cat adventure in a city, no horror, no gore",[],,False,,,,reranker_heavy,0.3,10,100,0,506,506,,01c24ec9-0005-07a7-0001-397a0003eb6a,,54,54,,8e-06,8e-06,,8e-06,,,,,[],[],[],[],[],[],,,True,[],[],,6,Cat Go! Ultimate Challenge,0.7542119,2021,English;Russian;Simplified Chinese,Family Sharing;Single-player;Steam Achievements,Adventure;Casual;Indie,3D;3D Platformer;6DOF;Adventure;Arcade;Atmospheric;Casual;Cats;Character Customization;Cute;Family Friendly;Funny;Minimalist;Open World;Platformer;Relaxing;Runner;Singleplayer;Stylized;Third Person,"Help a cute kitten to save Barsikgrad from unkind looter cats and restore peace in a cozy town. Collect fish on your journey and share it with Kotofei, who will give you many interesting, cute and colorful hats. Make your cat the main mod of the town. Do you know what an infinite engine is? No? So kittens don't know! Explore this strange mechanism in the city and give the cats endless happiness! Show the cat the world! Travel with him to colorful and sometimes not kind places. Any trip is more f","{""text_match"": 0.0049523907, ""cosine_similarity"": 0.5084238, ""reranker_score"": -4.8988667}"
2026-02-10T00:09:33+00:00,CORTEX_DB.RAW.CAT_GAMES_SVC_1_5,default,"third-person cat adventure in a city, no horror, no gore","third-person cat adventure in a city, no horror, no gore",[],,False,,,,reranker_heavy,0.3,10,100,0,506,506,,01c24ec9-0005-07a7-0001-397a0003eb6a,,54,54,,8e-06,8e-06,,8e-06,,,,,[],[],[],[],[],[],,,True,[],[],,7,CATRUN,0.76601385,2024,English,Family Sharing;Single-player,Adventure;Casual;Indie,2D;2D Platformer;Action-Adventure;Adventure;Arcade;Casual;Cats;Dystopian;Indie;Physics;Pixel Graphics;Platformer;Precision Platformer;Puzzle;Runner;Singleplayer,"You are waiting for an exciting adventure in a metropolis, where the main character - a cat named Philip - is forced to survive, exploring the city's nooks and crannies and scavenging through garbage dumps in search of food. Life in the city is full of dangers and surprises, but Philip is not one to give up. One day, after a heart-to-heart talk with his faithful friend, a beaver named Bob, Philip decides to change his fate. Bob tells him about a mysterious secret stash that hides the most delici","{""text_match"": 0.017228067, ""cosine_similarity"": 0.5320277, ""reranker_score"": -6.0535316}"
2026-02-10T00:09:33+00:00,CORTEX_DB.RAW.CAT_GAMES_SVC_1_5,default,"third-person cat adventure in a city, no horror, no gore","third-person cat adventure in a city, no horror, no gore",[],,False,,,,reranker_heavy,0.3,10,100,0,506,506,,01c24ec9-0005-07a7-0001-397a0003eb6a,,54,54,,8e-06,8e-06,,8e-06,,,,,[],[],[],[],[],[],,,True,[],[],,8,Marfa,0.753112375,2024,English;Russian;Simplified Chinese,Family Sharing;Single-player,Adventure;Indie,2D;Adventure;Atmospheric;Cats;Conversation;Cute;Detective;Emotional;Exploration;First-Person;Hand-drawn;Hidden Object;Investigation;Logic;Modern;Multiple Endings;Puzzle-Platformer;Singleplayer;Story Rich;Stylized,"Cool summer breeze, fluffy clouds and singing birds. What could be more beautiful? — that's what Marfa the cat thought, basking in the sun on the windowsill of the Artist's house. Who is an Artist? This is Marfa's owner. He works hard, but not only on his paintings, but also... on a mysterious plan. What is this plan? — you may ask. The answer to this question is what the kitty Marfa is looking for. The path to the solution will turn the life of a simple home cat upside down, open up a new myste","{""text_match"": 0.004240647, ""cosine_similarity"": 0.50622475, ""reranker_score"": -5.4440002}"
2026-02-10T00:09:33+00:00,CORTEX_DB.RAW.CAT_GAMES_SVC_1_5,default,"third-person cat adventure in a city, no horror, no gore","third-person cat adventure in a city, no horror, no gore",[],,False,,,,reranker_heavy,0.3,10,100,0,506,506,,01c24ec9-0005-07a7-0001-397a0003eb6a,,54,54,,8e-06,8e-06,,8e-06,,,,,[],[],[],[],[],[],,,True,[],[],,9,A Street Cat's Tale,0.76850617,2019,English;Japanese;Korean;Traditional Chinese,Family Sharing;Full controller support;Single-player;Steam Achievements;Steam Cloud,Adventure;Indie;Simulation,Adventure;Cats;Cute;Indie;Isometric;Pixel Graphics;Simulation,"'Tale of a street cat' is a story of a baby kitten left alone at the town. it's an adventure game played at the cat's view. you will become a baby kitten to survive with 13days to become an adult cat. [Key Features] ■Hungry little Kitten -It’s inevitable that most cats living on the streets will starve. -Go around the town and get food so the kitten will not starve to death. ■Many NPCs -Many NPCs with their unique personalities. -Some people will get angry when you talk to them, and some people ","{""text_match"": 0.0028827637, ""cosine_similarity"": 0.53701234, ""reranker_score"": -6.4804525}"
2026-02-10T00:09:33+00:00,CORTEX_DB.RAW.CAT_GAMES_SVC_1_5,default,"third-person cat adventure in a city, no horror, no gore","third-person cat adventure in a city, no horror, no gore",[],,False,,,,reranker_heavy,0.3,10,100,0,506,506,,01c24ec9-0005-07a7-0001-397a0003eb6a,,54,54,,8e-06,8e-06,,8e-06,,,,,[],[],[],[],[],[],,,True,[],[],,10,Heist Kitty: Multiplayer Cat Simulator Game,0.75223273,2023,English;Japanese,Co-op;Family Sharing;LAN Co-op;Multi-player;Online Co-op;Partial Controller Support;Single-player,Action;Adventure;Casual;Indie;RPG;Racing;Simulation,Action;Adventure;Automobile Sim;Casual;Cats;Co-op;Cute;Exploration;Family Friendly;Funny;Multiplayer;Online Co-Op;Physics;RPG;Racing;Sandbox;Simulation;Singleplayer;Story Rich;Third Person,"An open-world sand-box game where you play as a cat, defying the rules and causing mayhem. Climb, scratch, and pounce your way through the cityscape filled with playful challenges and hidden secrets. Customise your cat, team up with friends and let the adventure begin! Multiplayer Cat Chaos Take your chaos to new heights as you collaborate on the city streets. Hijack cars, cause explosive distractions, and equip a variety of weapons to create the ultimate cat caper. Show off your agile moves wit","{""text_match"": 0.006173967, ""cosine_similarity"": 0.50446546, ""reranker_score"": -5.877123}"
2026-02-10T00:09:34+00:00,CORTEX_DB.RAW.CAT_GAMES_SVC_1_5,default,"third-person cat adventure in a city, no horror, no gore","third-person cat adventure in a city, no horror, no gore",[],,False,,,,reranker_heavy,0.65,10,100,0,512,512,,01c24ec9-0005-07c5-0001-397a00040742,,35,35,,5e-06,5e-06,,5e-06,,,,,[],[],[],[],[],[],,,True,[],[],,1,Stray,0.7773759650000001,2022,Dutch;English;French;German;Italian;Japanese;Korean;Polish;Portuguese - Brazil;Portuguese - Portugal;Russian;Simplified Chinese;Spanish - Latin America;Spanish - Spain;Traditional Chinese;Turkish,Family Sharing;Full controller support;Remote Play on TV;Single-player;Steam Achievements;Steam Cloud;Steam Trading Cards,Adventure;Indie,Action;Adventure;Atmospheric;Beautiful;Cats;Colorful;Cute;Cyberpunk;Dystopian;Exploration;Horror;Indie;Mystery;Open World;Puzzle;Robots;Sci-fi;Singleplayer;Stealth;Third Person,"Lost, alone and separated from family, a stray cat must untangle an ancient mystery to escape a long-forgotten city. Stray is a third-person cat adventure game set amidst the detailed, neon-lit alleys of a decaying cybercity and the murky environments of its seedy underbelly. Roam surroundings high and low, defend against unforeseen threats and solve the mysteries of this unwelcoming place inhabited by curious droids and dangerous creatures. See the world through the eyes of a cat and interact w","{""text_match"": 0.07150107, ""cosine_similarity"": 0.55475193, ""reranker_score"": -2.599227}"
2026-02-10T00:09:34+00:00,CORTEX_DB.RAW.CAT_GAMES_SVC_1_5,default,"third-person cat adventure in a city, no horror, no gore","third-person cat adventure in a city, no horror, no gore",[],,False,,,,reranker_heavy,0.65,10,100,0,512,512,,01c24ec9-0005-07c5-0001-397a00040742,,35,35,,5e-06,5e-06,,5e-06,,,,,[],[],[],[],[],[],,,True,[],[],,2,Finding Mosey,0.7613957,2024,English;French;German;Japanese;Simplified Chinese;Spanish - Spain,Family Sharing;Full controller support;Single-player;Steam Achievements,Adventure;RPG,3D;Action;Adventure;Anime;Cats;Colorful;Cute;Exploration;Funny;Mystery;Open World;Puzzle;RPG;Relaxing;Sandbox;Singleplayer;Stealth;Story Rich;Stylized;Third Person,"Finding Mosey is an open world single-player third-person RPG about finding your cat. Successfully funded on Kickstarter! While on a relaxing camping trip with your kitty, you wake up one day to find him missing. This search leads you to deep mysteries about your environment and its relationship with cats. As you explore the landscape and cities, the character you decide to become will determine how destructive or peaceful your search will unfold. Key Features For the fans of BOTW , Goat Simulat","{""text_match"": 0.056193896, ""cosine_similarity"": 0.5227914, ""reranker_score"": -2.3463593}"
2026-02-10T00:09:34+00:00,CORTEX_DB.RAW.CAT_GAMES_SVC_1_5,default,"third-person cat adventure in a city, no horror, no gore","third-person cat adventure in a city, no horror, no gore",[],,False,,,,reranker_heavy,0.65,10,100,0,512,512,,01c24ec9-0005-07c5-0001-397a00040742,,35,35,,5e-06,5e-06,,5e-06,,,,,[],[],[],[],[],[],,,True,[],[],,3,Adventures of Human Being,0.80156625,2021,English,Family Sharing;Full controller support;Single-player,Adventure;Indie,2D;Adventure;Assassin;Cats;Choices Matter;Conspiracy;Crime;Dog;Exploration;Linear;Lore-Rich;Minimalist;Pixel Graphics;Political;Puzzle;Retro;Singleplayer;Story Rich;Top-Down;War,"You are hurt and running away from armed men who are hell bent on ending you. You escape just in time to a completely new place. Tired and helpless, you wander around. Until you meet a feline stranger who takes care of you as you heal. You Only Know One Thing, Kill the King . Developing friendship, you find out that the king resides in City 4. Solving a roster of interesting puzzles, with new mechanics introduced in every new city, ride on this adventure. Features: A simple cohesive story keepin","{""text_match"": 0.013835832, ""cosine_similarity"": 0.6031325, ""reranker_score"": -6.189288}"
2026-02-10T00:09:34+00:00,CORTEX_DB.RAW.CAT_GAMES_SVC_1_5,default,"third-person cat adventure in a city, no horror, no gore","third-person cat adventure in a city, no horror, no gore",[],,False,,,,reranker_heavy,0.65,10,100,0,512,512,,01c24ec9-0005-07c5-0001-397a00040742,,35,35,,5e-06,5e-06,,5e-06,,,,,[],[],[],[],[],[],,,True,[],[],,4,Cat city,0.77920855,2023,English;Russian,Family Sharing;Full controller support;Single-player;Steam Achievements,Adventure;Casual;Indie,2D;Atmospheric;Casual;Cats;Clicker;Controller;Creature Collector;Cute;Detective;Education;Exploration;Family Friendly;Hand-drawn;Hidden Object;Interactive Fiction;Point & Click;Puzzle;Side Scroller;Singleplayer;Trading Card Game,"'Cat city' is an exciting hidden objects game. In this game, you will have to explore the whole city to find all the cats (and various secrets) and get closer to the goal of making this world and the lives of the cats living in it a little better, and restore their faith in people! The main character will help you figure it out and get comfortable, and tell you about the necessary help in this exciting and extremely important matter! The help of each person is important so that the world becomes","{""text_match"": 0.00715794, ""cosine_similarity"": 0.5584171, ""reranker_score"": -5.4745865}"
2026-02-10T00:09:34+00:00,CORTEX_DB.RAW.CAT_GAMES_SVC_1_5,default,"third-person cat adventure in a city, no horror, no gore","third-person cat adventure in a city, no horror, no gore",[],,False,,,,reranker_heavy,0.65,10,100,0,512,512,,01c24ec9-0005-07c5-0001-397a00040742,,35,35,,5e-06,5e-06,,5e-06,,,,,[],[],[],[],[],[],,,True,[],[],,5,The Cat! Porfirio's Adventure,0.747321365,2016,English;Russian,Family Sharing;Partial Controller Support;Single-player;Steam Achievements;Steam Trading Cards,Action;Adventure;Indie,3D Platformer;Action;Action-Adventure;Adventure;Atmospheric;Cartoony;Cats;Colorful;Conversation;Cute;Family Friendly;Indie;Memes;Nonlinear;Open World;Short;Simulation;Singleplayer;Stylized;Third Person,"Porfirio's amazing adventures in the village. Porfirio is a cat — a couch potato, a philosopher, a family pet, just a regular cat happily living with an ordinary family in a city. His lazy life is interrupted when his little owner is sent to the countryside to live with her grandparents for the summer. Naturally, she takes her best friend Porfirio with her. For an urban cat, the village is a nightmare! Instead of pillows and blankets you get a pile of straw in the barn; instead of canned cat foo","{""text_match"": 0.03867439, ""cosine_similarity"": 0.49464273, ""reranker_score"": -4.184849}"
2026-02-10T00:09:34+00:00,CORTEX_DB.RAW.CAT_GAMES_SVC_1_5,default,"third-person cat adventure in a city, no horror, no gore","third-person cat adventure in a city, no horror, no gore",[],,False,,,,reranker_heavy,0.65,10,100,0,512,512,,01c24ec9-0005-07c5-0001-397a00040742,,35,35,,5e-06,5e-06,,5e-06,,,,,[],[],[],[],[],[],,,True,[],[],,6,Cat Go! Ultimate Challenge,0.7542119,2021,English;Russian;Simplified Chinese,Family Sharing;Single-player;Steam Achievements,Adventure;Casual;Indie,3D;3D Platformer;6DOF;Adventure;Arcade;Atmospheric;Casual;Cats;Character Customization;Cute;Family Friendly;Funny;Minimalist;Open World;Platformer;Relaxing;Runner;Singleplayer;Stylized;Third Person,"Help a cute kitten to save Barsikgrad from unkind looter cats and restore peace in a cozy town. Collect fish on your journey and share it with Kotofei, who will give you many interesting, cute and colorful hats. Make your cat the main mod of the town. Do you know what an infinite engine is? No? So kittens don't know! Explore this strange mechanism in the city and give the cats endless happiness! Show the cat the world! Travel with him to colorful and sometimes not kind places. Any trip is more f","{""text_match"": 0.0049523907, ""cosine_similarity"": 0.5084238, ""reranker_score"": -4.8988667}"
2026-02-10T00:09:34+00:00,CORTEX_DB.RAW.CAT_GAMES_SVC_1_5,default,"third-person cat adventure in a city, no horror, no gore","third-person cat adventure in a city, no horror, no gore",[],,False,,,,reranker_heavy,0.65,10,100,0,512,512,,01c24ec9-0005-07c5-0001-397a00040742,,35,35,,5e-06,5e-06,,5e-06,,,,,[],[],[],[],[],[],,,True,[],[],,7,CATRUN,0.76601385,2024,English,Family Sharing;Single-player,Adventure;Casual;Indie,2D;2D Platformer;Action-Adventure;Adventure;Arcade;Casual;Cats;Dystopian;Indie;Physics;Pixel Graphics;Platformer;Precision Platformer;Puzzle;Runner;Singleplayer,"You are waiting for an exciting adventure in a metropolis, where the main character - a cat named Philip - is forced to survive, exploring the city's nooks and crannies and scavenging through garbage dumps in search of food. Life in the city is full of dangers and surprises, but Philip is not one to give up. One day, after a heart-to-heart talk with his faithful friend, a beaver named Bob, Philip decides to change his fate. Bob tells him about a mysterious secret stash that hides the most delici","{""text_match"": 0.017228067, ""cosine_similarity"": 0.5320277, ""reranker_score"": -6.0535316}"
2026-02-10T00:09:34+00:00,CORTEX_DB.RAW.CAT_GAMES_SVC_1_5,default,"third-person cat adventure in a city, no horror, no gore","third-person cat adventure in a city, no horror, no gore",[],,False,,,,reranker_heavy,0.65,10,100,0,512,512,,01c24ec9-0005-07c5-0001-397a00040742,,35,35,,5e-06,5e-06,,5e-06,,,,,[],[],[],[],[],[],,,True,[],[],,8,Marfa,0.753112375,2024,English;Russian;Simplified Chinese,Family Sharing;Single-player,Adventure;Indie,2D;Adventure;Atmospheric;Cats;Conversation;Cute;Detective;Emotional;Exploration;First-Person;Hand-drawn;Hidden Object;Investigation;Logic;Modern;Multiple Endings;Puzzle-Platformer;Singleplayer;Story Rich;Stylized,"Cool summer breeze, fluffy clouds and singing birds. What could be more beautiful? — that's what Marfa the cat thought, basking in the sun on the windowsill of the Artist's house. Who is an Artist? This is Marfa's owner. He works hard, but not only on his paintings, but also... on a mysterious plan. What is this plan? — you may ask. The answer to this question is what the kitty Marfa is looking for. The path to the solution will turn the life of a simple home cat upside down, open up a new myste","{""text_match"": 0.004240647, ""cosine_similarity"": 0.50622475, ""reranker_score"": -5.4440002}"
2026-02-10T00:09:34+00:00,CORTEX_DB.RAW.CAT_GAMES_SVC_1_5,default,"third-person cat adventure in a city, no horror, no gore","third-person cat adventure in a city, no horror, no gore",[],,False,,,,reranker_heavy,0.65,10,100,0,512,512,,01c24ec9-0005-07c5-0001-397a00040742,,35,35,,5e-06,5e-06,,5e-06,,,,,[],[],[],[],[],[],,,True,[],[],,9,A Street Cat's Tale,0.76850617,2019,English;Japanese;Korean;Traditional Chinese,Family Sharing;Full controller support;Single-player;Steam Achievements;Steam Cloud,Adventure;Indie;Simulation,Adventure;Cats;Cute;Indie;Isometric;Pixel Graphics;Simulation,"'Tale of a street cat' is a story of a baby kitten left alone at the town. it's an adventure game played at the cat's view. you will become a baby kitten to survive with 13days to become an adult cat. [Key Features] ■Hungry little Kitten -It’s inevitable that most cats living on the streets will starve. -Go around the town and get food so the kitten will not starve to death. ■Many NPCs -Many NPCs with their unique personalities. -Some people will get angry when you talk to them, and some people ","{""text_match"": 0.0028827637, ""cosine_similarity"": 0.53701234, ""reranker_score"": -6.4804525}"
2026-02-10T00:09:34+00:00,CORTEX_DB.RAW.CAT_GAMES_SVC_1_5,default,"third-person cat adventure in a city, no horror, no gore","third-person cat adventure in a city, no horror, no gore",[],,False,,,,reranker_heavy,0.65,10,100,0,512,512,,01c24ec9-0005-07c5-0001-397a00040742,,35,35,,5e-06,5e-06,,5e-06,,,,,[],[],[],[],[],[],,,True,[],[],,10,Heist Kitty: Multiplayer Cat Simulator Game,0.75223273,2023,English;Japanese,Co-op;Family Sharing;LAN Co-op;Multi-player;Online Co-op;Partial Controller Support;Single-player,Action;Adventure;Casual;Indie;RPG;Racing;Simulation,Action;Adventure;Automobile Sim;Casual;Cats;Co-op;Cute;Exploration;Family Friendly;Funny;Multiplayer;Online Co-Op;Physics;RPG;Racing;Sandbox;Simulation;Singleplayer;Story Rich;Third Person,"An open-world sand-box game where you play as a cat, defying the rules and causing mayhem. Climb, scratch, and pounce your way through the cityscape filled with playful challenges and hidden secrets. Customise your cat, team up with friends and let the adventure begin! Multiplayer Cat Chaos Take your chaos to new heights as you collaborate on the city streets. Hijack cars, cause explosive distractions, and equip a variety of weapons to create the ultimate cat caper. Show off your agile moves wit","{""text_match"": 0.006173967, ""cosine_similarity"": 0.50446546, ""reranker_score"": -5.877123}"
2026-02-10T00:09:35+00:00,CORTEX_DB.RAW.CAT_GAMES_SVC_1_5,default,"third-person cat adventure in a city, no horror, no gore","third-person cat adventure in a city, no horror, no gore",[],,False,,,,reranker_heavy,0.75,10,100,0,504,504,,01c24ec9-0005-07f0-0001-397a0003f692,,33,33,,5e-06,5e-06,,5e-06,,,,,[],[],[],[],[],[],,,True,[],[],,1,Stray,0.7773759650000001,2022,Dutch;English;French;German;Italian;Japanese;Korean;Polish;Portuguese - Brazil;Portuguese - Portugal;Russian;Simplified Chinese;Spanish - Latin America;Spanish - Spain;Traditional Chinese;Turkish,Family Sharing;Full controller support;Remote Play on TV;Single-player;Steam Achievements;Steam Cloud;Steam Trading Cards,Adventure;Indie,Action;Adventure;Atmospheric;Beautiful;Cats;Colorful;Cute;Cyberpunk;Dystopian;Exploration;Horror;Indie;Mystery;Open World;Puzzle;Robots;Sci-fi;Singleplayer;Stealth;Third Person,"Lost, alone and separated from family, a stray cat must untangle an ancient mystery to escape a long-forgotten city. Stray is a third-person cat adventure game set amidst the detailed, neon-lit alleys of a decaying cybercity and the murky environments of its seedy underbelly. Roam surroundings high and low, defend against unforeseen threats and solve the mysteries of this unwelcoming place inhabited by curious droids and dangerous creatures. See the world through the eyes of a cat and interact w","{""text_match"": 0.07150107, ""cosine_similarity"": 0.55475193, ""reranker_score"": -2.599227}"
2026-02-10T00:09:35+00:00,CORTEX_DB.RAW.CAT_GAMES_SVC_1_5,default,"third-person cat adventure in a city, no horror, no gore","third-person cat adventure in a city, no horror, no gore",[],,False,,,,reranker_heavy,0.75,10,100,0,504,504,,01c24ec9-0005-07f0-0001-397a0003f692,,33,33,,5e-06,5e-06,,5e-06,,,,,[],[],[],[],[],[],,,True,[],[],,2,Finding Mosey,0.7613957,2024,English;French;German;Japanese;Simplified Chinese;Spanish - Spain,Family Sharing;Full controller support;Single-player;Steam Achievements,Adventure;RPG,3D;Action;Adventure;Anime;Cats;Colorful;Cute;Exploration;Funny;Mystery;Open World;Puzzle;RPG;Relaxing;Sandbox;Singleplayer;Stealth;Story Rich;Stylized;Third Person,"Finding Mosey is an open world single-player third-person RPG about finding your cat. Successfully funded on Kickstarter! While on a relaxing camping trip with your kitty, you wake up one day to find him missing. This search leads you to deep mysteries about your environment and its relationship with cats. As you explore the landscape and cities, the character you decide to become will determine how destructive or peaceful your search will unfold. Key Features For the fans of BOTW , Goat Simulat","{""text_match"": 0.056193896, ""cosine_similarity"": 0.5227914, ""reranker_score"": -2.3463593}"
2026-02-10T00:09:35+00:00,CORTEX_DB.RAW.CAT_GAMES_SVC_1_5,default,"third-person cat adventure in a city, no horror, no gore","third-person cat adventure in a city, no horror, no gore",[],,False,,,,reranker_heavy,0.75,10,100,0,504,504,,01c24ec9-0005-07f0-0001-397a0003f692,,33,33,,5e-06,5e-06,,5e-06,,,,,[],[],[],[],[],[],,,True,[],[],,3,Adventures of Human Being,0.80156625,2021,English,Family Sharing;Full controller support;Single-player,Adventure;Indie,2D;Adventure;Assassin;Cats;Choices Matter;Conspiracy;Crime;Dog;Exploration;Linear;Lore-Rich;Minimalist;Pixel Graphics;Political;Puzzle;Retro;Singleplayer;Story Rich;Top-Down;War,"You are hurt and running away from armed men who are hell bent on ending you. You escape just in time to a completely new place. Tired and helpless, you wander around. Until you meet a feline stranger who takes care of you as you heal. You Only Know One Thing, Kill the King . Developing friendship, you find out that the king resides in City 4. Solving a roster of interesting puzzles, with new mechanics introduced in every new city, ride on this adventure. Features: A simple cohesive story keepin","{""text_match"": 0.013835832, ""cosine_similarity"": 0.6031325, ""reranker_score"": -6.189288}"
2026-02-10T00:09:35+00:00,CORTEX_DB.RAW.CAT_GAMES_SVC_1_5,default,"third-person cat adventure in a city, no horror, no gore","third-person cat adventure in a city, no horror, no gore",[],,False,,,,reranker_heavy,0.75,10,100,0,504,504,,01c24ec9-0005-07f0-0001-397a0003f692,,33,33,,5e-06,5e-06,,5e-06,,,,,[],[],[],[],[],[],,,True,[],[],,4,Cat city,0.77920855,2023,English;Russian,Family Sharing;Full controller support;Single-player;Steam Achievements,Adventure;Casual;Indie,2D;Atmospheric;Casual;Cats;Clicker;Controller;Creature Collector;Cute;Detective;Education;Exploration;Family Friendly;Hand-drawn;Hidden Object;Interactive Fiction;Point & Click;Puzzle;Side Scroller;Singleplayer;Trading Card Game,"'Cat city' is an exciting hidden objects game. In this game, you will have to explore the whole city to find all the cats (and various secrets) and get closer to the goal of making this world and the lives of the cats living in it a little better, and restore their faith in people! The main character will help you figure it out and get comfortable, and tell you about the necessary help in this exciting and extremely important matter! The help of each person is important so that the world becomes","{""text_match"": 0.00715794, ""cosine_similarity"": 0.5584171, ""reranker_score"": -5.4745865}"
2026-02-10T00:09:35+00:00,CORTEX_DB.RAW.CAT_GAMES_SVC_1_5,default,"third-person cat adventure in a city, no horror, no gore","third-person cat adventure in a city, no horror, no gore",[],,False,,,,reranker_heavy,0.75,10,100,0,504,504,,01c24ec9-0005-07f0-0001-397a0003f692,,33,33,,5e-06,5e-06,,5e-06,,,,,[],[],[],[],[],[],,,True,[],[],,5,Cat Go! Ultimate Challenge,0.7542119,2021,English;Russian;Simplified Chinese,Family Sharing;Single-player;Steam Achievements,Adventure;Casual;Indie,3D;3D Platformer;6DOF;Adventure;Arcade;Atmospheric;Casual;Cats;Character Customization;Cute;Family Friendly;Funny;Minimalist;Open World;Platformer;Relaxing;Runner;Singleplayer;Stylized;Third Person,"Help a cute kitten to save Barsikgrad from unkind looter cats and restore peace in a cozy town. Collect fish on your journey and share it with Kotofei, who will give you many interesting, cute and colorful hats. Make your cat the main mod of the town. Do you know what an infinite engine is? No? So kittens don't know! Explore this strange mechanism in the city and give the cats endless happiness! Show the cat the world! Travel with him to colorful and sometimes not kind places. Any trip is more f","{""text_match"": 0.0049523907, ""cosine_similarity"": 0.5084238, ""reranker_score"": -4.8988667}"
2026-02-10T00:09:35+00:00,CORTEX_DB.RAW.CAT_GAMES_SVC_1_5,default,"third-person cat adventure in a city, no horror, no gore","third-person cat adventure in a city, no horror, no gore",[],,False,,,,reranker_heavy,0.75,10,100,0,504,504,,01c24ec9-0005-07f0-0001-397a0003f692,,33,33,,5e-06,5e-06,,5e-06,,,,,[],[],[],[],[],[],,,True,[],[],,6,CATRUN,0.76601385,2024,English,Family Sharing;Single-player,Adventure;Casual;Indie,2D;2D Platformer;Action-Adventure;Adventure;Arcade;Casual;Cats;Dystopian;Indie;Physics;Pixel Graphics;Platformer;Precision Platformer;Puzzle;Runner;Singleplayer,"You are waiting for an exciting adventure in a metropolis, where the main character - a cat named Philip - is forced to survive, exploring the city's nooks and crannies and scavenging through garbage dumps in search of food. Life in the city is full of dangers and surprises, but Philip is not one to give up. One day, after a heart-to-heart talk with his faithful friend, a beaver named Bob, Philip decides to change his fate. Bob tells him about a mysterious secret stash that hides the most delici","{""text_match"": 0.017228067, ""cosine_similarity"": 0.5320277, ""reranker_score"": -6.0535316}"
2026-02-10T00:09:35+00:00,CORTEX_DB.RAW.CAT_GAMES_SVC_1_5,default,"third-person cat adventure in a city, no horror, no gore","third-person cat adventure in a city, no horror, no gore",[],,False,,,,reranker_heavy,0.75,10,100,0,504,504,,01c24ec9-0005-07f0-0001-397a0003f692,,33,33,,5e-06,5e-06,,5e-06,,,,,[],[],[],[],[],[],,,True,[],[],,7,Marfa,0.753112375,2024,English;Russian;Simplified Chinese,Family Sharing;Single-player,Adventure;Indie,2D;Adventure;Atmospheric;Cats;Conversation;Cute;Detective;Emotional;Exploration;First-Person;Hand-drawn;Hidden Object;Investigation;Logic;Modern;Multiple Endings;Puzzle-Platformer;Singleplayer;Story Rich;Stylized,"Cool summer breeze, fluffy clouds and singing birds. What could be more beautiful? — that's what Marfa the cat thought, basking in the sun on the windowsill of the Artist's house. Who is an Artist? This is Marfa's owner. He works hard, but not only on his paintings, but also... on a mysterious plan. What is this plan? — you may ask. The answer to this question is what the kitty Marfa is looking for. The path to the solution will turn the life of a simple home cat upside down, open up a new myste","{""text_match"": 0.004240647, ""cosine_similarity"": 0.50622475, ""reranker_score"": -5.4440002}"
2026-02-10T00:09:35+00:00,CORTEX_DB.RAW.CAT_GAMES_SVC_1_5,default,"third-person cat adventure in a city, no horror, no gore","third-person cat adventure in a city, no horror, no gore",[],,False,,,,reranker_heavy,0.75,10,100,0,504,504,,01c24ec9-0005-07f0-0001-397a0003f692,,33,33,,5e-06,5e-06,,5e-06,,,,,[],[],[],[],[],[],,,True,[],[],,8,A Street Cat's Tale,0.76850617,2019,English;Japanese;Korean;Traditional Chinese,Family Sharing;Full controller support;Single-player;Steam Achievements;Steam Cloud,Adventure;Indie;Simulation,Adventure;Cats;Cute;Indie;Isometric;Pixel Graphics;Simulation,"'Tale of a street cat' is a story of a baby kitten left alone at the town. it's an adventure game played at the cat's view. you will become a baby kitten to survive with 13days to become an adult cat. [Key Features] ■Hungry little Kitten -It’s inevitable that most cats living on the streets will starve. -Go around the town and get food so the kitten will not starve to death. ■Many NPCs -Many NPCs with their unique personalities. -Some people will get angry when you talk to them, and some people ","{""text_match"": 0.0028827637, ""cosine_similarity"": 0.53701234, ""reranker_score"": -6.4804525}"
2026-02-10T00:09:35+00:00,CORTEX_DB.RAW.CAT_GAMES_SVC_1_5,default,"third-person cat adventure in a city, no horror, no gore","third-person cat adventure in a city, no horror, no gore",[],,False,,,,reranker_heavy,0.75,10,100,0,504,504,,01c24ec9-0005-07f0-0001-397a0003f692,,33,33,,5e-06,5e-06,,5e-06,,,,,[],[],[],[],[],[],,,True,[],[],,9,Heist Kitty: Multiplayer Cat Simulator Game,0.75223273,2023,English;Japanese,Co-op;Family Sharing;LAN Co-op;Multi-player;Online Co-op;Partial Controller Support;Single-player,Action;Adventure;Casual;Indie;RPG;Racing;Simulation,Action;Adventure;Automobile Sim;Casual;Cats;Co-op;Cute;Exploration;Family Friendly;Funny;Multiplayer;Online Co-Op;Physics;RPG;Racing;Sandbox;Simulation;Singleplayer;Story Rich;Third Person,"An open-world sand-box game where you play as a cat, defying the rules and causing mayhem. Climb, scratch, and pounce your way through the cityscape filled with playful challenges and hidden secrets. Customise your cat, team up with friends and let the adventure begin! Multiplayer Cat Chaos Take your chaos to new heights as you collaborate on the city streets. Hijack cars, cause explosive distractions, and equip a variety of weapons to create the ultimate cat caper. Show off your agile moves wit","{""text_match"": 0.006173967, ""cosine_similarity"": 0.50446546, ""reranker_score"": -5.877123}"
2026-02-10T00:09:35+00:00,CORTEX_DB.RAW.CAT_GAMES_SVC_1_5,default,"third-person cat adventure in a city, no horror, no gore","third-person cat adventure in a city, no horror, no gore",[],,False,,,,reranker_heavy,0.75,10,100,0,504,504,,01c24ec9-0005-07f0-0001-397a0003f692,,33,33,,5e-06,5e-06,,5e-06,,,,,[],[],[],[],[],[],,,True,[],[],,10,Last Subway,0.76227535,2024,English;French;German;Italian;Japanese;Korean;Polish;Portuguese - Portugal;Russian;Simplified Chinese;Spanish - Spain;Vietnamese,Family Sharing;Single-player,Adventure;Indie;RPG,Adventure;Atmospheric;Cats;Cinematic;Drama;Emotional;First-Person;Horror;Indie;Mystery;Narration;Philosophical;Psychedelic;Psychological;Psychological Horror;Puzzle;Singleplayer;Story Rich;Supernatural;Surreal,"*Before introducing the game, I want to tell everyone why I made it. I once saw a documentary online about a warrior named Nike from the international animal protection organization, the Anti-Poaching Alliance, and his fight against poachers in Africa. The documentary moved me, especially the moment when Nike was unfortunately shot and killed. I felt I needed to do something, and that's how the idea for 'Last Subway' came about. I hope 'Last Subway' will draw more attention to such people and or","{""text_match"": 0.010882946, ""cosine_similarity"": 0.5245507, ""reranker_score"": -6.609909}"
2026-02-10T00:09:38+00:00,CORTEX_DB.RAW.CAT_GAMES_SVC_1_5,default,"hidden object cats in a city, without timer, exclude leaderboard, avoid time attack","hidden object cats in a city, without timer, exclude leaderboard, avoid time attack",[],,False,,,,balanced_default,0.3,10,100,0,459,459,,01c24ec9-0005-07ef-0001-397a0004129e,,37,37,,6e-06,6e-06,,6e-06,,,,,[],[],[],[],[],[],,,True,[],[],,1,Cat city,0.7868039,2023,English;Russian,Family Sharing;Full controller support;Single-player;Steam Achievements,Adventure;Casual;Indie,2D;Atmospheric;Casual;Cats;Clicker;Controller;Creature Collector;Cute;Detective;Education;Exploration;Family Friendly;Hand-drawn;Hidden Object;Interactive Fiction;Point & Click;Puzzle;Side Scroller;Singleplayer;Trading Card Game,"'Cat city' is an exciting hidden objects game. In this game, you will have to explore the whole city to find all the cats (and various secrets) and get closer to the goal of making this world and the lives of the cats living in it a little better, and restore their faith in people! The main character will help you figure it out and get comfortable, and tell you about the necessary help in this exciting and extremely important matter! The help of each person is important so that the world becomes","{""text_match"": 0.022286307, ""cosine_similarity"": 0.5736078, ""reranker_score"": -1.591435}"
2026-02-10T00:09:38+00:00,CORTEX_DB.RAW.CAT_GAMES_SVC_1_5,default,"hidden object cats in a city, without timer, exclude leaderboard, avoid time attack","hidden object cats in a city, without timer, exclude leaderboard, avoid time attack",[],,False,,,,balanced_default,0.3,10,100,0,459,459,,01c24ec9-0005-07ef-0001-397a0004129e,,37,37,,6e-06,6e-06,,6e-06,,,,,[],[],[],[],[],[],,,True,[],[],,2,Cats Hidden Timeline,0.80196565,2024,Arabic;Czech;Danish;English;Finnish;French;German;Hungarian;Indonesian;Italian;Japanese;Korean;Norwegian;Polish;Portuguese - Brazil;Romanian;Russian;Simplified Chinese;Spanish - Spain;Swedish;Thai;Traditional Chinese;Turkish;Ukrainian;Vietnamese,Family Sharing;Single-player;Steam Achievements,Casual;Indie,3D;Atmospheric;Casual;Hidden Object;Indie;Puzzle;Singleplayer;Time Manipulation,"Cats Hidden Timeline has 200 cats hidden in various places in the town, forest, farm, amusement park, and house. Use the seek bar to move forward or backward in time to find the cats hiding in the grass, under chairs, in boxes, and more. 🎮 10 levels 😻 200 hidden cats 🏆 10 Achievements","{""text_match"": 2.902491e-07, ""cosine_similarity"": 0.6039313, ""reranker_score"": -5.2941895}"
2026-02-10T00:09:38+00:00,CORTEX_DB.RAW.CAT_GAMES_SVC_1_5,default,"hidden object cats in a city, without timer, exclude leaderboard, avoid time attack","hidden object cats in a city, without timer, exclude leaderboard, avoid time attack",[],,False,,,,balanced_default,0.3,10,100,0,459,459,,01c24ec9-0005-07ef-0001-397a0004129e,,37,37,,6e-06,6e-06,,6e-06,,,,,[],[],[],[],[],[],,,True,[],[],,3,100 hidden cats 2,0.7867192000000001,2021,English,Family Sharing;Single-player;Steam Achievements;Steam Trading Cards,Adventure;Casual;Indie,2D;Adventure;Arcade;Casual;Cats;Creature Collector;Cute;Dog;Exploration;Family Friendly;Hand-drawn;Hidden Object;Minimalist;Nature;Point & Click;Puzzle;Relaxing;Side Scroller;Stylized;Trains,Art by Аnatoliy Loginovskikh Important information Press 'N' for night mode. Press 'Del' then 'Esc' to reset all achievements. 100 hidden cats 2 is a hidden object game in the city setting. Black and white hand-drawn graphics in a cartoon style. Ultra hard! Really very difficult! Cunning cats hid in the big city. They are disguised and very dangerous. Can you find 100 cats? Just click on the cat! Take care of your nerves!,"{""text_match"": 0.0025488436, ""cosine_similarity"": 0.5734384, ""reranker_score"": -2.750956}"
2026-02-10T00:09:38+00:00,CORTEX_DB.RAW.CAT_GAMES_SVC_1_5,default,"hidden object cats in a city, without timer, exclude leaderboard, avoid time attack","hidden object cats in a city, without timer, exclude leaderboard, avoid time attack",[],,False,,,,balanced_default,0.3,10,100,0,459,459,,01c24ec9-0005-07ef-0001-397a0004129e,,37,37,,6e-06,6e-06,,6e-06,,,,,[],[],[],[],[],[],,,True,[],[],,4,Hidden Cats in Paris,0.7797736,2022,English,Family Sharing;Full controller support;Single-player;Steam Achievements;Steam Cloud;Steam Trading Cards,Casual;Indie,Cartoon;Casual;Cats;Cute;Hand-drawn;Hidden Object;Indie;Point & Click;Relaxing,"Meow meow meow mes amis! Cats are hidden in a unique lovely Paris scenario. A short and pleasant experience in a big and lovely illustration! Start with a Beautiful monochromatic scenario, relax, and find all the cats to reveal the final colored art. More than 680 hidden objects to find!!! Play through different modes, find special cats, and unlock bonus levels! NORMAL MODE Find 100 cats in fixed positions. 3 hints. ADVANCED MODE Find 150 cats in semi-random positions. 8 Special cats that unlock","{""text_match"": 0.039712414, ""cosine_similarity"": 0.5595472, ""reranker_score"": -3.2730098}"
2026-02-10T00:09:38+00:00,CORTEX_DB.RAW.CAT_GAMES_SVC_1_5,default,"hidden object cats in a city, without timer, exclude leaderboard, avoid time attack","hidden object cats in a city, without timer, exclude leaderboard, avoid time attack",[],,False,,,,balanced_default,0.3,10,100,0,459,459,,01c24ec9-0005-07ef-0001-397a0004129e,,37,37,,6e-06,6e-06,,6e-06,,,,,[],[],[],[],[],[],,,True,[],[],,5,Hidden Cats in Spooky Town,0.7846016499999999,2023,English,Family Sharing;Full controller support;Single-player;Steam Achievements;Steam Cloud;Steam Trading Cards,Casual,Adventure;Cartoony;Casual;Cats;Clicker;Collectathon;Colorful;Cozy;Creature Collector;Cute;Exploration;Family Friendly;Funny;Hand-drawn;Hidden Object;Point & Click;Puzzle;Relaxing;Satire;Wholesome,"It's Halloween time! Do you choose Trick or Cat? Enjoy and find all the Hidden Cats one by one in the Spooky Town to reveal the final colored art. Play through different modes, find special cats, and unlock bonus levels! More than 970 hidden objects to find! Got all cats, played all bonuses, and had a nice Halloween evening? This time we are giving you an EXTRA BONUS!!! Enjoy the AFTER PARTY at the park! More than 970 Hidden Objects to find in the entire game! Play through different modes, find ","{""text_match"": 0.052254565, ""cosine_similarity"": 0.5692033, ""reranker_score"": -4.999918}"
2026-02-10T00:09:38+00:00,CORTEX_DB.RAW.CAT_GAMES_SVC_1_5,default,"hidden object cats in a city, without timer, exclude leaderboard, avoid time attack","hidden object cats in a city, without timer, exclude leaderboard, avoid time attack",[],,False,,,,balanced_default,0.3,10,100,0,459,459,,01c24ec9-0005-07ef-0001-397a0004129e,,37,37,,6e-06,6e-06,,6e-06,,,,,[],[],[],[],[],[],,,True,[],[],,6,Cats Hidden in Germany,0.78180647,2024,Arabic;English;French;German;Indonesian;Italian;Japanese;Korean;Polish;Portuguese - Brazil;Portuguese - Portugal;Russian;Simplified Chinese;Spanish - Latin America;Spanish - Spain;Thai;Traditional Chinese;Turkish;Ukrainian,Color Alternatives;Custom Volume Controls;Family Sharing;Full controller support;Mouse Only Option;Playable without Timed Input;Save Anytime;Single-player;Steam Achievements;Steam Cloud;Steam Trading Cards;Touch Only Option,Casual;Indie,Cartoony;Casual;Cats;Collectathon;Controller;Cozy;Creature Collector;Cute;Exploration;Hand-drawn;Hidden Object;Indie;Minimalist;Point & Click;Puzzle;Relaxing;Score Attack;Singleplayer;Time Attack;Wholesome,"Cats Hidden in Germany is a cute hidden object game set in medieval Germany. 100 cats are waiting for you to be discovered within a hand-drawn background. Relax thanks to the chill soundtrack Found a cat? Click on it! Features 🐾 1 Level, 100 cats ❔ Easter Eggs 💡 Hint System ⏰ Timer mode with leaderboard ⚙️ In-game Settings","{""text_match"": 0.029339202, ""cosine_similarity"": 0.56361294, ""reranker_score"": -4.512164}"
2026-02-10T00:09:38+00:00,CORTEX_DB.RAW.CAT_GAMES_SVC_1_5,default,"hidden object cats in a city, without timer, exclude leaderboard, avoid time attack","hidden object cats in a city, without timer, exclude leaderboard, avoid time attack",[],,False,,,,balanced_default,0.3,10,100,0,459,459,,01c24ec9-0005-07ef-0001-397a0004129e,,37,37,,6e-06,6e-06,,6e-06,,,,,[],[],[],[],[],[],,,True,[],[],,7,Hidden Cats - Easter,0.7840934500000001,2025,English;French;German;Italian;Japanese;Korean;Portuguese - Portugal;Russian;Simplified Chinese;Spanish - Spain,Family Sharing;Single-player;Steam Achievements,Casual,2D;Cartoon;Cartoony;Casual;Cats;Colorful;Creature Collector;Cute;Family Friendly;Funny;Hand-drawn;Hidden Object;Point & Click;Puzzle;Relaxing;Singleplayer;Stylized;Wholesome,"Dive into the enchanting world of 'Hidden Cats - Easter' a hidden object game where your mission is to uncover every cat hidden within stunning hand-painted artwork. Let your keen eye and curiosity guide you through this captivating journey. ※ Key Features: 😺 100 Hidden Cats: Discover 100 hidden cats scattered throughout the artwork. 💡 Unlimited Hints: Stuck? Use unlimited hints to find the hidden cats and keep progressing. 🎵 Custom Music: Enjoy unique background music for the artwork, enhancing","{""text_match"": 0.019263959, ""cosine_similarity"": 0.5681869, ""reranker_score"": -5.8001432}"
2026-02-10T00:09:38+00:00,CORTEX_DB.RAW.CAT_GAMES_SVC_1_5,default,"hidden object cats in a city, without timer, exclude leaderboard, avoid time attack","hidden object cats in a city, without timer, exclude leaderboard, avoid time attack",[],,False,,,,balanced_default,0.3,10,100,0,459,459,,01c24ec9-0005-07ef-0001-397a0004129e,,37,37,,6e-06,6e-06,,6e-06,,,,,[],[],[],[],[],[],,,True,[],[],,8,Hidden Cats - Winter,0.7794348,2024,English;French;German;Italian;Japanese;Korean;Portuguese - Portugal;Russian;Simplified Chinese;Spanish - Spain,Family Sharing;Single-player;Steam Achievements,Adventure;Casual,2D;Adventure;Cartoon;Cartoony;Casual;Cats;Colorful;Cozy;Creature Collector;Cute;Family Friendly;Funny;Hand-drawn;Hidden Object;Point & Click;Puzzle;Relaxing;Singleplayer;Stylized;Wholesome,"Dive into the enchanting world of 'Hidden Cats - Winter' a hidden object game where your mission is to uncover every cat hidden within stunning hand-painted artwork. Let your keen eye and curiosity guide you through this captivating journey. ※ Key Features: 😺 100 Hidden Cats: Discover 100 hidden cats scattered throughout the artwork. 💡 Unlimited Hints: Stuck? Use unlimited hints to find the hidden cats and keep progressing. 🎵 Custom Music: Enjoy unique background music for the artwork, enhancing","{""text_match"": 0.019263959, ""cosine_similarity"": 0.5588696, ""reranker_score"": -5.608096}"
2026-02-10T00:09:38+00:00,CORTEX_DB.RAW.CAT_GAMES_SVC_1_5,default,"hidden object cats in a city, without timer, exclude leaderboard, avoid time attack","hidden object cats in a city, without timer, exclude leaderboard, avoid time attack",[],,False,,,,balanced_default,0.3,10,100,0,459,459,,01c24ec9-0005-07ef-0001-397a0004129e,,37,37,,6e-06,6e-06,,6e-06,,,,,[],[],[],[],[],[],,,True,[],[],,9,101 Cats Hidden in Tokyo,0.77765605,2024,Arabic;Bulgarian;Czech;Danish;Dutch;English;Finnish;French;German;Greek;Hindi;Hungarian;Indonesian;Italian;Japanese;Korean;Norwegian;Polish;Portuguese - Brazil;Portuguese - Portugal;Romanian;Russian;Simplified Chinese;Spanish - Latin America;Spanish - Spain;Swedish;Thai;Traditional Chinese;Turkish;Ukrainian;Vietnamese,Family Sharing;Single-player;Steam Achievements;Steam Cloud,Casual;Indie,2D;Cartoony;Casual;Cats;Collectathon;Cozy;Creature Collector;Cute;Exploration;Hand-drawn;Hidden Object;Indie;Minimalist;Point & Click;Puzzle;Relaxing;Score Attack;Singleplayer;Time Attack;Wholesome,"✍️ 101 Cats Hidden in Tokyo challenges you to find hidden kitties in a beautiful hand-crafted landscape. 🎵 While you search, enjoy a peaceful and immersive soundtrack. 😸 Earn tons of achievements. 🏆 Challenge your friends to find all the cats in the shortest time! ⏱️ GAMEPLAY: 🐾 101 cats hidden in a single Landscape. 👉 Click on the kitties you find. 👀 Adjust brightness so your eyes don't get tired. 🔎 AMAZING ZOOM! 😺🐾🐈 😻","{""text_match"": 0.018528765, ""cosine_similarity"": 0.5553121, ""reranker_score"": -5.46447}"
2026-02-10T00:09:38+00:00,CORTEX_DB.RAW.CAT_GAMES_SVC_1_5,default,"hidden object cats in a city, without timer, exclude leaderboard, avoid time attack","hidden object cats in a city, without timer, exclude leaderboard, avoid time attack",[],,False,,,,balanced_default,0.3,10,100,0,459,459,,01c24ec9-0005-07ef-0001-397a0004129e,,37,37,,6e-06,6e-06,,6e-06,,,,,[],[],[],[],[],[],,,True,[],[],,10,Cats Hidden in Italy,0.7750302499999999,2023,Arabic;English;French;German;Indonesian;Italian;Japanese;Korean;Polish;Portuguese - Brazil;Portuguese - Portugal;Russian;Simplified Chinese;Spanish - Latin America;Spanish - Spain;Thai;Traditional Chinese;Turkish,Custom Volume Controls;Family Sharing;Full controller support;Mouse Only Option;Save Anytime;Single-player;Steam Achievements;Steam Cloud;Steam Trading Cards;Touch Only Option,Casual;Indie,Cartoony;Casual;Cats;Collectathon;Controller;Cozy;Creature Collector;Cute;Exploration;Hand-drawn;Hidden Object;Indie;Minimalist;Point & Click;Puzzle;Relaxing;Singleplayer;Time Attack;Wholesome,"Cats Hidden in Italy is a cute hidden object game set in Italy. 100 cats are waiting for you to be discovered within a hand-drawn background. Relax thanks to the chill soundtrack Found a cat? Click on it! Features 🐾 1 Level, 100 cats ❔ Easter Eggs 💡 Hint System ⏰ Timer mode with leaderboard ⚙️ In-game Settings","{""text_match"": 0.026999053, ""cosine_similarity"": 0.5500605, ""reranker_score"": -5.0883393}"
2026-02-10T00:09:39+00:00,CORTEX_DB.RAW.CAT_GAMES_SVC_1_5,default,"hidden object cats in a city, without timer, exclude leaderboard, avoid time attack","hidden object cats in a city, without timer, exclude leaderboard, avoid time attack",[],,False,,,,balanced_default,0.65,10,100,0,413,413,,01c24ec9-0005-07c5-0001-397a0004074e,,35,35,,5e-06,5e-06,,5e-06,,,,,[],[],[],[],[],[],,,True,[],[],,1,Cat city,0.7868039,2023,English;Russian,Family Sharing;Full controller support;Single-player;Steam Achievements,Adventure;Casual;Indie,2D;Atmospheric;Casual;Cats;Clicker;Controller;Creature Collector;Cute;Detective;Education;Exploration;Family Friendly;Hand-drawn;Hidden Object;Interactive Fiction;Point & Click;Puzzle;Side Scroller;Singleplayer;Trading Card Game,"'Cat city' is an exciting hidden objects game. In this game, you will have to explore the whole city to find all the cats (and various secrets) and get closer to the goal of making this world and the lives of the cats living in it a little better, and restore their faith in people! The main character will help you figure it out and get comfortable, and tell you about the necessary help in this exciting and extremely important matter! The help of each person is important so that the world becomes","{""text_match"": 0.022286307, ""cosine_similarity"": 0.5736078, ""reranker_score"": -1.591435}"
2026-02-10T00:09:39+00:00,CORTEX_DB.RAW.CAT_GAMES_SVC_1_5,default,"hidden object cats in a city, without timer, exclude leaderboard, avoid time attack","hidden object cats in a city, without timer, exclude leaderboard, avoid time attack",[],,False,,,,balanced_default,0.65,10,100,0,413,413,,01c24ec9-0005-07c5-0001-397a0004074e,,35,35,,5e-06,5e-06,,5e-06,,,,,[],[],[],[],[],[],,,True,[],[],,2,Cats Hidden Timeline,0.80196565,2024,Arabic;Czech;Danish;English;Finnish;French;German;Hungarian;Indonesian;Italian;Japanese;Korean;Norwegian;Polish;Portuguese - Brazil;Romanian;Russian;Simplified Chinese;Spanish - Spain;Swedish;Thai;Traditional Chinese;Turkish;Ukrainian;Vietnamese,Family Sharing;Single-player;Steam Achievements,Casual;Indie,3D;Atmospheric;Casual;Hidden Object;Indie;Puzzle;Singleplayer;Time Manipulation,"Cats Hidden Timeline has 200 cats hidden in various places in the town, forest, farm, amusement park, and house. Use the seek bar to move forward or backward in time to find the cats hiding in the grass, under chairs, in boxes, and more. 🎮 10 levels 😻 200 hidden cats 🏆 10 Achievements","{""text_match"": 2.902491e-07, ""cosine_similarity"": 0.6039313, ""reranker_score"": -5.2941895}"
2026-02-10T00:09:39+00:00,CORTEX_DB.RAW.CAT_GAMES_SVC_1_5,default,"hidden object cats in a city, without timer, exclude leaderboard, avoid time attack","hidden object cats in a city, without timer, exclude leaderboard, avoid time attack",[],,False,,,,balanced_default,0.65,10,100,0,413,413,,01c24ec9-0005-07c5-0001-397a0004074e,,35,35,,5e-06,5e-06,,5e-06,,,,,[],[],[],[],[],[],,,True,[],[],,3,100 hidden cats 2,0.7867192000000001,2021,English,Family Sharing;Single-player;Steam Achievements;Steam Trading Cards,Adventure;Casual;Indie,2D;Adventure;Arcade;Casual;Cats;Creature Collector;Cute;Dog;Exploration;Family Friendly;Hand-drawn;Hidden Object;Minimalist;Nature;Point & Click;Puzzle;Relaxing;Side Scroller;Stylized;Trains,Art by Аnatoliy Loginovskikh Important information Press 'N' for night mode. Press 'Del' then 'Esc' to reset all achievements. 100 hidden cats 2 is a hidden object game in the city setting. Black and white hand-drawn graphics in a cartoon style. Ultra hard! Really very difficult! Cunning cats hid in the big city. They are disguised and very dangerous. Can you find 100 cats? Just click on the cat! Take care of your nerves!,"{""text_match"": 0.0025488436, ""cosine_similarity"": 0.5734384, ""reranker_score"": -2.750956}"
2026-02-10T00:09:39+00:00,CORTEX_DB.RAW.CAT_GAMES_SVC_1_5,default,"hidden object cats in a city, without timer, exclude leaderboard, avoid time attack","hidden object cats in a city, without timer, exclude leaderboard, avoid time attack",[],,False,,,,balanced_default,0.65,10,100,0,413,413,,01c24ec9-0005-07c5-0001-397a0004074e,,35,35,,5e-06,5e-06,,5e-06,,,,,[],[],[],[],[],[],,,True,[],[],,4,Hidden Cats in Paris,0.7797736,2022,English,Family Sharing;Full controller support;Single-player;Steam Achievements;Steam Cloud;Steam Trading Cards,Casual;Indie,Cartoon;Casual;Cats;Cute;Hand-drawn;Hidden Object;Indie;Point & Click;Relaxing,"Meow meow meow mes amis! Cats are hidden in a unique lovely Paris scenario. A short and pleasant experience in a big and lovely illustration! Start with a Beautiful monochromatic scenario, relax, and find all the cats to reveal the final colored art. More than 680 hidden objects to find!!! Play through different modes, find special cats, and unlock bonus levels! NORMAL MODE Find 100 cats in fixed positions. 3 hints. ADVANCED MODE Find 150 cats in semi-random positions. 8 Special cats that unlock","{""text_match"": 0.039712414, ""cosine_similarity"": 0.5595472, ""reranker_score"": -3.2730098}"
2026-02-10T00:09:39+00:00,CORTEX_DB.RAW.CAT_GAMES_SVC_1_5,default,"hidden object cats in a city, without timer, exclude leaderboard, avoid time attack","hidden object cats in a city, without timer, exclude leaderboard, avoid time attack",[],,False,,,,balanced_default,0.65,10,100,0,413,413,,01c24ec9-0005-07c5-0001-397a0004074e,,35,35,,5e-06,5e-06,,5e-06,,,,,[],[],[],[],[],[],,,True,[],[],,5,Hidden Cats in Spooky Town,0.7846016499999999,2023,English,Family Sharing;Full controller support;Single-player;Steam Achievements;Steam Cloud;Steam Trading Cards,Casual,Adventure;Cartoony;Casual;Cats;Clicker;Collectathon;Colorful;Cozy;Creature Collector;Cute;Exploration;Family Friendly;Funny;Hand-drawn;Hidden Object;Point & Click;Puzzle;Relaxing;Satire;Wholesome,"It's Halloween time! Do you choose Trick or Cat? Enjoy and find all the Hidden Cats one by one in the Spooky Town to reveal the final colored art. Play through different modes, find special cats, and unlock bonus levels! More than 970 hidden objects to find! Got all cats, played all bonuses, and had a nice Halloween evening? This time we are giving you an EXTRA BONUS!!! Enjoy the AFTER PARTY at the park! More than 970 Hidden Objects to find in the entire game! Play through different modes, find ","{""text_match"": 0.052254565, ""cosine_similarity"": 0.5692033, ""reranker_score"": -4.999918}"
2026-02-10T00:09:39+00:00,CORTEX_DB.RAW.CAT_GAMES_SVC_1_5,default,"hidden object cats in a city, without timer, exclude leaderboard, avoid time attack","hidden object cats in a city, without timer, exclude leaderboard, avoid time attack",[],,False,,,,balanced_default,0.65,10,100,0,413,413,,01c24ec9-0005-07c5-0001-397a0004074e,,35,35,,5e-06,5e-06,,5e-06,,,,,[],[],[],[],[],[],,,True,[],[],,6,Cats Hidden in Germany,0.78180647,2024,Arabic;English;French;German;Indonesian;Italian;Japanese;Korean;Polish;Portuguese - Brazil;Portuguese - Portugal;Russian;Simplified Chinese;Spanish - Latin America;Spanish - Spain;Thai;Traditional Chinese;Turkish;Ukrainian,Color Alternatives;Custom Volume Controls;Family Sharing;Full controller support;Mouse Only Option;Playable without Timed Input;Save Anytime;Single-player;Steam Achievements;Steam Cloud;Steam Trading Cards;Touch Only Option,Casual;Indie,Cartoony;Casual;Cats;Collectathon;Controller;Cozy;Creature Collector;Cute;Exploration;Hand-drawn;Hidden Object;Indie;Minimalist;Point & Click;Puzzle;Relaxing;Score Attack;Singleplayer;Time Attack;Wholesome,"Cats Hidden in Germany is a cute hidden object game set in medieval Germany. 100 cats are waiting for you to be discovered within a hand-drawn background. Relax thanks to the chill soundtrack Found a cat? Click on it! Features 🐾 1 Level, 100 cats ❔ Easter Eggs 💡 Hint System ⏰ Timer mode with leaderboard ⚙️ In-game Settings","{""text_match"": 0.029339202, ""cosine_similarity"": 0.56361294, ""reranker_score"": -4.512164}"
2026-02-10T00:09:39+00:00,CORTEX_DB.RAW.CAT_GAMES_SVC_1_5,default,"hidden object cats in a city, without timer, exclude leaderboard, avoid time attack","hidden object cats in a city, without timer, exclude leaderboard, avoid time attack",[],,False,,,,balanced_default,0.65,10,100,0,413,413,,01c24ec9-0005-07c5-0001-397a0004074e,,35,35,,5e-06,5e-06,,5e-06,,,,,[],[],[],[],[],[],,,True,[],[],,7,Hidden Cats - Easter,0.7840934500000001,2025,English;French;German;Italian;Japanese;Korean;Portuguese - Portugal;Russian;Simplified Chinese;Spanish - Spain,Family Sharing;Single-player;Steam Achievements,Casual,2D;Cartoon;Cartoony;Casual;Cats;Colorful;Creature Collector;Cute;Family Friendly;Funny;Hand-drawn;Hidden Object;Point & Click;Puzzle;Relaxing;Singleplayer;Stylized;Wholesome,"Dive into the enchanting world of 'Hidden Cats - Easter' a hidden object game where your mission is to uncover every cat hidden within stunning hand-painted artwork. Let your keen eye and curiosity guide you through this captivating journey. ※ Key Features: 😺 100 Hidden Cats: Discover 100 hidden cats scattered throughout the artwork. 💡 Unlimited Hints: Stuck? Use unlimited hints to find the hidden cats and keep progressing. 🎵 Custom Music: Enjoy unique background music for the artwork, enhancing","{""text_match"": 0.019263959, ""cosine_similarity"": 0.5681869, ""reranker_score"": -5.8001432}"
2026-02-10T00:09:39+00:00,CORTEX_DB.RAW.CAT_GAMES_SVC_1_5,default,"hidden object cats in a city, without timer, exclude leaderboard, avoid time attack","hidden object cats in a city, without timer, exclude leaderboard, avoid time attack",[],,False,,,,balanced_default,0.65,10,100,0,413,413,,01c24ec9-0005-07c5-0001-397a0004074e,,35,35,,5e-06,5e-06,,5e-06,,,,,[],[],[],[],[],[],,,True,[],[],,8,Hidden Cats - Winter,0.7794348,2024,English;French;German;Italian;Japanese;Korean;Portuguese - Portugal;Russian;Simplified Chinese;Spanish - Spain,Family Sharing;Single-player;Steam Achievements,Adventure;Casual,2D;Adventure;Cartoon;Cartoony;Casual;Cats;Colorful;Cozy;Creature Collector;Cute;Family Friendly;Funny;Hand-drawn;Hidden Object;Point & Click;Puzzle;Relaxing;Singleplayer;Stylized;Wholesome,"Dive into the enchanting world of 'Hidden Cats - Winter' a hidden object game where your mission is to uncover every cat hidden within stunning hand-painted artwork. Let your keen eye and curiosity guide you through this captivating journey. ※ Key Features: 😺 100 Hidden Cats: Discover 100 hidden cats scattered throughout the artwork. 💡 Unlimited Hints: Stuck? Use unlimited hints to find the hidden cats and keep progressing. 🎵 Custom Music: Enjoy unique background music for the artwork, enhancing","{""text_match"": 0.019263959, ""cosine_similarity"": 0.5588696, ""reranker_score"": -5.608096}"
2026-02-10T00:09:39+00:00,CORTEX_DB.RAW.CAT_GAMES_SVC_1_5,default,"hidden object cats in a city, without timer, exclude leaderboard, avoid time attack","hidden object cats in a city, without timer, exclude leaderboard, avoid time attack",[],,False,,,,balanced_default,0.65,10,100,0,413,413,,01c24ec9-0005-07c5-0001-397a0004074e,,35,35,,5e-06,5e-06,,5e-06,,,,,[],[],[],[],[],[],,,True,[],[],,9,101 Cats Hidden in Tokyo,0.77765605,2024,Arabic;Bulgarian;Czech;Danish;Dutch;English;Finnish;French;German;Greek;Hindi;Hungarian;Indonesian;Italian;Japanese;Korean;Norwegian;Polish;Portuguese - Brazil;Portuguese - Portugal;Romanian;Russian;Simplified Chinese;Spanish - Latin America;Spanish - Spain;Swedish;Thai;Traditional Chinese;Turkish;Ukrainian;Vietnamese,Family Sharing;Single-player;Steam Achievements;Steam Cloud,Casual;Indie,2D;Cartoony;Casual;Cats;Collectathon;Cozy;Creature Collector;Cute;Exploration;Hand-drawn;Hidden Object;Indie;Minimalist;Point & Click;Puzzle;Relaxing;Score Attack;Singleplayer;Time Attack;Wholesome,"✍️ 101 Cats Hidden in Tokyo challenges you to find hidden kitties in a beautiful hand-crafted landscape. 🎵 While you search, enjoy a peaceful and immersive soundtrack. 😸 Earn tons of achievements. 🏆 Challenge your friends to find all the cats in the shortest time! ⏱️ GAMEPLAY: 🐾 101 cats hidden in a single Landscape. 👉 Click on the kitties you find. 👀 Adjust brightness so your eyes don't get tired. 🔎 AMAZING ZOOM! 😺🐾🐈 😻","{""text_match"": 0.018528765, ""cosine_similarity"": 0.5553121, ""reranker_score"": -5.46447}"
2026-02-10T00:09:39+00:00,CORTEX_DB.RAW.CAT_GAMES_SVC_1_5,default,"hidden object cats in a city, without timer, exclude leaderboard, avoid time attack","hidden object cats in a city, without timer, exclude leaderboard, avoid time attack",[],,False,,,,balanced_default,0.65,10,100,0,413,413,,01c24ec9-0005-07c5-0001-397a0004074e,,35,35,,5e-06,5e-06,,5e-06,,,,,[],[],[],[],[],[],,,True,[],[],,10,Cats Hidden in Italy,0.7750302499999999,2023,Arabic;English;French;German;Indonesian;Italian;Japanese;Korean;Polish;Portuguese - Brazil;Portuguese - Portugal;Russian;Simplified Chinese;Spanish - Latin America;Spanish - Spain;Thai;Traditional Chinese;Turkish,Custom Volume Controls;Family Sharing;Full controller support;Mouse Only Option;Save Anytime;Single-player;Steam Achievements;Steam Cloud;Steam Trading Cards;Touch Only Option,Casual;Indie,Cartoony;Casual;Cats;Collectathon;Controller;Cozy;Creature Collector;Cute;Exploration;Hand-drawn;Hidden Object;Indie;Minimalist;Point & Click;Puzzle;Relaxing;Singleplayer;Time Attack;Wholesome,"Cats Hidden in Italy is a cute hidden object game set in Italy. 100 cats are waiting for you to be discovered within a hand-drawn background. Relax thanks to the chill soundtrack Found a cat? Click on it! Features 🐾 1 Level, 100 cats ❔ Easter Eggs 💡 Hint System ⏰ Timer mode with leaderboard ⚙️ In-game Settings","{""text_match"": 0.026999053, ""cosine_similarity"": 0.5500605, ""reranker_score"": -5.0883393}"
2026-02-10T00:09:40+00:00,CORTEX_DB.RAW.CAT_GAMES_SVC_1_5,default,"hidden object cats in a city, without timer, exclude leaderboard, avoid time attack","hidden object cats in a city, without timer, exclude leaderboard, avoid time attack",[],,False,,,,balanced_default,0.75,10,100,0,395,395,,01c24ec9-0005-07c5-0001-397a00040752,,36,36,,5e-06,5e-06,,5e-06,,,,,[],[],[],[],[],[],,,True,[],[],,1,Cat city,0.7868039,2023,English;Russian,Family Sharing;Full controller support;Single-player;Steam Achievements,Adventure;Casual;Indie,2D;Atmospheric;Casual;Cats;Clicker;Controller;Creature Collector;Cute;Detective;Education;Exploration;Family Friendly;Hand-drawn;Hidden Object;Interactive Fiction;Point & Click;Puzzle;Side Scroller;Singleplayer;Trading Card Game,"'Cat city' is an exciting hidden objects game. In this game, you will have to explore the whole city to find all the cats (and various secrets) and get closer to the goal of making this world and the lives of the cats living in it a little better, and restore their faith in people! The main character will help you figure it out and get comfortable, and tell you about the necessary help in this exciting and extremely important matter! The help of each person is important so that the world becomes","{""text_match"": 0.022286307, ""cosine_similarity"": 0.5736078, ""reranker_score"": -1.591435}"
2026-02-10T00:09:40+00:00,CORTEX_DB.RAW.CAT_GAMES_SVC_1_5,default,"hidden object cats in a city, without timer, exclude leaderboard, avoid time attack","hidden object cats in a city, without timer, exclude leaderboard, avoid time attack",[],,False,,,,balanced_default,0.75,10,100,0,395,395,,01c24ec9-0005-07c5-0001-397a00040752,,36,36,,5e-06,5e-06,,5e-06,,,,,[],[],[],[],[],[],,,True,[],[],,2,Cats Hidden Timeline,0.80196565,2024,Arabic;Czech;Danish;English;Finnish;French;German;Hungarian;Indonesian;Italian;Japanese;Korean;Norwegian;Polish;Portuguese - Brazil;Romanian;Russian;Simplified Chinese;Spanish - Spain;Swedish;Thai;Traditional Chinese;Turkish;Ukrainian;Vietnamese,Family Sharing;Single-player;Steam Achievements,Casual;Indie,3D;Atmospheric;Casual;Hidden Object;Indie;Puzzle;Singleplayer;Time Manipulation,"Cats Hidden Timeline has 200 cats hidden in various places in the town, forest, farm, amusement park, and house. Use the seek bar to move forward or backward in time to find the cats hiding in the grass, under chairs, in boxes, and more. 🎮 10 levels 😻 200 hidden cats 🏆 10 Achievements","{""text_match"": 2.902491e-07, ""cosine_similarity"": 0.6039313, ""reranker_score"": -5.2941895}"
2026-02-10T00:09:40+00:00,CORTEX_DB.RAW.CAT_GAMES_SVC_1_5,default,"hidden object cats in a city, without timer, exclude leaderboard, avoid time attack","hidden object cats in a city, without timer, exclude leaderboard, avoid time attack",[],,False,,,,balanced_default,0.75,10,100,0,395,395,,01c24ec9-0005-07c5-0001-397a00040752,,36,36,,5e-06,5e-06,,5e-06,,,,,[],[],[],[],[],[],,,True,[],[],,3,100 hidden cats 2,0.7867192000000001,2021,English,Family Sharing;Single-player;Steam Achievements;Steam Trading Cards,Adventure;Casual;Indie,2D;Adventure;Arcade;Casual;Cats;Creature Collector;Cute;Dog;Exploration;Family Friendly;Hand-drawn;Hidden Object;Minimalist;Nature;Point & Click;Puzzle;Relaxing;Side Scroller;Stylized;Trains,Art by Аnatoliy Loginovskikh Important information Press 'N' for night mode. Press 'Del' then 'Esc' to reset all achievements. 100 hidden cats 2 is a hidden object game in the city setting. Black and white hand-drawn graphics in a cartoon style. Ultra hard! Really very difficult! Cunning cats hid in the big city. They are disguised and very dangerous. Can you find 100 cats? Just click on the cat! Take care of your nerves!,"{""text_match"": 0.0025488436, ""cosine_similarity"": 0.5734384, ""reranker_score"": -2.750956}"
2026-02-10T00:09:40+00:00,CORTEX_DB.RAW.CAT_GAMES_SVC_1_5,default,"hidden object cats in a city, without timer, exclude leaderboard, avoid time attack","hidden object cats in a city, without timer, exclude leaderboard, avoid time attack",[],,False,,,,balanced_default,0.75,10,100,0,395,395,,01c24ec9-0005-07c5-0001-397a00040752,,36,36,,5e-06,5e-06,,5e-06,,,,,[],[],[],[],[],[],,,True,[],[],,4,Hidden Cats in Paris,0.7797736,2022,English,Family Sharing;Full controller support;Single-player;Steam Achievements;Steam Cloud;Steam Trading Cards,Casual;Indie,Cartoon;Casual;Cats;Cute;Hand-drawn;Hidden Object;Indie;Point & Click;Relaxing,"Meow meow meow mes amis! Cats are hidden in a unique lovely Paris scenario. A short and pleasant experience in a big and lovely illustration! Start with a Beautiful monochromatic scenario, relax, and find all the cats to reveal the final colored art. More than 680 hidden objects to find!!! Play through different modes, find special cats, and unlock bonus levels! NORMAL MODE Find 100 cats in fixed positions. 3 hints. ADVANCED MODE Find 150 cats in semi-random positions. 8 Special cats that unlock","{""text_match"": 0.039712414, ""cosine_similarity"": 0.5595472, ""reranker_score"": -3.2730098}"
2026-02-10T00:09:40+00:00,CORTEX_DB.RAW.CAT_GAMES_SVC_1_5,default,"hidden object cats in a city, without timer, exclude leaderboard, avoid time attack","hidden object cats in a city, without timer, exclude leaderboard, avoid time attack",[],,False,,,,balanced_default,0.75,10,100,0,395,395,,01c24ec9-0005-07c5-0001-397a00040752,,36,36,,5e-06,5e-06,,5e-06,,,,,[],[],[],[],[],[],,,True,[],[],,5,Hidden Cats in Spooky Town,0.7846016499999999,2023,English,Family Sharing;Full controller support;Single-player;Steam Achievements;Steam Cloud;Steam Trading Cards,Casual,Adventure;Cartoony;Casual;Cats;Clicker;Collectathon;Colorful;Cozy;Creature Collector;Cute;Exploration;Family Friendly;Funny;Hand-drawn;Hidden Object;Point & Click;Puzzle;Relaxing;Satire;Wholesome,"It's Halloween time! Do you choose Trick or Cat? Enjoy and find all the Hidden Cats one by one in the Spooky Town to reveal the final colored art. Play through different modes, find special cats, and unlock bonus levels! More than 970 hidden objects to find! Got all cats, played all bonuses, and had a nice Halloween evening? This time we are giving you an EXTRA BONUS!!! Enjoy the AFTER PARTY at the park! More than 970 Hidden Objects to find in the entire game! Play through different modes, find ","{""text_match"": 0.052254565, ""cosine_similarity"": 0.5692033, ""reranker_score"": -4.999918}"
2026-02-10T00:09:40+00:00,CORTEX_DB.RAW.CAT_GAMES_SVC_1_5,default,"hidden object cats in a city, without timer, exclude leaderboard, avoid time attack","hidden object cats in a city, without timer, exclude leaderboard, avoid time attack",[],,False,,,,balanced_default,0.75,10,100,0,395,395,,01c24ec9-0005-07c5-0001-397a00040752,,36,36,,5e-06,5e-06,,5e-06,,,,,[],[],[],[],[],[],,,True,[],[],,6,Cats Hidden in Germany,0.78180647,2024,Arabic;English;French;German;Indonesian;Italian;Japanese;Korean;Polish;Portuguese - Brazil;Portuguese - Portugal;Russian;Simplified Chinese;Spanish - Latin America;Spanish - Spain;Thai;Traditional Chinese;Turkish;Ukrainian,Color Alternatives;Custom Volume Controls;Family Sharing;Full controller support;Mouse Only Option;Playable without Timed Input;Save Anytime;Single-player;Steam Achievements;Steam Cloud;Steam Trading Cards;Touch Only Option,Casual;Indie,Cartoony;Casual;Cats;Collectathon;Controller;Cozy;Creature Collector;Cute;Exploration;Hand-drawn;Hidden Object;Indie;Minimalist;Point & Click;Puzzle;Relaxing;Score Attack;Singleplayer;Time Attack;Wholesome,"Cats Hidden in Germany is a cute hidden object game set in medieval Germany. 100 cats are waiting for you to be discovered within a hand-drawn background. Relax thanks to the chill soundtrack Found a cat? Click on it! Features 🐾 1 Level, 100 cats ❔ Easter Eggs 💡 Hint System ⏰ Timer mode with leaderboard ⚙️ In-game Settings","{""text_match"": 0.029339202, ""cosine_similarity"": 0.56361294, ""reranker_score"": -4.512164}"
2026-02-10T00:09:40+00:00,CORTEX_DB.RAW.CAT_GAMES_SVC_1_5,default,"hidden object cats in a city, without timer, exclude leaderboard, avoid time attack","hidden object cats in a city, without timer, exclude leaderboard, avoid time attack",[],,False,,,,balanced_default,0.75,10,100,0,395,395,,01c24ec9-0005-07c5-0001-397a00040752,,36,36,,5e-06,5e-06,,5e-06,,,,,[],[],[],[],[],[],,,True,[],[],,7,Hidden Cats - Easter,0.7840934500000001,2025,English;French;German;Italian;Japanese;Korean;Portuguese - Portugal;Russian;Simplified Chinese;Spanish - Spain,Family Sharing;Single-player;Steam Achievements,Casual,2D;Cartoon;Cartoony;Casual;Cats;Colorful;Creature Collector;Cute;Family Friendly;Funny;Hand-drawn;Hidden Object;Point & Click;Puzzle;Relaxing;Singleplayer;Stylized;Wholesome,"Dive into the enchanting world of 'Hidden Cats - Easter' a hidden object game where your mission is to uncover every cat hidden within stunning hand-painted artwork. Let your keen eye and curiosity guide you through this captivating journey. ※ Key Features: 😺 100 Hidden Cats: Discover 100 hidden cats scattered throughout the artwork. 💡 Unlimited Hints: Stuck? Use unlimited hints to find the hidden cats and keep progressing. 🎵 Custom Music: Enjoy unique background music for the artwork, enhancing","{""text_match"": 0.019263959, ""cosine_similarity"": 0.5681869, ""reranker_score"": -5.8001432}"
2026-02-10T00:09:40+00:00,CORTEX_DB.RAW.CAT_GAMES_SVC_1_5,default,"hidden object cats in a city, without timer, exclude leaderboard, avoid time attack","hidden object cats in a city, without timer, exclude leaderboard, avoid time attack",[],,False,,,,balanced_default,0.75,10,100,0,395,395,,01c24ec9-0005-07c5-0001-397a00040752,,36,36,,5e-06,5e-06,,5e-06,,,,,[],[],[],[],[],[],,,True,[],[],,8,Hidden Cats - Winter,0.7794348,2024,English;French;German;Italian;Japanese;Korean;Portuguese - Portugal;Russian;Simplified Chinese;Spanish - Spain,Family Sharing;Single-player;Steam Achievements,Adventure;Casual,2D;Adventure;Cartoon;Cartoony;Casual;Cats;Colorful;Cozy;Creature Collector;Cute;Family Friendly;Funny;Hand-drawn;Hidden Object;Point & Click;Puzzle;Relaxing;Singleplayer;Stylized;Wholesome,"Dive into the enchanting world of 'Hidden Cats - Winter' a hidden object game where your mission is to uncover every cat hidden within stunning hand-painted artwork. Let your keen eye and curiosity guide you through this captivating journey. ※ Key Features: 😺 100 Hidden Cats: Discover 100 hidden cats scattered throughout the artwork. 💡 Unlimited Hints: Stuck? Use unlimited hints to find the hidden cats and keep progressing. 🎵 Custom Music: Enjoy unique background music for the artwork, enhancing","{""text_match"": 0.019263959, ""cosine_similarity"": 0.5588696, ""reranker_score"": -5.608096}"
2026-02-10T00:09:40+00:00,CORTEX_DB.RAW.CAT_GAMES_SVC_1_5,default,"hidden object cats in a city, without timer, exclude leaderboard, avoid time attack","hidden object cats in a city, without timer, exclude leaderboard, avoid time attack",[],,False,,,,balanced_default,0.75,10,100,0,395,395,,01c24ec9-0005-07c5-0001-397a00040752,,36,36,,5e-06,5e-06,,5e-06,,,,,[],[],[],[],[],[],,,True,[],[],,9,101 Cats Hidden in Tokyo,0.77765605,2024,Arabic;Bulgarian;Czech;Danish;Dutch;English;Finnish;French;German;Greek;Hindi;Hungarian;Indonesian;Italian;Japanese;Korean;Norwegian;Polish;Portuguese - Brazil;Portuguese - Portugal;Romanian;Russian;Simplified Chinese;Spanish - Latin America;Spanish - Spain;Swedish;Thai;Traditional Chinese;Turkish;Ukrainian;Vietnamese,Family Sharing;Single-player;Steam Achievements;Steam Cloud,Casual;Indie,2D;Cartoony;Casual;Cats;Collectathon;Cozy;Creature Collector;Cute;Exploration;Hand-drawn;Hidden Object;Indie;Minimalist;Point & Click;Puzzle;Relaxing;Score Attack;Singleplayer;Time Attack;Wholesome,"✍️ 101 Cats Hidden in Tokyo challenges you to find hidden kitties in a beautiful hand-crafted landscape. 🎵 While you search, enjoy a peaceful and immersive soundtrack. 😸 Earn tons of achievements. 🏆 Challenge your friends to find all the cats in the shortest time! ⏱️ GAMEPLAY: 🐾 101 cats hidden in a single Landscape. 👉 Click on the kitties you find. 👀 Adjust brightness so your eyes don't get tired. 🔎 AMAZING ZOOM! 😺🐾🐈 😻","{""text_match"": 0.018528765, ""cosine_similarity"": 0.5553121, ""reranker_score"": -5.46447}"
2026-02-10T00:09:40+00:00,CORTEX_DB.RAW.CAT_GAMES_SVC_1_5,default,"hidden object cats in a city, without timer, exclude leaderboard, avoid time attack","hidden object cats in a city, without timer, exclude leaderboard, avoid time attack",[],,False,,,,balanced_default,0.75,10,100,0,395,395,,01c24ec9-0005-07c5-0001-397a00040752,,36,36,,5e-06,5e-06,,5e-06,,,,,[],[],[],[],[],[],,,True,[],[],,10,Cats Hidden in Italy,0.7750302499999999,2023,Arabic;English;French;German;Indonesian;Italian;Japanese;Korean;Polish;Portuguese - Brazil;Portuguese - Portugal;Russian;Simplified Chinese;Spanish - Latin America;Spanish - Spain;Thai;Traditional Chinese;Turkish,Custom Volume Controls;Family Sharing;Full controller support;Mouse Only Option;Save Anytime;Single-player;Steam Achievements;Steam Cloud;Steam Trading Cards;Touch Only Option,Casual;Indie,Cartoony;Casual;Cats;Collectathon;Controller;Cozy;Creature Collector;Cute;Exploration;Hand-drawn;Hidden Object;Indie;Minimalist;Point & Click;Puzzle;Relaxing;Singleplayer;Time Attack;Wholesome,"Cats Hidden in Italy is a cute hidden object game set in Italy. 100 cats are waiting for you to be discovered within a hand-drawn background. Relax thanks to the chill soundtrack Found a cat? Click on it! Features 🐾 1 Level, 100 cats ❔ Easter Eggs 💡 Hint System ⏰ Timer mode with leaderboard ⚙️ In-game Settings","{""text_match"": 0.026999053, ""cosine_similarity"": 0.5500605, ""reranker_score"": -5.0883393}"
2026-02-10T00:09:42+00:00,CORTEX_DB.RAW.CAT_GAMES_SVC_1_5,default,"hidden object cats in a city, without timer, exclude leaderboard, avoid time attack","hidden object cats in a city, without timer, exclude leaderboard, avoid time attack",[],,False,,,,keyword_focus,0.3,10,100,0,401,401,,01c24ec9-0005-07f0-0001-397a0003f6a2,,44,44,,7e-06,7e-06,,7e-06,,,,,[],[],[],[],[],[],,,True,[],[],,1,Cat city,0.7868039,2023,English;Russian,Family Sharing;Full controller support;Single-player;Steam Achievements,Adventure;Casual;Indie,2D;Atmospheric;Casual;Cats;Clicker;Controller;Creature Collector;Cute;Detective;Education;Exploration;Family Friendly;Hand-drawn;Hidden Object;Interactive Fiction;Point & Click;Puzzle;Side Scroller;Singleplayer;Trading Card Game,"'Cat city' is an exciting hidden objects game. In this game, you will have to explore the whole city to find all the cats (and various secrets) and get closer to the goal of making this world and the lives of the cats living in it a little better, and restore their faith in people! The main character will help you figure it out and get comfortable, and tell you about the necessary help in this exciting and extremely important matter! The help of each person is important so that the world becomes","{""text_match"": 0.022286307, ""cosine_similarity"": 0.5736078, ""reranker_score"": -1.591435}"
2026-02-10T00:09:42+00:00,CORTEX_DB.RAW.CAT_GAMES_SVC_1_5,default,"hidden object cats in a city, without timer, exclude leaderboard, avoid time attack","hidden object cats in a city, without timer, exclude leaderboard, avoid time attack",[],,False,,,,keyword_focus,0.3,10,100,0,401,401,,01c24ec9-0005-07f0-0001-397a0003f6a2,,44,44,,7e-06,7e-06,,7e-06,,,,,[],[],[],[],[],[],,,True,[],[],,2,Cats Hidden Timeline,0.80196565,2024,Arabic;Czech;Danish;English;Finnish;French;German;Hungarian;Indonesian;Italian;Japanese;Korean;Norwegian;Polish;Portuguese - Brazil;Romanian;Russian;Simplified Chinese;Spanish - Spain;Swedish;Thai;Traditional Chinese;Turkish;Ukrainian;Vietnamese,Family Sharing;Single-player;Steam Achievements,Casual;Indie,3D;Atmospheric;Casual;Hidden Object;Indie;Puzzle;Singleplayer;Time Manipulation,"Cats Hidden Timeline has 200 cats hidden in various places in the town, forest, farm, amusement park, and house. Use the seek bar to move forward or backward in time to find the cats hiding in the grass, under chairs, in boxes, and more. 🎮 10 levels 😻 200 hidden cats 🏆 10 Achievements","{""text_match"": 2.902491e-07, ""cosine_similarity"": 0.6039313, ""reranker_score"": -5.2941895}"
2026-02-10T00:09:42+00:00,CORTEX_DB.RAW.CAT_GAMES_SVC_1_5,default,"hidden object cats in a city, without timer, exclude leaderboard, avoid time attack","hidden object cats in a city, without timer, exclude leaderboard, avoid time attack",[],,False,,,,keyword_focus,0.3,10,100,0,401,401,,01c24ec9-0005-07f0-0001-397a0003f6a2,,44,44,,7e-06,7e-06,,7e-06,,,,,[],[],[],[],[],[],,,True,[],[],,3,100 hidden cats 2,0.7867192000000001,2021,English,Family Sharing;Single-player;Steam Achievements;Steam Trading Cards,Adventure;Casual;Indie,2D;Adventure;Arcade;Casual;Cats;Creature Collector;Cute;Dog;Exploration;Family Friendly;Hand-drawn;Hidden Object;Minimalist;Nature;Point & Click;Puzzle;Relaxing;Side Scroller;Stylized;Trains,Art by Аnatoliy Loginovskikh Important information Press 'N' for night mode. Press 'Del' then 'Esc' to reset all achievements. 100 hidden cats 2 is a hidden object game in the city setting. Black and white hand-drawn graphics in a cartoon style. Ultra hard! Really very difficult! Cunning cats hid in the big city. They are disguised and very dangerous. Can you find 100 cats? Just click on the cat! Take care of your nerves!,"{""text_match"": 0.0025488436, ""cosine_similarity"": 0.5734384, ""reranker_score"": -2.750956}"
2026-02-10T00:09:42+00:00,CORTEX_DB.RAW.CAT_GAMES_SVC_1_5,default,"hidden object cats in a city, without timer, exclude leaderboard, avoid time attack","hidden object cats in a city, without timer, exclude leaderboard, avoid time attack",[],,False,,,,keyword_focus,0.3,10,100,0,401,401,,01c24ec9-0005-07f0-0001-397a0003f6a2,,44,44,,7e-06,7e-06,,7e-06,,,,,[],[],[],[],[],[],,,True,[],[],,4,Hidden Cats in Paris,0.7797736,2022,English,Family Sharing;Full controller support;Single-player;Steam Achievements;Steam Cloud;Steam Trading Cards,Casual;Indie,Cartoon;Casual;Cats;Cute;Hand-drawn;Hidden Object;Indie;Point & Click;Relaxing,"Meow meow meow mes amis! Cats are hidden in a unique lovely Paris scenario. A short and pleasant experience in a big and lovely illustration! Start with a Beautiful monochromatic scenario, relax, and find all the cats to reveal the final colored art. More than 680 hidden objects to find!!! Play through different modes, find special cats, and unlock bonus levels! NORMAL MODE Find 100 cats in fixed positions. 3 hints. ADVANCED MODE Find 150 cats in semi-random positions. 8 Special cats that unlock","{""text_match"": 0.039712414, ""cosine_similarity"": 0.5595472, ""reranker_score"": -3.2730098}"
2026-02-10T00:09:42+00:00,CORTEX_DB.RAW.CAT_GAMES_SVC_1_5,default,"hidden object cats in a city, without timer, exclude leaderboard, avoid time attack","hidden object cats in a city, without timer, exclude leaderboard, avoid time attack",[],,False,,,,keyword_focus,0.3,10,100,0,401,401,,01c24ec9-0005-07f0-0001-397a0003f6a2,,44,44,,7e-06,7e-06,,7e-06,,,,,[],[],[],[],[],[],,,True,[],[],,5,Hidden Cats in Spooky Town,0.7846016499999999,2023,English,Family Sharing;Full controller support;Single-player;Steam Achievements;Steam Cloud;Steam Trading Cards,Casual,Adventure;Cartoony;Casual;Cats;Clicker;Collectathon;Colorful;Cozy;Creature Collector;Cute;Exploration;Family Friendly;Funny;Hand-drawn;Hidden Object;Point & Click;Puzzle;Relaxing;Satire;Wholesome,"It's Halloween time! Do you choose Trick or Cat? Enjoy and find all the Hidden Cats one by one in the Spooky Town to reveal the final colored art. Play through different modes, find special cats, and unlock bonus levels! More than 970 hidden objects to find! Got all cats, played all bonuses, and had a nice Halloween evening? This time we are giving you an EXTRA BONUS!!! Enjoy the AFTER PARTY at the park! More than 970 Hidden Objects to find in the entire game! Play through different modes, find ","{""text_match"": 0.052254565, ""cosine_similarity"": 0.5692033, ""reranker_score"": -4.999918}"
2026-02-10T00:09:42+00:00,CORTEX_DB.RAW.CAT_GAMES_SVC_1_5,default,"hidden object cats in a city, without timer, exclude leaderboard, avoid time attack","hidden object cats in a city, without timer, exclude leaderboard, avoid time attack",[],,False,,,,keyword_focus,0.3,10,100,0,401,401,,01c24ec9-0005-07f0-0001-397a0003f6a2,,44,44,,7e-06,7e-06,,7e-06,,,,,[],[],[],[],[],[],,,True,[],[],,6,Cats Hidden in Germany,0.78180647,2024,Arabic;English;French;German;Indonesian;Italian;Japanese;Korean;Polish;Portuguese - Brazil;Portuguese - Portugal;Russian;Simplified Chinese;Spanish - Latin America;Spanish - Spain;Thai;Traditional Chinese;Turkish;Ukrainian,Color Alternatives;Custom Volume Controls;Family Sharing;Full controller support;Mouse Only Option;Playable without Timed Input;Save Anytime;Single-player;Steam Achievements;Steam Cloud;Steam Trading Cards;Touch Only Option,Casual;Indie,Cartoony;Casual;Cats;Collectathon;Controller;Cozy;Creature Collector;Cute;Exploration;Hand-drawn;Hidden Object;Indie;Minimalist;Point & Click;Puzzle;Relaxing;Score Attack;Singleplayer;Time Attack;Wholesome,"Cats Hidden in Germany is a cute hidden object game set in medieval Germany. 100 cats are waiting for you to be discovered within a hand-drawn background. Relax thanks to the chill soundtrack Found a cat? Click on it! Features 🐾 1 Level, 100 cats ❔ Easter Eggs 💡 Hint System ⏰ Timer mode with leaderboard ⚙️ In-game Settings","{""text_match"": 0.029339202, ""cosine_similarity"": 0.56361294, ""reranker_score"": -4.512164}"
2026-02-10T00:09:42+00:00,CORTEX_DB.RAW.CAT_GAMES_SVC_1_5,default,"hidden object cats in a city, without timer, exclude leaderboard, avoid time attack","hidden object cats in a city, without timer, exclude leaderboard, avoid time attack",[],,False,,,,keyword_focus,0.3,10,100,0,401,401,,01c24ec9-0005-07f0-0001-397a0003f6a2,,44,44,,7e-06,7e-06,,7e-06,,,,,[],[],[],[],[],[],,,True,[],[],,7,Hidden Cats - Easter,0.7840934500000001,2025,English;French;German;Italian;Japanese;Korean;Portuguese - Portugal;Russian;Simplified Chinese;Spanish - Spain,Family Sharing;Single-player;Steam Achievements,Casual,2D;Cartoon;Cartoony;Casual;Cats;Colorful;Creature Collector;Cute;Family Friendly;Funny;Hand-drawn;Hidden Object;Point & Click;Puzzle;Relaxing;Singleplayer;Stylized;Wholesome,"Dive into the enchanting world of 'Hidden Cats - Easter' a hidden object game where your mission is to uncover every cat hidden within stunning hand-painted artwork. Let your keen eye and curiosity guide you through this captivating journey. ※ Key Features: 😺 100 Hidden Cats: Discover 100 hidden cats scattered throughout the artwork. 💡 Unlimited Hints: Stuck? Use unlimited hints to find the hidden cats and keep progressing. 🎵 Custom Music: Enjoy unique background music for the artwork, enhancing","{""text_match"": 0.019263959, ""cosine_similarity"": 0.5681869, ""reranker_score"": -5.8001432}"
2026-02-10T00:09:42+00:00,CORTEX_DB.RAW.CAT_GAMES_SVC_1_5,default,"hidden object cats in a city, without timer, exclude leaderboard, avoid time attack","hidden object cats in a city, without timer, exclude leaderboard, avoid time attack",[],,False,,,,keyword_focus,0.3,10,100,0,401,401,,01c24ec9-0005-07f0-0001-397a0003f6a2,,44,44,,7e-06,7e-06,,7e-06,,,,,[],[],[],[],[],[],,,True,[],[],,8,Hidden Cats - Winter,0.7794348,2024,English;French;German;Italian;Japanese;Korean;Portuguese - Portugal;Russian;Simplified Chinese;Spanish - Spain,Family Sharing;Single-player;Steam Achievements,Adventure;Casual,2D;Adventure;Cartoon;Cartoony;Casual;Cats;Colorful;Cozy;Creature Collector;Cute;Family Friendly;Funny;Hand-drawn;Hidden Object;Point & Click;Puzzle;Relaxing;Singleplayer;Stylized;Wholesome,"Dive into the enchanting world of 'Hidden Cats - Winter' a hidden object game where your mission is to uncover every cat hidden within stunning hand-painted artwork. Let your keen eye and curiosity guide you through this captivating journey. ※ Key Features: 😺 100 Hidden Cats: Discover 100 hidden cats scattered throughout the artwork. 💡 Unlimited Hints: Stuck? Use unlimited hints to find the hidden cats and keep progressing. 🎵 Custom Music: Enjoy unique background music for the artwork, enhancing","{""text_match"": 0.019263959, ""cosine_similarity"": 0.5588696, ""reranker_score"": -5.608096}"
2026-02-10T00:09:42+00:00,CORTEX_DB.RAW.CAT_GAMES_SVC_1_5,default,"hidden object cats in a city, without timer, exclude leaderboard, avoid time attack","hidden object cats in a city, without timer, exclude leaderboard, avoid time attack",[],,False,,,,keyword_focus,0.3,10,100,0,401,401,,01c24ec9-0005-07f0-0001-397a0003f6a2,,44,44,,7e-06,7e-06,,7e-06,,,,,[],[],[],[],[],[],,,True,[],[],,9,101 Cats Hidden in Tokyo,0.77765605,2024,Arabic;Bulgarian;Czech;Danish;Dutch;English;Finnish;French;German;Greek;Hindi;Hungarian;Indonesian;Italian;Japanese;Korean;Norwegian;Polish;Portuguese - Brazil;Portuguese - Portugal;Romanian;Russian;Simplified Chinese;Spanish - Latin America;Spanish - Spain;Swedish;Thai;Traditional Chinese;Turkish;Ukrainian;Vietnamese,Family Sharing;Single-player;Steam Achievements;Steam Cloud,Casual;Indie,2D;Cartoony;Casual;Cats;Collectathon;Cozy;Creature Collector;Cute;Exploration;Hand-drawn;Hidden Object;Indie;Minimalist;Point & Click;Puzzle;Relaxing;Score Attack;Singleplayer;Time Attack;Wholesome,"✍️ 101 Cats Hidden in Tokyo challenges you to find hidden kitties in a beautiful hand-crafted landscape. 🎵 While you search, enjoy a peaceful and immersive soundtrack. 😸 Earn tons of achievements. 🏆 Challenge your friends to find all the cats in the shortest time! ⏱️ GAMEPLAY: 🐾 101 cats hidden in a single Landscape. 👉 Click on the kitties you find. 👀 Adjust brightness so your eyes don't get tired. 🔎 AMAZING ZOOM! 😺🐾🐈 😻","{""text_match"": 0.018528765, ""cosine_similarity"": 0.5553121, ""reranker_score"": -5.46447}"
2026-02-10T00:09:42+00:00,CORTEX_DB.RAW.CAT_GAMES_SVC_1_5,default,"hidden object cats in a city, without timer, exclude leaderboard, avoid time attack","hidden object cats in a city, without timer, exclude leaderboard, avoid time attack",[],,False,,,,keyword_focus,0.3,10,100,0,401,401,,01c24ec9-0005-07f0-0001-397a0003f6a2,,44,44,,7e-06,7e-06,,7e-06,,,,,[],[],[],[],[],[],,,True,[],[],,10,Cats Hidden in Italy,0.7750302499999999,2023,Arabic;English;French;German;Indonesian;Italian;Japanese;Korean;Polish;Portuguese - Brazil;Portuguese - Portugal;Russian;Simplified Chinese;Spanish - Latin America;Spanish - Spain;Thai;Traditional Chinese;Turkish,Custom Volume Controls;Family Sharing;Full controller support;Mouse Only Option;Save Anytime;Single-player;Steam Achievements;Steam Cloud;Steam Trading Cards;Touch Only Option,Casual;Indie,Cartoony;Casual;Cats;Collectathon;Controller;Cozy;Creature Collector;Cute;Exploration;Hand-drawn;Hidden Object;Indie;Minimalist;Point & Click;Puzzle;Relaxing;Singleplayer;Time Attack;Wholesome,"Cats Hidden in Italy is a cute hidden object game set in Italy. 100 cats are waiting for you to be discovered within a hand-drawn background. Relax thanks to the chill soundtrack Found a cat? Click on it! Features 🐾 1 Level, 100 cats ❔ Easter Eggs 💡 Hint System ⏰ Timer mode with leaderboard ⚙️ In-game Settings","{""text_match"": 0.026999053, ""cosine_similarity"": 0.5500605, ""reranker_score"": -5.0883393}"
2026-02-10T00:09:43+00:00,CORTEX_DB.RAW.CAT_GAMES_SVC_1_5,default,"hidden object cats in a city, without timer, exclude leaderboard, avoid time attack","hidden object cats in a city, without timer, exclude leaderboard, avoid time attack",[],,False,,,,keyword_focus,0.65,10,100,0,418,418,,01c24ec9-0005-07a7-0001-397a0003eb8a,,44,44,,7e-06,7e-06,,7e-06,,,,,[],[],[],[],[],[],,,True,[],[],,1,Cat city,0.7868039,2023,English;Russian,Family Sharing;Full controller support;Single-player;Steam Achievements,Adventure;Casual;Indie,2D;Atmospheric;Casual;Cats;Clicker;Controller;Creature Collector;Cute;Detective;Education;Exploration;Family Friendly;Hand-drawn;Hidden Object;Interactive Fiction;Point & Click;Puzzle;Side Scroller;Singleplayer;Trading Card Game,"'Cat city' is an exciting hidden objects game. In this game, you will have to explore the whole city to find all the cats (and various secrets) and get closer to the goal of making this world and the lives of the cats living in it a little better, and restore their faith in people! The main character will help you figure it out and get comfortable, and tell you about the necessary help in this exciting and extremely important matter! The help of each person is important so that the world becomes","{""text_match"": 0.022286307, ""cosine_similarity"": 0.5736078, ""reranker_score"": -1.591435}"
2026-02-10T00:09:43+00:00,CORTEX_DB.RAW.CAT_GAMES_SVC_1_5,default,"hidden object cats in a city, without timer, exclude leaderboard, avoid time attack","hidden object cats in a city, without timer, exclude leaderboard, avoid time attack",[],,False,,,,keyword_focus,0.65,10,100,0,418,418,,01c24ec9-0005-07a7-0001-397a0003eb8a,,44,44,,7e-06,7e-06,,7e-06,,,,,[],[],[],[],[],[],,,True,[],[],,2,Cats Hidden Timeline,0.80196565,2024,Arabic;Czech;Danish;English;Finnish;French;German;Hungarian;Indonesian;Italian;Japanese;Korean;Norwegian;Polish;Portuguese - Brazil;Romanian;Russian;Simplified Chinese;Spanish - Spain;Swedish;Thai;Traditional Chinese;Turkish;Ukrainian;Vietnamese,Family Sharing;Single-player;Steam Achievements,Casual;Indie,3D;Atmospheric;Casual;Hidden Object;Indie;Puzzle;Singleplayer;Time Manipulation,"Cats Hidden Timeline has 200 cats hidden in various places in the town, forest, farm, amusement park, and house. Use the seek bar to move forward or backward in time to find the cats hiding in the grass, under chairs, in boxes, and more. 🎮 10 levels 😻 200 hidden cats 🏆 10 Achievements","{""text_match"": 2.902491e-07, ""cosine_similarity"": 0.6039313, ""reranker_score"": -5.2941895}"
2026-02-10T00:09:43+00:00,CORTEX_DB.RAW.CAT_GAMES_SVC_1_5,default,"hidden object cats in a city, without timer, exclude leaderboard, avoid time attack","hidden object cats in a city, without timer, exclude leaderboard, avoid time attack",[],,False,,,,keyword_focus,0.65,10,100,0,418,418,,01c24ec9-0005-07a7-0001-397a0003eb8a,,44,44,,7e-06,7e-06,,7e-06,,,,,[],[],[],[],[],[],,,True,[],[],,3,100 hidden cats 2,0.7867192000000001,2021,English,Family Sharing;Single-player;Steam Achievements;Steam Trading Cards,Adventure;Casual;Indie,2D;Adventure;Arcade;Casual;Cats;Creature Collector;Cute;Dog;Exploration;Family Friendly;Hand-drawn;Hidden Object;Minimalist;Nature;Point & Click;Puzzle;Relaxing;Side Scroller;Stylized;Trains,Art by Аnatoliy Loginovskikh Important information Press 'N' for night mode. Press 'Del' then 'Esc' to reset all achievements. 100 hidden cats 2 is a hidden object game in the city setting. Black and white hand-drawn graphics in a cartoon style. Ultra hard! Really very difficult! Cunning cats hid in the big city. They are disguised and very dangerous. Can you find 100 cats? Just click on the cat! Take care of your nerves!,"{""text_match"": 0.0025488436, ""cosine_similarity"": 0.5734384, ""reranker_score"": -2.750956}"
2026-02-10T00:09:43+00:00,CORTEX_DB.RAW.CAT_GAMES_SVC_1_5,default,"hidden object cats in a city, without timer, exclude leaderboard, avoid time attack","hidden object cats in a city, without timer, exclude leaderboard, avoid time attack",[],,False,,,,keyword_focus,0.65,10,100,0,418,418,,01c24ec9-0005-07a7-0001-397a0003eb8a,,44,44,,7e-06,7e-06,,7e-06,,,,,[],[],[],[],[],[],,,True,[],[],,4,Hidden Cats in Paris,0.7797736,2022,English,Family Sharing;Full controller support;Single-player;Steam Achievements;Steam Cloud;Steam Trading Cards,Casual;Indie,Cartoon;Casual;Cats;Cute;Hand-drawn;Hidden Object;Indie;Point & Click;Relaxing,"Meow meow meow mes amis! Cats are hidden in a unique lovely Paris scenario. A short and pleasant experience in a big and lovely illustration! Start with a Beautiful monochromatic scenario, relax, and find all the cats to reveal the final colored art. More than 680 hidden objects to find!!! Play through different modes, find special cats, and unlock bonus levels! NORMAL MODE Find 100 cats in fixed positions. 3 hints. ADVANCED MODE Find 150 cats in semi-random positions. 8 Special cats that unlock","{""text_match"": 0.039712414, ""cosine_similarity"": 0.5595472, ""reranker_score"": -3.2730098}"
2026-02-10T00:09:43+00:00,CORTEX_DB.RAW.CAT_GAMES_SVC_1_5,default,"hidden object cats in a city, without timer, exclude leaderboard, avoid time attack","hidden object cats in a city, without timer, exclude leaderboard, avoid time attack",[],,False,,,,keyword_focus,0.65,10,100,0,418,418,,01c24ec9-0005-07a7-0001-397a0003eb8a,,44,44,,7e-06,7e-06,,7e-06,,,,,[],[],[],[],[],[],,,True,[],[],,5,Hidden Cats in Spooky Town,0.7846016499999999,2023,English,Family Sharing;Full controller support;Single-player;Steam Achievements;Steam Cloud;Steam Trading Cards,Casual,Adventure;Cartoony;Casual;Cats;Clicker;Collectathon;Colorful;Cozy;Creature Collector;Cute;Exploration;Family Friendly;Funny;Hand-drawn;Hidden Object;Point & Click;Puzzle;Relaxing;Satire;Wholesome,"It's Halloween time! Do you choose Trick or Cat? Enjoy and find all the Hidden Cats one by one in the Spooky Town to reveal the final colored art. Play through different modes, find special cats, and unlock bonus levels! More than 970 hidden objects to find! Got all cats, played all bonuses, and had a nice Halloween evening? This time we are giving you an EXTRA BONUS!!! Enjoy the AFTER PARTY at the park! More than 970 Hidden Objects to find in the entire game! Play through different modes, find ","{""text_match"": 0.052254565, ""cosine_similarity"": 0.5692033, ""reranker_score"": -4.999918}"
2026-02-10T00:09:43+00:00,CORTEX_DB.RAW.CAT_GAMES_SVC_1_5,default,"hidden object cats in a city, without timer, exclude leaderboard, avoid time attack","hidden object cats in a city, without timer, exclude leaderboard, avoid time attack",[],,False,,,,keyword_focus,0.65,10,100,0,418,418,,01c24ec9-0005-07a7-0001-397a0003eb8a,,44,44,,7e-06,7e-06,,7e-06,,,,,[],[],[],[],[],[],,,True,[],[],,6,Cats Hidden in Germany,0.78180647,2024,Arabic;English;French;German;Indonesian;Italian;Japanese;Korean;Polish;Portuguese - Brazil;Portuguese - Portugal;Russian;Simplified Chinese;Spanish - Latin America;Spanish - Spain;Thai;Traditional Chinese;Turkish;Ukrainian,Color Alternatives;Custom Volume Controls;Family Sharing;Full controller support;Mouse Only Option;Playable without Timed Input;Save Anytime;Single-player;Steam Achievements;Steam Cloud;Steam Trading Cards;Touch Only Option,Casual;Indie,Cartoony;Casual;Cats;Collectathon;Controller;Cozy;Creature Collector;Cute;Exploration;Hand-drawn;Hidden Object;Indie;Minimalist;Point & Click;Puzzle;Relaxing;Score Attack;Singleplayer;Time Attack;Wholesome,"Cats Hidden in Germany is a cute hidden object game set in medieval Germany. 100 cats are waiting for you to be discovered within a hand-drawn background. Relax thanks to the chill soundtrack Found a cat? Click on it! Features 🐾 1 Level, 100 cats ❔ Easter Eggs 💡 Hint System ⏰ Timer mode with leaderboard ⚙️ In-game Settings","{""text_match"": 0.029339202, ""cosine_similarity"": 0.56361294, ""reranker_score"": -4.512164}"
2026-02-10T00:09:43+00:00,CORTEX_DB.RAW.CAT_GAMES_SVC_1_5,default,"hidden object cats in a city, without timer, exclude leaderboard, avoid time attack","hidden object cats in a city, without timer, exclude leaderboard, avoid time attack",[],,False,,,,keyword_focus,0.65,10,100,0,418,418,,01c24ec9-0005-07a7-0001-397a0003eb8a,,44,44,,7e-06,7e-06,,7e-06,,,,,[],[],[],[],[],[],,,True,[],[],,7,Hidden Cats - Easter,0.7840934500000001,2025,English;French;German;Italian;Japanese;Korean;Portuguese - Portugal;Russian;Simplified Chinese;Spanish - Spain,Family Sharing;Single-player;Steam Achievements,Casual,2D;Cartoon;Cartoony;Casual;Cats;Colorful;Creature Collector;Cute;Family Friendly;Funny;Hand-drawn;Hidden Object;Point & Click;Puzzle;Relaxing;Singleplayer;Stylized;Wholesome,"Dive into the enchanting world of 'Hidden Cats - Easter' a hidden object game where your mission is to uncover every cat hidden within stunning hand-painted artwork. Let your keen eye and curiosity guide you through this captivating journey. ※ Key Features: 😺 100 Hidden Cats: Discover 100 hidden cats scattered throughout the artwork. 💡 Unlimited Hints: Stuck? Use unlimited hints to find the hidden cats and keep progressing. 🎵 Custom Music: Enjoy unique background music for the artwork, enhancing","{""text_match"": 0.019263959, ""cosine_similarity"": 0.5681869, ""reranker_score"": -5.8001432}"
2026-02-10T00:09:43+00:00,CORTEX_DB.RAW.CAT_GAMES_SVC_1_5,default,"hidden object cats in a city, without timer, exclude leaderboard, avoid time attack","hidden object cats in a city, without timer, exclude leaderboard, avoid time attack",[],,False,,,,keyword_focus,0.65,10,100,0,418,418,,01c24ec9-0005-07a7-0001-397a0003eb8a,,44,44,,7e-06,7e-06,,7e-06,,,,,[],[],[],[],[],[],,,True,[],[],,8,Hidden Cats - Winter,0.7794348,2024,English;French;German;Italian;Japanese;Korean;Portuguese - Portugal;Russian;Simplified Chinese;Spanish - Spain,Family Sharing;Single-player;Steam Achievements,Adventure;Casual,2D;Adventure;Cartoon;Cartoony;Casual;Cats;Colorful;Cozy;Creature Collector;Cute;Family Friendly;Funny;Hand-drawn;Hidden Object;Point & Click;Puzzle;Relaxing;Singleplayer;Stylized;Wholesome,"Dive into the enchanting world of 'Hidden Cats - Winter' a hidden object game where your mission is to uncover every cat hidden within stunning hand-painted artwork. Let your keen eye and curiosity guide you through this captivating journey. ※ Key Features: 😺 100 Hidden Cats: Discover 100 hidden cats scattered throughout the artwork. 💡 Unlimited Hints: Stuck? Use unlimited hints to find the hidden cats and keep progressing. 🎵 Custom Music: Enjoy unique background music for the artwork, enhancing","{""text_match"": 0.019263959, ""cosine_similarity"": 0.5588696, ""reranker_score"": -5.608096}"
2026-02-10T00:09:43+00:00,CORTEX_DB.RAW.CAT_GAMES_SVC_1_5,default,"hidden object cats in a city, without timer, exclude leaderboard, avoid time attack","hidden object cats in a city, without timer, exclude leaderboard, avoid time attack",[],,False,,,,keyword_focus,0.65,10,100,0,418,418,,01c24ec9-0005-07a7-0001-397a0003eb8a,,44,44,,7e-06,7e-06,,7e-06,,,,,[],[],[],[],[],[],,,True,[],[],,9,101 Cats Hidden in Tokyo,0.77765605,2024,Arabic;Bulgarian;Czech;Danish;Dutch;English;Finnish;French;German;Greek;Hindi;Hungarian;Indonesian;Italian;Japanese;Korean;Norwegian;Polish;Portuguese - Brazil;Portuguese - Portugal;Romanian;Russian;Simplified Chinese;Spanish - Latin America;Spanish - Spain;Swedish;Thai;Traditional Chinese;Turkish;Ukrainian;Vietnamese,Family Sharing;Single-player;Steam Achievements;Steam Cloud,Casual;Indie,2D;Cartoony;Casual;Cats;Collectathon;Cozy;Creature Collector;Cute;Exploration;Hand-drawn;Hidden Object;Indie;Minimalist;Point & Click;Puzzle;Relaxing;Score Attack;Singleplayer;Time Attack;Wholesome,"✍️ 101 Cats Hidden in Tokyo challenges you to find hidden kitties in a beautiful hand-crafted landscape. 🎵 While you search, enjoy a peaceful and immersive soundtrack. 😸 Earn tons of achievements. 🏆 Challenge your friends to find all the cats in the shortest time! ⏱️ GAMEPLAY: 🐾 101 cats hidden in a single Landscape. 👉 Click on the kitties you find. 👀 Adjust brightness so your eyes don't get tired. 🔎 AMAZING ZOOM! 😺🐾🐈 😻","{""text_match"": 0.018528765, ""cosine_similarity"": 0.5553121, ""reranker_score"": -5.46447}"
2026-02-10T00:09:43+00:00,CORTEX_DB.RAW.CAT_GAMES_SVC_1_5,default,"hidden object cats in a city, without timer, exclude leaderboard, avoid time attack","hidden object cats in a city, without timer, exclude leaderboard, avoid time attack",[],,False,,,,keyword_focus,0.65,10,100,0,418,418,,01c24ec9-0005-07a7-0001-397a0003eb8a,,44,44,,7e-06,7e-06,,7e-06,,,,,[],[],[],[],[],[],,,True,[],[],,10,Cats Hidden in Italy,0.7750302499999999,2023,Arabic;English;French;German;Indonesian;Italian;Japanese;Korean;Polish;Portuguese - Brazil;Portuguese - Portugal;Russian;Simplified Chinese;Spanish - Latin America;Spanish - Spain;Thai;Traditional Chinese;Turkish,Custom Volume Controls;Family Sharing;Full controller support;Mouse Only Option;Save Anytime;Single-player;Steam Achievements;Steam Cloud;Steam Trading Cards;Touch Only Option,Casual;Indie,Cartoony;Casual;Cats;Collectathon;Controller;Cozy;Creature Collector;Cute;Exploration;Hand-drawn;Hidden Object;Indie;Minimalist;Point & Click;Puzzle;Relaxing;Singleplayer;Time Attack;Wholesome,"Cats Hidden in Italy is a cute hidden object game set in Italy. 100 cats are waiting for you to be discovered within a hand-drawn background. Relax thanks to the chill soundtrack Found a cat? Click on it! Features 🐾 1 Level, 100 cats ❔ Easter Eggs 💡 Hint System ⏰ Timer mode with leaderboard ⚙️ In-game Settings","{""text_match"": 0.026999053, ""cosine_similarity"": 0.5500605, ""reranker_score"": -5.0883393}"
2026-02-10T00:09:44+00:00,CORTEX_DB.RAW.CAT_GAMES_SVC_1_5,default,"hidden object cats in a city, without timer, exclude leaderboard, avoid time attack","hidden object cats in a city, without timer, exclude leaderboard, avoid time attack",[],,False,,,,keyword_focus,0.75,10,100,0,400,400,,01c24ec9-0005-07f0-0001-397a0003f6a6,,32,32,,5e-06,5e-06,,5e-06,,,,,[],[],[],[],[],[],,,True,[],[],,1,Cat city,0.7868039,2023,English;Russian,Family Sharing;Full controller support;Single-player;Steam Achievements,Adventure;Casual;Indie,2D;Atmospheric;Casual;Cats;Clicker;Controller;Creature Collector;Cute;Detective;Education;Exploration;Family Friendly;Hand-drawn;Hidden Object;Interactive Fiction;Point & Click;Puzzle;Side Scroller;Singleplayer;Trading Card Game,"'Cat city' is an exciting hidden objects game. In this game, you will have to explore the whole city to find all the cats (and various secrets) and get closer to the goal of making this world and the lives of the cats living in it a little better, and restore their faith in people! The main character will help you figure it out and get comfortable, and tell you about the necessary help in this exciting and extremely important matter! The help of each person is important so that the world becomes","{""text_match"": 0.022286307, ""cosine_similarity"": 0.5736078, ""reranker_score"": -1.591435}"
2026-02-10T00:09:44+00:00,CORTEX_DB.RAW.CAT_GAMES_SVC_1_5,default,"hidden object cats in a city, without timer, exclude leaderboard, avoid time attack","hidden object cats in a city, without timer, exclude leaderboard, avoid time attack",[],,False,,,,keyword_focus,0.75,10,100,0,400,400,,01c24ec9-0005-07f0-0001-397a0003f6a6,,32,32,,5e-06,5e-06,,5e-06,,,,,[],[],[],[],[],[],,,True,[],[],,2,Cats Hidden Timeline,0.80196565,2024,Arabic;Czech;Danish;English;Finnish;French;German;Hungarian;Indonesian;Italian;Japanese;Korean;Norwegian;Polish;Portuguese - Brazil;Romanian;Russian;Simplified Chinese;Spanish - Spain;Swedish;Thai;Traditional Chinese;Turkish;Ukrainian;Vietnamese,Family Sharing;Single-player;Steam Achievements,Casual;Indie,3D;Atmospheric;Casual;Hidden Object;Indie;Puzzle;Singleplayer;Time Manipulation,"Cats Hidden Timeline has 200 cats hidden in various places in the town, forest, farm, amusement park, and house. Use the seek bar to move forward or backward in time to find the cats hiding in the grass, under chairs, in boxes, and more. 🎮 10 levels 😻 200 hidden cats 🏆 10 Achievements","{""text_match"": 2.902491e-07, ""cosine_similarity"": 0.6039313, ""reranker_score"": -5.2941895}"
2026-02-10T00:09:44+00:00,CORTEX_DB.RAW.CAT_GAMES_SVC_1_5,default,"hidden object cats in a city, without timer, exclude leaderboard, avoid time attack","hidden object cats in a city, without timer, exclude leaderboard, avoid time attack",[],,False,,,,keyword_focus,0.75,10,100,0,400,400,,01c24ec9-0005-07f0-0001-397a0003f6a6,,32,32,,5e-06,5e-06,,5e-06,,,,,[],[],[],[],[],[],,,True,[],[],,3,100 hidden cats 2,0.7867192000000001,2021,English,Family Sharing;Single-player;Steam Achievements;Steam Trading Cards,Adventure;Casual;Indie,2D;Adventure;Arcade;Casual;Cats;Creature Collector;Cute;Dog;Exploration;Family Friendly;Hand-drawn;Hidden Object;Minimalist;Nature;Point & Click;Puzzle;Relaxing;Side Scroller;Stylized;Trains,Art by Аnatoliy Loginovskikh Important information Press 'N' for night mode. Press 'Del' then 'Esc' to reset all achievements. 100 hidden cats 2 is a hidden object game in the city setting. Black and white hand-drawn graphics in a cartoon style. Ultra hard! Really very difficult! Cunning cats hid in the big city. They are disguised and very dangerous. Can you find 100 cats? Just click on the cat! Take care of your nerves!,"{""text_match"": 0.0025488436, ""cosine_similarity"": 0.5734384, ""reranker_score"": -2.750956}"
2026-02-10T00:09:44+00:00,CORTEX_DB.RAW.CAT_GAMES_SVC_1_5,default,"hidden object cats in a city, without timer, exclude leaderboard, avoid time attack","hidden object cats in a city, without timer, exclude leaderboard, avoid time attack",[],,False,,,,keyword_focus,0.75,10,100,0,400,400,,01c24ec9-0005-07f0-0001-397a0003f6a6,,32,32,,5e-06,5e-06,,5e-06,,,,,[],[],[],[],[],[],,,True,[],[],,4,Hidden Cats in Paris,0.7797736,2022,English,Family Sharing;Full controller support;Single-player;Steam Achievements;Steam Cloud;Steam Trading Cards,Casual;Indie,Cartoon;Casual;Cats;Cute;Hand-drawn;Hidden Object;Indie;Point & Click;Relaxing,"Meow meow meow mes amis! Cats are hidden in a unique lovely Paris scenario. A short and pleasant experience in a big and lovely illustration! Start with a Beautiful monochromatic scenario, relax, and find all the cats to reveal the final colored art. More than 680 hidden objects to find!!! Play through different modes, find special cats, and unlock bonus levels! NORMAL MODE Find 100 cats in fixed positions. 3 hints. ADVANCED MODE Find 150 cats in semi-random positions. 8 Special cats that unlock","{""text_match"": 0.039712414, ""cosine_similarity"": 0.5595472, ""reranker_score"": -3.2730098}"
2026-02-10T00:09:44+00:00,CORTEX_DB.RAW.CAT_GAMES_SVC_1_5,default,"hidden object cats in a city, without timer, exclude leaderboard, avoid time attack","hidden object cats in a city, without timer, exclude leaderboard, avoid time attack",[],,False,,,,keyword_focus,0.75,10,100,0,400,400,,01c24ec9-0005-07f0-0001-397a0003f6a6,,32,32,,5e-06,5e-06,,5e-06,,,,,[],[],[],[],[],[],,,True,[],[],,5,Hidden Cats in Spooky Town,0.7846016499999999,2023,English,Family Sharing;Full controller support;Single-player;Steam Achievements;Steam Cloud;Steam Trading Cards,Casual,Adventure;Cartoony;Casual;Cats;Clicker;Collectathon;Colorful;Cozy;Creature Collector;Cute;Exploration;Family Friendly;Funny;Hand-drawn;Hidden Object;Point & Click;Puzzle;Relaxing;Satire;Wholesome,"It's Halloween time! Do you choose Trick or Cat? Enjoy and find all the Hidden Cats one by one in the Spooky Town to reveal the final colored art. Play through different modes, find special cats, and unlock bonus levels! More than 970 hidden objects to find! Got all cats, played all bonuses, and had a nice Halloween evening? This time we are giving you an EXTRA BONUS!!! Enjoy the AFTER PARTY at the park! More than 970 Hidden Objects to find in the entire game! Play through different modes, find ","{""text_match"": 0.052254565, ""cosine_similarity"": 0.5692033, ""reranker_score"": -4.999918}"
2026-02-10T00:09:44+00:00,CORTEX_DB.RAW.CAT_GAMES_SVC_1_5,default,"hidden object cats in a city, without timer, exclude leaderboard, avoid time attack","hidden object cats in a city, without timer, exclude leaderboard, avoid time attack",[],,False,,,,keyword_focus,0.75,10,100,0,400,400,,01c24ec9-0005-07f0-0001-397a0003f6a6,,32,32,,5e-06,5e-06,,5e-06,,,,,[],[],[],[],[],[],,,True,[],[],,6,Cats Hidden in Germany,0.78180647,2024,Arabic;English;French;German;Indonesian;Italian;Japanese;Korean;Polish;Portuguese - Brazil;Portuguese - Portugal;Russian;Simplified Chinese;Spanish - Latin America;Spanish - Spain;Thai;Traditional Chinese;Turkish;Ukrainian,Color Alternatives;Custom Volume Controls;Family Sharing;Full controller support;Mouse Only Option;Playable without Timed Input;Save Anytime;Single-player;Steam Achievements;Steam Cloud;Steam Trading Cards;Touch Only Option,Casual;Indie,Cartoony;Casual;Cats;Collectathon;Controller;Cozy;Creature Collector;Cute;Exploration;Hand-drawn;Hidden Object;Indie;Minimalist;Point & Click;Puzzle;Relaxing;Score Attack;Singleplayer;Time Attack;Wholesome,"Cats Hidden in Germany is a cute hidden object game set in medieval Germany. 100 cats are waiting for you to be discovered within a hand-drawn background. Relax thanks to the chill soundtrack Found a cat? Click on it! Features 🐾 1 Level, 100 cats ❔ Easter Eggs 💡 Hint System ⏰ Timer mode with leaderboard ⚙️ In-game Settings","{""text_match"": 0.029339202, ""cosine_similarity"": 0.56361294, ""reranker_score"": -4.512164}"
2026-02-10T00:09:44+00:00,CORTEX_DB.RAW.CAT_GAMES_SVC_1_5,default,"hidden object cats in a city, without timer, exclude leaderboard, avoid time attack","hidden object cats in a city, without timer, exclude leaderboard, avoid time attack",[],,False,,,,keyword_focus,0.75,10,100,0,400,400,,01c24ec9-0005-07f0-0001-397a0003f6a6,,32,32,,5e-06,5e-06,,5e-06,,,,,[],[],[],[],[],[],,,True,[],[],,7,Hidden Cats - Easter,0.7840934500000001,2025,English;French;German;Italian;Japanese;Korean;Portuguese - Portugal;Russian;Simplified Chinese;Spanish - Spain,Family Sharing;Single-player;Steam Achievements,Casual,2D;Cartoon;Cartoony;Casual;Cats;Colorful;Creature Collector;Cute;Family Friendly;Funny;Hand-drawn;Hidden Object;Point & Click;Puzzle;Relaxing;Singleplayer;Stylized;Wholesome,"Dive into the enchanting world of 'Hidden Cats - Easter' a hidden object game where your mission is to uncover every cat hidden within stunning hand-painted artwork. Let your keen eye and curiosity guide you through this captivating journey. ※ Key Features: 😺 100 Hidden Cats: Discover 100 hidden cats scattered throughout the artwork. 💡 Unlimited Hints: Stuck? Use unlimited hints to find the hidden cats and keep progressing. 🎵 Custom Music: Enjoy unique background music for the artwork, enhancing","{""text_match"": 0.019263959, ""cosine_similarity"": 0.5681869, ""reranker_score"": -5.8001432}"
2026-02-10T00:09:44+00:00,CORTEX_DB.RAW.CAT_GAMES_SVC_1_5,default,"hidden object cats in a city, without timer, exclude leaderboard, avoid time attack","hidden object cats in a city, without timer, exclude leaderboard, avoid time attack",[],,False,,,,keyword_focus,0.75,10,100,0,400,400,,01c24ec9-0005-07f0-0001-397a0003f6a6,,32,32,,5e-06,5e-06,,5e-06,,,,,[],[],[],[],[],[],,,True,[],[],,8,Hidden Cats - Winter,0.7794348,2024,English;French;German;Italian;Japanese;Korean;Portuguese - Portugal;Russian;Simplified Chinese;Spanish - Spain,Family Sharing;Single-player;Steam Achievements,Adventure;Casual,2D;Adventure;Cartoon;Cartoony;Casual;Cats;Colorful;Cozy;Creature Collector;Cute;Family Friendly;Funny;Hand-drawn;Hidden Object;Point & Click;Puzzle;Relaxing;Singleplayer;Stylized;Wholesome,"Dive into the enchanting world of 'Hidden Cats - Winter' a hidden object game where your mission is to uncover every cat hidden within stunning hand-painted artwork. Let your keen eye and curiosity guide you through this captivating journey. ※ Key Features: 😺 100 Hidden Cats: Discover 100 hidden cats scattered throughout the artwork. 💡 Unlimited Hints: Stuck? Use unlimited hints to find the hidden cats and keep progressing. 🎵 Custom Music: Enjoy unique background music for the artwork, enhancing","{""text_match"": 0.019263959, ""cosine_similarity"": 0.5588696, ""reranker_score"": -5.608096}"
2026-02-10T00:09:44+00:00,CORTEX_DB.RAW.CAT_GAMES_SVC_1_5,default,"hidden object cats in a city, without timer, exclude leaderboard, avoid time attack","hidden object cats in a city, without timer, exclude leaderboard, avoid time attack",[],,False,,,,keyword_focus,0.75,10,100,0,400,400,,01c24ec9-0005-07f0-0001-397a0003f6a6,,32,32,,5e-06,5e-06,,5e-06,,,,,[],[],[],[],[],[],,,True,[],[],,9,101 Cats Hidden in Tokyo,0.77765605,2024,Arabic;Bulgarian;Czech;Danish;Dutch;English;Finnish;French;German;Greek;Hindi;Hungarian;Indonesian;Italian;Japanese;Korean;Norwegian;Polish;Portuguese - Brazil;Portuguese - Portugal;Romanian;Russian;Simplified Chinese;Spanish - Latin America;Spanish - Spain;Swedish;Thai;Traditional Chinese;Turkish;Ukrainian;Vietnamese,Family Sharing;Single-player;Steam Achievements;Steam Cloud,Casual;Indie,2D;Cartoony;Casual;Cats;Collectathon;Cozy;Creature Collector;Cute;Exploration;Hand-drawn;Hidden Object;Indie;Minimalist;Point & Click;Puzzle;Relaxing;Score Attack;Singleplayer;Time Attack;Wholesome,"✍️ 101 Cats Hidden in Tokyo challenges you to find hidden kitties in a beautiful hand-crafted landscape. 🎵 While you search, enjoy a peaceful and immersive soundtrack. 😸 Earn tons of achievements. 🏆 Challenge your friends to find all the cats in the shortest time! ⏱️ GAMEPLAY: 🐾 101 cats hidden in a single Landscape. 👉 Click on the kitties you find. 👀 Adjust brightness so your eyes don't get tired. 🔎 AMAZING ZOOM! 😺🐾🐈 😻","{""text_match"": 0.018528765, ""cosine_similarity"": 0.5553121, ""reranker_score"": -5.46447}"
2026-02-10T00:09:44+00:00,CORTEX_DB.RAW.CAT_GAMES_SVC_1_5,default,"hidden object cats in a city, without timer, exclude leaderboard, avoid time attack","hidden object cats in a city, without timer, exclude leaderboard, avoid time attack",[],,False,,,,keyword_focus,0.75,10,100,0,400,400,,01c24ec9-0005-07f0-0001-397a0003f6a6,,32,32,,5e-06,5e-06,,5e-06,,,,,[],[],[],[],[],[],,,True,[],[],,10,Cats Hidden in Italy,0.7750302499999999,2023,Arabic;English;French;German;Indonesian;Italian;Japanese;Korean;Polish;Portuguese - Brazil;Portuguese - Portugal;Russian;Simplified Chinese;Spanish - Latin America;Spanish - Spain;Thai;Traditional Chinese;Turkish,Custom Volume Controls;Family Sharing;Full controller support;Mouse Only Option;Save Anytime;Single-player;Steam Achievements;Steam Cloud;Steam Trading Cards;Touch Only Option,Casual;Indie,Cartoony;Casual;Cats;Collectathon;Controller;Cozy;Creature Collector;Cute;Exploration;Hand-drawn;Hidden Object;Indie;Minimalist;Point & Click;Puzzle;Relaxing;Singleplayer;Time Attack;Wholesome,"Cats Hidden in Italy is a cute hidden object game set in Italy. 100 cats are waiting for you to be discovered within a hand-drawn background. Relax thanks to the chill soundtrack Found a cat? Click on it! Features 🐾 1 Level, 100 cats ❔ Easter Eggs 💡 Hint System ⏰ Timer mode with leaderboard ⚙️ In-game Settings","{""text_match"": 0.026999053, ""cosine_similarity"": 0.5500605, ""reranker_score"": -5.0883393}"
2026-02-10T00:09:46+00:00,CORTEX_DB.RAW.CAT_GAMES_SVC_1_5,default,"hidden object cats in a city, without timer, exclude leaderboard, avoid time attack","hidden object cats in a city, without timer, exclude leaderboard, avoid time attack",[],,False,,,,semantic_focus,0.3,10,100,0,394,394,,01c24ec9-0005-07f0-0001-397a0003f6ae,,35,35,,5e-06,5e-06,,5e-06,,,,,[],[],[],[],[],[],,,True,[],[],,1,Cat city,0.7868039,2023,English;Russian,Family Sharing;Full controller support;Single-player;Steam Achievements,Adventure;Casual;Indie,2D;Atmospheric;Casual;Cats;Clicker;Controller;Creature Collector;Cute;Detective;Education;Exploration;Family Friendly;Hand-drawn;Hidden Object;Interactive Fiction;Point & Click;Puzzle;Side Scroller;Singleplayer;Trading Card Game,"'Cat city' is an exciting hidden objects game. In this game, you will have to explore the whole city to find all the cats (and various secrets) and get closer to the goal of making this world and the lives of the cats living in it a little better, and restore their faith in people! The main character will help you figure it out and get comfortable, and tell you about the necessary help in this exciting and extremely important matter! The help of each person is important so that the world becomes","{""text_match"": 0.022286307, ""cosine_similarity"": 0.5736078, ""reranker_score"": -1.591435}"
2026-02-10T00:09:46+00:00,CORTEX_DB.RAW.CAT_GAMES_SVC_1_5,default,"hidden object cats in a city, without timer, exclude leaderboard, avoid time attack","hidden object cats in a city, without timer, exclude leaderboard, avoid time attack",[],,False,,,,semantic_focus,0.3,10,100,0,394,394,,01c24ec9-0005-07f0-0001-397a0003f6ae,,35,35,,5e-06,5e-06,,5e-06,,,,,[],[],[],[],[],[],,,True,[],[],,2,Cats Hidden Timeline,0.80196565,2024,Arabic;Czech;Danish;English;Finnish;French;German;Hungarian;Indonesian;Italian;Japanese;Korean;Norwegian;Polish;Portuguese - Brazil;Romanian;Russian;Simplified Chinese;Spanish - Spain;Swedish;Thai;Traditional Chinese;Turkish;Ukrainian;Vietnamese,Family Sharing;Single-player;Steam Achievements,Casual;Indie,3D;Atmospheric;Casual;Hidden Object;Indie;Puzzle;Singleplayer;Time Manipulation,"Cats Hidden Timeline has 200 cats hidden in various places in the town, forest, farm, amusement park, and house. Use the seek bar to move forward or backward in time to find the cats hiding in the grass, under chairs, in boxes, and more. 🎮 10 levels 😻 200 hidden cats 🏆 10 Achievements","{""text_match"": 2.902491e-07, ""cosine_similarity"": 0.6039313, ""reranker_score"": -5.2941895}"
2026-02-10T00:09:46+00:00,CORTEX_DB.RAW.CAT_GAMES_SVC_1_5,default,"hidden object cats in a city, without timer, exclude leaderboard, avoid time attack","hidden object cats in a city, without timer, exclude leaderboard, avoid time attack",[],,False,,,,semantic_focus,0.3,10,100,0,394,394,,01c24ec9-0005-07f0-0001-397a0003f6ae,,35,35,,5e-06,5e-06,,5e-06,,,,,[],[],[],[],[],[],,,True,[],[],,3,100 hidden cats 2,0.7867192000000001,2021,English,Family Sharing;Single-player;Steam Achievements;Steam Trading Cards,Adventure;Casual;Indie,2D;Adventure;Arcade;Casual;Cats;Creature Collector;Cute;Dog;Exploration;Family Friendly;Hand-drawn;Hidden Object;Minimalist;Nature;Point & Click;Puzzle;Relaxing;Side Scroller;Stylized;Trains,Art by Аnatoliy Loginovskikh Important information Press 'N' for night mode. Press 'Del' then 'Esc' to reset all achievements. 100 hidden cats 2 is a hidden object game in the city setting. Black and white hand-drawn graphics in a cartoon style. Ultra hard! Really very difficult! Cunning cats hid in the big city. They are disguised and very dangerous. Can you find 100 cats? Just click on the cat! Take care of your nerves!,"{""text_match"": 0.0025488436, ""cosine_similarity"": 0.5734384, ""reranker_score"": -2.750956}"
2026-02-10T00:09:46+00:00,CORTEX_DB.RAW.CAT_GAMES_SVC_1_5,default,"hidden object cats in a city, without timer, exclude leaderboard, avoid time attack","hidden object cats in a city, without timer, exclude leaderboard, avoid time attack",[],,False,,,,semantic_focus,0.3,10,100,0,394,394,,01c24ec9-0005-07f0-0001-397a0003f6ae,,35,35,,5e-06,5e-06,,5e-06,,,,,[],[],[],[],[],[],,,True,[],[],,4,Hidden Cats in Paris,0.7797736,2022,English,Family Sharing;Full controller support;Single-player;Steam Achievements;Steam Cloud;Steam Trading Cards,Casual;Indie,Cartoon;Casual;Cats;Cute;Hand-drawn;Hidden Object;Indie;Point & Click;Relaxing,"Meow meow meow mes amis! Cats are hidden in a unique lovely Paris scenario. A short and pleasant experience in a big and lovely illustration! Start with a Beautiful monochromatic scenario, relax, and find all the cats to reveal the final colored art. More than 680 hidden objects to find!!! Play through different modes, find special cats, and unlock bonus levels! NORMAL MODE Find 100 cats in fixed positions. 3 hints. ADVANCED MODE Find 150 cats in semi-random positions. 8 Special cats that unlock","{""text_match"": 0.039712414, ""cosine_similarity"": 0.5595472, ""reranker_score"": -3.2730098}"
2026-02-10T00:09:46+00:00,CORTEX_DB.RAW.CAT_GAMES_SVC_1_5,default,"hidden object cats in a city, without timer, exclude leaderboard, avoid time attack","hidden object cats in a city, without timer, exclude leaderboard, avoid time attack",[],,False,,,,semantic_focus,0.3,10,100,0,394,394,,01c24ec9-0005-07f0-0001-397a0003f6ae,,35,35,,5e-06,5e-06,,5e-06,,,,,[],[],[],[],[],[],,,True,[],[],,5,Hidden Cats in Spooky Town,0.7846016499999999,2023,English,Family Sharing;Full controller support;Single-player;Steam Achievements;Steam Cloud;Steam Trading Cards,Casual,Adventure;Cartoony;Casual;Cats;Clicker;Collectathon;Colorful;Cozy;Creature Collector;Cute;Exploration;Family Friendly;Funny;Hand-drawn;Hidden Object;Point & Click;Puzzle;Relaxing;Satire;Wholesome,"It's Halloween time! Do you choose Trick or Cat? Enjoy and find all the Hidden Cats one by one in the Spooky Town to reveal the final colored art. Play through different modes, find special cats, and unlock bonus levels! More than 970 hidden objects to find! Got all cats, played all bonuses, and had a nice Halloween evening? This time we are giving you an EXTRA BONUS!!! Enjoy the AFTER PARTY at the park! More than 970 Hidden Objects to find in the entire game! Play through different modes, find ","{""text_match"": 0.052254565, ""cosine_similarity"": 0.5692033, ""reranker_score"": -4.999918}"
2026-02-10T00:09:46+00:00,CORTEX_DB.RAW.CAT_GAMES_SVC_1_5,default,"hidden object cats in a city, without timer, exclude leaderboard, avoid time attack","hidden object cats in a city, without timer, exclude leaderboard, avoid time attack",[],,False,,,,semantic_focus,0.3,10,100,0,394,394,,01c24ec9-0005-07f0-0001-397a0003f6ae,,35,35,,5e-06,5e-06,,5e-06,,,,,[],[],[],[],[],[],,,True,[],[],,6,Cats Hidden in Germany,0.78180647,2024,Arabic;English;French;German;Indonesian;Italian;Japanese;Korean;Polish;Portuguese - Brazil;Portuguese - Portugal;Russian;Simplified Chinese;Spanish - Latin America;Spanish - Spain;Thai;Traditional Chinese;Turkish;Ukrainian,Color Alternatives;Custom Volume Controls;Family Sharing;Full controller support;Mouse Only Option;Playable without Timed Input;Save Anytime;Single-player;Steam Achievements;Steam Cloud;Steam Trading Cards;Touch Only Option,Casual;Indie,Cartoony;Casual;Cats;Collectathon;Controller;Cozy;Creature Collector;Cute;Exploration;Hand-drawn;Hidden Object;Indie;Minimalist;Point & Click;Puzzle;Relaxing;Score Attack;Singleplayer;Time Attack;Wholesome,"Cats Hidden in Germany is a cute hidden object game set in medieval Germany. 100 cats are waiting for you to be discovered within a hand-drawn background. Relax thanks to the chill soundtrack Found a cat? Click on it! Features 🐾 1 Level, 100 cats ❔ Easter Eggs 💡 Hint System ⏰ Timer mode with leaderboard ⚙️ In-game Settings","{""text_match"": 0.029339202, ""cosine_similarity"": 0.56361294, ""reranker_score"": -4.512164}"
2026-02-10T00:09:46+00:00,CORTEX_DB.RAW.CAT_GAMES_SVC_1_5,default,"hidden object cats in a city, without timer, exclude leaderboard, avoid time attack","hidden object cats in a city, without timer, exclude leaderboard, avoid time attack",[],,False,,,,semantic_focus,0.3,10,100,0,394,394,,01c24ec9-0005-07f0-0001-397a0003f6ae,,35,35,,5e-06,5e-06,,5e-06,,,,,[],[],[],[],[],[],,,True,[],[],,7,Hidden Cats - Easter,0.7840934500000001,2025,English;French;German;Italian;Japanese;Korean;Portuguese - Portugal;Russian;Simplified Chinese;Spanish - Spain,Family Sharing;Single-player;Steam Achievements,Casual,2D;Cartoon;Cartoony;Casual;Cats;Colorful;Creature Collector;Cute;Family Friendly;Funny;Hand-drawn;Hidden Object;Point & Click;Puzzle;Relaxing;Singleplayer;Stylized;Wholesome,"Dive into the enchanting world of 'Hidden Cats - Easter' a hidden object game where your mission is to uncover every cat hidden within stunning hand-painted artwork. Let your keen eye and curiosity guide you through this captivating journey. ※ Key Features: 😺 100 Hidden Cats: Discover 100 hidden cats scattered throughout the artwork. 💡 Unlimited Hints: Stuck? Use unlimited hints to find the hidden cats and keep progressing. 🎵 Custom Music: Enjoy unique background music for the artwork, enhancing","{""text_match"": 0.019263959, ""cosine_similarity"": 0.5681869, ""reranker_score"": -5.8001432}"
2026-02-10T00:09:46+00:00,CORTEX_DB.RAW.CAT_GAMES_SVC_1_5,default,"hidden object cats in a city, without timer, exclude leaderboard, avoid time attack","hidden object cats in a city, without timer, exclude leaderboard, avoid time attack",[],,False,,,,semantic_focus,0.3,10,100,0,394,394,,01c24ec9-0005-07f0-0001-397a0003f6ae,,35,35,,5e-06,5e-06,,5e-06,,,,,[],[],[],[],[],[],,,True,[],[],,8,Hidden Cats - Winter,0.7794348,2024,English;French;German;Italian;Japanese;Korean;Portuguese - Portugal;Russian;Simplified Chinese;Spanish - Spain,Family Sharing;Single-player;Steam Achievements,Adventure;Casual,2D;Adventure;Cartoon;Cartoony;Casual;Cats;Colorful;Cozy;Creature Collector;Cute;Family Friendly;Funny;Hand-drawn;Hidden Object;Point & Click;Puzzle;Relaxing;Singleplayer;Stylized;Wholesome,"Dive into the enchanting world of 'Hidden Cats - Winter' a hidden object game where your mission is to uncover every cat hidden within stunning hand-painted artwork. Let your keen eye and curiosity guide you through this captivating journey. ※ Key Features: 😺 100 Hidden Cats: Discover 100 hidden cats scattered throughout the artwork. 💡 Unlimited Hints: Stuck? Use unlimited hints to find the hidden cats and keep progressing. 🎵 Custom Music: Enjoy unique background music for the artwork, enhancing","{""text_match"": 0.019263959, ""cosine_similarity"": 0.5588696, ""reranker_score"": -5.608096}"
2026-02-10T00:09:46+00:00,CORTEX_DB.RAW.CAT_GAMES_SVC_1_5,default,"hidden object cats in a city, without timer, exclude leaderboard, avoid time attack","hidden object cats in a city, without timer, exclude leaderboard, avoid time attack",[],,False,,,,semantic_focus,0.3,10,100,0,394,394,,01c24ec9-0005-07f0-0001-397a0003f6ae,,35,35,,5e-06,5e-06,,5e-06,,,,,[],[],[],[],[],[],,,True,[],[],,9,101 Cats Hidden in Tokyo,0.77765605,2024,Arabic;Bulgarian;Czech;Danish;Dutch;English;Finnish;French;German;Greek;Hindi;Hungarian;Indonesian;Italian;Japanese;Korean;Norwegian;Polish;Portuguese - Brazil;Portuguese - Portugal;Romanian;Russian;Simplified Chinese;Spanish - Latin America;Spanish - Spain;Swedish;Thai;Traditional Chinese;Turkish;Ukrainian;Vietnamese,Family Sharing;Single-player;Steam Achievements;Steam Cloud,Casual;Indie,2D;Cartoony;Casual;Cats;Collectathon;Cozy;Creature Collector;Cute;Exploration;Hand-drawn;Hidden Object;Indie;Minimalist;Point & Click;Puzzle;Relaxing;Score Attack;Singleplayer;Time Attack;Wholesome,"✍️ 101 Cats Hidden in Tokyo challenges you to find hidden kitties in a beautiful hand-crafted landscape. 🎵 While you search, enjoy a peaceful and immersive soundtrack. 😸 Earn tons of achievements. 🏆 Challenge your friends to find all the cats in the shortest time! ⏱️ GAMEPLAY: 🐾 101 cats hidden in a single Landscape. 👉 Click on the kitties you find. 👀 Adjust brightness so your eyes don't get tired. 🔎 AMAZING ZOOM! 😺🐾🐈 😻","{""text_match"": 0.018528765, ""cosine_similarity"": 0.5553121, ""reranker_score"": -5.46447}"
2026-02-10T00:09:46+00:00,CORTEX_DB.RAW.CAT_GAMES_SVC_1_5,default,"hidden object cats in a city, without timer, exclude leaderboard, avoid time attack","hidden object cats in a city, without timer, exclude leaderboard, avoid time attack",[],,False,,,,semantic_focus,0.3,10,100,0,394,394,,01c24ec9-0005-07f0-0001-397a0003f6ae,,35,35,,5e-06,5e-06,,5e-06,,,,,[],[],[],[],[],[],,,True,[],[],,10,Cats Hidden in Italy,0.7750302499999999,2023,Arabic;English;French;German;Indonesian;Italian;Japanese;Korean;Polish;Portuguese - Brazil;Portuguese - Portugal;Russian;Simplified Chinese;Spanish - Latin America;Spanish - Spain;Thai;Traditional Chinese;Turkish,Custom Volume Controls;Family Sharing;Full controller support;Mouse Only Option;Save Anytime;Single-player;Steam Achievements;Steam Cloud;Steam Trading Cards;Touch Only Option,Casual;Indie,Cartoony;Casual;Cats;Collectathon;Controller;Cozy;Creature Collector;Cute;Exploration;Hand-drawn;Hidden Object;Indie;Minimalist;Point & Click;Puzzle;Relaxing;Singleplayer;Time Attack;Wholesome,"Cats Hidden in Italy is a cute hidden object game set in Italy. 100 cats are waiting for you to be discovered within a hand-drawn background. Relax thanks to the chill soundtrack Found a cat? Click on it! Features 🐾 1 Level, 100 cats ❔ Easter Eggs 💡 Hint System ⏰ Timer mode with leaderboard ⚙️ In-game Settings","{""text_match"": 0.026999053, ""cosine_similarity"": 0.5500605, ""reranker_score"": -5.0883393}"
2026-02-10T00:09:47+00:00,CORTEX_DB.RAW.CAT_GAMES_SVC_1_5,default,"hidden object cats in a city, without timer, exclude leaderboard, avoid time attack","hidden object cats in a city, without timer, exclude leaderboard, avoid time attack",[],,False,,,,semantic_focus,0.65,10,100,0,414,414,,01c24ec9-0005-07c5-0001-397a00040766,,49,49,,7e-06,7e-06,,7e-06,,,,,[],[],[],[],[],[],,,True,[],[],,1,Cat city,0.7868039,2023,English;Russian,Family Sharing;Full controller support;Single-player;Steam Achievements,Adventure;Casual;Indie,2D;Atmospheric;Casual;Cats;Clicker;Controller;Creature Collector;Cute;Detective;Education;Exploration;Family Friendly;Hand-drawn;Hidden Object;Interactive Fiction;Point & Click;Puzzle;Side Scroller;Singleplayer;Trading Card Game,"'Cat city' is an exciting hidden objects game. In this game, you will have to explore the whole city to find all the cats (and various secrets) and get closer to the goal of making this world and the lives of the cats living in it a little better, and restore their faith in people! The main character will help you figure it out and get comfortable, and tell you about the necessary help in this exciting and extremely important matter! The help of each person is important so that the world becomes","{""text_match"": 0.022286307, ""cosine_similarity"": 0.5736078, ""reranker_score"": -1.591435}"
2026-02-10T00:09:47+00:00,CORTEX_DB.RAW.CAT_GAMES_SVC_1_5,default,"hidden object cats in a city, without timer, exclude leaderboard, avoid time attack","hidden object cats in a city, without timer, exclude leaderboard, avoid time attack",[],,False,,,,semantic_focus,0.65,10,100,0,414,414,,01c24ec9-0005-07c5-0001-397a00040766,,49,49,,7e-06,7e-06,,7e-06,,,,,[],[],[],[],[],[],,,True,[],[],,2,Cats Hidden Timeline,0.80196565,2024,Arabic;Czech;Danish;English;Finnish;French;German;Hungarian;Indonesian;Italian;Japanese;Korean;Norwegian;Polish;Portuguese - Brazil;Romanian;Russian;Simplified Chinese;Spanish - Spain;Swedish;Thai;Traditional Chinese;Turkish;Ukrainian;Vietnamese,Family Sharing;Single-player;Steam Achievements,Casual;Indie,3D;Atmospheric;Casual;Hidden Object;Indie;Puzzle;Singleplayer;Time Manipulation,"Cats Hidden Timeline has 200 cats hidden in various places in the town, forest, farm, amusement park, and house. Use the seek bar to move forward or backward in time to find the cats hiding in the grass, under chairs, in boxes, and more. 🎮 10 levels 😻 200 hidden cats 🏆 10 Achievements","{""text_match"": 2.902491e-07, ""cosine_similarity"": 0.6039313, ""reranker_score"": -5.2941895}"
2026-02-10T00:09:47+00:00,CORTEX_DB.RAW.CAT_GAMES_SVC_1_5,default,"hidden object cats in a city, without timer, exclude leaderboard, avoid time attack","hidden object cats in a city, without timer, exclude leaderboard, avoid time attack",[],,False,,,,semantic_focus,0.65,10,100,0,414,414,,01c24ec9-0005-07c5-0001-397a00040766,,49,49,,7e-06,7e-06,,7e-06,,,,,[],[],[],[],[],[],,,True,[],[],,3,100 hidden cats 2,0.7867192000000001,2021,English,Family Sharing;Single-player;Steam Achievements;Steam Trading Cards,Adventure;Casual;Indie,2D;Adventure;Arcade;Casual;Cats;Creature Collector;Cute;Dog;Exploration;Family Friendly;Hand-drawn;Hidden Object;Minimalist;Nature;Point & Click;Puzzle;Relaxing;Side Scroller;Stylized;Trains,Art by Аnatoliy Loginovskikh Important information Press 'N' for night mode. Press 'Del' then 'Esc' to reset all achievements. 100 hidden cats 2 is a hidden object game in the city setting. Black and white hand-drawn graphics in a cartoon style. Ultra hard! Really very difficult! Cunning cats hid in the big city. They are disguised and very dangerous. Can you find 100 cats? Just click on the cat! Take care of your nerves!,"{""text_match"": 0.0025488436, ""cosine_similarity"": 0.5734384, ""reranker_score"": -2.750956}"
2026-02-10T00:09:47+00:00,CORTEX_DB.RAW.CAT_GAMES_SVC_1_5,default,"hidden object cats in a city, without timer, exclude leaderboard, avoid time attack","hidden object cats in a city, without timer, exclude leaderboard, avoid time attack",[],,False,,,,semantic_focus,0.65,10,100,0,414,414,,01c24ec9-0005-07c5-0001-397a00040766,,49,49,,7e-06,7e-06,,7e-06,,,,,[],[],[],[],[],[],,,True,[],[],,4,Hidden Cats in Paris,0.7797736,2022,English,Family Sharing;Full controller support;Single-player;Steam Achievements;Steam Cloud;Steam Trading Cards,Casual;Indie,Cartoon;Casual;Cats;Cute;Hand-drawn;Hidden Object;Indie;Point & Click;Relaxing,"Meow meow meow mes amis! Cats are hidden in a unique lovely Paris scenario. A short and pleasant experience in a big and lovely illustration! Start with a Beautiful monochromatic scenario, relax, and find all the cats to reveal the final colored art. More than 680 hidden objects to find!!! Play through different modes, find special cats, and unlock bonus levels! NORMAL MODE Find 100 cats in fixed positions. 3 hints. ADVANCED MODE Find 150 cats in semi-random positions. 8 Special cats that unlock","{""text_match"": 0.039712414, ""cosine_similarity"": 0.5595472, ""reranker_score"": -3.2730098}"
2026-02-10T00:09:47+00:00,CORTEX_DB.RAW.CAT_GAMES_SVC_1_5,default,"hidden object cats in a city, without timer, exclude leaderboard, avoid time attack","hidden object cats in a city, without timer, exclude leaderboard, avoid time attack",[],,False,,,,semantic_focus,0.65,10,100,0,414,414,,01c24ec9-0005-07c5-0001-397a00040766,,49,49,,7e-06,7e-06,,7e-06,,,,,[],[],[],[],[],[],,,True,[],[],,5,Hidden Cats in Spooky Town,0.7846016499999999,2023,English,Family Sharing;Full controller support;Single-player;Steam Achievements;Steam Cloud;Steam Trading Cards,Casual,Adventure;Cartoony;Casual;Cats;Clicker;Collectathon;Colorful;Cozy;Creature Collector;Cute;Exploration;Family Friendly;Funny;Hand-drawn;Hidden Object;Point & Click;Puzzle;Relaxing;Satire;Wholesome,"It's Halloween time! Do you choose Trick or Cat? Enjoy and find all the Hidden Cats one by one in the Spooky Town to reveal the final colored art. Play through different modes, find special cats, and unlock bonus levels! More than 970 hidden objects to find! Got all cats, played all bonuses, and had a nice Halloween evening? This time we are giving you an EXTRA BONUS!!! Enjoy the AFTER PARTY at the park! More than 970 Hidden Objects to find in the entire game! Play through different modes, find ","{""text_match"": 0.052254565, ""cosine_similarity"": 0.5692033, ""reranker_score"": -4.999918}"
2026-02-10T00:09:47+00:00,CORTEX_DB.RAW.CAT_GAMES_SVC_1_5,default,"hidden object cats in a city, without timer, exclude leaderboard, avoid time attack","hidden object cats in a city, without timer, exclude leaderboard, avoid time attack",[],,False,,,,semantic_focus,0.65,10,100,0,414,414,,01c24ec9-0005-07c5-0001-397a00040766,,49,49,,7e-06,7e-06,,7e-06,,,,,[],[],[],[],[],[],,,True,[],[],,6,Cats Hidden in Germany,0.78180647,2024,Arabic;English;French;German;Indonesian;Italian;Japanese;Korean;Polish;Portuguese - Brazil;Portuguese - Portugal;Russian;Simplified Chinese;Spanish - Latin America;Spanish - Spain;Thai;Traditional Chinese;Turkish;Ukrainian,Color Alternatives;Custom Volume Controls;Family Sharing;Full controller support;Mouse Only Option;Playable without Timed Input;Save Anytime;Single-player;Steam Achievements;Steam Cloud;Steam Trading Cards;Touch Only Option,Casual;Indie,Cartoony;Casual;Cats;Collectathon;Controller;Cozy;Creature Collector;Cute;Exploration;Hand-drawn;Hidden Object;Indie;Minimalist;Point & Click;Puzzle;Relaxing;Score Attack;Singleplayer;Time Attack;Wholesome,"Cats Hidden in Germany is a cute hidden object game set in medieval Germany. 100 cats are waiting for you to be discovered within a hand-drawn background. Relax thanks to the chill soundtrack Found a cat? Click on it! Features 🐾 1 Level, 100 cats ❔ Easter Eggs 💡 Hint System ⏰ Timer mode with leaderboard ⚙️ In-game Settings","{""text_match"": 0.029339202, ""cosine_similarity"": 0.56361294, ""reranker_score"": -4.512164}"
2026-02-10T00:09:47+00:00,CORTEX_DB.RAW.CAT_GAMES_SVC_1_5,default,"hidden object cats in a city, without timer, exclude leaderboard, avoid time attack","hidden object cats in a city, without timer, exclude leaderboard, avoid time attack",[],,False,,,,semantic_focus,0.65,10,100,0,414,414,,01c24ec9-0005-07c5-0001-397a00040766,,49,49,,7e-06,7e-06,,7e-06,,,,,[],[],[],[],[],[],,,True,[],[],,7,Hidden Cats - Easter,0.7840934500000001,2025,English;French;German;Italian;Japanese;Korean;Portuguese - Portugal;Russian;Simplified Chinese;Spanish - Spain,Family Sharing;Single-player;Steam Achievements,Casual,2D;Cartoon;Cartoony;Casual;Cats;Colorful;Creature Collector;Cute;Family Friendly;Funny;Hand-drawn;Hidden Object;Point & Click;Puzzle;Relaxing;Singleplayer;Stylized;Wholesome,"Dive into the enchanting world of 'Hidden Cats - Easter' a hidden object game where your mission is to uncover every cat hidden within stunning hand-painted artwork. Let your keen eye and curiosity guide you through this captivating journey. ※ Key Features: 😺 100 Hidden Cats: Discover 100 hidden cats scattered throughout the artwork. 💡 Unlimited Hints: Stuck? Use unlimited hints to find the hidden cats and keep progressing. 🎵 Custom Music: Enjoy unique background music for the artwork, enhancing","{""text_match"": 0.019263959, ""cosine_similarity"": 0.5681869, ""reranker_score"": -5.8001432}"
2026-02-10T00:09:47+00:00,CORTEX_DB.RAW.CAT_GAMES_SVC_1_5,default,"hidden object cats in a city, without timer, exclude leaderboard, avoid time attack","hidden object cats in a city, without timer, exclude leaderboard, avoid time attack",[],,False,,,,semantic_focus,0.65,10,100,0,414,414,,01c24ec9-0005-07c5-0001-397a00040766,,49,49,,7e-06,7e-06,,7e-06,,,,,[],[],[],[],[],[],,,True,[],[],,8,Hidden Cats - Winter,0.7794348,2024,English;French;German;Italian;Japanese;Korean;Portuguese - Portugal;Russian;Simplified Chinese;Spanish - Spain,Family Sharing;Single-player;Steam Achievements,Adventure;Casual,2D;Adventure;Cartoon;Cartoony;Casual;Cats;Colorful;Cozy;Creature Collector;Cute;Family Friendly;Funny;Hand-drawn;Hidden Object;Point & Click;Puzzle;Relaxing;Singleplayer;Stylized;Wholesome,"Dive into the enchanting world of 'Hidden Cats - Winter' a hidden object game where your mission is to uncover every cat hidden within stunning hand-painted artwork. Let your keen eye and curiosity guide you through this captivating journey. ※ Key Features: 😺 100 Hidden Cats: Discover 100 hidden cats scattered throughout the artwork. 💡 Unlimited Hints: Stuck? Use unlimited hints to find the hidden cats and keep progressing. 🎵 Custom Music: Enjoy unique background music for the artwork, enhancing","{""text_match"": 0.019263959, ""cosine_similarity"": 0.5588696, ""reranker_score"": -5.608096}"
2026-02-10T00:09:47+00:00,CORTEX_DB.RAW.CAT_GAMES_SVC_1_5,default,"hidden object cats in a city, without timer, exclude leaderboard, avoid time attack","hidden object cats in a city, without timer, exclude leaderboard, avoid time attack",[],,False,,,,semantic_focus,0.65,10,100,0,414,414,,01c24ec9-0005-07c5-0001-397a00040766,,49,49,,7e-06,7e-06,,7e-06,,,,,[],[],[],[],[],[],,,True,[],[],,9,101 Cats Hidden in Tokyo,0.77765605,2024,Arabic;Bulgarian;Czech;Danish;Dutch;English;Finnish;French;German;Greek;Hindi;Hungarian;Indonesian;Italian;Japanese;Korean;Norwegian;Polish;Portuguese - Brazil;Portuguese - Portugal;Romanian;Russian;Simplified Chinese;Spanish - Latin America;Spanish - Spain;Swedish;Thai;Traditional Chinese;Turkish;Ukrainian;Vietnamese,Family Sharing;Single-player;Steam Achievements;Steam Cloud,Casual;Indie,2D;Cartoony;Casual;Cats;Collectathon;Cozy;Creature Collector;Cute;Exploration;Hand-drawn;Hidden Object;Indie;Minimalist;Point & Click;Puzzle;Relaxing;Score Attack;Singleplayer;Time Attack;Wholesome,"✍️ 101 Cats Hidden in Tokyo challenges you to find hidden kitties in a beautiful hand-crafted landscape. 🎵 While you search, enjoy a peaceful and immersive soundtrack. 😸 Earn tons of achievements. 🏆 Challenge your friends to find all the cats in the shortest time! ⏱️ GAMEPLAY: 🐾 101 cats hidden in a single Landscape. 👉 Click on the kitties you find. 👀 Adjust brightness so your eyes don't get tired. 🔎 AMAZING ZOOM! 😺🐾🐈 😻","{""text_match"": 0.018528765, ""cosine_similarity"": 0.5553121, ""reranker_score"": -5.46447}"
2026-02-10T00:09:47+00:00,CORTEX_DB.RAW.CAT_GAMES_SVC_1_5,default,"hidden object cats in a city, without timer, exclude leaderboard, avoid time attack","hidden object cats in a city, without timer, exclude leaderboard, avoid time attack",[],,False,,,,semantic_focus,0.65,10,100,0,414,414,,01c24ec9-0005-07c5-0001-397a00040766,,49,49,,7e-06,7e-06,,7e-06,,,,,[],[],[],[],[],[],,,True,[],[],,10,Cats Hidden in Italy,0.7750302499999999,2023,Arabic;English;French;German;Indonesian;Italian;Japanese;Korean;Polish;Portuguese - Brazil;Portuguese - Portugal;Russian;Simplified Chinese;Spanish - Latin America;Spanish - Spain;Thai;Traditional Chinese;Turkish,Custom Volume Controls;Family Sharing;Full controller support;Mouse Only Option;Save Anytime;Single-player;Steam Achievements;Steam Cloud;Steam Trading Cards;Touch Only Option,Casual;Indie,Cartoony;Casual;Cats;Collectathon;Controller;Cozy;Creature Collector;Cute;Exploration;Hand-drawn;Hidden Object;Indie;Minimalist;Point & Click;Puzzle;Relaxing;Singleplayer;Time Attack;Wholesome,"Cats Hidden in Italy is a cute hidden object game set in Italy. 100 cats are waiting for you to be discovered within a hand-drawn background. Relax thanks to the chill soundtrack Found a cat? Click on it! Features 🐾 1 Level, 100 cats ❔ Easter Eggs 💡 Hint System ⏰ Timer mode with leaderboard ⚙️ In-game Settings","{""text_match"": 0.026999053, ""cosine_similarity"": 0.5500605, ""reranker_score"": -5.0883393}"
2026-02-10T00:09:48+00:00,CORTEX_DB.RAW.CAT_GAMES_SVC_1_5,default,"hidden object cats in a city, without timer, exclude leaderboard, avoid time attack","hidden object cats in a city, without timer, exclude leaderboard, avoid time attack",[],,False,,,,semantic_focus,0.75,10,100,0,408,408,,01c24ec9-0005-07f0-0001-397a0003f6ba,,34,34,,5e-06,5e-06,,5e-06,,,,,[],[],[],[],[],[],,,True,[],[],,1,Cat city,0.7868039,2023,English;Russian,Family Sharing;Full controller support;Single-player;Steam Achievements,Adventure;Casual;Indie,2D;Atmospheric;Casual;Cats;Clicker;Controller;Creature Collector;Cute;Detective;Education;Exploration;Family Friendly;Hand-drawn;Hidden Object;Interactive Fiction;Point & Click;Puzzle;Side Scroller;Singleplayer;Trading Card Game,"'Cat city' is an exciting hidden objects game. In this game, you will have to explore the whole city to find all the cats (and various secrets) and get closer to the goal of making this world and the lives of the cats living in it a little better, and restore their faith in people! The main character will help you figure it out and get comfortable, and tell you about the necessary help in this exciting and extremely important matter! The help of each person is important so that the world becomes","{""text_match"": 0.022286307, ""cosine_similarity"": 0.5736078, ""reranker_score"": -1.591435}"
2026-02-10T00:09:48+00:00,CORTEX_DB.RAW.CAT_GAMES_SVC_1_5,default,"hidden object cats in a city, without timer, exclude leaderboard, avoid time attack","hidden object cats in a city, without timer, exclude leaderboard, avoid time attack",[],,False,,,,semantic_focus,0.75,10,100,0,408,408,,01c24ec9-0005-07f0-0001-397a0003f6ba,,34,34,,5e-06,5e-06,,5e-06,,,,,[],[],[],[],[],[],,,True,[],[],,2,Cats Hidden Timeline,0.80196565,2024,Arabic;Czech;Danish;English;Finnish;French;German;Hungarian;Indonesian;Italian;Japanese;Korean;Norwegian;Polish;Portuguese - Brazil;Romanian;Russian;Simplified Chinese;Spanish - Spain;Swedish;Thai;Traditional Chinese;Turkish;Ukrainian;Vietnamese,Family Sharing;Single-player;Steam Achievements,Casual;Indie,3D;Atmospheric;Casual;Hidden Object;Indie;Puzzle;Singleplayer;Time Manipulation,"Cats Hidden Timeline has 200 cats hidden in various places in the town, forest, farm, amusement park, and house. Use the seek bar to move forward or backward in time to find the cats hiding in the grass, under chairs, in boxes, and more. 🎮 10 levels 😻 200 hidden cats 🏆 10 Achievements","{""text_match"": 2.902491e-07, ""cosine_similarity"": 0.6039313, ""reranker_score"": -5.2941895}"
2026-02-10T00:09:48+00:00,CORTEX_DB.RAW.CAT_GAMES_SVC_1_5,default,"hidden object cats in a city, without timer, exclude leaderboard, avoid time attack","hidden object cats in a city, without timer, exclude leaderboard, avoid time attack",[],,False,,,,semantic_focus,0.75,10,100,0,408,408,,01c24ec9-0005-07f0-0001-397a0003f6ba,,34,34,,5e-06,5e-06,,5e-06,,,,,[],[],[],[],[],[],,,True,[],[],,3,100 hidden cats 2,0.7867192000000001,2021,English,Family Sharing;Single-player;Steam Achievements;Steam Trading Cards,Adventure;Casual;Indie,2D;Adventure;Arcade;Casual;Cats;Creature Collector;Cute;Dog;Exploration;Family Friendly;Hand-drawn;Hidden Object;Minimalist;Nature;Point & Click;Puzzle;Relaxing;Side Scroller;Stylized;Trains,Art by Аnatoliy Loginovskikh Important information Press 'N' for night mode. Press 'Del' then 'Esc' to reset all achievements. 100 hidden cats 2 is a hidden object game in the city setting. Black and white hand-drawn graphics in a cartoon style. Ultra hard! Really very difficult! Cunning cats hid in the big city. They are disguised and very dangerous. Can you find 100 cats? Just click on the cat! Take care of your nerves!,"{""text_match"": 0.0025488436, ""cosine_similarity"": 0.5734384, ""reranker_score"": -2.750956}"
2026-02-10T00:09:48+00:00,CORTEX_DB.RAW.CAT_GAMES_SVC_1_5,default,"hidden object cats in a city, without timer, exclude leaderboard, avoid time attack","hidden object cats in a city, without timer, exclude leaderboard, avoid time attack",[],,False,,,,semantic_focus,0.75,10,100,0,408,408,,01c24ec9-0005-07f0-0001-397a0003f6ba,,34,34,,5e-06,5e-06,,5e-06,,,,,[],[],[],[],[],[],,,True,[],[],,4,Hidden Cats in Paris,0.7797736,2022,English,Family Sharing;Full controller support;Single-player;Steam Achievements;Steam Cloud;Steam Trading Cards,Casual;Indie,Cartoon;Casual;Cats;Cute;Hand-drawn;Hidden Object;Indie;Point & Click;Relaxing,"Meow meow meow mes amis! Cats are hidden in a unique lovely Paris scenario. A short and pleasant experience in a big and lovely illustration! Start with a Beautiful monochromatic scenario, relax, and find all the cats to reveal the final colored art. More than 680 hidden objects to find!!! Play through different modes, find special cats, and unlock bonus levels! NORMAL MODE Find 100 cats in fixed positions. 3 hints. ADVANCED MODE Find 150 cats in semi-random positions. 8 Special cats that unlock","{""text_match"": 0.039712414, ""cosine_similarity"": 0.5595472, ""reranker_score"": -3.2730098}"
2026-02-10T00:09:48+00:00,CORTEX_DB.RAW.CAT_GAMES_SVC_1_5,default,"hidden object cats in a city, without timer, exclude leaderboard, avoid time attack","hidden object cats in a city, without timer, exclude leaderboard, avoid time attack",[],,False,,,,semantic_focus,0.75,10,100,0,408,408,,01c24ec9-0005-07f0-0001-397a0003f6ba,,34,34,,5e-06,5e-06,,5e-06,,,,,[],[],[],[],[],[],,,True,[],[],,5,Hidden Cats in Spooky Town,0.7846016499999999,2023,English,Family Sharing;Full controller support;Single-player;Steam Achievements;Steam Cloud;Steam Trading Cards,Casual,Adventure;Cartoony;Casual;Cats;Clicker;Collectathon;Colorful;Cozy;Creature Collector;Cute;Exploration;Family Friendly;Funny;Hand-drawn;Hidden Object;Point & Click;Puzzle;Relaxing;Satire;Wholesome,"It's Halloween time! Do you choose Trick or Cat? Enjoy and find all the Hidden Cats one by one in the Spooky Town to reveal the final colored art. Play through different modes, find special cats, and unlock bonus levels! More than 970 hidden objects to find! Got all cats, played all bonuses, and had a nice Halloween evening? This time we are giving you an EXTRA BONUS!!! Enjoy the AFTER PARTY at the park! More than 970 Hidden Objects to find in the entire game! Play through different modes, find ","{""text_match"": 0.052254565, ""cosine_similarity"": 0.5692033, ""reranker_score"": -4.999918}"
2026-02-10T00:09:48+00:00,CORTEX_DB.RAW.CAT_GAMES_SVC_1_5,default,"hidden object cats in a city, without timer, exclude leaderboard, avoid time attack","hidden object cats in a city, without timer, exclude leaderboard, avoid time attack",[],,False,,,,semantic_focus,0.75,10,100,0,408,408,,01c24ec9-0005-07f0-0001-397a0003f6ba,,34,34,,5e-06,5e-06,,5e-06,,,,,[],[],[],[],[],[],,,True,[],[],,6,Cats Hidden in Germany,0.78180647,2024,Arabic;English;French;German;Indonesian;Italian;Japanese;Korean;Polish;Portuguese - Brazil;Portuguese - Portugal;Russian;Simplified Chinese;Spanish - Latin America;Spanish - Spain;Thai;Traditional Chinese;Turkish;Ukrainian,Color Alternatives;Custom Volume Controls;Family Sharing;Full controller support;Mouse Only Option;Playable without Timed Input;Save Anytime;Single-player;Steam Achievements;Steam Cloud;Steam Trading Cards;Touch Only Option,Casual;Indie,Cartoony;Casual;Cats;Collectathon;Controller;Cozy;Creature Collector;Cute;Exploration;Hand-drawn;Hidden Object;Indie;Minimalist;Point & Click;Puzzle;Relaxing;Score Attack;Singleplayer;Time Attack;Wholesome,"Cats Hidden in Germany is a cute hidden object game set in medieval Germany. 100 cats are waiting for you to be discovered within a hand-drawn background. Relax thanks to the chill soundtrack Found a cat? Click on it! Features 🐾 1 Level, 100 cats ❔ Easter Eggs 💡 Hint System ⏰ Timer mode with leaderboard ⚙️ In-game Settings","{""text_match"": 0.029339202, ""cosine_similarity"": 0.56361294, ""reranker_score"": -4.512164}"
2026-02-10T00:09:48+00:00,CORTEX_DB.RAW.CAT_GAMES_SVC_1_5,default,"hidden object cats in a city, without timer, exclude leaderboard, avoid time attack","hidden object cats in a city, without timer, exclude leaderboard, avoid time attack",[],,False,,,,semantic_focus,0.75,10,100,0,408,408,,01c24ec9-0005-07f0-0001-397a0003f6ba,,34,34,,5e-06,5e-06,,5e-06,,,,,[],[],[],[],[],[],,,True,[],[],,7,Hidden Cats - Easter,0.7840934500000001,2025,English;French;German;Italian;Japanese;Korean;Portuguese - Portugal;Russian;Simplified Chinese;Spanish - Spain,Family Sharing;Single-player;Steam Achievements,Casual,2D;Cartoon;Cartoony;Casual;Cats;Colorful;Creature Collector;Cute;Family Friendly;Funny;Hand-drawn;Hidden Object;Point & Click;Puzzle;Relaxing;Singleplayer;Stylized;Wholesome,"Dive into the enchanting world of 'Hidden Cats - Easter' a hidden object game where your mission is to uncover every cat hidden within stunning hand-painted artwork. Let your keen eye and curiosity guide you through this captivating journey. ※ Key Features: 😺 100 Hidden Cats: Discover 100 hidden cats scattered throughout the artwork. 💡 Unlimited Hints: Stuck? Use unlimited hints to find the hidden cats and keep progressing. 🎵 Custom Music: Enjoy unique background music for the artwork, enhancing","{""text_match"": 0.019263959, ""cosine_similarity"": 0.5681869, ""reranker_score"": -5.8001432}"
2026-02-10T00:09:48+00:00,CORTEX_DB.RAW.CAT_GAMES_SVC_1_5,default,"hidden object cats in a city, without timer, exclude leaderboard, avoid time attack","hidden object cats in a city, without timer, exclude leaderboard, avoid time attack",[],,False,,,,semantic_focus,0.75,10,100,0,408,408,,01c24ec9-0005-07f0-0001-397a0003f6ba,,34,34,,5e-06,5e-06,,5e-06,,,,,[],[],[],[],[],[],,,True,[],[],,8,Hidden Cats - Winter,0.7794348,2024,English;French;German;Italian;Japanese;Korean;Portuguese - Portugal;Russian;Simplified Chinese;Spanish - Spain,Family Sharing;Single-player;Steam Achievements,Adventure;Casual,2D;Adventure;Cartoon;Cartoony;Casual;Cats;Colorful;Cozy;Creature Collector;Cute;Family Friendly;Funny;Hand-drawn;Hidden Object;Point & Click;Puzzle;Relaxing;Singleplayer;Stylized;Wholesome,"Dive into the enchanting world of 'Hidden Cats - Winter' a hidden object game where your mission is to uncover every cat hidden within stunning hand-painted artwork. Let your keen eye and curiosity guide you through this captivating journey. ※ Key Features: 😺 100 Hidden Cats: Discover 100 hidden cats scattered throughout the artwork. 💡 Unlimited Hints: Stuck? Use unlimited hints to find the hidden cats and keep progressing. 🎵 Custom Music: Enjoy unique background music for the artwork, enhancing","{""text_match"": 0.019263959, ""cosine_similarity"": 0.5588696, ""reranker_score"": -5.608096}"
2026-02-10T00:09:48+00:00,CORTEX_DB.RAW.CAT_GAMES_SVC_1_5,default,"hidden object cats in a city, without timer, exclude leaderboard, avoid time attack","hidden object cats in a city, without timer, exclude leaderboard, avoid time attack",[],,False,,,,semantic_focus,0.75,10,100,0,408,408,,01c24ec9-0005-07f0-0001-397a0003f6ba,,34,34,,5e-06,5e-06,,5e-06,,,,,[],[],[],[],[],[],,,True,[],[],,9,101 Cats Hidden in Tokyo,0.77765605,2024,Arabic;Bulgarian;Czech;Danish;Dutch;English;Finnish;French;German;Greek;Hindi;Hungarian;Indonesian;Italian;Japanese;Korean;Norwegian;Polish;Portuguese - Brazil;Portuguese - Portugal;Romanian;Russian;Simplified Chinese;Spanish - Latin America;Spanish - Spain;Swedish;Thai;Traditional Chinese;Turkish;Ukrainian;Vietnamese,Family Sharing;Single-player;Steam Achievements;Steam Cloud,Casual;Indie,2D;Cartoony;Casual;Cats;Collectathon;Cozy;Creature Collector;Cute;Exploration;Hand-drawn;Hidden Object;Indie;Minimalist;Point & Click;Puzzle;Relaxing;Score Attack;Singleplayer;Time Attack;Wholesome,"✍️ 101 Cats Hidden in Tokyo challenges you to find hidden kitties in a beautiful hand-crafted landscape. 🎵 While you search, enjoy a peaceful and immersive soundtrack. 😸 Earn tons of achievements. 🏆 Challenge your friends to find all the cats in the shortest time! ⏱️ GAMEPLAY: 🐾 101 cats hidden in a single Landscape. 👉 Click on the kitties you find. 👀 Adjust brightness so your eyes don't get tired. 🔎 AMAZING ZOOM! 😺🐾🐈 😻","{""text_match"": 0.018528765, ""cosine_similarity"": 0.5553121, ""reranker_score"": -5.46447}"
2026-02-10T00:09:48+00:00,CORTEX_DB.RAW.CAT_GAMES_SVC_1_5,default,"hidden object cats in a city, without timer, exclude leaderboard, avoid time attack","hidden object cats in a city, without timer, exclude leaderboard, avoid time attack",[],,False,,,,semantic_focus,0.75,10,100,0,408,408,,01c24ec9-0005-07f0-0001-397a0003f6ba,,34,34,,5e-06,5e-06,,5e-06,,,,,[],[],[],[],[],[],,,True,[],[],,10,Cats Hidden in Italy,0.7750302499999999,2023,Arabic;English;French;German;Indonesian;Italian;Japanese;Korean;Polish;Portuguese - Brazil;Portuguese - Portugal;Russian;Simplified Chinese;Spanish - Latin America;Spanish - Spain;Thai;Traditional Chinese;Turkish,Custom Volume Controls;Family Sharing;Full controller support;Mouse Only Option;Save Anytime;Single-player;Steam Achievements;Steam Cloud;Steam Trading Cards;Touch Only Option,Casual;Indie,Cartoony;Casual;Cats;Collectathon;Controller;Cozy;Creature Collector;Cute;Exploration;Hand-drawn;Hidden Object;Indie;Minimalist;Point & Click;Puzzle;Relaxing;Singleplayer;Time Attack;Wholesome,"Cats Hidden in Italy is a cute hidden object game set in Italy. 100 cats are waiting for you to be discovered within a hand-drawn background. Relax thanks to the chill soundtrack Found a cat? Click on it! Features 🐾 1 Level, 100 cats ❔ Easter Eggs 💡 Hint System ⏰ Timer mode with leaderboard ⚙️ In-game Settings","{""text_match"": 0.026999053, ""cosine_similarity"": 0.5500605, ""reranker_score"": -5.0883393}"
2026-02-10T00:09:50+00:00,CORTEX_DB.RAW.CAT_GAMES_SVC_1_5,default,"hidden object cats in a city, without timer, exclude leaderboard, avoid time attack","hidden object cats in a city, without timer, exclude leaderboard, avoid time attack",[],,False,,,,keyword_extreme,0.3,10,100,0,385,385,,01c24ec9-0005-07f0-0001-397a0003f6c6,,32,32,,5e-06,5e-06,,5e-06,,,,,[],[],[],[],[],[],,,True,[],[],,1,Cat city,0.7868039,2023,English;Russian,Family Sharing;Full controller support;Single-player;Steam Achievements,Adventure;Casual;Indie,2D;Atmospheric;Casual;Cats;Clicker;Controller;Creature Collector;Cute;Detective;Education;Exploration;Family Friendly;Hand-drawn;Hidden Object;Interactive Fiction;Point & Click;Puzzle;Side Scroller;Singleplayer;Trading Card Game,"'Cat city' is an exciting hidden objects game. In this game, you will have to explore the whole city to find all the cats (and various secrets) and get closer to the goal of making this world and the lives of the cats living in it a little better, and restore their faith in people! The main character will help you figure it out and get comfortable, and tell you about the necessary help in this exciting and extremely important matter! The help of each person is important so that the world becomes","{""text_match"": 0.022286307, ""cosine_similarity"": 0.5736078, ""reranker_score"": -1.591435}"
2026-02-10T00:09:50+00:00,CORTEX_DB.RAW.CAT_GAMES_SVC_1_5,default,"hidden object cats in a city, without timer, exclude leaderboard, avoid time attack","hidden object cats in a city, without timer, exclude leaderboard, avoid time attack",[],,False,,,,keyword_extreme,0.3,10,100,0,385,385,,01c24ec9-0005-07f0-0001-397a0003f6c6,,32,32,,5e-06,5e-06,,5e-06,,,,,[],[],[],[],[],[],,,True,[],[],,2,Cats Hidden Timeline,0.80196565,2024,Arabic;Czech;Danish;English;Finnish;French;German;Hungarian;Indonesian;Italian;Japanese;Korean;Norwegian;Polish;Portuguese - Brazil;Romanian;Russian;Simplified Chinese;Spanish - Spain;Swedish;Thai;Traditional Chinese;Turkish;Ukrainian;Vietnamese,Family Sharing;Single-player;Steam Achievements,Casual;Indie,3D;Atmospheric;Casual;Hidden Object;Indie;Puzzle;Singleplayer;Time Manipulation,"Cats Hidden Timeline has 200 cats hidden in various places in the town, forest, farm, amusement park, and house. Use the seek bar to move forward or backward in time to find the cats hiding in the grass, under chairs, in boxes, and more. 🎮 10 levels 😻 200 hidden cats 🏆 10 Achievements","{""text_match"": 2.902491e-07, ""cosine_similarity"": 0.6039313, ""reranker_score"": -5.2941895}"
2026-02-10T00:09:50+00:00,CORTEX_DB.RAW.CAT_GAMES_SVC_1_5,default,"hidden object cats in a city, without timer, exclude leaderboard, avoid time attack","hidden object cats in a city, without timer, exclude leaderboard, avoid time attack",[],,False,,,,keyword_extreme,0.3,10,100,0,385,385,,01c24ec9-0005-07f0-0001-397a0003f6c6,,32,32,,5e-06,5e-06,,5e-06,,,,,[],[],[],[],[],[],,,True,[],[],,3,100 hidden cats 2,0.7867192000000001,2021,English,Family Sharing;Single-player;Steam Achievements;Steam Trading Cards,Adventure;Casual;Indie,2D;Adventure;Arcade;Casual;Cats;Creature Collector;Cute;Dog;Exploration;Family Friendly;Hand-drawn;Hidden Object;Minimalist;Nature;Point & Click;Puzzle;Relaxing;Side Scroller;Stylized;Trains,Art by Аnatoliy Loginovskikh Important information Press 'N' for night mode. Press 'Del' then 'Esc' to reset all achievements. 100 hidden cats 2 is a hidden object game in the city setting. Black and white hand-drawn graphics in a cartoon style. Ultra hard! Really very difficult! Cunning cats hid in the big city. They are disguised and very dangerous. Can you find 100 cats? Just click on the cat! Take care of your nerves!,"{""text_match"": 0.0025488436, ""cosine_similarity"": 0.5734384, ""reranker_score"": -2.750956}"
2026-02-10T00:09:50+00:00,CORTEX_DB.RAW.CAT_GAMES_SVC_1_5,default,"hidden object cats in a city, without timer, exclude leaderboard, avoid time attack","hidden object cats in a city, without timer, exclude leaderboard, avoid time attack",[],,False,,,,keyword_extreme,0.3,10,100,0,385,385,,01c24ec9-0005-07f0-0001-397a0003f6c6,,32,32,,5e-06,5e-06,,5e-06,,,,,[],[],[],[],[],[],,,True,[],[],,4,Hidden Cats in Paris,0.7797736,2022,English,Family Sharing;Full controller support;Single-player;Steam Achievements;Steam Cloud;Steam Trading Cards,Casual;Indie,Cartoon;Casual;Cats;Cute;Hand-drawn;Hidden Object;Indie;Point & Click;Relaxing,"Meow meow meow mes amis! Cats are hidden in a unique lovely Paris scenario. A short and pleasant experience in a big and lovely illustration! Start with a Beautiful monochromatic scenario, relax, and find all the cats to reveal the final colored art. More than 680 hidden objects to find!!! Play through different modes, find special cats, and unlock bonus levels! NORMAL MODE Find 100 cats in fixed positions. 3 hints. ADVANCED MODE Find 150 cats in semi-random positions. 8 Special cats that unlock","{""text_match"": 0.039712414, ""cosine_similarity"": 0.5595472, ""reranker_score"": -3.2730098}"
2026-02-10T00:09:50+00:00,CORTEX_DB.RAW.CAT_GAMES_SVC_1_5,default,"hidden object cats in a city, without timer, exclude leaderboard, avoid time attack","hidden object cats in a city, without timer, exclude leaderboard, avoid time attack",[],,False,,,,keyword_extreme,0.3,10,100,0,385,385,,01c24ec9-0005-07f0-0001-397a0003f6c6,,32,32,,5e-06,5e-06,,5e-06,,,,,[],[],[],[],[],[],,,True,[],[],,5,Hidden Cats in Spooky Town,0.7846016499999999,2023,English,Family Sharing;Full controller support;Single-player;Steam Achievements;Steam Cloud;Steam Trading Cards,Casual,Adventure;Cartoony;Casual;Cats;Clicker;Collectathon;Colorful;Cozy;Creature Collector;Cute;Exploration;Family Friendly;Funny;Hand-drawn;Hidden Object;Point & Click;Puzzle;Relaxing;Satire;Wholesome,"It's Halloween time! Do you choose Trick or Cat? Enjoy and find all the Hidden Cats one by one in the Spooky Town to reveal the final colored art. Play through different modes, find special cats, and unlock bonus levels! More than 970 hidden objects to find! Got all cats, played all bonuses, and had a nice Halloween evening? This time we are giving you an EXTRA BONUS!!! Enjoy the AFTER PARTY at the park! More than 970 Hidden Objects to find in the entire game! Play through different modes, find ","{""text_match"": 0.052254565, ""cosine_similarity"": 0.5692033, ""reranker_score"": -4.999918}"
2026-02-10T00:09:50+00:00,CORTEX_DB.RAW.CAT_GAMES_SVC_1_5,default,"hidden object cats in a city, without timer, exclude leaderboard, avoid time attack","hidden object cats in a city, without timer, exclude leaderboard, avoid time attack",[],,False,,,,keyword_extreme,0.3,10,100,0,385,385,,01c24ec9-0005-07f0-0001-397a0003f6c6,,32,32,,5e-06,5e-06,,5e-06,,,,,[],[],[],[],[],[],,,True,[],[],,6,Cats Hidden in Germany,0.78180647,2024,Arabic;English;French;German;Indonesian;Italian;Japanese;Korean;Polish;Portuguese - Brazil;Portuguese - Portugal;Russian;Simplified Chinese;Spanish - Latin America;Spanish - Spain;Thai;Traditional Chinese;Turkish;Ukrainian,Color Alternatives;Custom Volume Controls;Family Sharing;Full controller support;Mouse Only Option;Playable without Timed Input;Save Anytime;Single-player;Steam Achievements;Steam Cloud;Steam Trading Cards;Touch Only Option,Casual;Indie,Cartoony;Casual;Cats;Collectathon;Controller;Cozy;Creature Collector;Cute;Exploration;Hand-drawn;Hidden Object;Indie;Minimalist;Point & Click;Puzzle;Relaxing;Score Attack;Singleplayer;Time Attack;Wholesome,"Cats Hidden in Germany is a cute hidden object game set in medieval Germany. 100 cats are waiting for you to be discovered within a hand-drawn background. Relax thanks to the chill soundtrack Found a cat? Click on it! Features 🐾 1 Level, 100 cats ❔ Easter Eggs 💡 Hint System ⏰ Timer mode with leaderboard ⚙️ In-game Settings","{""text_match"": 0.029339202, ""cosine_similarity"": 0.56361294, ""reranker_score"": -4.512164}"
2026-02-10T00:09:50+00:00,CORTEX_DB.RAW.CAT_GAMES_SVC_1_5,default,"hidden object cats in a city, without timer, exclude leaderboard, avoid time attack","hidden object cats in a city, without timer, exclude leaderboard, avoid time attack",[],,False,,,,keyword_extreme,0.3,10,100,0,385,385,,01c24ec9-0005-07f0-0001-397a0003f6c6,,32,32,,5e-06,5e-06,,5e-06,,,,,[],[],[],[],[],[],,,True,[],[],,7,Hidden Cats - Easter,0.7840934500000001,2025,English;French;German;Italian;Japanese;Korean;Portuguese - Portugal;Russian;Simplified Chinese;Spanish - Spain,Family Sharing;Single-player;Steam Achievements,Casual,2D;Cartoon;Cartoony;Casual;Cats;Colorful;Creature Collector;Cute;Family Friendly;Funny;Hand-drawn;Hidden Object;Point & Click;Puzzle;Relaxing;Singleplayer;Stylized;Wholesome,"Dive into the enchanting world of 'Hidden Cats - Easter' a hidden object game where your mission is to uncover every cat hidden within stunning hand-painted artwork. Let your keen eye and curiosity guide you through this captivating journey. ※ Key Features: 😺 100 Hidden Cats: Discover 100 hidden cats scattered throughout the artwork. 💡 Unlimited Hints: Stuck? Use unlimited hints to find the hidden cats and keep progressing. 🎵 Custom Music: Enjoy unique background music for the artwork, enhancing","{""text_match"": 0.019263959, ""cosine_similarity"": 0.5681869, ""reranker_score"": -5.8001432}"
2026-02-10T00:09:50+00:00,CORTEX_DB.RAW.CAT_GAMES_SVC_1_5,default,"hidden object cats in a city, without timer, exclude leaderboard, avoid time attack","hidden object cats in a city, without timer, exclude leaderboard, avoid time attack",[],,False,,,,keyword_extreme,0.3,10,100,0,385,385,,01c24ec9-0005-07f0-0001-397a0003f6c6,,32,32,,5e-06,5e-06,,5e-06,,,,,[],[],[],[],[],[],,,True,[],[],,8,Hidden Cats - Winter,0.7794348,2024,English;French;German;Italian;Japanese;Korean;Portuguese - Portugal;Russian;Simplified Chinese;Spanish - Spain,Family Sharing;Single-player;Steam Achievements,Adventure;Casual,2D;Adventure;Cartoon;Cartoony;Casual;Cats;Colorful;Cozy;Creature Collector;Cute;Family Friendly;Funny;Hand-drawn;Hidden Object;Point & Click;Puzzle;Relaxing;Singleplayer;Stylized;Wholesome,"Dive into the enchanting world of 'Hidden Cats - Winter' a hidden object game where your mission is to uncover every cat hidden within stunning hand-painted artwork. Let your keen eye and curiosity guide you through this captivating journey. ※ Key Features: 😺 100 Hidden Cats: Discover 100 hidden cats scattered throughout the artwork. 💡 Unlimited Hints: Stuck? Use unlimited hints to find the hidden cats and keep progressing. 🎵 Custom Music: Enjoy unique background music for the artwork, enhancing","{""text_match"": 0.019263959, ""cosine_similarity"": 0.5588696, ""reranker_score"": -5.608096}"
2026-02-10T00:09:50+00:00,CORTEX_DB.RAW.CAT_GAMES_SVC_1_5,default,"hidden object cats in a city, without timer, exclude leaderboard, avoid time attack","hidden object cats in a city, without timer, exclude leaderboard, avoid time attack",[],,False,,,,keyword_extreme,0.3,10,100,0,385,385,,01c24ec9-0005-07f0-0001-397a0003f6c6,,32,32,,5e-06,5e-06,,5e-06,,,,,[],[],[],[],[],[],,,True,[],[],,9,101 Cats Hidden in Tokyo,0.77765605,2024,Arabic;Bulgarian;Czech;Danish;Dutch;English;Finnish;French;German;Greek;Hindi;Hungarian;Indonesian;Italian;Japanese;Korean;Norwegian;Polish;Portuguese - Brazil;Portuguese - Portugal;Romanian;Russian;Simplified Chinese;Spanish - Latin America;Spanish - Spain;Swedish;Thai;Traditional Chinese;Turkish;Ukrainian;Vietnamese,Family Sharing;Single-player;Steam Achievements;Steam Cloud,Casual;Indie,2D;Cartoony;Casual;Cats;Collectathon;Cozy;Creature Collector;Cute;Exploration;Hand-drawn;Hidden Object;Indie;Minimalist;Point & Click;Puzzle;Relaxing;Score Attack;Singleplayer;Time Attack;Wholesome,"✍️ 101 Cats Hidden in Tokyo challenges you to find hidden kitties in a beautiful hand-crafted landscape. 🎵 While you search, enjoy a peaceful and immersive soundtrack. 😸 Earn tons of achievements. 🏆 Challenge your friends to find all the cats in the shortest time! ⏱️ GAMEPLAY: 🐾 101 cats hidden in a single Landscape. 👉 Click on the kitties you find. 👀 Adjust brightness so your eyes don't get tired. 🔎 AMAZING ZOOM! 😺🐾🐈 😻","{""text_match"": 0.018528765, ""cosine_similarity"": 0.5553121, ""reranker_score"": -5.46447}"
2026-02-10T00:09:50+00:00,CORTEX_DB.RAW.CAT_GAMES_SVC_1_5,default,"hidden object cats in a city, without timer, exclude leaderboard, avoid time attack","hidden object cats in a city, without timer, exclude leaderboard, avoid time attack",[],,False,,,,keyword_extreme,0.3,10,100,0,385,385,,01c24ec9-0005-07f0-0001-397a0003f6c6,,32,32,,5e-06,5e-06,,5e-06,,,,,[],[],[],[],[],[],,,True,[],[],,10,Cats Hidden in Italy,0.7750302499999999,2023,Arabic;English;French;German;Indonesian;Italian;Japanese;Korean;Polish;Portuguese - Brazil;Portuguese - Portugal;Russian;Simplified Chinese;Spanish - Latin America;Spanish - Spain;Thai;Traditional Chinese;Turkish,Custom Volume Controls;Family Sharing;Full controller support;Mouse Only Option;Save Anytime;Single-player;Steam Achievements;Steam Cloud;Steam Trading Cards;Touch Only Option,Casual;Indie,Cartoony;Casual;Cats;Collectathon;Controller;Cozy;Creature Collector;Cute;Exploration;Hand-drawn;Hidden Object;Indie;Minimalist;Point & Click;Puzzle;Relaxing;Singleplayer;Time Attack;Wholesome,"Cats Hidden in Italy is a cute hidden object game set in Italy. 100 cats are waiting for you to be discovered within a hand-drawn background. Relax thanks to the chill soundtrack Found a cat? Click on it! Features 🐾 1 Level, 100 cats ❔ Easter Eggs 💡 Hint System ⏰ Timer mode with leaderboard ⚙️ In-game Settings","{""text_match"": 0.026999053, ""cosine_similarity"": 0.5500605, ""reranker_score"": -5.0883393}"
2026-02-10T00:09:51+00:00,CORTEX_DB.RAW.CAT_GAMES_SVC_1_5,default,"hidden object cats in a city, without timer, exclude leaderboard, avoid time attack","hidden object cats in a city, without timer, exclude leaderboard, avoid time attack",[],,False,,,,keyword_extreme,0.65,10,100,0,398,398,,01c24ec9-0005-07c5-0001-397a00040772,,37,37,,6e-06,6e-06,,6e-06,,,,,[],[],[],[],[],[],,,True,[],[],,1,Cat city,0.7868039,2023,English;Russian,Family Sharing;Full controller support;Single-player;Steam Achievements,Adventure;Casual;Indie,2D;Atmospheric;Casual;Cats;Clicker;Controller;Creature Collector;Cute;Detective;Education;Exploration;Family Friendly;Hand-drawn;Hidden Object;Interactive Fiction;Point & Click;Puzzle;Side Scroller;Singleplayer;Trading Card Game,"'Cat city' is an exciting hidden objects game. In this game, you will have to explore the whole city to find all the cats (and various secrets) and get closer to the goal of making this world and the lives of the cats living in it a little better, and restore their faith in people! The main character will help you figure it out and get comfortable, and tell you about the necessary help in this exciting and extremely important matter! The help of each person is important so that the world becomes","{""text_match"": 0.022286307, ""cosine_similarity"": 0.5736078, ""reranker_score"": -1.591435}"
2026-02-10T00:09:51+00:00,CORTEX_DB.RAW.CAT_GAMES_SVC_1_5,default,"hidden object cats in a city, without timer, exclude leaderboard, avoid time attack","hidden object cats in a city, without timer, exclude leaderboard, avoid time attack",[],,False,,,,keyword_extreme,0.65,10,100,0,398,398,,01c24ec9-0005-07c5-0001-397a00040772,,37,37,,6e-06,6e-06,,6e-06,,,,,[],[],[],[],[],[],,,True,[],[],,2,Cats Hidden Timeline,0.80196565,2024,Arabic;Czech;Danish;English;Finnish;French;German;Hungarian;Indonesian;Italian;Japanese;Korean;Norwegian;Polish;Portuguese - Brazil;Romanian;Russian;Simplified Chinese;Spanish - Spain;Swedish;Thai;Traditional Chinese;Turkish;Ukrainian;Vietnamese,Family Sharing;Single-player;Steam Achievements,Casual;Indie,3D;Atmospheric;Casual;Hidden Object;Indie;Puzzle;Singleplayer;Time Manipulation,"Cats Hidden Timeline has 200 cats hidden in various places in the town, forest, farm, amusement park, and house. Use the seek bar to move forward or backward in time to find the cats hiding in the grass, under chairs, in boxes, and more. 🎮 10 levels 😻 200 hidden cats 🏆 10 Achievements","{""text_match"": 2.902491e-07, ""cosine_similarity"": 0.6039313, ""reranker_score"": -5.2941895}"
2026-02-10T00:09:51+00:00,CORTEX_DB.RAW.CAT_GAMES_SVC_1_5,default,"hidden object cats in a city, without timer, exclude leaderboard, avoid time attack","hidden object cats in a city, without timer, exclude leaderboard, avoid time attack",[],,False,,,,keyword_extreme,0.65,10,100,0,398,398,,01c24ec9-0005-07c5-0001-397a00040772,,37,37,,6e-06,6e-06,,6e-06,,,,,[],[],[],[],[],[],,,True,[],[],,3,100 hidden cats 2,0.7867192000000001,2021,English,Family Sharing;Single-player;Steam Achievements;Steam Trading Cards,Adventure;Casual;Indie,2D;Adventure;Arcade;Casual;Cats;Creature Collector;Cute;Dog;Exploration;Family Friendly;Hand-drawn;Hidden Object;Minimalist;Nature;Point & Click;Puzzle;Relaxing;Side Scroller;Stylized;Trains,Art by Аnatoliy Loginovskikh Important information Press 'N' for night mode. Press 'Del' then 'Esc' to reset all achievements. 100 hidden cats 2 is a hidden object game in the city setting. Black and white hand-drawn graphics in a cartoon style. Ultra hard! Really very difficult! Cunning cats hid in the big city. They are disguised and very dangerous. Can you find 100 cats? Just click on the cat! Take care of your nerves!,"{""text_match"": 0.0025488436, ""cosine_similarity"": 0.5734384, ""reranker_score"": -2.750956}"
2026-02-10T00:09:51+00:00,CORTEX_DB.RAW.CAT_GAMES_SVC_1_5,default,"hidden object cats in a city, without timer, exclude leaderboard, avoid time attack","hidden object cats in a city, without timer, exclude leaderboard, avoid time attack",[],,False,,,,keyword_extreme,0.65,10,100,0,398,398,,01c24ec9-0005-07c5-0001-397a00040772,,37,37,,6e-06,6e-06,,6e-06,,,,,[],[],[],[],[],[],,,True,[],[],,4,Hidden Cats in Paris,0.7797736,2022,English,Family Sharing;Full controller support;Single-player;Steam Achievements;Steam Cloud;Steam Trading Cards,Casual;Indie,Cartoon;Casual;Cats;Cute;Hand-drawn;Hidden Object;Indie;Point & Click;Relaxing,"Meow meow meow mes amis! Cats are hidden in a unique lovely Paris scenario. A short and pleasant experience in a big and lovely illustration! Start with a Beautiful monochromatic scenario, relax, and find all the cats to reveal the final colored art. More than 680 hidden objects to find!!! Play through different modes, find special cats, and unlock bonus levels! NORMAL MODE Find 100 cats in fixed positions. 3 hints. ADVANCED MODE Find 150 cats in semi-random positions. 8 Special cats that unlock","{""text_match"": 0.039712414, ""cosine_similarity"": 0.5595472, ""reranker_score"": -3.2730098}"
2026-02-10T00:09:51+00:00,CORTEX_DB.RAW.CAT_GAMES_SVC_1_5,default,"hidden object cats in a city, without timer, exclude leaderboard, avoid time attack","hidden object cats in a city, without timer, exclude leaderboard, avoid time attack",[],,False,,,,keyword_extreme,0.65,10,100,0,398,398,,01c24ec9-0005-07c5-0001-397a00040772,,37,37,,6e-06,6e-06,,6e-06,,,,,[],[],[],[],[],[],,,True,[],[],,5,Hidden Cats in Spooky Town,0.7846016499999999,2023,English,Family Sharing;Full controller support;Single-player;Steam Achievements;Steam Cloud;Steam Trading Cards,Casual,Adventure;Cartoony;Casual;Cats;Clicker;Collectathon;Colorful;Cozy;Creature Collector;Cute;Exploration;Family Friendly;Funny;Hand-drawn;Hidden Object;Point & Click;Puzzle;Relaxing;Satire;Wholesome,"It's Halloween time! Do you choose Trick or Cat? Enjoy and find all the Hidden Cats one by one in the Spooky Town to reveal the final colored art. Play through different modes, find special cats, and unlock bonus levels! More than 970 hidden objects to find! Got all cats, played all bonuses, and had a nice Halloween evening? This time we are giving you an EXTRA BONUS!!! Enjoy the AFTER PARTY at the park! More than 970 Hidden Objects to find in the entire game! Play through different modes, find ","{""text_match"": 0.052254565, ""cosine_similarity"": 0.5692033, ""reranker_score"": -4.999918}"
2026-02-10T00:09:51+00:00,CORTEX_DB.RAW.CAT_GAMES_SVC_1_5,default,"hidden object cats in a city, without timer, exclude leaderboard, avoid time attack","hidden object cats in a city, without timer, exclude leaderboard, avoid time attack",[],,False,,,,keyword_extreme,0.65,10,100,0,398,398,,01c24ec9-0005-07c5-0001-397a00040772,,37,37,,6e-06,6e-06,,6e-06,,,,,[],[],[],[],[],[],,,True,[],[],,6,Cats Hidden in Germany,0.78180647,2024,Arabic;English;French;German;Indonesian;Italian;Japanese;Korean;Polish;Portuguese - Brazil;Portuguese - Portugal;Russian;Simplified Chinese;Spanish - Latin America;Spanish - Spain;Thai;Traditional Chinese;Turkish;Ukrainian,Color Alternatives;Custom Volume Controls;Family Sharing;Full controller support;Mouse Only Option;Playable without Timed Input;Save Anytime;Single-player;Steam Achievements;Steam Cloud;Steam Trading Cards;Touch Only Option,Casual;Indie,Cartoony;Casual;Cats;Collectathon;Controller;Cozy;Creature Collector;Cute;Exploration;Hand-drawn;Hidden Object;Indie;Minimalist;Point & Click;Puzzle;Relaxing;Score Attack;Singleplayer;Time Attack;Wholesome,"Cats Hidden in Germany is a cute hidden object game set in medieval Germany. 100 cats are waiting for you to be discovered within a hand-drawn background. Relax thanks to the chill soundtrack Found a cat? Click on it! Features 🐾 1 Level, 100 cats ❔ Easter Eggs 💡 Hint System ⏰ Timer mode with leaderboard ⚙️ In-game Settings","{""text_match"": 0.029339202, ""cosine_similarity"": 0.56361294, ""reranker_score"": -4.512164}"
2026-02-10T00:09:51+00:00,CORTEX_DB.RAW.CAT_GAMES_SVC_1_5,default,"hidden object cats in a city, without timer, exclude leaderboard, avoid time attack","hidden object cats in a city, without timer, exclude leaderboard, avoid time attack",[],,False,,,,keyword_extreme,0.65,10,100,0,398,398,,01c24ec9-0005-07c5-0001-397a00040772,,37,37,,6e-06,6e-06,,6e-06,,,,,[],[],[],[],[],[],,,True,[],[],,7,Hidden Cats - Easter,0.7840934500000001,2025,English;French;German;Italian;Japanese;Korean;Portuguese - Portugal;Russian;Simplified Chinese;Spanish - Spain,Family Sharing;Single-player;Steam Achievements,Casual,2D;Cartoon;Cartoony;Casual;Cats;Colorful;Creature Collector;Cute;Family Friendly;Funny;Hand-drawn;Hidden Object;Point & Click;Puzzle;Relaxing;Singleplayer;Stylized;Wholesome,"Dive into the enchanting world of 'Hidden Cats - Easter' a hidden object game where your mission is to uncover every cat hidden within stunning hand-painted artwork. Let your keen eye and curiosity guide you through this captivating journey. ※ Key Features: 😺 100 Hidden Cats: Discover 100 hidden cats scattered throughout the artwork. 💡 Unlimited Hints: Stuck? Use unlimited hints to find the hidden cats and keep progressing. 🎵 Custom Music: Enjoy unique background music for the artwork, enhancing","{""text_match"": 0.019263959, ""cosine_similarity"": 0.5681869, ""reranker_score"": -5.8001432}"
2026-02-10T00:09:51+00:00,CORTEX_DB.RAW.CAT_GAMES_SVC_1_5,default,"hidden object cats in a city, without timer, exclude leaderboard, avoid time attack","hidden object cats in a city, without timer, exclude leaderboard, avoid time attack",[],,False,,,,keyword_extreme,0.65,10,100,0,398,398,,01c24ec9-0005-07c5-0001-397a00040772,,37,37,,6e-06,6e-06,,6e-06,,,,,[],[],[],[],[],[],,,True,[],[],,8,Hidden Cats - Winter,0.7794348,2024,English;French;German;Italian;Japanese;Korean;Portuguese - Portugal;Russian;Simplified Chinese;Spanish - Spain,Family Sharing;Single-player;Steam Achievements,Adventure;Casual,2D;Adventure;Cartoon;Cartoony;Casual;Cats;Colorful;Cozy;Creature Collector;Cute;Family Friendly;Funny;Hand-drawn;Hidden Object;Point & Click;Puzzle;Relaxing;Singleplayer;Stylized;Wholesome,"Dive into the enchanting world of 'Hidden Cats - Winter' a hidden object game where your mission is to uncover every cat hidden within stunning hand-painted artwork. Let your keen eye and curiosity guide you through this captivating journey. ※ Key Features: 😺 100 Hidden Cats: Discover 100 hidden cats scattered throughout the artwork. 💡 Unlimited Hints: Stuck? Use unlimited hints to find the hidden cats and keep progressing. 🎵 Custom Music: Enjoy unique background music for the artwork, enhancing","{""text_match"": 0.019263959, ""cosine_similarity"": 0.5588696, ""reranker_score"": -5.608096}"
2026-02-10T00:09:51+00:00,CORTEX_DB.RAW.CAT_GAMES_SVC_1_5,default,"hidden object cats in a city, without timer, exclude leaderboard, avoid time attack","hidden object cats in a city, without timer, exclude leaderboard, avoid time attack",[],,False,,,,keyword_extreme,0.65,10,100,0,398,398,,01c24ec9-0005-07c5-0001-397a00040772,,37,37,,6e-06,6e-06,,6e-06,,,,,[],[],[],[],[],[],,,True,[],[],,9,101 Cats Hidden in Tokyo,0.77765605,2024,Arabic;Bulgarian;Czech;Danish;Dutch;English;Finnish;French;German;Greek;Hindi;Hungarian;Indonesian;Italian;Japanese;Korean;Norwegian;Polish;Portuguese - Brazil;Portuguese - Portugal;Romanian;Russian;Simplified Chinese;Spanish - Latin America;Spanish - Spain;Swedish;Thai;Traditional Chinese;Turkish;Ukrainian;Vietnamese,Family Sharing;Single-player;Steam Achievements;Steam Cloud,Casual;Indie,2D;Cartoony;Casual;Cats;Collectathon;Cozy;Creature Collector;Cute;Exploration;Hand-drawn;Hidden Object;Indie;Minimalist;Point & Click;Puzzle;Relaxing;Score Attack;Singleplayer;Time Attack;Wholesome,"✍️ 101 Cats Hidden in Tokyo challenges you to find hidden kitties in a beautiful hand-crafted landscape. 🎵 While you search, enjoy a peaceful and immersive soundtrack. 😸 Earn tons of achievements. 🏆 Challenge your friends to find all the cats in the shortest time! ⏱️ GAMEPLAY: 🐾 101 cats hidden in a single Landscape. 👉 Click on the kitties you find. 👀 Adjust brightness so your eyes don't get tired. 🔎 AMAZING ZOOM! 😺🐾🐈 😻","{""text_match"": 0.018528765, ""cosine_similarity"": 0.5553121, ""reranker_score"": -5.46447}"
2026-02-10T00:09:51+00:00,CORTEX_DB.RAW.CAT_GAMES_SVC_1_5,default,"hidden object cats in a city, without timer, exclude leaderboard, avoid time attack","hidden object cats in a city, without timer, exclude leaderboard, avoid time attack",[],,False,,,,keyword_extreme,0.65,10,100,0,398,398,,01c24ec9-0005-07c5-0001-397a00040772,,37,37,,6e-06,6e-06,,6e-06,,,,,[],[],[],[],[],[],,,True,[],[],,10,Cats Hidden in Italy,0.7750302499999999,2023,Arabic;English;French;German;Indonesian;Italian;Japanese;Korean;Polish;Portuguese - Brazil;Portuguese - Portugal;Russian;Simplified Chinese;Spanish - Latin America;Spanish - Spain;Thai;Traditional Chinese;Turkish,Custom Volume Controls;Family Sharing;Full controller support;Mouse Only Option;Save Anytime;Single-player;Steam Achievements;Steam Cloud;Steam Trading Cards;Touch Only Option,Casual;Indie,Cartoony;Casual;Cats;Collectathon;Controller;Cozy;Creature Collector;Cute;Exploration;Hand-drawn;Hidden Object;Indie;Minimalist;Point & Click;Puzzle;Relaxing;Singleplayer;Time Attack;Wholesome,"Cats Hidden in Italy is a cute hidden object game set in Italy. 100 cats are waiting for you to be discovered within a hand-drawn background. Relax thanks to the chill soundtrack Found a cat? Click on it! Features 🐾 1 Level, 100 cats ❔ Easter Eggs 💡 Hint System ⏰ Timer mode with leaderboard ⚙️ In-game Settings","{""text_match"": 0.026999053, ""cosine_similarity"": 0.5500605, ""reranker_score"": -5.0883393}"
2026-02-10T00:09:52+00:00,CORTEX_DB.RAW.CAT_GAMES_SVC_1_5,default,"hidden object cats in a city, without timer, exclude leaderboard, avoid time attack","hidden object cats in a city, without timer, exclude leaderboard, avoid time attack",[],,False,,,,keyword_extreme,0.75,10,100,0,390,390,,01c24ec9-0005-07f0-0001-397a0003f6ca,,34,34,,5e-06,5e-06,,5e-06,,,,,[],[],[],[],[],[],,,True,[],[],,1,Cat city,0.7868039,2023,English;Russian,Family Sharing;Full controller support;Single-player;Steam Achievements,Adventure;Casual;Indie,2D;Atmospheric;Casual;Cats;Clicker;Controller;Creature Collector;Cute;Detective;Education;Exploration;Family Friendly;Hand-drawn;Hidden Object;Interactive Fiction;Point & Click;Puzzle;Side Scroller;Singleplayer;Trading Card Game,"'Cat city' is an exciting hidden objects game. In this game, you will have to explore the whole city to find all the cats (and various secrets) and get closer to the goal of making this world and the lives of the cats living in it a little better, and restore their faith in people! The main character will help you figure it out and get comfortable, and tell you about the necessary help in this exciting and extremely important matter! The help of each person is important so that the world becomes","{""text_match"": 0.022286307, ""cosine_similarity"": 0.5736078, ""reranker_score"": -1.591435}"
2026-02-10T00:09:52+00:00,CORTEX_DB.RAW.CAT_GAMES_SVC_1_5,default,"hidden object cats in a city, without timer, exclude leaderboard, avoid time attack","hidden object cats in a city, without timer, exclude leaderboard, avoid time attack",[],,False,,,,keyword_extreme,0.75,10,100,0,390,390,,01c24ec9-0005-07f0-0001-397a0003f6ca,,34,34,,5e-06,5e-06,,5e-06,,,,,[],[],[],[],[],[],,,True,[],[],,2,Cats Hidden Timeline,0.80196565,2024,Arabic;Czech;Danish;English;Finnish;French;German;Hungarian;Indonesian;Italian;Japanese;Korean;Norwegian;Polish;Portuguese - Brazil;Romanian;Russian;Simplified Chinese;Spanish - Spain;Swedish;Thai;Traditional Chinese;Turkish;Ukrainian;Vietnamese,Family Sharing;Single-player;Steam Achievements,Casual;Indie,3D;Atmospheric;Casual;Hidden Object;Indie;Puzzle;Singleplayer;Time Manipulation,"Cats Hidden Timeline has 200 cats hidden in various places in the town, forest, farm, amusement park, and house. Use the seek bar to move forward or backward in time to find the cats hiding in the grass, under chairs, in boxes, and more. 🎮 10 levels 😻 200 hidden cats 🏆 10 Achievements","{""text_match"": 2.902491e-07, ""cosine_similarity"": 0.6039313, ""reranker_score"": -5.2941895}"
2026-02-10T00:09:52+00:00,CORTEX_DB.RAW.CAT_GAMES_SVC_1_5,default,"hidden object cats in a city, without timer, exclude leaderboard, avoid time attack","hidden object cats in a city, without timer, exclude leaderboard, avoid time attack",[],,False,,,,keyword_extreme,0.75,10,100,0,390,390,,01c24ec9-0005-07f0-0001-397a0003f6ca,,34,34,,5e-06,5e-06,,5e-06,,,,,[],[],[],[],[],[],,,True,[],[],,3,100 hidden cats 2,0.7867192000000001,2021,English,Family Sharing;Single-player;Steam Achievements;Steam Trading Cards,Adventure;Casual;Indie,2D;Adventure;Arcade;Casual;Cats;Creature Collector;Cute;Dog;Exploration;Family Friendly;Hand-drawn;Hidden Object;Minimalist;Nature;Point & Click;Puzzle;Relaxing;Side Scroller;Stylized;Trains,Art by Аnatoliy Loginovskikh Important information Press 'N' for night mode. Press 'Del' then 'Esc' to reset all achievements. 100 hidden cats 2 is a hidden object game in the city setting. Black and white hand-drawn graphics in a cartoon style. Ultra hard! Really very difficult! Cunning cats hid in the big city. They are disguised and very dangerous. Can you find 100 cats? Just click on the cat! Take care of your nerves!,"{""text_match"": 0.0025488436, ""cosine_similarity"": 0.5734384, ""reranker_score"": -2.750956}"
2026-02-10T00:09:52+00:00,CORTEX_DB.RAW.CAT_GAMES_SVC_1_5,default,"hidden object cats in a city, without timer, exclude leaderboard, avoid time attack","hidden object cats in a city, without timer, exclude leaderboard, avoid time attack",[],,False,,,,keyword_extreme,0.75,10,100,0,390,390,,01c24ec9-0005-07f0-0001-397a0003f6ca,,34,34,,5e-06,5e-06,,5e-06,,,,,[],[],[],[],[],[],,,True,[],[],,4,Hidden Cats in Paris,0.7797736,2022,English,Family Sharing;Full controller support;Single-player;Steam Achievements;Steam Cloud;Steam Trading Cards,Casual;Indie,Cartoon;Casual;Cats;Cute;Hand-drawn;Hidden Object;Indie;Point & Click;Relaxing,"Meow meow meow mes amis! Cats are hidden in a unique lovely Paris scenario. A short and pleasant experience in a big and lovely illustration! Start with a Beautiful monochromatic scenario, relax, and find all the cats to reveal the final colored art. More than 680 hidden objects to find!!! Play through different modes, find special cats, and unlock bonus levels! NORMAL MODE Find 100 cats in fixed positions. 3 hints. ADVANCED MODE Find 150 cats in semi-random positions. 8 Special cats that unlock","{""text_match"": 0.039712414, ""cosine_similarity"": 0.5595472, ""reranker_score"": -3.2730098}"
2026-02-10T00:09:52+00:00,CORTEX_DB.RAW.CAT_GAMES_SVC_1_5,default,"hidden object cats in a city, without timer, exclude leaderboard, avoid time attack","hidden object cats in a city, without timer, exclude leaderboard, avoid time attack",[],,False,,,,keyword_extreme,0.75,10,100,0,390,390,,01c24ec9-0005-07f0-0001-397a0003f6ca,,34,34,,5e-06,5e-06,,5e-06,,,,,[],[],[],[],[],[],,,True,[],[],,5,Hidden Cats in Spooky Town,0.7846016499999999,2023,English,Family Sharing;Full controller support;Single-player;Steam Achievements;Steam Cloud;Steam Trading Cards,Casual,Adventure;Cartoony;Casual;Cats;Clicker;Collectathon;Colorful;Cozy;Creature Collector;Cute;Exploration;Family Friendly;Funny;Hand-drawn;Hidden Object;Point & Click;Puzzle;Relaxing;Satire;Wholesome,"It's Halloween time! Do you choose Trick or Cat? Enjoy and find all the Hidden Cats one by one in the Spooky Town to reveal the final colored art. Play through different modes, find special cats, and unlock bonus levels! More than 970 hidden objects to find! Got all cats, played all bonuses, and had a nice Halloween evening? This time we are giving you an EXTRA BONUS!!! Enjoy the AFTER PARTY at the park! More than 970 Hidden Objects to find in the entire game! Play through different modes, find ","{""text_match"": 0.052254565, ""cosine_similarity"": 0.5692033, ""reranker_score"": -4.999918}"
2026-02-10T00:09:52+00:00,CORTEX_DB.RAW.CAT_GAMES_SVC_1_5,default,"hidden object cats in a city, without timer, exclude leaderboard, avoid time attack","hidden object cats in a city, without timer, exclude leaderboard, avoid time attack",[],,False,,,,keyword_extreme,0.75,10,100,0,390,390,,01c24ec9-0005-07f0-0001-397a0003f6ca,,34,34,,5e-06,5e-06,,5e-06,,,,,[],[],[],[],[],[],,,True,[],[],,6,Cats Hidden in Germany,0.78180647,2024,Arabic;English;French;German;Indonesian;Italian;Japanese;Korean;Polish;Portuguese - Brazil;Portuguese - Portugal;Russian;Simplified Chinese;Spanish - Latin America;Spanish - Spain;Thai;Traditional Chinese;Turkish;Ukrainian,Color Alternatives;Custom Volume Controls;Family Sharing;Full controller support;Mouse Only Option;Playable without Timed Input;Save Anytime;Single-player;Steam Achievements;Steam Cloud;Steam Trading Cards;Touch Only Option,Casual;Indie,Cartoony;Casual;Cats;Collectathon;Controller;Cozy;Creature Collector;Cute;Exploration;Hand-drawn;Hidden Object;Indie;Minimalist;Point & Click;Puzzle;Relaxing;Score Attack;Singleplayer;Time Attack;Wholesome,"Cats Hidden in Germany is a cute hidden object game set in medieval Germany. 100 cats are waiting for you to be discovered within a hand-drawn background. Relax thanks to the chill soundtrack Found a cat? Click on it! Features 🐾 1 Level, 100 cats ❔ Easter Eggs 💡 Hint System ⏰ Timer mode with leaderboard ⚙️ In-game Settings","{""text_match"": 0.029339202, ""cosine_similarity"": 0.56361294, ""reranker_score"": -4.512164}"
2026-02-10T00:09:52+00:00,CORTEX_DB.RAW.CAT_GAMES_SVC_1_5,default,"hidden object cats in a city, without timer, exclude leaderboard, avoid time attack","hidden object cats in a city, without timer, exclude leaderboard, avoid time attack",[],,False,,,,keyword_extreme,0.75,10,100,0,390,390,,01c24ec9-0005-07f0-0001-397a0003f6ca,,34,34,,5e-06,5e-06,,5e-06,,,,,[],[],[],[],[],[],,,True,[],[],,7,Hidden Cats - Easter,0.7840934500000001,2025,English;French;German;Italian;Japanese;Korean;Portuguese - Portugal;Russian;Simplified Chinese;Spanish - Spain,Family Sharing;Single-player;Steam Achievements,Casual,2D;Cartoon;Cartoony;Casual;Cats;Colorful;Creature Collector;Cute;Family Friendly;Funny;Hand-drawn;Hidden Object;Point & Click;Puzzle;Relaxing;Singleplayer;Stylized;Wholesome,"Dive into the enchanting world of 'Hidden Cats - Easter' a hidden object game where your mission is to uncover every cat hidden within stunning hand-painted artwork. Let your keen eye and curiosity guide you through this captivating journey. ※ Key Features: 😺 100 Hidden Cats: Discover 100 hidden cats scattered throughout the artwork. 💡 Unlimited Hints: Stuck? Use unlimited hints to find the hidden cats and keep progressing. 🎵 Custom Music: Enjoy unique background music for the artwork, enhancing","{""text_match"": 0.019263959, ""cosine_similarity"": 0.5681869, ""reranker_score"": -5.8001432}"
2026-02-10T00:09:52+00:00,CORTEX_DB.RAW.CAT_GAMES_SVC_1_5,default,"hidden object cats in a city, without timer, exclude leaderboard, avoid time attack","hidden object cats in a city, without timer, exclude leaderboard, avoid time attack",[],,False,,,,keyword_extreme,0.75,10,100,0,390,390,,01c24ec9-0005-07f0-0001-397a0003f6ca,,34,34,,5e-06,5e-06,,5e-06,,,,,[],[],[],[],[],[],,,True,[],[],,8,Hidden Cats - Winter,0.7794348,2024,English;French;German;Italian;Japanese;Korean;Portuguese - Portugal;Russian;Simplified Chinese;Spanish - Spain,Family Sharing;Single-player;Steam Achievements,Adventure;Casual,2D;Adventure;Cartoon;Cartoony;Casual;Cats;Colorful;Cozy;Creature Collector;Cute;Family Friendly;Funny;Hand-drawn;Hidden Object;Point & Click;Puzzle;Relaxing;Singleplayer;Stylized;Wholesome,"Dive into the enchanting world of 'Hidden Cats - Winter' a hidden object game where your mission is to uncover every cat hidden within stunning hand-painted artwork. Let your keen eye and curiosity guide you through this captivating journey. ※ Key Features: 😺 100 Hidden Cats: Discover 100 hidden cats scattered throughout the artwork. 💡 Unlimited Hints: Stuck? Use unlimited hints to find the hidden cats and keep progressing. 🎵 Custom Music: Enjoy unique background music for the artwork, enhancing","{""text_match"": 0.019263959, ""cosine_similarity"": 0.5588696, ""reranker_score"": -5.608096}"
2026-02-10T00:09:52+00:00,CORTEX_DB.RAW.CAT_GAMES_SVC_1_5,default,"hidden object cats in a city, without timer, exclude leaderboard, avoid time attack","hidden object cats in a city, without timer, exclude leaderboard, avoid time attack",[],,False,,,,keyword_extreme,0.75,10,100,0,390,390,,01c24ec9-0005-07f0-0001-397a0003f6ca,,34,34,,5e-06,5e-06,,5e-06,,,,,[],[],[],[],[],[],,,True,[],[],,9,101 Cats Hidden in Tokyo,0.77765605,2024,Arabic;Bulgarian;Czech;Danish;Dutch;English;Finnish;French;German;Greek;Hindi;Hungarian;Indonesian;Italian;Japanese;Korean;Norwegian;Polish;Portuguese - Brazil;Portuguese - Portugal;Romanian;Russian;Simplified Chinese;Spanish - Latin America;Spanish - Spain;Swedish;Thai;Traditional Chinese;Turkish;Ukrainian;Vietnamese,Family Sharing;Single-player;Steam Achievements;Steam Cloud,Casual;Indie,2D;Cartoony;Casual;Cats;Collectathon;Cozy;Creature Collector;Cute;Exploration;Hand-drawn;Hidden Object;Indie;Minimalist;Point & Click;Puzzle;Relaxing;Score Attack;Singleplayer;Time Attack;Wholesome,"✍️ 101 Cats Hidden in Tokyo challenges you to find hidden kitties in a beautiful hand-crafted landscape. 🎵 While you search, enjoy a peaceful and immersive soundtrack. 😸 Earn tons of achievements. 🏆 Challenge your friends to find all the cats in the shortest time! ⏱️ GAMEPLAY: 🐾 101 cats hidden in a single Landscape. 👉 Click on the kitties you find. 👀 Adjust brightness so your eyes don't get tired. 🔎 AMAZING ZOOM! 😺🐾🐈 😻","{""text_match"": 0.018528765, ""cosine_similarity"": 0.5553121, ""reranker_score"": -5.46447}"
2026-02-10T00:09:52+00:00,CORTEX_DB.RAW.CAT_GAMES_SVC_1_5,default,"hidden object cats in a city, without timer, exclude leaderboard, avoid time attack","hidden object cats in a city, without timer, exclude leaderboard, avoid time attack",[],,False,,,,keyword_extreme,0.75,10,100,0,390,390,,01c24ec9-0005-07f0-0001-397a0003f6ca,,34,34,,5e-06,5e-06,,5e-06,,,,,[],[],[],[],[],[],,,True,[],[],,10,Cats Hidden in Italy,0.7750302499999999,2023,Arabic;English;French;German;Indonesian;Italian;Japanese;Korean;Polish;Portuguese - Brazil;Portuguese - Portugal;Russian;Simplified Chinese;Spanish - Latin America;Spanish - Spain;Thai;Traditional Chinese;Turkish,Custom Volume Controls;Family Sharing;Full controller support;Mouse Only Option;Save Anytime;Single-player;Steam Achievements;Steam Cloud;Steam Trading Cards;Touch Only Option,Casual;Indie,Cartoony;Casual;Cats;Collectathon;Controller;Cozy;Creature Collector;Cute;Exploration;Hand-drawn;Hidden Object;Indie;Minimalist;Point & Click;Puzzle;Relaxing;Singleplayer;Time Attack;Wholesome,"Cats Hidden in Italy is a cute hidden object game set in Italy. 100 cats are waiting for you to be discovered within a hand-drawn background. Relax thanks to the chill soundtrack Found a cat? Click on it! Features 🐾 1 Level, 100 cats ❔ Easter Eggs 💡 Hint System ⏰ Timer mode with leaderboard ⚙️ In-game Settings","{""text_match"": 0.026999053, ""cosine_similarity"": 0.5500605, ""reranker_score"": -5.0883393}"
2026-02-10T00:09:54+00:00,CORTEX_DB.RAW.CAT_GAMES_SVC_1_5,default,"hidden object cats in a city, without timer, exclude leaderboard, avoid time attack","hidden object cats in a city, without timer, exclude leaderboard, avoid time attack",[],,False,,,,no_reranker_balanced,0.3,10,100,0,278,278,,01c24ec9-0005-07c5-0001-397a0004077e,,36,36,,5e-06,5e-06,,5e-06,,,,,[],[],[],[],[],[],,,True,[],[],,1,Cats Hidden Timeline,0.80196565,2024,Arabic;Czech;Danish;English;Finnish;French;German;Hungarian;Indonesian;Italian;Japanese;Korean;Norwegian;Polish;Portuguese - Brazil;Romanian;Russian;Simplified Chinese;Spanish - Spain;Swedish;Thai;Traditional Chinese;Turkish;Ukrainian;Vietnamese,Family Sharing;Single-player;Steam Achievements,Casual;Indie,3D;Atmospheric;Casual;Hidden Object;Indie;Puzzle;Singleplayer;Time Manipulation,"Cats Hidden Timeline has 200 cats hidden in various places in the town, forest, farm, amusement park, and house. Use the seek bar to move forward or backward in time to find the cats hiding in the grass, under chairs, in boxes, and more. 🎮 10 levels 😻 200 hidden cats 🏆 10 Achievements","{""text_match"": 2.902491e-07, ""cosine_similarity"": 0.6039313}"
2026-02-10T00:09:54+00:00,CORTEX_DB.RAW.CAT_GAMES_SVC_1_5,default,"hidden object cats in a city, without timer, exclude leaderboard, avoid time attack","hidden object cats in a city, without timer, exclude leaderboard, avoid time attack",[],,False,,,,no_reranker_balanced,0.3,10,100,0,278,278,,01c24ec9-0005-07c5-0001-397a0004077e,,36,36,,5e-06,5e-06,,5e-06,,,,,[],[],[],[],[],[],,,True,[],[],,2,Hidden Cats in Spooky Town,0.7846016499999999,2023,English,Family Sharing;Full controller support;Single-player;Steam Achievements;Steam Cloud;Steam Trading Cards,Casual,Adventure;Cartoony;Casual;Cats;Clicker;Collectathon;Colorful;Cozy;Creature Collector;Cute;Exploration;Family Friendly;Funny;Hand-drawn;Hidden Object;Point & Click;Puzzle;Relaxing;Satire;Wholesome,"It's Halloween time! Do you choose Trick or Cat? Enjoy and find all the Hidden Cats one by one in the Spooky Town to reveal the final colored art. Play through different modes, find special cats, and unlock bonus levels! More than 970 hidden objects to find! Got all cats, played all bonuses, and had a nice Halloween evening? This time we are giving you an EXTRA BONUS!!! Enjoy the AFTER PARTY at the park! More than 970 Hidden Objects to find in the entire game! Play through different modes, find ","{""text_match"": 0.052254565, ""cosine_similarity"": 0.5692033}"
2026-02-10T00:09:54+00:00,CORTEX_DB.RAW.CAT_GAMES_SVC_1_5,default,"hidden object cats in a city, without timer, exclude leaderboard, avoid time attack","hidden object cats in a city, without timer, exclude leaderboard, avoid time attack",[],,False,,,,no_reranker_balanced,0.3,10,100,0,278,278,,01c24ec9-0005-07c5-0001-397a0004077e,,36,36,,5e-06,5e-06,,5e-06,,,,,[],[],[],[],[],[],,,True,[],[],,3,Cat city,0.7868039,2023,English;Russian,Family Sharing;Full controller support;Single-player;Steam Achievements,Adventure;Casual;Indie,2D;Atmospheric;Casual;Cats;Clicker;Controller;Creature Collector;Cute;Detective;Education;Exploration;Family Friendly;Hand-drawn;Hidden Object;Interactive Fiction;Point & Click;Puzzle;Side Scroller;Singleplayer;Trading Card Game,"'Cat city' is an exciting hidden objects game. In this game, you will have to explore the whole city to find all the cats (and various secrets) and get closer to the goal of making this world and the lives of the cats living in it a little better, and restore their faith in people! The main character will help you figure it out and get comfortable, and tell you about the necessary help in this exciting and extremely important matter! The help of each person is important so that the world becomes","{""text_match"": 0.022286307, ""cosine_similarity"": 0.5736078}"
2026-02-10T00:09:54+00:00,CORTEX_DB.RAW.CAT_GAMES_SVC_1_5,default,"hidden object cats in a city, without timer, exclude leaderboard, avoid time attack","hidden object cats in a city, without timer, exclude leaderboard, avoid time attack",[],,False,,,,no_reranker_balanced,0.3,10,100,0,278,278,,01c24ec9-0005-07c5-0001-397a0004077e,,36,36,,5e-06,5e-06,,5e-06,,,,,[],[],[],[],[],[],,,True,[],[],,4,Hidden Cats - Easter,0.7840934500000001,2025,English;French;German;Italian;Japanese;Korean;Portuguese - Portugal;Russian;Simplified Chinese;Spanish - Spain,Family Sharing;Single-player;Steam Achievements,Casual,2D;Cartoon;Cartoony;Casual;Cats;Colorful;Creature Collector;Cute;Family Friendly;Funny;Hand-drawn;Hidden Object;Point & Click;Puzzle;Relaxing;Singleplayer;Stylized;Wholesome,"Dive into the enchanting world of 'Hidden Cats - Easter' a hidden object game where your mission is to uncover every cat hidden within stunning hand-painted artwork. Let your keen eye and curiosity guide you through this captivating journey. ※ Key Features: 😺 100 Hidden Cats: Discover 100 hidden cats scattered throughout the artwork. 💡 Unlimited Hints: Stuck? Use unlimited hints to find the hidden cats and keep progressing. 🎵 Custom Music: Enjoy unique background music for the artwork, enhancing","{""text_match"": 0.019263959, ""cosine_similarity"": 0.5681869}"
2026-02-10T00:09:54+00:00,CORTEX_DB.RAW.CAT_GAMES_SVC_1_5,default,"hidden object cats in a city, without timer, exclude leaderboard, avoid time attack","hidden object cats in a city, without timer, exclude leaderboard, avoid time attack",[],,False,,,,no_reranker_balanced,0.3,10,100,0,278,278,,01c24ec9-0005-07c5-0001-397a0004077e,,36,36,,5e-06,5e-06,,5e-06,,,,,[],[],[],[],[],[],,,True,[],[],,5,Cats Hidden in Germany,0.78180647,2024,Arabic;English;French;German;Indonesian;Italian;Japanese;Korean;Polish;Portuguese - Brazil;Portuguese - Portugal;Russian;Simplified Chinese;Spanish - Latin America;Spanish - Spain;Thai;Traditional Chinese;Turkish;Ukrainian,Color Alternatives;Custom Volume Controls;Family Sharing;Full controller support;Mouse Only Option;Playable without Timed Input;Save Anytime;Single-player;Steam Achievements;Steam Cloud;Steam Trading Cards;Touch Only Option,Casual;Indie,Cartoony;Casual;Cats;Collectathon;Controller;Cozy;Creature Collector;Cute;Exploration;Hand-drawn;Hidden Object;Indie;Minimalist;Point & Click;Puzzle;Relaxing;Score Attack;Singleplayer;Time Attack;Wholesome,"Cats Hidden in Germany is a cute hidden object game set in medieval Germany. 100 cats are waiting for you to be discovered within a hand-drawn background. Relax thanks to the chill soundtrack Found a cat? Click on it! Features 🐾 1 Level, 100 cats ❔ Easter Eggs 💡 Hint System ⏰ Timer mode with leaderboard ⚙️ In-game Settings","{""text_match"": 0.029339202, ""cosine_similarity"": 0.56361294}"
2026-02-10T00:09:54+00:00,CORTEX_DB.RAW.CAT_GAMES_SVC_1_5,default,"hidden object cats in a city, without timer, exclude leaderboard, avoid time attack","hidden object cats in a city, without timer, exclude leaderboard, avoid time attack",[],,False,,,,no_reranker_balanced,0.3,10,100,0,278,278,,01c24ec9-0005-07c5-0001-397a0004077e,,36,36,,5e-06,5e-06,,5e-06,,,,,[],[],[],[],[],[],,,True,[],[],,6,Hidden Cats in Paris,0.7797736,2022,English,Family Sharing;Full controller support;Single-player;Steam Achievements;Steam Cloud;Steam Trading Cards,Casual;Indie,Cartoon;Casual;Cats;Cute;Hand-drawn;Hidden Object;Indie;Point & Click;Relaxing,"Meow meow meow mes amis! Cats are hidden in a unique lovely Paris scenario. A short and pleasant experience in a big and lovely illustration! Start with a Beautiful monochromatic scenario, relax, and find all the cats to reveal the final colored art. More than 680 hidden objects to find!!! Play through different modes, find special cats, and unlock bonus levels! NORMAL MODE Find 100 cats in fixed positions. 3 hints. ADVANCED MODE Find 150 cats in semi-random positions. 8 Special cats that unlock","{""text_match"": 0.039712414, ""cosine_similarity"": 0.5595472}"
2026-02-10T00:09:54+00:00,CORTEX_DB.RAW.CAT_GAMES_SVC_1_5,default,"hidden object cats in a city, without timer, exclude leaderboard, avoid time attack","hidden object cats in a city, without timer, exclude leaderboard, avoid time attack",[],,False,,,,no_reranker_balanced,0.3,10,100,0,278,278,,01c24ec9-0005-07c5-0001-397a0004077e,,36,36,,5e-06,5e-06,,5e-06,,,,,[],[],[],[],[],[],,,True,[],[],,7,100 hidden cats 2,0.7867192000000001,2021,English,Family Sharing;Single-player;Steam Achievements;Steam Trading Cards,Adventure;Casual;Indie,2D;Adventure;Arcade;Casual;Cats;Creature Collector;Cute;Dog;Exploration;Family Friendly;Hand-drawn;Hidden Object;Minimalist;Nature;Point & Click;Puzzle;Relaxing;Side Scroller;Stylized;Trains,Art by Аnatoliy Loginovskikh Important information Press 'N' for night mode. Press 'Del' then 'Esc' to reset all achievements. 100 hidden cats 2 is a hidden object game in the city setting. Black and white hand-drawn graphics in a cartoon style. Ultra hard! Really very difficult! Cunning cats hid in the big city. They are disguised and very dangerous. Can you find 100 cats? Just click on the cat! Take care of your nerves!,"{""text_match"": 0.0025488436, ""cosine_similarity"": 0.5734384}"
2026-02-10T00:09:54+00:00,CORTEX_DB.RAW.CAT_GAMES_SVC_1_5,default,"hidden object cats in a city, without timer, exclude leaderboard, avoid time attack","hidden object cats in a city, without timer, exclude leaderboard, avoid time attack",[],,False,,,,no_reranker_balanced,0.3,10,100,0,278,278,,01c24ec9-0005-07c5-0001-397a0004077e,,36,36,,5e-06,5e-06,,5e-06,,,,,[],[],[],[],[],[],,,True,[],[],,8,I commissioned some cats 3,0.776893735,2023,English,Family Sharing;Single-player;Steam Achievements,Casual;Indie,2D;Abstract;Cartoony;Casual;Cats;Colorful;Comic Book;Cute;Design & Illustration;Family Friendly;Fantasy;Hand-drawn;Hidden Object;Instrumental Music;Nature;Point & Click;Psychedelic;Puzzle;Relaxing;Singleplayer,A hidden object game where you must find all the cats and wool to complete each level. Key features: 🖼️ 15 Unique artworks ❓ 1500+ Hidden objects total 🐈 750+ Cats 🧶 750+ Wool 💡 ∞ Unlimited hints if you get stuck ♻️ Restore a small number of hidden objects to a painting so you can find them again! 🎵 Music for each artwork ⌨️ Use your keyboard to move/zoom in if you have no scroll wheel 💾 3x save slots 🗑️ Reset progress entirely and play again 🕒 Timer included to show how long you took to complet,"{""text_match"": 0.040503874, ""cosine_similarity"": 0.55378747}"
2026-02-10T00:09:54+00:00,CORTEX_DB.RAW.CAT_GAMES_SVC_1_5,default,"hidden object cats in a city, without timer, exclude leaderboard, avoid time attack","hidden object cats in a city, without timer, exclude leaderboard, avoid time attack",[],,False,,,,no_reranker_balanced,0.3,10,100,0,278,278,,01c24ec9-0005-07c5-0001-397a0004077e,,36,36,,5e-06,5e-06,,5e-06,,,,,[],[],[],[],[],[],,,True,[],[],,9,Hidden Cats - Winter,0.7794348,2024,English;French;German;Italian;Japanese;Korean;Portuguese - Portugal;Russian;Simplified Chinese;Spanish - Spain,Family Sharing;Single-player;Steam Achievements,Adventure;Casual,2D;Adventure;Cartoon;Cartoony;Casual;Cats;Colorful;Cozy;Creature Collector;Cute;Family Friendly;Funny;Hand-drawn;Hidden Object;Point & Click;Puzzle;Relaxing;Singleplayer;Stylized;Wholesome,"Dive into the enchanting world of 'Hidden Cats - Winter' a hidden object game where your mission is to uncover every cat hidden within stunning hand-painted artwork. Let your keen eye and curiosity guide you through this captivating journey. ※ Key Features: 😺 100 Hidden Cats: Discover 100 hidden cats scattered throughout the artwork. 💡 Unlimited Hints: Stuck? Use unlimited hints to find the hidden cats and keep progressing. 🎵 Custom Music: Enjoy unique background music for the artwork, enhancing","{""text_match"": 0.019263959, ""cosine_similarity"": 0.5588696}"
2026-02-10T00:09:54+00:00,CORTEX_DB.RAW.CAT_GAMES_SVC_1_5,default,"hidden object cats in a city, without timer, exclude leaderboard, avoid time attack","hidden object cats in a city, without timer, exclude leaderboard, avoid time attack",[],,False,,,,no_reranker_balanced,0.3,10,100,0,278,278,,01c24ec9-0005-07c5-0001-397a0004077e,,36,36,,5e-06,5e-06,,5e-06,,,,,[],[],[],[],[],[],,,True,[],[],,10,Hidden Cats - Zoo,0.77858775,2024,English;French;German;Italian;Japanese;Korean;Portuguese - Portugal;Russian;Simplified Chinese;Spanish - Spain,Family Sharing;Single-player;Steam Achievements,Adventure;Casual,2D;Adventure;Cartoon;Cartoony;Casual;Cats;Colorful;Cozy;Creature Collector;Cute;Family Friendly;Funny;Hand-drawn;Hidden Object;Point & Click;Puzzle;Relaxing;Singleplayer;Stylized;Wholesome,"Dive into the enchanting world of 'Hidden Cats - Zoo' a hidden object game where your mission is to uncover every cat hidden within stunning hand-painted artwork. Let your keen eye and curiosity guide you through this captivating journey. ※ Key Features: 😺 100 Hidden Cats: Discover 100 hidden cats scattered throughout the artwork. 💡 Unlimited Hints: Stuck? Use unlimited hints to find the hidden cats and keep progressing. 🎵 Custom Music: Enjoy unique background music for the artwork, enhancing yo","{""text_match"": 0.019263959, ""cosine_similarity"": 0.5571755}"
2026-02-10T00:09:55+00:00,CORTEX_DB.RAW.CAT_GAMES_SVC_1_5,default,"hidden object cats in a city, without timer, exclude leaderboard, avoid time attack","hidden object cats in a city, without timer, exclude leaderboard, avoid time attack",[],,False,,,,no_reranker_balanced,0.65,10,100,0,295,295,,01c24ec9-0005-07c5-0001-397a00040786,,35,35,,5e-06,5e-06,,5e-06,,,,,[],[],[],[],[],[],,,True,[],[],,1,Cats Hidden Timeline,0.80196565,2024,Arabic;Czech;Danish;English;Finnish;French;German;Hungarian;Indonesian;Italian;Japanese;Korean;Norwegian;Polish;Portuguese - Brazil;Romanian;Russian;Simplified Chinese;Spanish - Spain;Swedish;Thai;Traditional Chinese;Turkish;Ukrainian;Vietnamese,Family Sharing;Single-player;Steam Achievements,Casual;Indie,3D;Atmospheric;Casual;Hidden Object;Indie;Puzzle;Singleplayer;Time Manipulation,"Cats Hidden Timeline has 200 cats hidden in various places in the town, forest, farm, amusement park, and house. Use the seek bar to move forward or backward in time to find the cats hiding in the grass, under chairs, in boxes, and more. 🎮 10 levels 😻 200 hidden cats 🏆 10 Achievements","{""text_match"": 2.902491e-07, ""cosine_similarity"": 0.6039313}"
2026-02-10T00:09:55+00:00,CORTEX_DB.RAW.CAT_GAMES_SVC_1_5,default,"hidden object cats in a city, without timer, exclude leaderboard, avoid time attack","hidden object cats in a city, without timer, exclude leaderboard, avoid time attack",[],,False,,,,no_reranker_balanced,0.65,10,100,0,295,295,,01c24ec9-0005-07c5-0001-397a00040786,,35,35,,5e-06,5e-06,,5e-06,,,,,[],[],[],[],[],[],,,True,[],[],,2,Hidden Cats in Spooky Town,0.7846016499999999,2023,English,Family Sharing;Full controller support;Single-player;Steam Achievements;Steam Cloud;Steam Trading Cards,Casual,Adventure;Cartoony;Casual;Cats;Clicker;Collectathon;Colorful;Cozy;Creature Collector;Cute;Exploration;Family Friendly;Funny;Hand-drawn;Hidden Object;Point & Click;Puzzle;Relaxing;Satire;Wholesome,"It's Halloween time! Do you choose Trick or Cat? Enjoy and find all the Hidden Cats one by one in the Spooky Town to reveal the final colored art. Play through different modes, find special cats, and unlock bonus levels! More than 970 hidden objects to find! Got all cats, played all bonuses, and had a nice Halloween evening? This time we are giving you an EXTRA BONUS!!! Enjoy the AFTER PARTY at the park! More than 970 Hidden Objects to find in the entire game! Play through different modes, find ","{""text_match"": 0.052254565, ""cosine_similarity"": 0.5692033}"
2026-02-10T00:09:55+00:00,CORTEX_DB.RAW.CAT_GAMES_SVC_1_5,default,"hidden object cats in a city, without timer, exclude leaderboard, avoid time attack","hidden object cats in a city, without timer, exclude leaderboard, avoid time attack",[],,False,,,,no_reranker_balanced,0.65,10,100,0,295,295,,01c24ec9-0005-07c5-0001-397a00040786,,35,35,,5e-06,5e-06,,5e-06,,,,,[],[],[],[],[],[],,,True,[],[],,3,Cat city,0.7868039,2023,English;Russian,Family Sharing;Full controller support;Single-player;Steam Achievements,Adventure;Casual;Indie,2D;Atmospheric;Casual;Cats;Clicker;Controller;Creature Collector;Cute;Detective;Education;Exploration;Family Friendly;Hand-drawn;Hidden Object;Interactive Fiction;Point & Click;Puzzle;Side Scroller;Singleplayer;Trading Card Game,"'Cat city' is an exciting hidden objects game. In this game, you will have to explore the whole city to find all the cats (and various secrets) and get closer to the goal of making this world and the lives of the cats living in it a little better, and restore their faith in people! The main character will help you figure it out and get comfortable, and tell you about the necessary help in this exciting and extremely important matter! The help of each person is important so that the world becomes","{""text_match"": 0.022286307, ""cosine_similarity"": 0.5736078}"
2026-02-10T00:09:55+00:00,CORTEX_DB.RAW.CAT_GAMES_SVC_1_5,default,"hidden object cats in a city, without timer, exclude leaderboard, avoid time attack","hidden object cats in a city, without timer, exclude leaderboard, avoid time attack",[],,False,,,,no_reranker_balanced,0.65,10,100,0,295,295,,01c24ec9-0005-07c5-0001-397a00040786,,35,35,,5e-06,5e-06,,5e-06,,,,,[],[],[],[],[],[],,,True,[],[],,4,Hidden Cats - Easter,0.7840934500000001,2025,English;French;German;Italian;Japanese;Korean;Portuguese - Portugal;Russian;Simplified Chinese;Spanish - Spain,Family Sharing;Single-player;Steam Achievements,Casual,2D;Cartoon;Cartoony;Casual;Cats;Colorful;Creature Collector;Cute;Family Friendly;Funny;Hand-drawn;Hidden Object;Point & Click;Puzzle;Relaxing;Singleplayer;Stylized;Wholesome,"Dive into the enchanting world of 'Hidden Cats - Easter' a hidden object game where your mission is to uncover every cat hidden within stunning hand-painted artwork. Let your keen eye and curiosity guide you through this captivating journey. ※ Key Features: 😺 100 Hidden Cats: Discover 100 hidden cats scattered throughout the artwork. 💡 Unlimited Hints: Stuck? Use unlimited hints to find the hidden cats and keep progressing. 🎵 Custom Music: Enjoy unique background music for the artwork, enhancing","{""text_match"": 0.019263959, ""cosine_similarity"": 0.5681869}"
2026-02-10T00:09:55+00:00,CORTEX_DB.RAW.CAT_GAMES_SVC_1_5,default,"hidden object cats in a city, without timer, exclude leaderboard, avoid time attack","hidden object cats in a city, without timer, exclude leaderboard, avoid time attack",[],,False,,,,no_reranker_balanced,0.65,10,100,0,295,295,,01c24ec9-0005-07c5-0001-397a00040786,,35,35,,5e-06,5e-06,,5e-06,,,,,[],[],[],[],[],[],,,True,[],[],,5,Cats Hidden in Germany,0.78180647,2024,Arabic;English;French;German;Indonesian;Italian;Japanese;Korean;Polish;Portuguese - Brazil;Portuguese - Portugal;Russian;Simplified Chinese;Spanish - Latin America;Spanish - Spain;Thai;Traditional Chinese;Turkish;Ukrainian,Color Alternatives;Custom Volume Controls;Family Sharing;Full controller support;Mouse Only Option;Playable without Timed Input;Save Anytime;Single-player;Steam Achievements;Steam Cloud;Steam Trading Cards;Touch Only Option,Casual;Indie,Cartoony;Casual;Cats;Collectathon;Controller;Cozy;Creature Collector;Cute;Exploration;Hand-drawn;Hidden Object;Indie;Minimalist;Point & Click;Puzzle;Relaxing;Score Attack;Singleplayer;Time Attack;Wholesome,"Cats Hidden in Germany is a cute hidden object game set in medieval Germany. 100 cats are waiting for you to be discovered within a hand-drawn background. Relax thanks to the chill soundtrack Found a cat? Click on it! Features 🐾 1 Level, 100 cats ❔ Easter Eggs 💡 Hint System ⏰ Timer mode with leaderboard ⚙️ In-game Settings","{""text_match"": 0.029339202, ""cosine_similarity"": 0.56361294}"
2026-02-10T00:09:55+00:00,CORTEX_DB.RAW.CAT_GAMES_SVC_1_5,default,"hidden object cats in a city, without timer, exclude leaderboard, avoid time attack","hidden object cats in a city, without timer, exclude leaderboard, avoid time attack",[],,False,,,,no_reranker_balanced,0.65,10,100,0,295,295,,01c24ec9-0005-07c5-0001-397a00040786,,35,35,,5e-06,5e-06,,5e-06,,,,,[],[],[],[],[],[],,,True,[],[],,6,Hidden Cats in Paris,0.7797736,2022,English,Family Sharing;Full controller support;Single-player;Steam Achievements;Steam Cloud;Steam Trading Cards,Casual;Indie,Cartoon;Casual;Cats;Cute;Hand-drawn;Hidden Object;Indie;Point & Click;Relaxing,"Meow meow meow mes amis! Cats are hidden in a unique lovely Paris scenario. A short and pleasant experience in a big and lovely illustration! Start with a Beautiful monochromatic scenario, relax, and find all the cats to reveal the final colored art. More than 680 hidden objects to find!!! Play through different modes, find special cats, and unlock bonus levels! NORMAL MODE Find 100 cats in fixed positions. 3 hints. ADVANCED MODE Find 150 cats in semi-random positions. 8 Special cats that unlock","{""text_match"": 0.039712414, ""cosine_similarity"": 0.5595472}"
2026-02-10T00:09:55+00:00,CORTEX_DB.RAW.CAT_GAMES_SVC_1_5,default,"hidden object cats in a city, without timer, exclude leaderboard, avoid time attack","hidden object cats in a city, without timer, exclude leaderboard, avoid time attack",[],,False,,,,no_reranker_balanced,0.65,10,100,0,295,295,,01c24ec9-0005-07c5-0001-397a00040786,,35,35,,5e-06,5e-06,,5e-06,,,,,[],[],[],[],[],[],,,True,[],[],,7,100 hidden cats 2,0.7867192000000001,2021,English,Family Sharing;Single-player;Steam Achievements;Steam Trading Cards,Adventure;Casual;Indie,2D;Adventure;Arcade;Casual;Cats;Creature Collector;Cute;Dog;Exploration;Family Friendly;Hand-drawn;Hidden Object;Minimalist;Nature;Point & Click;Puzzle;Relaxing;Side Scroller;Stylized;Trains,Art by Аnatoliy Loginovskikh Important information Press 'N' for night mode. Press 'Del' then 'Esc' to reset all achievements. 100 hidden cats 2 is a hidden object game in the city setting. Black and white hand-drawn graphics in a cartoon style. Ultra hard! Really very difficult! Cunning cats hid in the big city. They are disguised and very dangerous. Can you find 100 cats? Just click on the cat! Take care of your nerves!,"{""text_match"": 0.0025488436, ""cosine_similarity"": 0.5734384}"
2026-02-10T00:09:55+00:00,CORTEX_DB.RAW.CAT_GAMES_SVC_1_5,default,"hidden object cats in a city, without timer, exclude leaderboard, avoid time attack","hidden object cats in a city, without timer, exclude leaderboard, avoid time attack",[],,False,,,,no_reranker_balanced,0.65,10,100,0,295,295,,01c24ec9-0005-07c5-0001-397a00040786,,35,35,,5e-06,5e-06,,5e-06,,,,,[],[],[],[],[],[],,,True,[],[],,8,I commissioned some cats 3,0.776893735,2023,English,Family Sharing;Single-player;Steam Achievements,Casual;Indie,2D;Abstract;Cartoony;Casual;Cats;Colorful;Comic Book;Cute;Design & Illustration;Family Friendly;Fantasy;Hand-drawn;Hidden Object;Instrumental Music;Nature;Point & Click;Psychedelic;Puzzle;Relaxing;Singleplayer,A hidden object game where you must find all the cats and wool to complete each level. Key features: 🖼️ 15 Unique artworks ❓ 1500+ Hidden objects total 🐈 750+ Cats 🧶 750+ Wool 💡 ∞ Unlimited hints if you get stuck ♻️ Restore a small number of hidden objects to a painting so you can find them again! 🎵 Music for each artwork ⌨️ Use your keyboard to move/zoom in if you have no scroll wheel 💾 3x save slots 🗑️ Reset progress entirely and play again 🕒 Timer included to show how long you took to complet,"{""text_match"": 0.040503874, ""cosine_similarity"": 0.55378747}"
2026-02-10T00:09:55+00:00,CORTEX_DB.RAW.CAT_GAMES_SVC_1_5,default,"hidden object cats in a city, without timer, exclude leaderboard, avoid time attack","hidden object cats in a city, without timer, exclude leaderboard, avoid time attack",[],,False,,,,no_reranker_balanced,0.65,10,100,0,295,295,,01c24ec9-0005-07c5-0001-397a00040786,,35,35,,5e-06,5e-06,,5e-06,,,,,[],[],[],[],[],[],,,True,[],[],,9,Hidden Cats - Winter,0.7794348,2024,English;French;German;Italian;Japanese;Korean;Portuguese - Portugal;Russian;Simplified Chinese;Spanish - Spain,Family Sharing;Single-player;Steam Achievements,Adventure;Casual,2D;Adventure;Cartoon;Cartoony;Casual;Cats;Colorful;Cozy;Creature Collector;Cute;Family Friendly;Funny;Hand-drawn;Hidden Object;Point & Click;Puzzle;Relaxing;Singleplayer;Stylized;Wholesome,"Dive into the enchanting world of 'Hidden Cats - Winter' a hidden object game where your mission is to uncover every cat hidden within stunning hand-painted artwork. Let your keen eye and curiosity guide you through this captivating journey. ※ Key Features: 😺 100 Hidden Cats: Discover 100 hidden cats scattered throughout the artwork. 💡 Unlimited Hints: Stuck? Use unlimited hints to find the hidden cats and keep progressing. 🎵 Custom Music: Enjoy unique background music for the artwork, enhancing","{""text_match"": 0.019263959, ""cosine_similarity"": 0.5588696}"
2026-02-10T00:09:55+00:00,CORTEX_DB.RAW.CAT_GAMES_SVC_1_5,default,"hidden object cats in a city, without timer, exclude leaderboard, avoid time attack","hidden object cats in a city, without timer, exclude leaderboard, avoid time attack",[],,False,,,,no_reranker_balanced,0.65,10,100,0,295,295,,01c24ec9-0005-07c5-0001-397a00040786,,35,35,,5e-06,5e-06,,5e-06,,,,,[],[],[],[],[],[],,,True,[],[],,10,Hidden Cats - Zoo,0.77858775,2024,English;French;German;Italian;Japanese;Korean;Portuguese - Portugal;Russian;Simplified Chinese;Spanish - Spain,Family Sharing;Single-player;Steam Achievements,Adventure;Casual,2D;Adventure;Cartoon;Cartoony;Casual;Cats;Colorful;Cozy;Creature Collector;Cute;Family Friendly;Funny;Hand-drawn;Hidden Object;Point & Click;Puzzle;Relaxing;Singleplayer;Stylized;Wholesome,"Dive into the enchanting world of 'Hidden Cats - Zoo' a hidden object game where your mission is to uncover every cat hidden within stunning hand-painted artwork. Let your keen eye and curiosity guide you through this captivating journey. ※ Key Features: 😺 100 Hidden Cats: Discover 100 hidden cats scattered throughout the artwork. 💡 Unlimited Hints: Stuck? Use unlimited hints to find the hidden cats and keep progressing. 🎵 Custom Music: Enjoy unique background music for the artwork, enhancing yo","{""text_match"": 0.019263959, ""cosine_similarity"": 0.5571755}"
2026-02-10T00:09:56+00:00,CORTEX_DB.RAW.CAT_GAMES_SVC_1_5,default,"hidden object cats in a city, without timer, exclude leaderboard, avoid time attack","hidden object cats in a city, without timer, exclude leaderboard, avoid time attack",[],,False,,,,no_reranker_balanced,0.75,10,100,0,289,289,,01c24ec9-0005-07a7-0001-397a0003eba6,,49,49,,7e-06,7e-06,,7e-06,,,,,[],[],[],[],[],[],,,True,[],[],,1,Cats Hidden Timeline,0.80196565,2024,Arabic;Czech;Danish;English;Finnish;French;German;Hungarian;Indonesian;Italian;Japanese;Korean;Norwegian;Polish;Portuguese - Brazil;Romanian;Russian;Simplified Chinese;Spanish - Spain;Swedish;Thai;Traditional Chinese;Turkish;Ukrainian;Vietnamese,Family Sharing;Single-player;Steam Achievements,Casual;Indie,3D;Atmospheric;Casual;Hidden Object;Indie;Puzzle;Singleplayer;Time Manipulation,"Cats Hidden Timeline has 200 cats hidden in various places in the town, forest, farm, amusement park, and house. Use the seek bar to move forward or backward in time to find the cats hiding in the grass, under chairs, in boxes, and more. 🎮 10 levels 😻 200 hidden cats 🏆 10 Achievements","{""text_match"": 2.902491e-07, ""cosine_similarity"": 0.6039313}"
2026-02-10T00:09:56+00:00,CORTEX_DB.RAW.CAT_GAMES_SVC_1_5,default,"hidden object cats in a city, without timer, exclude leaderboard, avoid time attack","hidden object cats in a city, without timer, exclude leaderboard, avoid time attack",[],,False,,,,no_reranker_balanced,0.75,10,100,0,289,289,,01c24ec9-0005-07a7-0001-397a0003eba6,,49,49,,7e-06,7e-06,,7e-06,,,,,[],[],[],[],[],[],,,True,[],[],,2,Hidden Cats in Spooky Town,0.7846016499999999,2023,English,Family Sharing;Full controller support;Single-player;Steam Achievements;Steam Cloud;Steam Trading Cards,Casual,Adventure;Cartoony;Casual;Cats;Clicker;Collectathon;Colorful;Cozy;Creature Collector;Cute;Exploration;Family Friendly;Funny;Hand-drawn;Hidden Object;Point & Click;Puzzle;Relaxing;Satire;Wholesome,"It's Halloween time! Do you choose Trick or Cat? Enjoy and find all the Hidden Cats one by one in the Spooky Town to reveal the final colored art. Play through different modes, find special cats, and unlock bonus levels! More than 970 hidden objects to find! Got all cats, played all bonuses, and had a nice Halloween evening? This time we are giving you an EXTRA BONUS!!! Enjoy the AFTER PARTY at the park! More than 970 Hidden Objects to find in the entire game! Play through different modes, find ","{""text_match"": 0.052254565, ""cosine_similarity"": 0.5692033}"
2026-02-10T00:09:56+00:00,CORTEX_DB.RAW.CAT_GAMES_SVC_1_5,default,"hidden object cats in a city, without timer, exclude leaderboard, avoid time attack","hidden object cats in a city, without timer, exclude leaderboard, avoid time attack",[],,False,,,,no_reranker_balanced,0.75,10,100,0,289,289,,01c24ec9-0005-07a7-0001-397a0003eba6,,49,49,,7e-06,7e-06,,7e-06,,,,,[],[],[],[],[],[],,,True,[],[],,3,Cat city,0.7868039,2023,English;Russian,Family Sharing;Full controller support;Single-player;Steam Achievements,Adventure;Casual;Indie,2D;Atmospheric;Casual;Cats;Clicker;Controller;Creature Collector;Cute;Detective;Education;Exploration;Family Friendly;Hand-drawn;Hidden Object;Interactive Fiction;Point & Click;Puzzle;Side Scroller;Singleplayer;Trading Card Game,"'Cat city' is an exciting hidden objects game. In this game, you will have to explore the whole city to find all the cats (and various secrets) and get closer to the goal of making this world and the lives of the cats living in it a little better, and restore their faith in people! The main character will help you figure it out and get comfortable, and tell you about the necessary help in this exciting and extremely important matter! The help of each person is important so that the world becomes","{""text_match"": 0.022286307, ""cosine_similarity"": 0.5736078}"
2026-02-10T00:09:56+00:00,CORTEX_DB.RAW.CAT_GAMES_SVC_1_5,default,"hidden object cats in a city, without timer, exclude leaderboard, avoid time attack","hidden object cats in a city, without timer, exclude leaderboard, avoid time attack",[],,False,,,,no_reranker_balanced,0.75,10,100,0,289,289,,01c24ec9-0005-07a7-0001-397a0003eba6,,49,49,,7e-06,7e-06,,7e-06,,,,,[],[],[],[],[],[],,,True,[],[],,4,Hidden Cats - Easter,0.7840934500000001,2025,English;French;German;Italian;Japanese;Korean;Portuguese - Portugal;Russian;Simplified Chinese;Spanish - Spain,Family Sharing;Single-player;Steam Achievements,Casual,2D;Cartoon;Cartoony;Casual;Cats;Colorful;Creature Collector;Cute;Family Friendly;Funny;Hand-drawn;Hidden Object;Point & Click;Puzzle;Relaxing;Singleplayer;Stylized;Wholesome,"Dive into the enchanting world of 'Hidden Cats - Easter' a hidden object game where your mission is to uncover every cat hidden within stunning hand-painted artwork. Let your keen eye and curiosity guide you through this captivating journey. ※ Key Features: 😺 100 Hidden Cats: Discover 100 hidden cats scattered throughout the artwork. 💡 Unlimited Hints: Stuck? Use unlimited hints to find the hidden cats and keep progressing. 🎵 Custom Music: Enjoy unique background music for the artwork, enhancing","{""text_match"": 0.019263959, ""cosine_similarity"": 0.5681869}"
2026-02-10T00:09:56+00:00,CORTEX_DB.RAW.CAT_GAMES_SVC_1_5,default,"hidden object cats in a city, without timer, exclude leaderboard, avoid time attack","hidden object cats in a city, without timer, exclude leaderboard, avoid time attack",[],,False,,,,no_reranker_balanced,0.75,10,100,0,289,289,,01c24ec9-0005-07a7-0001-397a0003eba6,,49,49,,7e-06,7e-06,,7e-06,,,,,[],[],[],[],[],[],,,True,[],[],,5,Cats Hidden in Germany,0.78180647,2024,Arabic;English;French;German;Indonesian;Italian;Japanese;Korean;Polish;Portuguese - Brazil;Portuguese - Portugal;Russian;Simplified Chinese;Spanish - Latin America;Spanish - Spain;Thai;Traditional Chinese;Turkish;Ukrainian,Color Alternatives;Custom Volume Controls;Family Sharing;Full controller support;Mouse Only Option;Playable without Timed Input;Save Anytime;Single-player;Steam Achievements;Steam Cloud;Steam Trading Cards;Touch Only Option,Casual;Indie,Cartoony;Casual;Cats;Collectathon;Controller;Cozy;Creature Collector;Cute;Exploration;Hand-drawn;Hidden Object;Indie;Minimalist;Point & Click;Puzzle;Relaxing;Score Attack;Singleplayer;Time Attack;Wholesome,"Cats Hidden in Germany is a cute hidden object game set in medieval Germany. 100 cats are waiting for you to be discovered within a hand-drawn background. Relax thanks to the chill soundtrack Found a cat? Click on it! Features 🐾 1 Level, 100 cats ❔ Easter Eggs 💡 Hint System ⏰ Timer mode with leaderboard ⚙️ In-game Settings","{""text_match"": 0.029339202, ""cosine_similarity"": 0.56361294}"
2026-02-10T00:09:56+00:00,CORTEX_DB.RAW.CAT_GAMES_SVC_1_5,default,"hidden object cats in a city, without timer, exclude leaderboard, avoid time attack","hidden object cats in a city, without timer, exclude leaderboard, avoid time attack",[],,False,,,,no_reranker_balanced,0.75,10,100,0,289,289,,01c24ec9-0005-07a7-0001-397a0003eba6,,49,49,,7e-06,7e-06,,7e-06,,,,,[],[],[],[],[],[],,,True,[],[],,6,Hidden Cats in Paris,0.7797736,2022,English,Family Sharing;Full controller support;Single-player;Steam Achievements;Steam Cloud;Steam Trading Cards,Casual;Indie,Cartoon;Casual;Cats;Cute;Hand-drawn;Hidden Object;Indie;Point & Click;Relaxing,"Meow meow meow mes amis! Cats are hidden in a unique lovely Paris scenario. A short and pleasant experience in a big and lovely illustration! Start with a Beautiful monochromatic scenario, relax, and find all the cats to reveal the final colored art. More than 680 hidden objects to find!!! Play through different modes, find special cats, and unlock bonus levels! NORMAL MODE Find 100 cats in fixed positions. 3 hints. ADVANCED MODE Find 150 cats in semi-random positions. 8 Special cats that unlock","{""text_match"": 0.039712414, ""cosine_similarity"": 0.5595472}"
2026-02-10T00:09:56+00:00,CORTEX_DB.RAW.CAT_GAMES_SVC_1_5,default,"hidden object cats in a city, without timer, exclude leaderboard, avoid time attack","hidden object cats in a city, without timer, exclude leaderboard, avoid time attack",[],,False,,,,no_reranker_balanced,0.75,10,100,0,289,289,,01c24ec9-0005-07a7-0001-397a0003eba6,,49,49,,7e-06,7e-06,,7e-06,,,,,[],[],[],[],[],[],,,True,[],[],,7,100 hidden cats 2,0.7867192000000001,2021,English,Family Sharing;Single-player;Steam Achievements;Steam Trading Cards,Adventure;Casual;Indie,2D;Adventure;Arcade;Casual;Cats;Creature Collector;Cute;Dog;Exploration;Family Friendly;Hand-drawn;Hidden Object;Minimalist;Nature;Point & Click;Puzzle;Relaxing;Side Scroller;Stylized;Trains,Art by Аnatoliy Loginovskikh Important information Press 'N' for night mode. Press 'Del' then 'Esc' to reset all achievements. 100 hidden cats 2 is a hidden object game in the city setting. Black and white hand-drawn graphics in a cartoon style. Ultra hard! Really very difficult! Cunning cats hid in the big city. They are disguised and very dangerous. Can you find 100 cats? Just click on the cat! Take care of your nerves!,"{""text_match"": 0.0025488436, ""cosine_similarity"": 0.5734384}"
2026-02-10T00:09:56+00:00,CORTEX_DB.RAW.CAT_GAMES_SVC_1_5,default,"hidden object cats in a city, without timer, exclude leaderboard, avoid time attack","hidden object cats in a city, without timer, exclude leaderboard, avoid time attack",[],,False,,,,no_reranker_balanced,0.75,10,100,0,289,289,,01c24ec9-0005-07a7-0001-397a0003eba6,,49,49,,7e-06,7e-06,,7e-06,,,,,[],[],[],[],[],[],,,True,[],[],,8,I commissioned some cats 3,0.776893735,2023,English,Family Sharing;Single-player;Steam Achievements,Casual;Indie,2D;Abstract;Cartoony;Casual;Cats;Colorful;Comic Book;Cute;Design & Illustration;Family Friendly;Fantasy;Hand-drawn;Hidden Object;Instrumental Music;Nature;Point & Click;Psychedelic;Puzzle;Relaxing;Singleplayer,A hidden object game where you must find all the cats and wool to complete each level. Key features: 🖼️ 15 Unique artworks ❓ 1500+ Hidden objects total 🐈 750+ Cats 🧶 750+ Wool 💡 ∞ Unlimited hints if you get stuck ♻️ Restore a small number of hidden objects to a painting so you can find them again! 🎵 Music for each artwork ⌨️ Use your keyboard to move/zoom in if you have no scroll wheel 💾 3x save slots 🗑️ Reset progress entirely and play again 🕒 Timer included to show how long you took to complet,"{""text_match"": 0.040503874, ""cosine_similarity"": 0.55378747}"
2026-02-10T00:09:56+00:00,CORTEX_DB.RAW.CAT_GAMES_SVC_1_5,default,"hidden object cats in a city, without timer, exclude leaderboard, avoid time attack","hidden object cats in a city, without timer, exclude leaderboard, avoid time attack",[],,False,,,,no_reranker_balanced,0.75,10,100,0,289,289,,01c24ec9-0005-07a7-0001-397a0003eba6,,49,49,,7e-06,7e-06,,7e-06,,,,,[],[],[],[],[],[],,,True,[],[],,9,Hidden Cats - Winter,0.7794348,2024,English;French;German;Italian;Japanese;Korean;Portuguese - Portugal;Russian;Simplified Chinese;Spanish - Spain,Family Sharing;Single-player;Steam Achievements,Adventure;Casual,2D;Adventure;Cartoon;Cartoony;Casual;Cats;Colorful;Cozy;Creature Collector;Cute;Family Friendly;Funny;Hand-drawn;Hidden Object;Point & Click;Puzzle;Relaxing;Singleplayer;Stylized;Wholesome,"Dive into the enchanting world of 'Hidden Cats - Winter' a hidden object game where your mission is to uncover every cat hidden within stunning hand-painted artwork. Let your keen eye and curiosity guide you through this captivating journey. ※ Key Features: 😺 100 Hidden Cats: Discover 100 hidden cats scattered throughout the artwork. 💡 Unlimited Hints: Stuck? Use unlimited hints to find the hidden cats and keep progressing. 🎵 Custom Music: Enjoy unique background music for the artwork, enhancing","{""text_match"": 0.019263959, ""cosine_similarity"": 0.5588696}"
2026-02-10T00:09:56+00:00,CORTEX_DB.RAW.CAT_GAMES_SVC_1_5,default,"hidden object cats in a city, without timer, exclude leaderboard, avoid time attack","hidden object cats in a city, without timer, exclude leaderboard, avoid time attack",[],,False,,,,no_reranker_balanced,0.75,10,100,0,289,289,,01c24ec9-0005-07a7-0001-397a0003eba6,,49,49,,7e-06,7e-06,,7e-06,,,,,[],[],[],[],[],[],,,True,[],[],,10,Hidden Cats - Zoo,0.77858775,2024,English;French;German;Italian;Japanese;Korean;Portuguese - Portugal;Russian;Simplified Chinese;Spanish - Spain,Family Sharing;Single-player;Steam Achievements,Adventure;Casual,2D;Adventure;Cartoon;Cartoony;Casual;Cats;Colorful;Cozy;Creature Collector;Cute;Family Friendly;Funny;Hand-drawn;Hidden Object;Point & Click;Puzzle;Relaxing;Singleplayer;Stylized;Wholesome,"Dive into the enchanting world of 'Hidden Cats - Zoo' a hidden object game where your mission is to uncover every cat hidden within stunning hand-painted artwork. Let your keen eye and curiosity guide you through this captivating journey. ※ Key Features: 😺 100 Hidden Cats: Discover 100 hidden cats scattered throughout the artwork. 💡 Unlimited Hints: Stuck? Use unlimited hints to find the hidden cats and keep progressing. 🎵 Custom Music: Enjoy unique background music for the artwork, enhancing yo","{""text_match"": 0.019263959, ""cosine_similarity"": 0.5571755}"
2026-02-10T00:09:58+00:00,CORTEX_DB.RAW.CAT_GAMES_SVC_1_5,default,"hidden object cats in a city, without timer, exclude leaderboard, avoid time attack","hidden object cats in a city, without timer, exclude leaderboard, avoid time attack",[],,False,,,,low_latency,0.3,10,100,0,290,290,,01c24ec9-0005-07c5-0001-397a00040792,,39,39,,6e-06,6e-06,,6e-06,,,,,[],[],[],[],[],[],,,True,[],[],,1,Cats Hidden Timeline,0.80196565,2024,Arabic;Czech;Danish;English;Finnish;French;German;Hungarian;Indonesian;Italian;Japanese;Korean;Norwegian;Polish;Portuguese - Brazil;Romanian;Russian;Simplified Chinese;Spanish - Spain;Swedish;Thai;Traditional Chinese;Turkish;Ukrainian;Vietnamese,Family Sharing;Single-player;Steam Achievements,Casual;Indie,3D;Atmospheric;Casual;Hidden Object;Indie;Puzzle;Singleplayer;Time Manipulation,"Cats Hidden Timeline has 200 cats hidden in various places in the town, forest, farm, amusement park, and house. Use the seek bar to move forward or backward in time to find the cats hiding in the grass, under chairs, in boxes, and more. 🎮 10 levels 😻 200 hidden cats 🏆 10 Achievements","{""text_match"": 2.902491e-07, ""cosine_similarity"": 0.6039313}"
2026-02-10T00:09:58+00:00,CORTEX_DB.RAW.CAT_GAMES_SVC_1_5,default,"hidden object cats in a city, without timer, exclude leaderboard, avoid time attack","hidden object cats in a city, without timer, exclude leaderboard, avoid time attack",[],,False,,,,low_latency,0.3,10,100,0,290,290,,01c24ec9-0005-07c5-0001-397a00040792,,39,39,,6e-06,6e-06,,6e-06,,,,,[],[],[],[],[],[],,,True,[],[],,2,Hidden Cats in Spooky Town,0.7846016499999999,2023,English,Family Sharing;Full controller support;Single-player;Steam Achievements;Steam Cloud;Steam Trading Cards,Casual,Adventure;Cartoony;Casual;Cats;Clicker;Collectathon;Colorful;Cozy;Creature Collector;Cute;Exploration;Family Friendly;Funny;Hand-drawn;Hidden Object;Point & Click;Puzzle;Relaxing;Satire;Wholesome,"It's Halloween time! Do you choose Trick or Cat? Enjoy and find all the Hidden Cats one by one in the Spooky Town to reveal the final colored art. Play through different modes, find special cats, and unlock bonus levels! More than 970 hidden objects to find! Got all cats, played all bonuses, and had a nice Halloween evening? This time we are giving you an EXTRA BONUS!!! Enjoy the AFTER PARTY at the park! More than 970 Hidden Objects to find in the entire game! Play through different modes, find ","{""text_match"": 0.052254565, ""cosine_similarity"": 0.5692033}"
2026-02-10T00:09:58+00:00,CORTEX_DB.RAW.CAT_GAMES_SVC_1_5,default,"hidden object cats in a city, without timer, exclude leaderboard, avoid time attack","hidden object cats in a city, without timer, exclude leaderboard, avoid time attack",[],,False,,,,low_latency,0.3,10,100,0,290,290,,01c24ec9-0005-07c5-0001-397a00040792,,39,39,,6e-06,6e-06,,6e-06,,,,,[],[],[],[],[],[],,,True,[],[],,3,Cat city,0.7868039,2023,English;Russian,Family Sharing;Full controller support;Single-player;Steam Achievements,Adventure;Casual;Indie,2D;Atmospheric;Casual;Cats;Clicker;Controller;Creature Collector;Cute;Detective;Education;Exploration;Family Friendly;Hand-drawn;Hidden Object;Interactive Fiction;Point & Click;Puzzle;Side Scroller;Singleplayer;Trading Card Game,"'Cat city' is an exciting hidden objects game. In this game, you will have to explore the whole city to find all the cats (and various secrets) and get closer to the goal of making this world and the lives of the cats living in it a little better, and restore their faith in people! The main character will help you figure it out and get comfortable, and tell you about the necessary help in this exciting and extremely important matter! The help of each person is important so that the world becomes","{""text_match"": 0.022286307, ""cosine_similarity"": 0.5736078}"
2026-02-10T00:09:58+00:00,CORTEX_DB.RAW.CAT_GAMES_SVC_1_5,default,"hidden object cats in a city, without timer, exclude leaderboard, avoid time attack","hidden object cats in a city, without timer, exclude leaderboard, avoid time attack",[],,False,,,,low_latency,0.3,10,100,0,290,290,,01c24ec9-0005-07c5-0001-397a00040792,,39,39,,6e-06,6e-06,,6e-06,,,,,[],[],[],[],[],[],,,True,[],[],,4,Hidden Cats - Easter,0.7840934500000001,2025,English;French;German;Italian;Japanese;Korean;Portuguese - Portugal;Russian;Simplified Chinese;Spanish - Spain,Family Sharing;Single-player;Steam Achievements,Casual,2D;Cartoon;Cartoony;Casual;Cats;Colorful;Creature Collector;Cute;Family Friendly;Funny;Hand-drawn;Hidden Object;Point & Click;Puzzle;Relaxing;Singleplayer;Stylized;Wholesome,"Dive into the enchanting world of 'Hidden Cats - Easter' a hidden object game where your mission is to uncover every cat hidden within stunning hand-painted artwork. Let your keen eye and curiosity guide you through this captivating journey. ※ Key Features: 😺 100 Hidden Cats: Discover 100 hidden cats scattered throughout the artwork. 💡 Unlimited Hints: Stuck? Use unlimited hints to find the hidden cats and keep progressing. 🎵 Custom Music: Enjoy unique background music for the artwork, enhancing","{""text_match"": 0.019263959, ""cosine_similarity"": 0.5681869}"
2026-02-10T00:09:58+00:00,CORTEX_DB.RAW.CAT_GAMES_SVC_1_5,default,"hidden object cats in a city, without timer, exclude leaderboard, avoid time attack","hidden object cats in a city, without timer, exclude leaderboard, avoid time attack",[],,False,,,,low_latency,0.3,10,100,0,290,290,,01c24ec9-0005-07c5-0001-397a00040792,,39,39,,6e-06,6e-06,,6e-06,,,,,[],[],[],[],[],[],,,True,[],[],,5,Cats Hidden in Germany,0.78180647,2024,Arabic;English;French;German;Indonesian;Italian;Japanese;Korean;Polish;Portuguese - Brazil;Portuguese - Portugal;Russian;Simplified Chinese;Spanish - Latin America;Spanish - Spain;Thai;Traditional Chinese;Turkish;Ukrainian,Color Alternatives;Custom Volume Controls;Family Sharing;Full controller support;Mouse Only Option;Playable without Timed Input;Save Anytime;Single-player;Steam Achievements;Steam Cloud;Steam Trading Cards;Touch Only Option,Casual;Indie,Cartoony;Casual;Cats;Collectathon;Controller;Cozy;Creature Collector;Cute;Exploration;Hand-drawn;Hidden Object;Indie;Minimalist;Point & Click;Puzzle;Relaxing;Score Attack;Singleplayer;Time Attack;Wholesome,"Cats Hidden in Germany is a cute hidden object game set in medieval Germany. 100 cats are waiting for you to be discovered within a hand-drawn background. Relax thanks to the chill soundtrack Found a cat? Click on it! Features 🐾 1 Level, 100 cats ❔ Easter Eggs 💡 Hint System ⏰ Timer mode with leaderboard ⚙️ In-game Settings","{""text_match"": 0.029339202, ""cosine_similarity"": 0.56361294}"
2026-02-10T00:09:58+00:00,CORTEX_DB.RAW.CAT_GAMES_SVC_1_5,default,"hidden object cats in a city, without timer, exclude leaderboard, avoid time attack","hidden object cats in a city, without timer, exclude leaderboard, avoid time attack",[],,False,,,,low_latency,0.3,10,100,0,290,290,,01c24ec9-0005-07c5-0001-397a00040792,,39,39,,6e-06,6e-06,,6e-06,,,,,[],[],[],[],[],[],,,True,[],[],,6,Hidden Cats in Paris,0.7797736,2022,English,Family Sharing;Full controller support;Single-player;Steam Achievements;Steam Cloud;Steam Trading Cards,Casual;Indie,Cartoon;Casual;Cats;Cute;Hand-drawn;Hidden Object;Indie;Point & Click;Relaxing,"Meow meow meow mes amis! Cats are hidden in a unique lovely Paris scenario. A short and pleasant experience in a big and lovely illustration! Start with a Beautiful monochromatic scenario, relax, and find all the cats to reveal the final colored art. More than 680 hidden objects to find!!! Play through different modes, find special cats, and unlock bonus levels! NORMAL MODE Find 100 cats in fixed positions. 3 hints. ADVANCED MODE Find 150 cats in semi-random positions. 8 Special cats that unlock","{""text_match"": 0.039712414, ""cosine_similarity"": 0.5595472}"
2026-02-10T00:09:58+00:00,CORTEX_DB.RAW.CAT_GAMES_SVC_1_5,default,"hidden object cats in a city, without timer, exclude leaderboard, avoid time attack","hidden object cats in a city, without timer, exclude leaderboard, avoid time attack",[],,False,,,,low_latency,0.3,10,100,0,290,290,,01c24ec9-0005-07c5-0001-397a00040792,,39,39,,6e-06,6e-06,,6e-06,,,,,[],[],[],[],[],[],,,True,[],[],,7,100 hidden cats 2,0.7867192000000001,2021,English,Family Sharing;Single-player;Steam Achievements;Steam Trading Cards,Adventure;Casual;Indie,2D;Adventure;Arcade;Casual;Cats;Creature Collector;Cute;Dog;Exploration;Family Friendly;Hand-drawn;Hidden Object;Minimalist;Nature;Point & Click;Puzzle;Relaxing;Side Scroller;Stylized;Trains,Art by Аnatoliy Loginovskikh Important information Press 'N' for night mode. Press 'Del' then 'Esc' to reset all achievements. 100 hidden cats 2 is a hidden object game in the city setting. Black and white hand-drawn graphics in a cartoon style. Ultra hard! Really very difficult! Cunning cats hid in the big city. They are disguised and very dangerous. Can you find 100 cats? Just click on the cat! Take care of your nerves!,"{""text_match"": 0.0025488436, ""cosine_similarity"": 0.5734384}"
2026-02-10T00:09:58+00:00,CORTEX_DB.RAW.CAT_GAMES_SVC_1_5,default,"hidden object cats in a city, without timer, exclude leaderboard, avoid time attack","hidden object cats in a city, without timer, exclude leaderboard, avoid time attack",[],,False,,,,low_latency,0.3,10,100,0,290,290,,01c24ec9-0005-07c5-0001-397a00040792,,39,39,,6e-06,6e-06,,6e-06,,,,,[],[],[],[],[],[],,,True,[],[],,8,I commissioned some cats 3,0.776893735,2023,English,Family Sharing;Single-player;Steam Achievements,Casual;Indie,2D;Abstract;Cartoony;Casual;Cats;Colorful;Comic Book;Cute;Design & Illustration;Family Friendly;Fantasy;Hand-drawn;Hidden Object;Instrumental Music;Nature;Point & Click;Psychedelic;Puzzle;Relaxing;Singleplayer,A hidden object game where you must find all the cats and wool to complete each level. Key features: 🖼️ 15 Unique artworks ❓ 1500+ Hidden objects total 🐈 750+ Cats 🧶 750+ Wool 💡 ∞ Unlimited hints if you get stuck ♻️ Restore a small number of hidden objects to a painting so you can find them again! 🎵 Music for each artwork ⌨️ Use your keyboard to move/zoom in if you have no scroll wheel 💾 3x save slots 🗑️ Reset progress entirely and play again 🕒 Timer included to show how long you took to complet,"{""text_match"": 0.040503874, ""cosine_similarity"": 0.55378747}"
2026-02-10T00:09:58+00:00,CORTEX_DB.RAW.CAT_GAMES_SVC_1_5,default,"hidden object cats in a city, without timer, exclude leaderboard, avoid time attack","hidden object cats in a city, without timer, exclude leaderboard, avoid time attack",[],,False,,,,low_latency,0.3,10,100,0,290,290,,01c24ec9-0005-07c5-0001-397a00040792,,39,39,,6e-06,6e-06,,6e-06,,,,,[],[],[],[],[],[],,,True,[],[],,9,Hidden Cats - Winter,0.7794348,2024,English;French;German;Italian;Japanese;Korean;Portuguese - Portugal;Russian;Simplified Chinese;Spanish - Spain,Family Sharing;Single-player;Steam Achievements,Adventure;Casual,2D;Adventure;Cartoon;Cartoony;Casual;Cats;Colorful;Cozy;Creature Collector;Cute;Family Friendly;Funny;Hand-drawn;Hidden Object;Point & Click;Puzzle;Relaxing;Singleplayer;Stylized;Wholesome,"Dive into the enchanting world of 'Hidden Cats - Winter' a hidden object game where your mission is to uncover every cat hidden within stunning hand-painted artwork. Let your keen eye and curiosity guide you through this captivating journey. ※ Key Features: 😺 100 Hidden Cats: Discover 100 hidden cats scattered throughout the artwork. 💡 Unlimited Hints: Stuck? Use unlimited hints to find the hidden cats and keep progressing. 🎵 Custom Music: Enjoy unique background music for the artwork, enhancing","{""text_match"": 0.019263959, ""cosine_similarity"": 0.5588696}"
2026-02-10T00:09:58+00:00,CORTEX_DB.RAW.CAT_GAMES_SVC_1_5,default,"hidden object cats in a city, without timer, exclude leaderboard, avoid time attack","hidden object cats in a city, without timer, exclude leaderboard, avoid time attack",[],,False,,,,low_latency,0.3,10,100,0,290,290,,01c24ec9-0005-07c5-0001-397a00040792,,39,39,,6e-06,6e-06,,6e-06,,,,,[],[],[],[],[],[],,,True,[],[],,10,Hidden Cats - Zoo,0.77858775,2024,English;French;German;Italian;Japanese;Korean;Portuguese - Portugal;Russian;Simplified Chinese;Spanish - Spain,Family Sharing;Single-player;Steam Achievements,Adventure;Casual,2D;Adventure;Cartoon;Cartoony;Casual;Cats;Colorful;Cozy;Creature Collector;Cute;Family Friendly;Funny;Hand-drawn;Hidden Object;Point & Click;Puzzle;Relaxing;Singleplayer;Stylized;Wholesome,"Dive into the enchanting world of 'Hidden Cats - Zoo' a hidden object game where your mission is to uncover every cat hidden within stunning hand-painted artwork. Let your keen eye and curiosity guide you through this captivating journey. ※ Key Features: 😺 100 Hidden Cats: Discover 100 hidden cats scattered throughout the artwork. 💡 Unlimited Hints: Stuck? Use unlimited hints to find the hidden cats and keep progressing. 🎵 Custom Music: Enjoy unique background music for the artwork, enhancing yo","{""text_match"": 0.019263959, ""cosine_similarity"": 0.5571755}"
2026-02-10T00:09:58+00:00,CORTEX_DB.RAW.CAT_GAMES_SVC_1_5,default,"hidden object cats in a city, without timer, exclude leaderboard, avoid time attack","hidden object cats in a city, without timer, exclude leaderboard, avoid time attack",[],,False,,,,low_latency,0.65,10,100,0,262,262,,01c24ec9-0005-07c5-0001-397a0004079a,,36,36,,5e-06,5e-06,,5e-06,,,,,[],[],[],[],[],[],,,True,[],[],,1,Cats Hidden Timeline,0.80196565,2024,Arabic;Czech;Danish;English;Finnish;French;German;Hungarian;Indonesian;Italian;Japanese;Korean;Norwegian;Polish;Portuguese - Brazil;Romanian;Russian;Simplified Chinese;Spanish - Spain;Swedish;Thai;Traditional Chinese;Turkish;Ukrainian;Vietnamese,Family Sharing;Single-player;Steam Achievements,Casual;Indie,3D;Atmospheric;Casual;Hidden Object;Indie;Puzzle;Singleplayer;Time Manipulation,"Cats Hidden Timeline has 200 cats hidden in various places in the town, forest, farm, amusement park, and house. Use the seek bar to move forward or backward in time to find the cats hiding in the grass, under chairs, in boxes, and more. 🎮 10 levels 😻 200 hidden cats 🏆 10 Achievements","{""text_match"": 2.902491e-07, ""cosine_similarity"": 0.6039313}"
2026-02-10T00:09:58+00:00,CORTEX_DB.RAW.CAT_GAMES_SVC_1_5,default,"hidden object cats in a city, without timer, exclude leaderboard, avoid time attack","hidden object cats in a city, without timer, exclude leaderboard, avoid time attack",[],,False,,,,low_latency,0.65,10,100,0,262,262,,01c24ec9-0005-07c5-0001-397a0004079a,,36,36,,5e-06,5e-06,,5e-06,,,,,[],[],[],[],[],[],,,True,[],[],,2,Hidden Cats in Spooky Town,0.7846016499999999,2023,English,Family Sharing;Full controller support;Single-player;Steam Achievements;Steam Cloud;Steam Trading Cards,Casual,Adventure;Cartoony;Casual;Cats;Clicker;Collectathon;Colorful;Cozy;Creature Collector;Cute;Exploration;Family Friendly;Funny;Hand-drawn;Hidden Object;Point & Click;Puzzle;Relaxing;Satire;Wholesome,"It's Halloween time! Do you choose Trick or Cat? Enjoy and find all the Hidden Cats one by one in the Spooky Town to reveal the final colored art. Play through different modes, find special cats, and unlock bonus levels! More than 970 hidden objects to find! Got all cats, played all bonuses, and had a nice Halloween evening? This time we are giving you an EXTRA BONUS!!! Enjoy the AFTER PARTY at the park! More than 970 Hidden Objects to find in the entire game! Play through different modes, find ","{""text_match"": 0.052254565, ""cosine_similarity"": 0.5692033}"
2026-02-10T00:09:58+00:00,CORTEX_DB.RAW.CAT_GAMES_SVC_1_5,default,"hidden object cats in a city, without timer, exclude leaderboard, avoid time attack","hidden object cats in a city, without timer, exclude leaderboard, avoid time attack",[],,False,,,,low_latency,0.65,10,100,0,262,262,,01c24ec9-0005-07c5-0001-397a0004079a,,36,36,,5e-06,5e-06,,5e-06,,,,,[],[],[],[],[],[],,,True,[],[],,3,Cat city,0.7868039,2023,English;Russian,Family Sharing;Full controller support;Single-player;Steam Achievements,Adventure;Casual;Indie,2D;Atmospheric;Casual;Cats;Clicker;Controller;Creature Collector;Cute;Detective;Education;Exploration;Family Friendly;Hand-drawn;Hidden Object;Interactive Fiction;Point & Click;Puzzle;Side Scroller;Singleplayer;Trading Card Game,"'Cat city' is an exciting hidden objects game. In this game, you will have to explore the whole city to find all the cats (and various secrets) and get closer to the goal of making this world and the lives of the cats living in it a little better, and restore their faith in people! The main character will help you figure it out and get comfortable, and tell you about the necessary help in this exciting and extremely important matter! The help of each person is important so that the world becomes","{""text_match"": 0.022286307, ""cosine_similarity"": 0.5736078}"
2026-02-10T00:09:58+00:00,CORTEX_DB.RAW.CAT_GAMES_SVC_1_5,default,"hidden object cats in a city, without timer, exclude leaderboard, avoid time attack","hidden object cats in a city, without timer, exclude leaderboard, avoid time attack",[],,False,,,,low_latency,0.65,10,100,0,262,262,,01c24ec9-0005-07c5-0001-397a0004079a,,36,36,,5e-06,5e-06,,5e-06,,,,,[],[],[],[],[],[],,,True,[],[],,4,Hidden Cats - Easter,0.7840934500000001,2025,English;French;German;Italian;Japanese;Korean;Portuguese - Portugal;Russian;Simplified Chinese;Spanish - Spain,Family Sharing;Single-player;Steam Achievements,Casual,2D;Cartoon;Cartoony;Casual;Cats;Colorful;Creature Collector;Cute;Family Friendly;Funny;Hand-drawn;Hidden Object;Point & Click;Puzzle;Relaxing;Singleplayer;Stylized;Wholesome,"Dive into the enchanting world of 'Hidden Cats - Easter' a hidden object game where your mission is to uncover every cat hidden within stunning hand-painted artwork. Let your keen eye and curiosity guide you through this captivating journey. ※ Key Features: 😺 100 Hidden Cats: Discover 100 hidden cats scattered throughout the artwork. 💡 Unlimited Hints: Stuck? Use unlimited hints to find the hidden cats and keep progressing. 🎵 Custom Music: Enjoy unique background music for the artwork, enhancing","{""text_match"": 0.019263959, ""cosine_similarity"": 0.5681869}"
2026-02-10T00:09:58+00:00,CORTEX_DB.RAW.CAT_GAMES_SVC_1_5,default,"hidden object cats in a city, without timer, exclude leaderboard, avoid time attack","hidden object cats in a city, without timer, exclude leaderboard, avoid time attack",[],,False,,,,low_latency,0.65,10,100,0,262,262,,01c24ec9-0005-07c5-0001-397a0004079a,,36,36,,5e-06,5e-06,,5e-06,,,,,[],[],[],[],[],[],,,True,[],[],,5,Cats Hidden in Germany,0.78180647,2024,Arabic;English;French;German;Indonesian;Italian;Japanese;Korean;Polish;Portuguese - Brazil;Portuguese - Portugal;Russian;Simplified Chinese;Spanish - Latin America;Spanish - Spain;Thai;Traditional Chinese;Turkish;Ukrainian,Color Alternatives;Custom Volume Controls;Family Sharing;Full controller support;Mouse Only Option;Playable without Timed Input;Save Anytime;Single-player;Steam Achievements;Steam Cloud;Steam Trading Cards;Touch Only Option,Casual;Indie,Cartoony;Casual;Cats;Collectathon;Controller;Cozy;Creature Collector;Cute;Exploration;Hand-drawn;Hidden Object;Indie;Minimalist;Point & Click;Puzzle;Relaxing;Score Attack;Singleplayer;Time Attack;Wholesome,"Cats Hidden in Germany is a cute hidden object game set in medieval Germany. 100 cats are waiting for you to be discovered within a hand-drawn background. Relax thanks to the chill soundtrack Found a cat? Click on it! Features 🐾 1 Level, 100 cats ❔ Easter Eggs 💡 Hint System ⏰ Timer mode with leaderboard ⚙️ In-game Settings","{""text_match"": 0.029339202, ""cosine_similarity"": 0.56361294}"
2026-02-10T00:09:58+00:00,CORTEX_DB.RAW.CAT_GAMES_SVC_1_5,default,"hidden object cats in a city, without timer, exclude leaderboard, avoid time attack","hidden object cats in a city, without timer, exclude leaderboard, avoid time attack",[],,False,,,,low_latency,0.65,10,100,0,262,262,,01c24ec9-0005-07c5-0001-397a0004079a,,36,36,,5e-06,5e-06,,5e-06,,,,,[],[],[],[],[],[],,,True,[],[],,6,Hidden Cats in Paris,0.7797736,2022,English,Family Sharing;Full controller support;Single-player;Steam Achievements;Steam Cloud;Steam Trading Cards,Casual;Indie,Cartoon;Casual;Cats;Cute;Hand-drawn;Hidden Object;Indie;Point & Click;Relaxing,"Meow meow meow mes amis! Cats are hidden in a unique lovely Paris scenario. A short and pleasant experience in a big and lovely illustration! Start with a Beautiful monochromatic scenario, relax, and find all the cats to reveal the final colored art. More than 680 hidden objects to find!!! Play through different modes, find special cats, and unlock bonus levels! NORMAL MODE Find 100 cats in fixed positions. 3 hints. ADVANCED MODE Find 150 cats in semi-random positions. 8 Special cats that unlock","{""text_match"": 0.039712414, ""cosine_similarity"": 0.5595472}"
2026-02-10T00:09:58+00:00,CORTEX_DB.RAW.CAT_GAMES_SVC_1_5,default,"hidden object cats in a city, without timer, exclude leaderboard, avoid time attack","hidden object cats in a city, without timer, exclude leaderboard, avoid time attack",[],,False,,,,low_latency,0.65,10,100,0,262,262,,01c24ec9-0005-07c5-0001-397a0004079a,,36,36,,5e-06,5e-06,,5e-06,,,,,[],[],[],[],[],[],,,True,[],[],,7,100 hidden cats 2,0.7867192000000001,2021,English,Family Sharing;Single-player;Steam Achievements;Steam Trading Cards,Adventure;Casual;Indie,2D;Adventure;Arcade;Casual;Cats;Creature Collector;Cute;Dog;Exploration;Family Friendly;Hand-drawn;Hidden Object;Minimalist;Nature;Point & Click;Puzzle;Relaxing;Side Scroller;Stylized;Trains,Art by Аnatoliy Loginovskikh Important information Press 'N' for night mode. Press 'Del' then 'Esc' to reset all achievements. 100 hidden cats 2 is a hidden object game in the city setting. Black and white hand-drawn graphics in a cartoon style. Ultra hard! Really very difficult! Cunning cats hid in the big city. They are disguised and very dangerous. Can you find 100 cats? Just click on the cat! Take care of your nerves!,"{""text_match"": 0.0025488436, ""cosine_similarity"": 0.5734384}"
2026-02-10T00:09:58+00:00,CORTEX_DB.RAW.CAT_GAMES_SVC_1_5,default,"hidden object cats in a city, without timer, exclude leaderboard, avoid time attack","hidden object cats in a city, without timer, exclude leaderboard, avoid time attack",[],,False,,,,low_latency,0.65,10,100,0,262,262,,01c24ec9-0005-07c5-0001-397a0004079a,,36,36,,5e-06,5e-06,,5e-06,,,,,[],[],[],[],[],[],,,True,[],[],,8,I commissioned some cats 3,0.776893735,2023,English,Family Sharing;Single-player;Steam Achievements,Casual;Indie,2D;Abstract;Cartoony;Casual;Cats;Colorful;Comic Book;Cute;Design & Illustration;Family Friendly;Fantasy;Hand-drawn;Hidden Object;Instrumental Music;Nature;Point & Click;Psychedelic;Puzzle;Relaxing;Singleplayer,A hidden object game where you must find all the cats and wool to complete each level. Key features: 🖼️ 15 Unique artworks ❓ 1500+ Hidden objects total 🐈 750+ Cats 🧶 750+ Wool 💡 ∞ Unlimited hints if you get stuck ♻️ Restore a small number of hidden objects to a painting so you can find them again! 🎵 Music for each artwork ⌨️ Use your keyboard to move/zoom in if you have no scroll wheel 💾 3x save slots 🗑️ Reset progress entirely and play again 🕒 Timer included to show how long you took to complet,"{""text_match"": 0.040503874, ""cosine_similarity"": 0.55378747}"
2026-02-10T00:09:58+00:00,CORTEX_DB.RAW.CAT_GAMES_SVC_1_5,default,"hidden object cats in a city, without timer, exclude leaderboard, avoid time attack","hidden object cats in a city, without timer, exclude leaderboard, avoid time attack",[],,False,,,,low_latency,0.65,10,100,0,262,262,,01c24ec9-0005-07c5-0001-397a0004079a,,36,36,,5e-06,5e-06,,5e-06,,,,,[],[],[],[],[],[],,,True,[],[],,9,Hidden Cats - Winter,0.7794348,2024,English;French;German;Italian;Japanese;Korean;Portuguese - Portugal;Russian;Simplified Chinese;Spanish - Spain,Family Sharing;Single-player;Steam Achievements,Adventure;Casual,2D;Adventure;Cartoon;Cartoony;Casual;Cats;Colorful;Cozy;Creature Collector;Cute;Family Friendly;Funny;Hand-drawn;Hidden Object;Point & Click;Puzzle;Relaxing;Singleplayer;Stylized;Wholesome,"Dive into the enchanting world of 'Hidden Cats - Winter' a hidden object game where your mission is to uncover every cat hidden within stunning hand-painted artwork. Let your keen eye and curiosity guide you through this captivating journey. ※ Key Features: 😺 100 Hidden Cats: Discover 100 hidden cats scattered throughout the artwork. 💡 Unlimited Hints: Stuck? Use unlimited hints to find the hidden cats and keep progressing. 🎵 Custom Music: Enjoy unique background music for the artwork, enhancing","{""text_match"": 0.019263959, ""cosine_similarity"": 0.5588696}"
2026-02-10T00:09:58+00:00,CORTEX_DB.RAW.CAT_GAMES_SVC_1_5,default,"hidden object cats in a city, without timer, exclude leaderboard, avoid time attack","hidden object cats in a city, without timer, exclude leaderboard, avoid time attack",[],,False,,,,low_latency,0.65,10,100,0,262,262,,01c24ec9-0005-07c5-0001-397a0004079a,,36,36,,5e-06,5e-06,,5e-06,,,,,[],[],[],[],[],[],,,True,[],[],,10,Hidden Cats - Zoo,0.77858775,2024,English;French;German;Italian;Japanese;Korean;Portuguese - Portugal;Russian;Simplified Chinese;Spanish - Spain,Family Sharing;Single-player;Steam Achievements,Adventure;Casual,2D;Adventure;Cartoon;Cartoony;Casual;Cats;Colorful;Cozy;Creature Collector;Cute;Family Friendly;Funny;Hand-drawn;Hidden Object;Point & Click;Puzzle;Relaxing;Singleplayer;Stylized;Wholesome,"Dive into the enchanting world of 'Hidden Cats - Zoo' a hidden object game where your mission is to uncover every cat hidden within stunning hand-painted artwork. Let your keen eye and curiosity guide you through this captivating journey. ※ Key Features: 😺 100 Hidden Cats: Discover 100 hidden cats scattered throughout the artwork. 💡 Unlimited Hints: Stuck? Use unlimited hints to find the hidden cats and keep progressing. 🎵 Custom Music: Enjoy unique background music for the artwork, enhancing yo","{""text_match"": 0.019263959, ""cosine_similarity"": 0.5571755}"
2026-02-10T00:09:59+00:00,CORTEX_DB.RAW.CAT_GAMES_SVC_1_5,default,"hidden object cats in a city, without timer, exclude leaderboard, avoid time attack","hidden object cats in a city, without timer, exclude leaderboard, avoid time attack",[],,False,,,,low_latency,0.75,10,100,0,287,287,,01c24ec9-0005-07c5-0001-397a0004079e,,37,37,,6e-06,6e-06,,6e-06,,,,,[],[],[],[],[],[],,,True,[],[],,1,Cats Hidden Timeline,0.80196565,2024,Arabic;Czech;Danish;English;Finnish;French;German;Hungarian;Indonesian;Italian;Japanese;Korean;Norwegian;Polish;Portuguese - Brazil;Romanian;Russian;Simplified Chinese;Spanish - Spain;Swedish;Thai;Traditional Chinese;Turkish;Ukrainian;Vietnamese,Family Sharing;Single-player;Steam Achievements,Casual;Indie,3D;Atmospheric;Casual;Hidden Object;Indie;Puzzle;Singleplayer;Time Manipulation,"Cats Hidden Timeline has 200 cats hidden in various places in the town, forest, farm, amusement park, and house. Use the seek bar to move forward or backward in time to find the cats hiding in the grass, under chairs, in boxes, and more. 🎮 10 levels 😻 200 hidden cats 🏆 10 Achievements","{""text_match"": 2.902491e-07, ""cosine_similarity"": 0.6039313}"
2026-02-10T00:09:59+00:00,CORTEX_DB.RAW.CAT_GAMES_SVC_1_5,default,"hidden object cats in a city, without timer, exclude leaderboard, avoid time attack","hidden object cats in a city, without timer, exclude leaderboard, avoid time attack",[],,False,,,,low_latency,0.75,10,100,0,287,287,,01c24ec9-0005-07c5-0001-397a0004079e,,37,37,,6e-06,6e-06,,6e-06,,,,,[],[],[],[],[],[],,,True,[],[],,2,Hidden Cats in Spooky Town,0.7846016499999999,2023,English,Family Sharing;Full controller support;Single-player;Steam Achievements;Steam Cloud;Steam Trading Cards,Casual,Adventure;Cartoony;Casual;Cats;Clicker;Collectathon;Colorful;Cozy;Creature Collector;Cute;Exploration;Family Friendly;Funny;Hand-drawn;Hidden Object;Point & Click;Puzzle;Relaxing;Satire;Wholesome,"It's Halloween time! Do you choose Trick or Cat? Enjoy and find all the Hidden Cats one by one in the Spooky Town to reveal the final colored art. Play through different modes, find special cats, and unlock bonus levels! More than 970 hidden objects to find! Got all cats, played all bonuses, and had a nice Halloween evening? This time we are giving you an EXTRA BONUS!!! Enjoy the AFTER PARTY at the park! More than 970 Hidden Objects to find in the entire game! Play through different modes, find ","{""text_match"": 0.052254565, ""cosine_similarity"": 0.5692033}"
2026-02-10T00:09:59+00:00,CORTEX_DB.RAW.CAT_GAMES_SVC_1_5,default,"hidden object cats in a city, without timer, exclude leaderboard, avoid time attack","hidden object cats in a city, without timer, exclude leaderboard, avoid time attack",[],,False,,,,low_latency,0.75,10,100,0,287,287,,01c24ec9-0005-07c5-0001-397a0004079e,,37,37,,6e-06,6e-06,,6e-06,,,,,[],[],[],[],[],[],,,True,[],[],,3,Cat city,0.7868039,2023,English;Russian,Family Sharing;Full controller support;Single-player;Steam Achievements,Adventure;Casual;Indie,2D;Atmospheric;Casual;Cats;Clicker;Controller;Creature Collector;Cute;Detective;Education;Exploration;Family Friendly;Hand-drawn;Hidden Object;Interactive Fiction;Point & Click;Puzzle;Side Scroller;Singleplayer;Trading Card Game,"'Cat city' is an exciting hidden objects game. In this game, you will have to explore the whole city to find all the cats (and various secrets) and get closer to the goal of making this world and the lives of the cats living in it a little better, and restore their faith in people! The main character will help you figure it out and get comfortable, and tell you about the necessary help in this exciting and extremely important matter! The help of each person is important so that the world becomes","{""text_match"": 0.022286307, ""cosine_similarity"": 0.5736078}"
2026-02-10T00:09:59+00:00,CORTEX_DB.RAW.CAT_GAMES_SVC_1_5,default,"hidden object cats in a city, without timer, exclude leaderboard, avoid time attack","hidden object cats in a city, without timer, exclude leaderboard, avoid time attack",[],,False,,,,low_latency,0.75,10,100,0,287,287,,01c24ec9-0005-07c5-0001-397a0004079e,,37,37,,6e-06,6e-06,,6e-06,,,,,[],[],[],[],[],[],,,True,[],[],,4,Hidden Cats - Easter,0.7840934500000001,2025,English;French;German;Italian;Japanese;Korean;Portuguese - Portugal;Russian;Simplified Chinese;Spanish - Spain,Family Sharing;Single-player;Steam Achievements,Casual,2D;Cartoon;Cartoony;Casual;Cats;Colorful;Creature Collector;Cute;Family Friendly;Funny;Hand-drawn;Hidden Object;Point & Click;Puzzle;Relaxing;Singleplayer;Stylized;Wholesome,"Dive into the enchanting world of 'Hidden Cats - Easter' a hidden object game where your mission is to uncover every cat hidden within stunning hand-painted artwork. Let your keen eye and curiosity guide you through this captivating journey. ※ Key Features: 😺 100 Hidden Cats: Discover 100 hidden cats scattered throughout the artwork. 💡 Unlimited Hints: Stuck? Use unlimited hints to find the hidden cats and keep progressing. 🎵 Custom Music: Enjoy unique background music for the artwork, enhancing","{""text_match"": 0.019263959, ""cosine_similarity"": 0.5681869}"
2026-02-10T00:09:59+00:00,CORTEX_DB.RAW.CAT_GAMES_SVC_1_5,default,"hidden object cats in a city, without timer, exclude leaderboard, avoid time attack","hidden object cats in a city, without timer, exclude leaderboard, avoid time attack",[],,False,,,,low_latency,0.75,10,100,0,287,287,,01c24ec9-0005-07c5-0001-397a0004079e,,37,37,,6e-06,6e-06,,6e-06,,,,,[],[],[],[],[],[],,,True,[],[],,5,Cats Hidden in Germany,0.78180647,2024,Arabic;English;French;German;Indonesian;Italian;Japanese;Korean;Polish;Portuguese - Brazil;Portuguese - Portugal;Russian;Simplified Chinese;Spanish - Latin America;Spanish - Spain;Thai;Traditional Chinese;Turkish;Ukrainian,Color Alternatives;Custom Volume Controls;Family Sharing;Full controller support;Mouse Only Option;Playable without Timed Input;Save Anytime;Single-player;Steam Achievements;Steam Cloud;Steam Trading Cards;Touch Only Option,Casual;Indie,Cartoony;Casual;Cats;Collectathon;Controller;Cozy;Creature Collector;Cute;Exploration;Hand-drawn;Hidden Object;Indie;Minimalist;Point & Click;Puzzle;Relaxing;Score Attack;Singleplayer;Time Attack;Wholesome,"Cats Hidden in Germany is a cute hidden object game set in medieval Germany. 100 cats are waiting for you to be discovered within a hand-drawn background. Relax thanks to the chill soundtrack Found a cat? Click on it! Features 🐾 1 Level, 100 cats ❔ Easter Eggs 💡 Hint System ⏰ Timer mode with leaderboard ⚙️ In-game Settings","{""text_match"": 0.029339202, ""cosine_similarity"": 0.56361294}"
2026-02-10T00:09:59+00:00,CORTEX_DB.RAW.CAT_GAMES_SVC_1_5,default,"hidden object cats in a city, without timer, exclude leaderboard, avoid time attack","hidden object cats in a city, without timer, exclude leaderboard, avoid time attack",[],,False,,,,low_latency,0.75,10,100,0,287,287,,01c24ec9-0005-07c5-0001-397a0004079e,,37,37,,6e-06,6e-06,,6e-06,,,,,[],[],[],[],[],[],,,True,[],[],,6,Hidden Cats in Paris,0.7797736,2022,English,Family Sharing;Full controller support;Single-player;Steam Achievements;Steam Cloud;Steam Trading Cards,Casual;Indie,Cartoon;Casual;Cats;Cute;Hand-drawn;Hidden Object;Indie;Point & Click;Relaxing,"Meow meow meow mes amis! Cats are hidden in a unique lovely Paris scenario. A short and pleasant experience in a big and lovely illustration! Start with a Beautiful monochromatic scenario, relax, and find all the cats to reveal the final colored art. More than 680 hidden objects to find!!! Play through different modes, find special cats, and unlock bonus levels! NORMAL MODE Find 100 cats in fixed positions. 3 hints. ADVANCED MODE Find 150 cats in semi-random positions. 8 Special cats that unlock","{""text_match"": 0.039712414, ""cosine_similarity"": 0.5595472}"
2026-02-10T00:09:59+00:00,CORTEX_DB.RAW.CAT_GAMES_SVC_1_5,default,"hidden object cats in a city, without timer, exclude leaderboard, avoid time attack","hidden object cats in a city, without timer, exclude leaderboard, avoid time attack",[],,False,,,,low_latency,0.75,10,100,0,287,287,,01c24ec9-0005-07c5-0001-397a0004079e,,37,37,,6e-06,6e-06,,6e-06,,,,,[],[],[],[],[],[],,,True,[],[],,7,100 hidden cats 2,0.7867192000000001,2021,English,Family Sharing;Single-player;Steam Achievements;Steam Trading Cards,Adventure;Casual;Indie,2D;Adventure;Arcade;Casual;Cats;Creature Collector;Cute;Dog;Exploration;Family Friendly;Hand-drawn;Hidden Object;Minimalist;Nature;Point & Click;Puzzle;Relaxing;Side Scroller;Stylized;Trains,Art by Аnatoliy Loginovskikh Important information Press 'N' for night mode. Press 'Del' then 'Esc' to reset all achievements. 100 hidden cats 2 is a hidden object game in the city setting. Black and white hand-drawn graphics in a cartoon style. Ultra hard! Really very difficult! Cunning cats hid in the big city. They are disguised and very dangerous. Can you find 100 cats? Just click on the cat! Take care of your nerves!,"{""text_match"": 0.0025488436, ""cosine_similarity"": 0.5734384}"
2026-02-10T00:09:59+00:00,CORTEX_DB.RAW.CAT_GAMES_SVC_1_5,default,"hidden object cats in a city, without timer, exclude leaderboard, avoid time attack","hidden object cats in a city, without timer, exclude leaderboard, avoid time attack",[],,False,,,,low_latency,0.75,10,100,0,287,287,,01c24ec9-0005-07c5-0001-397a0004079e,,37,37,,6e-06,6e-06,,6e-06,,,,,[],[],[],[],[],[],,,True,[],[],,8,I commissioned some cats 3,0.776893735,2023,English,Family Sharing;Single-player;Steam Achievements,Casual;Indie,2D;Abstract;Cartoony;Casual;Cats;Colorful;Comic Book;Cute;Design & Illustration;Family Friendly;Fantasy;Hand-drawn;Hidden Object;Instrumental Music;Nature;Point & Click;Psychedelic;Puzzle;Relaxing;Singleplayer,A hidden object game where you must find all the cats and wool to complete each level. Key features: 🖼️ 15 Unique artworks ❓ 1500+ Hidden objects total 🐈 750+ Cats 🧶 750+ Wool 💡 ∞ Unlimited hints if you get stuck ♻️ Restore a small number of hidden objects to a painting so you can find them again! 🎵 Music for each artwork ⌨️ Use your keyboard to move/zoom in if you have no scroll wheel 💾 3x save slots 🗑️ Reset progress entirely and play again 🕒 Timer included to show how long you took to complet,"{""text_match"": 0.040503874, ""cosine_similarity"": 0.55378747}"
2026-02-10T00:09:59+00:00,CORTEX_DB.RAW.CAT_GAMES_SVC_1_5,default,"hidden object cats in a city, without timer, exclude leaderboard, avoid time attack","hidden object cats in a city, without timer, exclude leaderboard, avoid time attack",[],,False,,,,low_latency,0.75,10,100,0,287,287,,01c24ec9-0005-07c5-0001-397a0004079e,,37,37,,6e-06,6e-06,,6e-06,,,,,[],[],[],[],[],[],,,True,[],[],,9,Hidden Cats - Winter,0.7794348,2024,English;French;German;Italian;Japanese;Korean;Portuguese - Portugal;Russian;Simplified Chinese;Spanish - Spain,Family Sharing;Single-player;Steam Achievements,Adventure;Casual,2D;Adventure;Cartoon;Cartoony;Casual;Cats;Colorful;Cozy;Creature Collector;Cute;Family Friendly;Funny;Hand-drawn;Hidden Object;Point & Click;Puzzle;Relaxing;Singleplayer;Stylized;Wholesome,"Dive into the enchanting world of 'Hidden Cats - Winter' a hidden object game where your mission is to uncover every cat hidden within stunning hand-painted artwork. Let your keen eye and curiosity guide you through this captivating journey. ※ Key Features: 😺 100 Hidden Cats: Discover 100 hidden cats scattered throughout the artwork. 💡 Unlimited Hints: Stuck? Use unlimited hints to find the hidden cats and keep progressing. 🎵 Custom Music: Enjoy unique background music for the artwork, enhancing","{""text_match"": 0.019263959, ""cosine_similarity"": 0.5588696}"
2026-02-10T00:09:59+00:00,CORTEX_DB.RAW.CAT_GAMES_SVC_1_5,default,"hidden object cats in a city, without timer, exclude leaderboard, avoid time attack","hidden object cats in a city, without timer, exclude leaderboard, avoid time attack",[],,False,,,,low_latency,0.75,10,100,0,287,287,,01c24ec9-0005-07c5-0001-397a0004079e,,37,37,,6e-06,6e-06,,6e-06,,,,,[],[],[],[],[],[],,,True,[],[],,10,Hidden Cats - Zoo,0.77858775,2024,English;French;German;Italian;Japanese;Korean;Portuguese - Portugal;Russian;Simplified Chinese;Spanish - Spain,Family Sharing;Single-player;Steam Achievements,Adventure;Casual,2D;Adventure;Cartoon;Cartoony;Casual;Cats;Colorful;Cozy;Creature Collector;Cute;Family Friendly;Funny;Hand-drawn;Hidden Object;Point & Click;Puzzle;Relaxing;Singleplayer;Stylized;Wholesome,"Dive into the enchanting world of 'Hidden Cats - Zoo' a hidden object game where your mission is to uncover every cat hidden within stunning hand-painted artwork. Let your keen eye and curiosity guide you through this captivating journey. ※ Key Features: 😺 100 Hidden Cats: Discover 100 hidden cats scattered throughout the artwork. 💡 Unlimited Hints: Stuck? Use unlimited hints to find the hidden cats and keep progressing. 🎵 Custom Music: Enjoy unique background music for the artwork, enhancing yo","{""text_match"": 0.019263959, ""cosine_similarity"": 0.5571755}"
2026-02-10T00:10:02+00:00,CORTEX_DB.RAW.CAT_GAMES_SVC_1_5,default,"hidden object cats in a city, without timer, exclude leaderboard, avoid time attack","hidden object cats in a city, without timer, exclude leaderboard, avoid time attack",[],,False,,,,reranker_heavy,0.3,10,100,0,507,507,,01c24eca-0005-07ef-0001-397a000412de,,46,46,,7e-06,7e-06,,7e-06,,,,,[],[],[],[],[],[],,,True,[],[],,1,Cat city,0.7868039,2023,English;Russian,Family Sharing;Full controller support;Single-player;Steam Achievements,Adventure;Casual;Indie,2D;Atmospheric;Casual;Cats;Clicker;Controller;Creature Collector;Cute;Detective;Education;Exploration;Family Friendly;Hand-drawn;Hidden Object;Interactive Fiction;Point & Click;Puzzle;Side Scroller;Singleplayer;Trading Card Game,"'Cat city' is an exciting hidden objects game. In this game, you will have to explore the whole city to find all the cats (and various secrets) and get closer to the goal of making this world and the lives of the cats living in it a little better, and restore their faith in people! The main character will help you figure it out and get comfortable, and tell you about the necessary help in this exciting and extremely important matter! The help of each person is important so that the world becomes","{""text_match"": 0.022286307, ""cosine_similarity"": 0.5736078, ""reranker_score"": -1.591435}"
2026-02-10T00:10:02+00:00,CORTEX_DB.RAW.CAT_GAMES_SVC_1_5,default,"hidden object cats in a city, without timer, exclude leaderboard, avoid time attack","hidden object cats in a city, without timer, exclude leaderboard, avoid time attack",[],,False,,,,reranker_heavy,0.3,10,100,0,507,507,,01c24eca-0005-07ef-0001-397a000412de,,46,46,,7e-06,7e-06,,7e-06,,,,,[],[],[],[],[],[],,,True,[],[],,2,Cats Hidden Timeline,0.80196565,2024,Arabic;Czech;Danish;English;Finnish;French;German;Hungarian;Indonesian;Italian;Japanese;Korean;Norwegian;Polish;Portuguese - Brazil;Romanian;Russian;Simplified Chinese;Spanish - Spain;Swedish;Thai;Traditional Chinese;Turkish;Ukrainian;Vietnamese,Family Sharing;Single-player;Steam Achievements,Casual;Indie,3D;Atmospheric;Casual;Hidden Object;Indie;Puzzle;Singleplayer;Time Manipulation,"Cats Hidden Timeline has 200 cats hidden in various places in the town, forest, farm, amusement park, and house. Use the seek bar to move forward or backward in time to find the cats hiding in the grass, under chairs, in boxes, and more. 🎮 10 levels 😻 200 hidden cats 🏆 10 Achievements","{""text_match"": 2.902491e-07, ""cosine_similarity"": 0.6039313, ""reranker_score"": -5.2941895}"
2026-02-10T00:10:02+00:00,CORTEX_DB.RAW.CAT_GAMES_SVC_1_5,default,"hidden object cats in a city, without timer, exclude leaderboard, avoid time attack","hidden object cats in a city, without timer, exclude leaderboard, avoid time attack",[],,False,,,,reranker_heavy,0.3,10,100,0,507,507,,01c24eca-0005-07ef-0001-397a000412de,,46,46,,7e-06,7e-06,,7e-06,,,,,[],[],[],[],[],[],,,True,[],[],,3,100 hidden cats 2,0.7867192000000001,2021,English,Family Sharing;Single-player;Steam Achievements;Steam Trading Cards,Adventure;Casual;Indie,2D;Adventure;Arcade;Casual;Cats;Creature Collector;Cute;Dog;Exploration;Family Friendly;Hand-drawn;Hidden Object;Minimalist;Nature;Point & Click;Puzzle;Relaxing;Side Scroller;Stylized;Trains,Art by Аnatoliy Loginovskikh Important information Press 'N' for night mode. Press 'Del' then 'Esc' to reset all achievements. 100 hidden cats 2 is a hidden object game in the city setting. Black and white hand-drawn graphics in a cartoon style. Ultra hard! Really very difficult! Cunning cats hid in the big city. They are disguised and very dangerous. Can you find 100 cats? Just click on the cat! Take care of your nerves!,"{""text_match"": 0.0025488436, ""cosine_similarity"": 0.5734384, ""reranker_score"": -2.750956}"
2026-02-10T00:10:02+00:00,CORTEX_DB.RAW.CAT_GAMES_SVC_1_5,default,"hidden object cats in a city, without timer, exclude leaderboard, avoid time attack","hidden object cats in a city, without timer, exclude leaderboard, avoid time attack",[],,False,,,,reranker_heavy,0.3,10,100,0,507,507,,01c24eca-0005-07ef-0001-397a000412de,,46,46,,7e-06,7e-06,,7e-06,,,,,[],[],[],[],[],[],,,True,[],[],,4,Hidden Cats in Paris,0.7797736,2022,English,Family Sharing;Full controller support;Single-player;Steam Achievements;Steam Cloud;Steam Trading Cards,Casual;Indie,Cartoon;Casual;Cats;Cute;Hand-drawn;Hidden Object;Indie;Point & Click;Relaxing,"Meow meow meow mes amis! Cats are hidden in a unique lovely Paris scenario. A short and pleasant experience in a big and lovely illustration! Start with a Beautiful monochromatic scenario, relax, and find all the cats to reveal the final colored art. More than 680 hidden objects to find!!! Play through different modes, find special cats, and unlock bonus levels! NORMAL MODE Find 100 cats in fixed positions. 3 hints. ADVANCED MODE Find 150 cats in semi-random positions. 8 Special cats that unlock","{""text_match"": 0.039712414, ""cosine_similarity"": 0.5595472, ""reranker_score"": -3.2730098}"
2026-02-10T00:10:02+00:00,CORTEX_DB.RAW.CAT_GAMES_SVC_1_5,default,"hidden object cats in a city, without timer, exclude leaderboard, avoid time attack","hidden object cats in a city, without timer, exclude leaderboard, avoid time attack",[],,False,,,,reranker_heavy,0.3,10,100,0,507,507,,01c24eca-0005-07ef-0001-397a000412de,,46,46,,7e-06,7e-06,,7e-06,,,,,[],[],[],[],[],[],,,True,[],[],,5,Hidden Cats in Spooky Town,0.7846016499999999,2023,English,Family Sharing;Full controller support;Single-player;Steam Achievements;Steam Cloud;Steam Trading Cards,Casual,Adventure;Cartoony;Casual;Cats;Clicker;Collectathon;Colorful;Cozy;Creature Collector;Cute;Exploration;Family Friendly;Funny;Hand-drawn;Hidden Object;Point & Click;Puzzle;Relaxing;Satire;Wholesome,"It's Halloween time! Do you choose Trick or Cat? Enjoy and find all the Hidden Cats one by one in the Spooky Town to reveal the final colored art. Play through different modes, find special cats, and unlock bonus levels! More than 970 hidden objects to find! Got all cats, played all bonuses, and had a nice Halloween evening? This time we are giving you an EXTRA BONUS!!! Enjoy the AFTER PARTY at the park! More than 970 Hidden Objects to find in the entire game! Play through different modes, find ","{""text_match"": 0.052254565, ""cosine_similarity"": 0.5692033, ""reranker_score"": -4.999918}"
2026-02-10T00:10:02+00:00,CORTEX_DB.RAW.CAT_GAMES_SVC_1_5,default,"hidden object cats in a city, without timer, exclude leaderboard, avoid time attack","hidden object cats in a city, without timer, exclude leaderboard, avoid time attack",[],,False,,,,reranker_heavy,0.3,10,100,0,507,507,,01c24eca-0005-07ef-0001-397a000412de,,46,46,,7e-06,7e-06,,7e-06,,,,,[],[],[],[],[],[],,,True,[],[],,6,Cats Hidden in Germany,0.78180647,2024,Arabic;English;French;German;Indonesian;Italian;Japanese;Korean;Polish;Portuguese - Brazil;Portuguese - Portugal;Russian;Simplified Chinese;Spanish - Latin America;Spanish - Spain;Thai;Traditional Chinese;Turkish;Ukrainian,Color Alternatives;Custom Volume Controls;Family Sharing;Full controller support;Mouse Only Option;Playable without Timed Input;Save Anytime;Single-player;Steam Achievements;Steam Cloud;Steam Trading Cards;Touch Only Option,Casual;Indie,Cartoony;Casual;Cats;Collectathon;Controller;Cozy;Creature Collector;Cute;Exploration;Hand-drawn;Hidden Object;Indie;Minimalist;Point & Click;Puzzle;Relaxing;Score Attack;Singleplayer;Time Attack;Wholesome,"Cats Hidden in Germany is a cute hidden object game set in medieval Germany. 100 cats are waiting for you to be discovered within a hand-drawn background. Relax thanks to the chill soundtrack Found a cat? Click on it! Features 🐾 1 Level, 100 cats ❔ Easter Eggs 💡 Hint System ⏰ Timer mode with leaderboard ⚙️ In-game Settings","{""text_match"": 0.029339202, ""cosine_similarity"": 0.56361294, ""reranker_score"": -4.512164}"
2026-02-10T00:10:02+00:00,CORTEX_DB.RAW.CAT_GAMES_SVC_1_5,default,"hidden object cats in a city, without timer, exclude leaderboard, avoid time attack","hidden object cats in a city, without timer, exclude leaderboard, avoid time attack",[],,False,,,,reranker_heavy,0.3,10,100,0,507,507,,01c24eca-0005-07ef-0001-397a000412de,,46,46,,7e-06,7e-06,,7e-06,,,,,[],[],[],[],[],[],,,True,[],[],,7,Hidden Cats - Easter,0.7840934500000001,2025,English;French;German;Italian;Japanese;Korean;Portuguese - Portugal;Russian;Simplified Chinese;Spanish - Spain,Family Sharing;Single-player;Steam Achievements,Casual,2D;Cartoon;Cartoony;Casual;Cats;Colorful;Creature Collector;Cute;Family Friendly;Funny;Hand-drawn;Hidden Object;Point & Click;Puzzle;Relaxing;Singleplayer;Stylized;Wholesome,"Dive into the enchanting world of 'Hidden Cats - Easter' a hidden object game where your mission is to uncover every cat hidden within stunning hand-painted artwork. Let your keen eye and curiosity guide you through this captivating journey. ※ Key Features: 😺 100 Hidden Cats: Discover 100 hidden cats scattered throughout the artwork. 💡 Unlimited Hints: Stuck? Use unlimited hints to find the hidden cats and keep progressing. 🎵 Custom Music: Enjoy unique background music for the artwork, enhancing","{""text_match"": 0.019263959, ""cosine_similarity"": 0.5681869, ""reranker_score"": -5.8001432}"
2026-02-10T00:10:02+00:00,CORTEX_DB.RAW.CAT_GAMES_SVC_1_5,default,"hidden object cats in a city, without timer, exclude leaderboard, avoid time attack","hidden object cats in a city, without timer, exclude leaderboard, avoid time attack",[],,False,,,,reranker_heavy,0.3,10,100,0,507,507,,01c24eca-0005-07ef-0001-397a000412de,,46,46,,7e-06,7e-06,,7e-06,,,,,[],[],[],[],[],[],,,True,[],[],,8,Hidden Cats - Winter,0.7794348,2024,English;French;German;Italian;Japanese;Korean;Portuguese - Portugal;Russian;Simplified Chinese;Spanish - Spain,Family Sharing;Single-player;Steam Achievements,Adventure;Casual,2D;Adventure;Cartoon;Cartoony;Casual;Cats;Colorful;Cozy;Creature Collector;Cute;Family Friendly;Funny;Hand-drawn;Hidden Object;Point & Click;Puzzle;Relaxing;Singleplayer;Stylized;Wholesome,"Dive into the enchanting world of 'Hidden Cats - Winter' a hidden object game where your mission is to uncover every cat hidden within stunning hand-painted artwork. Let your keen eye and curiosity guide you through this captivating journey. ※ Key Features: 😺 100 Hidden Cats: Discover 100 hidden cats scattered throughout the artwork. 💡 Unlimited Hints: Stuck? Use unlimited hints to find the hidden cats and keep progressing. 🎵 Custom Music: Enjoy unique background music for the artwork, enhancing","{""text_match"": 0.019263959, ""cosine_similarity"": 0.5588696, ""reranker_score"": -5.608096}"
2026-02-10T00:10:02+00:00,CORTEX_DB.RAW.CAT_GAMES_SVC_1_5,default,"hidden object cats in a city, without timer, exclude leaderboard, avoid time attack","hidden object cats in a city, without timer, exclude leaderboard, avoid time attack",[],,False,,,,reranker_heavy,0.3,10,100,0,507,507,,01c24eca-0005-07ef-0001-397a000412de,,46,46,,7e-06,7e-06,,7e-06,,,,,[],[],[],[],[],[],,,True,[],[],,9,101 Cats Hidden in Tokyo,0.77765605,2024,Arabic;Bulgarian;Czech;Danish;Dutch;English;Finnish;French;German;Greek;Hindi;Hungarian;Indonesian;Italian;Japanese;Korean;Norwegian;Polish;Portuguese - Brazil;Portuguese - Portugal;Romanian;Russian;Simplified Chinese;Spanish - Latin America;Spanish - Spain;Swedish;Thai;Traditional Chinese;Turkish;Ukrainian;Vietnamese,Family Sharing;Single-player;Steam Achievements;Steam Cloud,Casual;Indie,2D;Cartoony;Casual;Cats;Collectathon;Cozy;Creature Collector;Cute;Exploration;Hand-drawn;Hidden Object;Indie;Minimalist;Point & Click;Puzzle;Relaxing;Score Attack;Singleplayer;Time Attack;Wholesome,"✍️ 101 Cats Hidden in Tokyo challenges you to find hidden kitties in a beautiful hand-crafted landscape. 🎵 While you search, enjoy a peaceful and immersive soundtrack. 😸 Earn tons of achievements. 🏆 Challenge your friends to find all the cats in the shortest time! ⏱️ GAMEPLAY: 🐾 101 cats hidden in a single Landscape. 👉 Click on the kitties you find. 👀 Adjust brightness so your eyes don't get tired. 🔎 AMAZING ZOOM! 😺🐾🐈 😻","{""text_match"": 0.018528765, ""cosine_similarity"": 0.5553121, ""reranker_score"": -5.46447}"
2026-02-10T00:10:02+00:00,CORTEX_DB.RAW.CAT_GAMES_SVC_1_5,default,"hidden object cats in a city, without timer, exclude leaderboard, avoid time attack","hidden object cats in a city, without timer, exclude leaderboard, avoid time attack",[],,False,,,,reranker_heavy,0.3,10,100,0,507,507,,01c24eca-0005-07ef-0001-397a000412de,,46,46,,7e-06,7e-06,,7e-06,,,,,[],[],[],[],[],[],,,True,[],[],,10,Cats Hidden in Italy,0.7750302499999999,2023,Arabic;English;French;German;Indonesian;Italian;Japanese;Korean;Polish;Portuguese - Brazil;Portuguese - Portugal;Russian;Simplified Chinese;Spanish - Latin America;Spanish - Spain;Thai;Traditional Chinese;Turkish,Custom Volume Controls;Family Sharing;Full controller support;Mouse Only Option;Save Anytime;Single-player;Steam Achievements;Steam Cloud;Steam Trading Cards;Touch Only Option,Casual;Indie,Cartoony;Casual;Cats;Collectathon;Controller;Cozy;Creature Collector;Cute;Exploration;Hand-drawn;Hidden Object;Indie;Minimalist;Point & Click;Puzzle;Relaxing;Singleplayer;Time Attack;Wholesome,"Cats Hidden in Italy is a cute hidden object game set in Italy. 100 cats are waiting for you to be discovered within a hand-drawn background. Relax thanks to the chill soundtrack Found a cat? Click on it! Features 🐾 1 Level, 100 cats ❔ Easter Eggs 💡 Hint System ⏰ Timer mode with leaderboard ⚙️ In-game Settings","{""text_match"": 0.026999053, ""cosine_similarity"": 0.5500605, ""reranker_score"": -5.0883393}"
2026-02-10T00:10:03+00:00,CORTEX_DB.RAW.CAT_GAMES_SVC_1_5,default,"hidden object cats in a city, without timer, exclude leaderboard, avoid time attack","hidden object cats in a city, without timer, exclude leaderboard, avoid time attack",[],,False,,,,reranker_heavy,0.65,10,100,0,407,407,,01c24eca-0005-07f0-0001-397a0003f6e6,,31,31,,5e-06,5e-06,,5e-06,,,,,[],[],[],[],[],[],,,True,[],[],,1,Cat city,0.7868039,2023,English;Russian,Family Sharing;Full controller support;Single-player;Steam Achievements,Adventure;Casual;Indie,2D;Atmospheric;Casual;Cats;Clicker;Controller;Creature Collector;Cute;Detective;Education;Exploration;Family Friendly;Hand-drawn;Hidden Object;Interactive Fiction;Point & Click;Puzzle;Side Scroller;Singleplayer;Trading Card Game,"'Cat city' is an exciting hidden objects game. In this game, you will have to explore the whole city to find all the cats (and various secrets) and get closer to the goal of making this world and the lives of the cats living in it a little better, and restore their faith in people! The main character will help you figure it out and get comfortable, and tell you about the necessary help in this exciting and extremely important matter! The help of each person is important so that the world becomes","{""text_match"": 0.022286307, ""cosine_similarity"": 0.5736078, ""reranker_score"": -1.591435}"
2026-02-10T00:10:03+00:00,CORTEX_DB.RAW.CAT_GAMES_SVC_1_5,default,"hidden object cats in a city, without timer, exclude leaderboard, avoid time attack","hidden object cats in a city, without timer, exclude leaderboard, avoid time attack",[],,False,,,,reranker_heavy,0.65,10,100,0,407,407,,01c24eca-0005-07f0-0001-397a0003f6e6,,31,31,,5e-06,5e-06,,5e-06,,,,,[],[],[],[],[],[],,,True,[],[],,2,Cats Hidden Timeline,0.80196565,2024,Arabic;Czech;Danish;English;Finnish;French;German;Hungarian;Indonesian;Italian;Japanese;Korean;Norwegian;Polish;Portuguese - Brazil;Romanian;Russian;Simplified Chinese;Spanish - Spain;Swedish;Thai;Traditional Chinese;Turkish;Ukrainian;Vietnamese,Family Sharing;Single-player;Steam Achievements,Casual;Indie,3D;Atmospheric;Casual;Hidden Object;Indie;Puzzle;Singleplayer;Time Manipulation,"Cats Hidden Timeline has 200 cats hidden in various places in the town, forest, farm, amusement park, and house. Use the seek bar to move forward or backward in time to find the cats hiding in the grass, under chairs, in boxes, and more. 🎮 10 levels 😻 200 hidden cats 🏆 10 Achievements","{""text_match"": 2.902491e-07, ""cosine_similarity"": 0.6039313, ""reranker_score"": -5.2941895}"
2026-02-10T00:10:03+00:00,CORTEX_DB.RAW.CAT_GAMES_SVC_1_5,default,"hidden object cats in a city, without timer, exclude leaderboard, avoid time attack","hidden object cats in a city, without timer, exclude leaderboard, avoid time attack",[],,False,,,,reranker_heavy,0.65,10,100,0,407,407,,01c24eca-0005-07f0-0001-397a0003f6e6,,31,31,,5e-06,5e-06,,5e-06,,,,,[],[],[],[],[],[],,,True,[],[],,3,100 hidden cats 2,0.7867192000000001,2021,English,Family Sharing;Single-player;Steam Achievements;Steam Trading Cards,Adventure;Casual;Indie,2D;Adventure;Arcade;Casual;Cats;Creature Collector;Cute;Dog;Exploration;Family Friendly;Hand-drawn;Hidden Object;Minimalist;Nature;Point & Click;Puzzle;Relaxing;Side Scroller;Stylized;Trains,Art by Аnatoliy Loginovskikh Important information Press 'N' for night mode. Press 'Del' then 'Esc' to reset all achievements. 100 hidden cats 2 is a hidden object game in the city setting. Black and white hand-drawn graphics in a cartoon style. Ultra hard! Really very difficult! Cunning cats hid in the big city. They are disguised and very dangerous. Can you find 100 cats? Just click on the cat! Take care of your nerves!,"{""text_match"": 0.0025488436, ""cosine_similarity"": 0.5734384, ""reranker_score"": -2.750956}"
2026-02-10T00:10:03+00:00,CORTEX_DB.RAW.CAT_GAMES_SVC_1_5,default,"hidden object cats in a city, without timer, exclude leaderboard, avoid time attack","hidden object cats in a city, without timer, exclude leaderboard, avoid time attack",[],,False,,,,reranker_heavy,0.65,10,100,0,407,407,,01c24eca-0005-07f0-0001-397a0003f6e6,,31,31,,5e-06,5e-06,,5e-06,,,,,[],[],[],[],[],[],,,True,[],[],,4,Hidden Cats in Paris,0.7797736,2022,English,Family Sharing;Full controller support;Single-player;Steam Achievements;Steam Cloud;Steam Trading Cards,Casual;Indie,Cartoon;Casual;Cats;Cute;Hand-drawn;Hidden Object;Indie;Point & Click;Relaxing,"Meow meow meow mes amis! Cats are hidden in a unique lovely Paris scenario. A short and pleasant experience in a big and lovely illustration! Start with a Beautiful monochromatic scenario, relax, and find all the cats to reveal the final colored art. More than 680 hidden objects to find!!! Play through different modes, find special cats, and unlock bonus levels! NORMAL MODE Find 100 cats in fixed positions. 3 hints. ADVANCED MODE Find 150 cats in semi-random positions. 8 Special cats that unlock","{""text_match"": 0.039712414, ""cosine_similarity"": 0.5595472, ""reranker_score"": -3.2730098}"
2026-02-10T00:10:03+00:00,CORTEX_DB.RAW.CAT_GAMES_SVC_1_5,default,"hidden object cats in a city, without timer, exclude leaderboard, avoid time attack","hidden object cats in a city, without timer, exclude leaderboard, avoid time attack",[],,False,,,,reranker_heavy,0.65,10,100,0,407,407,,01c24eca-0005-07f0-0001-397a0003f6e6,,31,31,,5e-06,5e-06,,5e-06,,,,,[],[],[],[],[],[],,,True,[],[],,5,Hidden Cats in Spooky Town,0.7846016499999999,2023,English,Family Sharing;Full controller support;Single-player;Steam Achievements;Steam Cloud;Steam Trading Cards,Casual,Adventure;Cartoony;Casual;Cats;Clicker;Collectathon;Colorful;Cozy;Creature Collector;Cute;Exploration;Family Friendly;Funny;Hand-drawn;Hidden Object;Point & Click;Puzzle;Relaxing;Satire;Wholesome,"It's Halloween time! Do you choose Trick or Cat? Enjoy and find all the Hidden Cats one by one in the Spooky Town to reveal the final colored art. Play through different modes, find special cats, and unlock bonus levels! More than 970 hidden objects to find! Got all cats, played all bonuses, and had a nice Halloween evening? This time we are giving you an EXTRA BONUS!!! Enjoy the AFTER PARTY at the park! More than 970 Hidden Objects to find in the entire game! Play through different modes, find ","{""text_match"": 0.052254565, ""cosine_similarity"": 0.5692033, ""reranker_score"": -4.999918}"
2026-02-10T00:10:03+00:00,CORTEX_DB.RAW.CAT_GAMES_SVC_1_5,default,"hidden object cats in a city, without timer, exclude leaderboard, avoid time attack","hidden object cats in a city, without timer, exclude leaderboard, avoid time attack",[],,False,,,,reranker_heavy,0.65,10,100,0,407,407,,01c24eca-0005-07f0-0001-397a0003f6e6,,31,31,,5e-06,5e-06,,5e-06,,,,,[],[],[],[],[],[],,,True,[],[],,6,Cats Hidden in Germany,0.78180647,2024,Arabic;English;French;German;Indonesian;Italian;Japanese;Korean;Polish;Portuguese - Brazil;Portuguese - Portugal;Russian;Simplified Chinese;Spanish - Latin America;Spanish - Spain;Thai;Traditional Chinese;Turkish;Ukrainian,Color Alternatives;Custom Volume Controls;Family Sharing;Full controller support;Mouse Only Option;Playable without Timed Input;Save Anytime;Single-player;Steam Achievements;Steam Cloud;Steam Trading Cards;Touch Only Option,Casual;Indie,Cartoony;Casual;Cats;Collectathon;Controller;Cozy;Creature Collector;Cute;Exploration;Hand-drawn;Hidden Object;Indie;Minimalist;Point & Click;Puzzle;Relaxing;Score Attack;Singleplayer;Time Attack;Wholesome,"Cats Hidden in Germany is a cute hidden object game set in medieval Germany. 100 cats are waiting for you to be discovered within a hand-drawn background. Relax thanks to the chill soundtrack Found a cat? Click on it! Features 🐾 1 Level, 100 cats ❔ Easter Eggs 💡 Hint System ⏰ Timer mode with leaderboard ⚙️ In-game Settings","{""text_match"": 0.029339202, ""cosine_similarity"": 0.56361294, ""reranker_score"": -4.512164}"
2026-02-10T00:10:03+00:00,CORTEX_DB.RAW.CAT_GAMES_SVC_1_5,default,"hidden object cats in a city, without timer, exclude leaderboard, avoid time attack","hidden object cats in a city, without timer, exclude leaderboard, avoid time attack",[],,False,,,,reranker_heavy,0.65,10,100,0,407,407,,01c24eca-0005-07f0-0001-397a0003f6e6,,31,31,,5e-06,5e-06,,5e-06,,,,,[],[],[],[],[],[],,,True,[],[],,7,Hidden Cats - Easter,0.7840934500000001,2025,English;French;German;Italian;Japanese;Korean;Portuguese - Portugal;Russian;Simplified Chinese;Spanish - Spain,Family Sharing;Single-player;Steam Achievements,Casual,2D;Cartoon;Cartoony;Casual;Cats;Colorful;Creature Collector;Cute;Family Friendly;Funny;Hand-drawn;Hidden Object;Point & Click;Puzzle;Relaxing;Singleplayer;Stylized;Wholesome,"Dive into the enchanting world of 'Hidden Cats - Easter' a hidden object game where your mission is to uncover every cat hidden within stunning hand-painted artwork. Let your keen eye and curiosity guide you through this captivating journey. ※ Key Features: 😺 100 Hidden Cats: Discover 100 hidden cats scattered throughout the artwork. 💡 Unlimited Hints: Stuck? Use unlimited hints to find the hidden cats and keep progressing. 🎵 Custom Music: Enjoy unique background music for the artwork, enhancing","{""text_match"": 0.019263959, ""cosine_similarity"": 0.5681869, ""reranker_score"": -5.8001432}"
2026-02-10T00:10:03+00:00,CORTEX_DB.RAW.CAT_GAMES_SVC_1_5,default,"hidden object cats in a city, without timer, exclude leaderboard, avoid time attack","hidden object cats in a city, without timer, exclude leaderboard, avoid time attack",[],,False,,,,reranker_heavy,0.65,10,100,0,407,407,,01c24eca-0005-07f0-0001-397a0003f6e6,,31,31,,5e-06,5e-06,,5e-06,,,,,[],[],[],[],[],[],,,True,[],[],,8,Hidden Cats - Winter,0.7794348,2024,English;French;German;Italian;Japanese;Korean;Portuguese - Portugal;Russian;Simplified Chinese;Spanish - Spain,Family Sharing;Single-player;Steam Achievements,Adventure;Casual,2D;Adventure;Cartoon;Cartoony;Casual;Cats;Colorful;Cozy;Creature Collector;Cute;Family Friendly;Funny;Hand-drawn;Hidden Object;Point & Click;Puzzle;Relaxing;Singleplayer;Stylized;Wholesome,"Dive into the enchanting world of 'Hidden Cats - Winter' a hidden object game where your mission is to uncover every cat hidden within stunning hand-painted artwork. Let your keen eye and curiosity guide you through this captivating journey. ※ Key Features: 😺 100 Hidden Cats: Discover 100 hidden cats scattered throughout the artwork. 💡 Unlimited Hints: Stuck? Use unlimited hints to find the hidden cats and keep progressing. 🎵 Custom Music: Enjoy unique background music for the artwork, enhancing","{""text_match"": 0.019263959, ""cosine_similarity"": 0.5588696, ""reranker_score"": -5.608096}"
2026-02-10T00:10:03+00:00,CORTEX_DB.RAW.CAT_GAMES_SVC_1_5,default,"hidden object cats in a city, without timer, exclude leaderboard, avoid time attack","hidden object cats in a city, without timer, exclude leaderboard, avoid time attack",[],,False,,,,reranker_heavy,0.65,10,100,0,407,407,,01c24eca-0005-07f0-0001-397a0003f6e6,,31,31,,5e-06,5e-06,,5e-06,,,,,[],[],[],[],[],[],,,True,[],[],,9,101 Cats Hidden in Tokyo,0.77765605,2024,Arabic;Bulgarian;Czech;Danish;Dutch;English;Finnish;French;German;Greek;Hindi;Hungarian;Indonesian;Italian;Japanese;Korean;Norwegian;Polish;Portuguese - Brazil;Portuguese - Portugal;Romanian;Russian;Simplified Chinese;Spanish - Latin America;Spanish - Spain;Swedish;Thai;Traditional Chinese;Turkish;Ukrainian;Vietnamese,Family Sharing;Single-player;Steam Achievements;Steam Cloud,Casual;Indie,2D;Cartoony;Casual;Cats;Collectathon;Cozy;Creature Collector;Cute;Exploration;Hand-drawn;Hidden Object;Indie;Minimalist;Point & Click;Puzzle;Relaxing;Score Attack;Singleplayer;Time Attack;Wholesome,"✍️ 101 Cats Hidden in Tokyo challenges you to find hidden kitties in a beautiful hand-crafted landscape. 🎵 While you search, enjoy a peaceful and immersive soundtrack. 😸 Earn tons of achievements. 🏆 Challenge your friends to find all the cats in the shortest time! ⏱️ GAMEPLAY: 🐾 101 cats hidden in a single Landscape. 👉 Click on the kitties you find. 👀 Adjust brightness so your eyes don't get tired. 🔎 AMAZING ZOOM! 😺🐾🐈 😻","{""text_match"": 0.018528765, ""cosine_similarity"": 0.5553121, ""reranker_score"": -5.46447}"
2026-02-10T00:10:03+00:00,CORTEX_DB.RAW.CAT_GAMES_SVC_1_5,default,"hidden object cats in a city, without timer, exclude leaderboard, avoid time attack","hidden object cats in a city, without timer, exclude leaderboard, avoid time attack",[],,False,,,,reranker_heavy,0.65,10,100,0,407,407,,01c24eca-0005-07f0-0001-397a0003f6e6,,31,31,,5e-06,5e-06,,5e-06,,,,,[],[],[],[],[],[],,,True,[],[],,10,Cats Hidden in Italy,0.7750302499999999,2023,Arabic;English;French;German;Indonesian;Italian;Japanese;Korean;Polish;Portuguese - Brazil;Portuguese - Portugal;Russian;Simplified Chinese;Spanish - Latin America;Spanish - Spain;Thai;Traditional Chinese;Turkish,Custom Volume Controls;Family Sharing;Full controller support;Mouse Only Option;Save Anytime;Single-player;Steam Achievements;Steam Cloud;Steam Trading Cards;Touch Only Option,Casual;Indie,Cartoony;Casual;Cats;Collectathon;Controller;Cozy;Creature Collector;Cute;Exploration;Hand-drawn;Hidden Object;Indie;Minimalist;Point & Click;Puzzle;Relaxing;Singleplayer;Time Attack;Wholesome,"Cats Hidden in Italy is a cute hidden object game set in Italy. 100 cats are waiting for you to be discovered within a hand-drawn background. Relax thanks to the chill soundtrack Found a cat? Click on it! Features 🐾 1 Level, 100 cats ❔ Easter Eggs 💡 Hint System ⏰ Timer mode with leaderboard ⚙️ In-game Settings","{""text_match"": 0.026999053, ""cosine_similarity"": 0.5500605, ""reranker_score"": -5.0883393}"
2026-02-10T00:10:04+00:00,CORTEX_DB.RAW.CAT_GAMES_SVC_1_5,default,"hidden object cats in a city, without timer, exclude leaderboard, avoid time attack","hidden object cats in a city, without timer, exclude leaderboard, avoid time attack",[],,False,,,,reranker_heavy,0.75,10,100,0,423,423,,01c24eca-0005-07a7-0001-397a0003ebba,,47,47,,7e-06,7e-06,,7e-06,,,,,[],[],[],[],[],[],,,True,[],[],,1,Cat city,0.7868039,2023,English;Russian,Family Sharing;Full controller support;Single-player;Steam Achievements,Adventure;Casual;Indie,2D;Atmospheric;Casual;Cats;Clicker;Controller;Creature Collector;Cute;Detective;Education;Exploration;Family Friendly;Hand-drawn;Hidden Object;Interactive Fiction;Point & Click;Puzzle;Side Scroller;Singleplayer;Trading Card Game,"'Cat city' is an exciting hidden objects game. In this game, you will have to explore the whole city to find all the cats (and various secrets) and get closer to the goal of making this world and the lives of the cats living in it a little better, and restore their faith in people! The main character will help you figure it out and get comfortable, and tell you about the necessary help in this exciting and extremely important matter! The help of each person is important so that the world becomes","{""text_match"": 0.022286307, ""cosine_similarity"": 0.5736078, ""reranker_score"": -1.591435}"
2026-02-10T00:10:04+00:00,CORTEX_DB.RAW.CAT_GAMES_SVC_1_5,default,"hidden object cats in a city, without timer, exclude leaderboard, avoid time attack","hidden object cats in a city, without timer, exclude leaderboard, avoid time attack",[],,False,,,,reranker_heavy,0.75,10,100,0,423,423,,01c24eca-0005-07a7-0001-397a0003ebba,,47,47,,7e-06,7e-06,,7e-06,,,,,[],[],[],[],[],[],,,True,[],[],,2,Cats Hidden Timeline,0.80196565,2024,Arabic;Czech;Danish;English;Finnish;French;German;Hungarian;Indonesian;Italian;Japanese;Korean;Norwegian;Polish;Portuguese - Brazil;Romanian;Russian;Simplified Chinese;Spanish - Spain;Swedish;Thai;Traditional Chinese;Turkish;Ukrainian;Vietnamese,Family Sharing;Single-player;Steam Achievements,Casual;Indie,3D;Atmospheric;Casual;Hidden Object;Indie;Puzzle;Singleplayer;Time Manipulation,"Cats Hidden Timeline has 200 cats hidden in various places in the town, forest, farm, amusement park, and house. Use the seek bar to move forward or backward in time to find the cats hiding in the grass, under chairs, in boxes, and more. 🎮 10 levels 😻 200 hidden cats 🏆 10 Achievements","{""text_match"": 2.902491e-07, ""cosine_similarity"": 0.6039313, ""reranker_score"": -5.2941895}"
2026-02-10T00:10:04+00:00,CORTEX_DB.RAW.CAT_GAMES_SVC_1_5,default,"hidden object cats in a city, without timer, exclude leaderboard, avoid time attack","hidden object cats in a city, without timer, exclude leaderboard, avoid time attack",[],,False,,,,reranker_heavy,0.75,10,100,0,423,423,,01c24eca-0005-07a7-0001-397a0003ebba,,47,47,,7e-06,7e-06,,7e-06,,,,,[],[],[],[],[],[],,,True,[],[],,3,100 hidden cats 2,0.7867192000000001,2021,English,Family Sharing;Single-player;Steam Achievements;Steam Trading Cards,Adventure;Casual;Indie,2D;Adventure;Arcade;Casual;Cats;Creature Collector;Cute;Dog;Exploration;Family Friendly;Hand-drawn;Hidden Object;Minimalist;Nature;Point & Click;Puzzle;Relaxing;Side Scroller;Stylized;Trains,Art by Аnatoliy Loginovskikh Important information Press 'N' for night mode. Press 'Del' then 'Esc' to reset all achievements. 100 hidden cats 2 is a hidden object game in the city setting. Black and white hand-drawn graphics in a cartoon style. Ultra hard! Really very difficult! Cunning cats hid in the big city. They are disguised and very dangerous. Can you find 100 cats? Just click on the cat! Take care of your nerves!,"{""text_match"": 0.0025488436, ""cosine_similarity"": 0.5734384, ""reranker_score"": -2.750956}"
2026-02-10T00:10:04+00:00,CORTEX_DB.RAW.CAT_GAMES_SVC_1_5,default,"hidden object cats in a city, without timer, exclude leaderboard, avoid time attack","hidden object cats in a city, without timer, exclude leaderboard, avoid time attack",[],,False,,,,reranker_heavy,0.75,10,100,0,423,423,,01c24eca-0005-07a7-0001-397a0003ebba,,47,47,,7e-06,7e-06,,7e-06,,,,,[],[],[],[],[],[],,,True,[],[],,4,Hidden Cats in Paris,0.7797736,2022,English,Family Sharing;Full controller support;Single-player;Steam Achievements;Steam Cloud;Steam Trading Cards,Casual;Indie,Cartoon;Casual;Cats;Cute;Hand-drawn;Hidden Object;Indie;Point & Click;Relaxing,"Meow meow meow mes amis! Cats are hidden in a unique lovely Paris scenario. A short and pleasant experience in a big and lovely illustration! Start with a Beautiful monochromatic scenario, relax, and find all the cats to reveal the final colored art. More than 680 hidden objects to find!!! Play through different modes, find special cats, and unlock bonus levels! NORMAL MODE Find 100 cats in fixed positions. 3 hints. ADVANCED MODE Find 150 cats in semi-random positions. 8 Special cats that unlock","{""text_match"": 0.039712414, ""cosine_similarity"": 0.5595472, ""reranker_score"": -3.2730098}"
2026-02-10T00:10:04+00:00,CORTEX_DB.RAW.CAT_GAMES_SVC_1_5,default,"hidden object cats in a city, without timer, exclude leaderboard, avoid time attack","hidden object cats in a city, without timer, exclude leaderboard, avoid time attack",[],,False,,,,reranker_heavy,0.75,10,100,0,423,423,,01c24eca-0005-07a7-0001-397a0003ebba,,47,47,,7e-06,7e-06,,7e-06,,,,,[],[],[],[],[],[],,,True,[],[],,5,Hidden Cats in Spooky Town,0.7846016499999999,2023,English,Family Sharing;Full controller support;Single-player;Steam Achievements;Steam Cloud;Steam Trading Cards,Casual,Adventure;Cartoony;Casual;Cats;Clicker;Collectathon;Colorful;Cozy;Creature Collector;Cute;Exploration;Family Friendly;Funny;Hand-drawn;Hidden Object;Point & Click;Puzzle;Relaxing;Satire;Wholesome,"It's Halloween time! Do you choose Trick or Cat? Enjoy and find all the Hidden Cats one by one in the Spooky Town to reveal the final colored art. Play through different modes, find special cats, and unlock bonus levels! More than 970 hidden objects to find! Got all cats, played all bonuses, and had a nice Halloween evening? This time we are giving you an EXTRA BONUS!!! Enjoy the AFTER PARTY at the park! More than 970 Hidden Objects to find in the entire game! Play through different modes, find ","{""text_match"": 0.052254565, ""cosine_similarity"": 0.5692033, ""reranker_score"": -4.999918}"
2026-02-10T00:10:04+00:00,CORTEX_DB.RAW.CAT_GAMES_SVC_1_5,default,"hidden object cats in a city, without timer, exclude leaderboard, avoid time attack","hidden object cats in a city, without timer, exclude leaderboard, avoid time attack",[],,False,,,,reranker_heavy,0.75,10,100,0,423,423,,01c24eca-0005-07a7-0001-397a0003ebba,,47,47,,7e-06,7e-06,,7e-06,,,,,[],[],[],[],[],[],,,True,[],[],,6,Cats Hidden in Germany,0.78180647,2024,Arabic;English;French;German;Indonesian;Italian;Japanese;Korean;Polish;Portuguese - Brazil;Portuguese - Portugal;Russian;Simplified Chinese;Spanish - Latin America;Spanish - Spain;Thai;Traditional Chinese;Turkish;Ukrainian,Color Alternatives;Custom Volume Controls;Family Sharing;Full controller support;Mouse Only Option;Playable without Timed Input;Save Anytime;Single-player;Steam Achievements;Steam Cloud;Steam Trading Cards;Touch Only Option,Casual;Indie,Cartoony;Casual;Cats;Collectathon;Controller;Cozy;Creature Collector;Cute;Exploration;Hand-drawn;Hidden Object;Indie;Minimalist;Point & Click;Puzzle;Relaxing;Score Attack;Singleplayer;Time Attack;Wholesome,"Cats Hidden in Germany is a cute hidden object game set in medieval Germany. 100 cats are waiting for you to be discovered within a hand-drawn background. Relax thanks to the chill soundtrack Found a cat? Click on it! Features 🐾 1 Level, 100 cats ❔ Easter Eggs 💡 Hint System ⏰ Timer mode with leaderboard ⚙️ In-game Settings","{""text_match"": 0.029339202, ""cosine_similarity"": 0.56361294, ""reranker_score"": -4.512164}"
2026-02-10T00:10:04+00:00,CORTEX_DB.RAW.CAT_GAMES_SVC_1_5,default,"hidden object cats in a city, without timer, exclude leaderboard, avoid time attack","hidden object cats in a city, without timer, exclude leaderboard, avoid time attack",[],,False,,,,reranker_heavy,0.75,10,100,0,423,423,,01c24eca-0005-07a7-0001-397a0003ebba,,47,47,,7e-06,7e-06,,7e-06,,,,,[],[],[],[],[],[],,,True,[],[],,7,Hidden Cats - Easter,0.7840934500000001,2025,English;French;German;Italian;Japanese;Korean;Portuguese - Portugal;Russian;Simplified Chinese;Spanish - Spain,Family Sharing;Single-player;Steam Achievements,Casual,2D;Cartoon;Cartoony;Casual;Cats;Colorful;Creature Collector;Cute;Family Friendly;Funny;Hand-drawn;Hidden Object;Point & Click;Puzzle;Relaxing;Singleplayer;Stylized;Wholesome,"Dive into the enchanting world of 'Hidden Cats - Easter' a hidden object game where your mission is to uncover every cat hidden within stunning hand-painted artwork. Let your keen eye and curiosity guide you through this captivating journey. ※ Key Features: 😺 100 Hidden Cats: Discover 100 hidden cats scattered throughout the artwork. 💡 Unlimited Hints: Stuck? Use unlimited hints to find the hidden cats and keep progressing. 🎵 Custom Music: Enjoy unique background music for the artwork, enhancing","{""text_match"": 0.019263959, ""cosine_similarity"": 0.5681869, ""reranker_score"": -5.8001432}"
2026-02-10T00:10:04+00:00,CORTEX_DB.RAW.CAT_GAMES_SVC_1_5,default,"hidden object cats in a city, without timer, exclude leaderboard, avoid time attack","hidden object cats in a city, without timer, exclude leaderboard, avoid time attack",[],,False,,,,reranker_heavy,0.75,10,100,0,423,423,,01c24eca-0005-07a7-0001-397a0003ebba,,47,47,,7e-06,7e-06,,7e-06,,,,,[],[],[],[],[],[],,,True,[],[],,8,Hidden Cats - Winter,0.7794348,2024,English;French;German;Italian;Japanese;Korean;Portuguese - Portugal;Russian;Simplified Chinese;Spanish - Spain,Family Sharing;Single-player;Steam Achievements,Adventure;Casual,2D;Adventure;Cartoon;Cartoony;Casual;Cats;Colorful;Cozy;Creature Collector;Cute;Family Friendly;Funny;Hand-drawn;Hidden Object;Point & Click;Puzzle;Relaxing;Singleplayer;Stylized;Wholesome,"Dive into the enchanting world of 'Hidden Cats - Winter' a hidden object game where your mission is to uncover every cat hidden within stunning hand-painted artwork. Let your keen eye and curiosity guide you through this captivating journey. ※ Key Features: 😺 100 Hidden Cats: Discover 100 hidden cats scattered throughout the artwork. 💡 Unlimited Hints: Stuck? Use unlimited hints to find the hidden cats and keep progressing. 🎵 Custom Music: Enjoy unique background music for the artwork, enhancing","{""text_match"": 0.019263959, ""cosine_similarity"": 0.5588696, ""reranker_score"": -5.608096}"
2026-02-10T00:10:04+00:00,CORTEX_DB.RAW.CAT_GAMES_SVC_1_5,default,"hidden object cats in a city, without timer, exclude leaderboard, avoid time attack","hidden object cats in a city, without timer, exclude leaderboard, avoid time attack",[],,False,,,,reranker_heavy,0.75,10,100,0,423,423,,01c24eca-0005-07a7-0001-397a0003ebba,,47,47,,7e-06,7e-06,,7e-06,,,,,[],[],[],[],[],[],,,True,[],[],,9,101 Cats Hidden in Tokyo,0.77765605,2024,Arabic;Bulgarian;Czech;Danish;Dutch;English;Finnish;French;German;Greek;Hindi;Hungarian;Indonesian;Italian;Japanese;Korean;Norwegian;Polish;Portuguese - Brazil;Portuguese - Portugal;Romanian;Russian;Simplified Chinese;Spanish - Latin America;Spanish - Spain;Swedish;Thai;Traditional Chinese;Turkish;Ukrainian;Vietnamese,Family Sharing;Single-player;Steam Achievements;Steam Cloud,Casual;Indie,2D;Cartoony;Casual;Cats;Collectathon;Cozy;Creature Collector;Cute;Exploration;Hand-drawn;Hidden Object;Indie;Minimalist;Point & Click;Puzzle;Relaxing;Score Attack;Singleplayer;Time Attack;Wholesome,"✍️ 101 Cats Hidden in Tokyo challenges you to find hidden kitties in a beautiful hand-crafted landscape. 🎵 While you search, enjoy a peaceful and immersive soundtrack. 😸 Earn tons of achievements. 🏆 Challenge your friends to find all the cats in the shortest time! ⏱️ GAMEPLAY: 🐾 101 cats hidden in a single Landscape. 👉 Click on the kitties you find. 👀 Adjust brightness so your eyes don't get tired. 🔎 AMAZING ZOOM! 😺🐾🐈 😻","{""text_match"": 0.018528765, ""cosine_similarity"": 0.5553121, ""reranker_score"": -5.46447}"
2026-02-10T00:10:04+00:00,CORTEX_DB.RAW.CAT_GAMES_SVC_1_5,default,"hidden object cats in a city, without timer, exclude leaderboard, avoid time attack","hidden object cats in a city, without timer, exclude leaderboard, avoid time attack",[],,False,,,,reranker_heavy,0.75,10,100,0,423,423,,01c24eca-0005-07a7-0001-397a0003ebba,,47,47,,7e-06,7e-06,,7e-06,,,,,[],[],[],[],[],[],,,True,[],[],,10,Cats Hidden in Italy,0.7750302499999999,2023,Arabic;English;French;German;Indonesian;Italian;Japanese;Korean;Polish;Portuguese - Brazil;Portuguese - Portugal;Russian;Simplified Chinese;Spanish - Latin America;Spanish - Spain;Thai;Traditional Chinese;Turkish,Custom Volume Controls;Family Sharing;Full controller support;Mouse Only Option;Save Anytime;Single-player;Steam Achievements;Steam Cloud;Steam Trading Cards;Touch Only Option,Casual;Indie,Cartoony;Casual;Cats;Collectathon;Controller;Cozy;Creature Collector;Cute;Exploration;Hand-drawn;Hidden Object;Indie;Minimalist;Point & Click;Puzzle;Relaxing;Singleplayer;Time Attack;Wholesome,"Cats Hidden in Italy is a cute hidden object game set in Italy. 100 cats are waiting for you to be discovered within a hand-drawn background. Relax thanks to the chill soundtrack Found a cat? Click on it! Features 🐾 1 Level, 100 cats ❔ Easter Eggs 💡 Hint System ⏰ Timer mode with leaderboard ⚙️ In-game Settings","{""text_match"": 0.026999053, ""cosine_similarity"": 0.5500605, ""reranker_score"": -5.0883393}"
