timestamp_utc,service,scenario,original_query,rewritten_query,excluded_terms,rewrite_error,use_llm,llm_model,llm_max_tokens,temperature,scoring_profile,min_score,limit,candidate_limit,rewrite_ms,search_ms,request_ms,rewrite_query_id,search_query_id,rewrite_total_elapsed_ms,search_total_elapsed_ms,request_total_elapsed_ms,rewrite_cost_total_credits,search_cost_total_credits,request_cost_total_credits,rewrite_cost_cloud_services_credits,search_cost_cloud_services_credits,rewrite_cost_compute_credits,search_cost_compute_credits,rewrite_cost_query_accel_credits,search_cost_query_accel_credits,include_tags_raw,include_tags_matched,include_tags_unknown,supported_languages_raw,supported_languages_matched,supported_languages_unknown,release_year_raw,release_year_from_raw,release_year_to_raw,release_year_matched,release_year_from_matched,release_year_to_matched,attribute_filters_enabled,attribute_filters_relaxed,attribute_filter_tags_requested,attribute_filter_supported_languages_requested,attribute_filter_release_year_requested,attribute_filter_release_year_from_requested,attribute_filter_release_year_to_requested,attribute_filter_tags,attribute_filter_supported_languages,attribute_filter_release_year,attribute_filter_release_year_from,attribute_filter_release_year_to,result_rank,result_name,result_score,release_year,supported_languages,categories,genres,tags,about_the_game,scores_json
2026-02-10T20:06:34+00:00,CORTEX_DB.RAW.CAT_GAMES_SVC_1_5,default,"2025 cozy idle ""desktop"" cat cafe at the bottom of the screen; automation; idler","2025 cozy idle ""desktop"" cat cafe at the bottom of the screen; automation; idler",[],,False,,,,balanced_default,0.3,10,100,0,1431,1431,,01c25376-0005-0846-0001-397a0006e7b2,,80,80,,1.2e-05,1.2e-05,,1.2e-05,,,,,[],[],[],[],[],[],,,,,,,True,False,[],[],,,,[],[],,,,1,Desktop Cat Cafe,0.84483755,2025,Arabic;Bulgarian;Czech;Danish;Dutch;English;Finnish;French;German;Greek;Hungarian;Indonesian;Italian;Japanese;Korean;Norwegian;Polish;Portuguese - Brazil;Portuguese - Portugal;Romanian;Russian;Simplified Chinese;Spanish - Latin America;Spanish - Spain;Swedish;Thai;Traditional Chinese;Turkish;Ukrainian;Vietnamese,Family Sharing;Single-player;Stats;Steam Achievements;Steam Cloud,Casual;Simulation,3D;Automation;Building;Casual;Cats;City Builder;Colorful;Cozy;Cute;Economy;Idler;Indie;Life Sim;Management;Nature;Relaxing;Sandbox;Simulation;Strategy;Stylized,"Desktop Cate Cafe is a cute, idle management game that lives at the bottom of your screen letting you work on other tasks while your cafe runs. Design your dream cafe, unlock delicious recipes, and automate your cafe with cute cat staff! Design Your Outdoor Cafe Build the perfect cafe with hundreds of customization options paired with an easy to use building system that lets your creativity shine. Unlock Delicious Recipes Progress by serving customers to unlock over 150 different recipes from co","{""text_match"": 0.2736005, ""cosine_similarity"": 0.6896751, ""reranker_score"": -0.35314846}"
2026-02-10T20:06:34+00:00,CORTEX_DB.RAW.CAT_GAMES_SVC_1_5,default,"2025 cozy idle ""desktop"" cat cafe at the bottom of the screen; automation; idler","2025 cozy idle ""desktop"" cat cafe at the bottom of the screen; automation; idler",[],,False,,,,balanced_default,0.3,10,100,0,1431,1431,,01c25376-0005-0846-0001-397a0006e7b2,,80,80,,1.2e-05,1.2e-05,,1.2e-05,,,,,[],[],[],[],[],[],,,,,,,True,False,[],[],,,,[],[],,,,2,Boba Simulator : Idle Shop Management,0.7885538999999999,2022,Arabic;Bulgarian;Czech;Danish;Dutch;English;Finnish;French;German;Greek;Hungarian;Italian;Japanese;Korean;Norwegian;Polish;Portuguese - Brazil;Portuguese - Portugal;Romanian;Russian;Simplified Chinese;Spanish - Latin America;Spanish - Spain;Swedish;Thai;Traditional Chinese;Turkish;Ukrainian;Vietnamese,Camera Comfort;Custom Volume Controls;Family Sharing;Mouse Only Option;Playable without Timed Input;Single-player;Steam Achievements;Steam Leaderboards,Casual;Early Access;Indie;Simulation;Strategy,Automation;Cartoony;Casual;Cats;Clicker;Colorful;Cozy;Cute;Early Access;Family Friendly;Funny;Idler;Isometric;Management;Point & Click;Relaxing;Shop Keeper;Simulation;Singleplayer;Strategy,"Create mouthwatering recipes for ultimate customer satisfaction Experiment and refine your recipes through fun trial and error. Customers' preferences can change at any moment, so stay adaptable! Upgrade your shop and unlock new possibilities Invest wisely in upgrades and watch your business flourish. More exciting upgrades, like a delivery service, await you as you progress! Efficiently manage your stock and storage Purchase Boba Tea ingredients from the supermarket and optimize your limited st","{""text_match"": 0.03851348, ""cosine_similarity"": 0.5771078, ""reranker_score"": -7.7141457}"
2026-02-10T20:06:34+00:00,CORTEX_DB.RAW.CAT_GAMES_SVC_1_5,default,"2025 cozy idle ""desktop"" cat cafe at the bottom of the screen; automation; idler","2025 cozy idle ""desktop"" cat cafe at the bottom of the screen; automation; idler",[],,False,,,,balanced_default,0.3,10,100,0,1431,1431,,01c25376-0005-0846-0001-397a0006e7b2,,80,80,,1.2e-05,1.2e-05,,1.2e-05,,,,,[],[],[],[],[],[],,,,,,,True,False,[],[],,,,[],[],,,,3,Mini Cozy Room: Lo-Fi,0.7623043,2025,English;French;German;Italian;Japanese;Korean;Portuguese - Brazil;Russian;Simplified Chinese;Spanish - Spain;Traditional Chinese,Family Sharing;Single-player;Steam Achievements;Steam Cloud,Casual;Indie,Casual;Character Customization;Cozy;Family Friendly;Idler;Indie;Music;Pixel Graphics;Relaxing;Singleplayer;Utilities,"『Mini Cozy Room : Lo-Fi』 is a relaxing productivity game that combines soothing Lo-Fi music with cozy room decoration. Cute avatars and pets will accompany you, making your work more enjoyable. Convenient desktop tools like Pomodoro timers, notes, and to-do lists will boost your productivity. 1. Your Own Cozy Workspace Create the workspace you've always dreamed of! Choose from various rooms, furniture, and decorative items. Your beautifully designed workspace will enhance concentration and produ","{""text_match"": 0.020164488, ""cosine_similarity"": 0.5246086, ""reranker_score"": -6.4506598}"
2026-02-10T20:06:34+00:00,CORTEX_DB.RAW.CAT_GAMES_SVC_1_5,default,"2025 cozy idle ""desktop"" cat cafe at the bottom of the screen; automation; idler","2025 cozy idle ""desktop"" cat cafe at the bottom of the screen; automation; idler",[],,False,,,,balanced_default,0.3,10,100,0,1431,1431,,01c25376-0005-0846-0001-397a0006e7b2,,80,80,,1.2e-05,1.2e-05,,1.2e-05,,,,,[],[],[],[],[],[],,,,,,,True,False,[],[],,,,[],[],,,,4,Melo's cat cafe,0.77365765,2024,English;Japanese,Family Sharing;Single-player;Steam Achievements,Casual;Indie;Simulation,3D;Casual;Cute;Idler;Indie;Simulation;Singleplayer,"'Melo's Cat Cafe' is the perfect game for players who want to relax in a stress-free environment. Instead of chasing goals, players can simply enjoy spending time with the cats. Observe the cats as they eat and sleep, and find peace of mind in their calm presence. Main Features Spacious Mountain Home The game is set in a large house on top of a mountain with beautiful scenic views. 　　The view from the terrace is breathtaking. Free-Spirited Cats Free-spirited and independent cats make an appearan","{""text_match"": 0.08799456, ""cosine_similarity"": 0.5473153, ""reranker_score"": -8.212093}"
2026-02-10T20:06:34+00:00,CORTEX_DB.RAW.CAT_GAMES_SVC_1_5,default,"2025 cozy idle ""desktop"" cat cafe at the bottom of the screen; automation; idler","2025 cozy idle ""desktop"" cat cafe at the bottom of the screen; automation; idler",[],,False,,,,balanced_default,0.3,10,100,0,1431,1431,,01c25376-0005-0846-0001-397a0006e7b2,,80,80,,1.2e-05,1.2e-05,,1.2e-05,,,,,[],[],[],[],[],[],,,,,,,True,False,[],[],,,,[],[],,,,5,Desktop Kitten Girl,0.76657188,2025,English;Japanese;Simplified Chinese;Traditional Chinese,Family Sharing;Single-player;Steam Achievements;Steam Cloud;Steam Workshop,Adventure;Casual;Indie;RPG;Simulation,2D;Adventure;Anime;Casual;Cats;Collectathon;Comic Book;Creature Collector;Cute;Dating Sim;Exploration;Female Protagonist;Idler;Indie;Magic;Relaxing;Romance;Simulation;Singleplayer;Time Management,"Desktop Kitten Girl is an Idle table-pet game with a wealth of collectible elements and support for the Workshop. In addition to her cute appearance, clicking on the little witch will also trigger a variety of cute animations to add a touch of life to your desktop! The game has a rich collection of content, and players can arrange for the little witch to fish, cook, read, sleep, and fight activities. Each event has over 100 elements to collect, so satisfy your desire to collect! In addition to b","{""text_match"": 0.03962953, ""cosine_similarity"": 0.53314376, ""reranker_score"": -8.101899}"
2026-02-10T20:06:34+00:00,CORTEX_DB.RAW.CAT_GAMES_SVC_1_5,default,"2025 cozy idle ""desktop"" cat cafe at the bottom of the screen; automation; idler","2025 cozy idle ""desktop"" cat cafe at the bottom of the screen; automation; idler",[],,False,,,,balanced_default,0.3,10,100,0,1431,1431,,01c25376-0005-0846-0001-397a0006e7b2,,80,80,,1.2e-05,1.2e-05,,1.2e-05,,,,,[],[],[],[],[],[],,,,,,,True,False,[],[],,,,[],[],,,,6,Home Office Simulator,0.7704368500000001,2023,English,Family Sharing;Single-player;Steam Achievements;Steam Cloud,Casual;Indie,Anime;Automation;Casual;Cats;Clicker;Colorful;Cute;Idler;Indie;Simulation;Singleplayer;Strategy,"Summary Help Ayame to work remotely, keeping her free of distractions and keeping her cat interested. Upgrade your home, move to new apartments, and take care of several cats. Upgrade your apartment objects so she can work without distractions or with less chance of getting interrupted by any distractions. Gameplay Move to seven unique apartments with different distractions and upgrades to be made. Upgrade and eliminate several distractions, including cats, computers, phone calls, and notificati","{""text_match"": 0.028269487, ""cosine_similarity"": 0.5408737, ""reranker_score"": -8.381729}"
2026-02-10T20:06:34+00:00,CORTEX_DB.RAW.CAT_GAMES_SVC_1_5,default,"2025 cozy idle ""desktop"" cat cafe at the bottom of the screen; automation; idler","2025 cozy idle ""desktop"" cat cafe at the bottom of the screen; automation; idler",[],,False,,,,balanced_default,0.3,10,100,0,1431,1431,,01c25376-0005-0846-0001-397a0006e7b2,,80,80,,1.2e-05,1.2e-05,,1.2e-05,,,,,[],[],[],[],[],[],,,,,,,True,False,[],[],,,,[],[],,,,7,purrounding,0.77132255,2025,Korean,Family Sharing;Single-player,Casual;Early Access;Indie;Simulation,1990's;2D;Casual;Cats;Character Customization;Colorful;Cute;Cyberpunk;Early Access;Emotional;Family Friendly;Idler;Immersive Sim;Life Sim;Modern;Nature;Pixel Graphics;Relaxing;Simulation;Singleplayer,"Your very own workmate cat, Purrounding Unorganized wallpapers, file clutter... Whether you're working, studying, or just staring at a blank screen, spend some time with your personalized cat through Purrounding! Left alone, the cat will walk on your taskbar, curl up like a loaf of bread, and just hang out on your screen. You can use your mouse to interact with your cat. You can customize your cat to your liking. Change their fur color, eye color, and even add different patterns to make your cat","{""text_match"": 0.006070929, ""cosine_similarity"": 0.5426451, ""reranker_score"": -9.292049}"
2026-02-10T20:06:34+00:00,CORTEX_DB.RAW.CAT_GAMES_SVC_1_5,default,"2025 cozy idle ""desktop"" cat cafe at the bottom of the screen; automation; idler","2025 cozy idle ""desktop"" cat cafe at the bottom of the screen; automation; idler",[],,False,,,,balanced_default,0.3,10,100,0,1431,1431,,01c25376-0005-0846-0001-397a0006e7b2,,80,80,,1.2e-05,1.2e-05,,1.2e-05,,,,,[],[],[],[],[],[],,,,,,,True,False,[],[],,,,[],[],,,,8,Press Paws: Idle Clicker,0.77438235,2024,English,Family Sharing;Single-player;Steam Achievements,Casual;Indie,2D;Arcade;Casual;Cats;Clicker;Combat;Grid-Based Movement;Idler;Indie;Old School;Pixel Graphics;Puzzle;Relaxing;Resource Management;Singleplayer,"Press Paws is a casual, laid-back and cute Idle Clicker Game in Pixel Art style with mini-games, achievements and boss fights. Oh, and secrets. Lots of secrets. Earn as much happiness as you can in order to lead your Cat to freedom! Features Pat the Cat to generate happiness, then spend that to earn even more! Help your Cat navigate the Game Board and open the locked door at the end. Enjoy relaxing Music. Earn happiness by fighting bosses through the mysterious Portals. Unlock 30+ Achievements! ","{""text_match"": 0.034154084, ""cosine_similarity"": 0.5487647, ""reranker_score"": -10.098005}"
2026-02-10T20:06:34+00:00,CORTEX_DB.RAW.CAT_GAMES_SVC_1_5,default,"2025 cozy idle ""desktop"" cat cafe at the bottom of the screen; automation; idler","2025 cozy idle ""desktop"" cat cafe at the bottom of the screen; automation; idler",[],,False,,,,balanced_default,0.3,10,100,0,1431,1431,,01c25376-0005-0846-0001-397a0006e7b2,,80,80,,1.2e-05,1.2e-05,,1.2e-05,,,,,[],[],[],[],[],[],,,,,,,True,False,[],[],,,,[],[],,,,9,Capoo Pals,0.748937935,2023,English;Traditional Chinese,Single-player;Steam Achievements;Steam Cloud,Animation & Modeling,2D;Animation & Modeling;Atmospheric;Cartoony;Casual;Clicker;Collectathon;Colorful;Comedy;Comic Book;Creature Collector;Cute;Emotional;Funny;Idler;Relaxing;Singleplayer;Tabletop;Utilities,"A completely stress-free desktop pet that heals your boredom at work and school Let the cute and funny Capoo accompany you every moment of using the computer Use the mouse to have a fun interaction with Capoo! Collect bugcats books, many unknown Capoo and bugcats are waiting for you to discover and collect. Let's think~ Does it make you feel lonely when you are alone with your computer? Are you tired of the same presentations and information on the screen when you go to work? Feeling drained whe","{""text_match"": 0.028130732, ""cosine_similarity"": 0.49787587, ""reranker_score"": -8.764605}"
2026-02-10T20:06:34+00:00,CORTEX_DB.RAW.CAT_GAMES_SVC_1_5,default,"2025 cozy idle ""desktop"" cat cafe at the bottom of the screen; automation; idler","2025 cozy idle ""desktop"" cat cafe at the bottom of the screen; automation; idler",[],,False,,,,balanced_default,0.3,10,100,0,1431,1431,,01c25376-0005-0846-0001-397a0006e7b2,,80,80,,1.2e-05,1.2e-05,,1.2e-05,,,,,[],[],[],[],[],[],,,,,,,True,False,[],[],,,,[],[],,,,10,Cat On The Desktop,0.74861586,2023,English;Japanese;Simplified Chinese;Traditional Chinese,Family Sharing;Single-player,Casual;Indie,3D;3D Platformer;Cartoon;Casual;Emotional;Funny;Idler;Indie;Life Sim;Physics;Point & Click;Simulation;Singleplayer,Game Content Cats with 10 different skin types. Hang up and interact with your mouse operation. Game Controls Double click on the cat's head to pop up a menu; Can set whether to interact or not; Whether to place at the top; Switch skin.,"{""text_match"": 0.024160389, ""cosine_similarity"": 0.49723172, ""reranker_score"": -8.980105}"
2026-02-10T20:06:35+00:00,CORTEX_DB.RAW.CAT_GAMES_SVC_1_5,default,"2025 cozy idle ""desktop"" cat cafe at the bottom of the screen; automation; idler","2025 cozy idle ""desktop"" cat cafe at the bottom of the screen; automation; idler",[],,False,,,,balanced_default,0.65,10,100,0,1126,1126,,01c25376-0005-0864-0001-397a0006b9c2,,48,48,,7e-06,7e-06,,7e-06,,,,,[],[],[],[],[],[],,,,,,,True,False,[],[],,,,[],[],,,,1,Desktop Cat Cafe,0.84483755,2025,Arabic;Bulgarian;Czech;Danish;Dutch;English;Finnish;French;German;Greek;Hungarian;Indonesian;Italian;Japanese;Korean;Norwegian;Polish;Portuguese - Brazil;Portuguese - Portugal;Romanian;Russian;Simplified Chinese;Spanish - Latin America;Spanish - Spain;Swedish;Thai;Traditional Chinese;Turkish;Ukrainian;Vietnamese,Family Sharing;Single-player;Stats;Steam Achievements;Steam Cloud,Casual;Simulation,3D;Automation;Building;Casual;Cats;City Builder;Colorful;Cozy;Cute;Economy;Idler;Indie;Life Sim;Management;Nature;Relaxing;Sandbox;Simulation;Strategy;Stylized,"Desktop Cate Cafe is a cute, idle management game that lives at the bottom of your screen letting you work on other tasks while your cafe runs. Design your dream cafe, unlock delicious recipes, and automate your cafe with cute cat staff! Design Your Outdoor Cafe Build the perfect cafe with hundreds of customization options paired with an easy to use building system that lets your creativity shine. Unlock Delicious Recipes Progress by serving customers to unlock over 150 different recipes from co","{""text_match"": 0.2736005, ""cosine_similarity"": 0.6896751, ""reranker_score"": -0.35314846}"
2026-02-10T20:06:35+00:00,CORTEX_DB.RAW.CAT_GAMES_SVC_1_5,default,"2025 cozy idle ""desktop"" cat cafe at the bottom of the screen; automation; idler","2025 cozy idle ""desktop"" cat cafe at the bottom of the screen; automation; idler",[],,False,,,,balanced_default,0.65,10,100,0,1126,1126,,01c25376-0005-0864-0001-397a0006b9c2,,48,48,,7e-06,7e-06,,7e-06,,,,,[],[],[],[],[],[],,,,,,,True,False,[],[],,,,[],[],,,,2,Boba Simulator : Idle Shop Management,0.7885538999999999,2022,Arabic;Bulgarian;Czech;Danish;Dutch;English;Finnish;French;German;Greek;Hungarian;Italian;Japanese;Korean;Norwegian;Polish;Portuguese - Brazil;Portuguese - Portugal;Romanian;Russian;Simplified Chinese;Spanish - Latin America;Spanish - Spain;Swedish;Thai;Traditional Chinese;Turkish;Ukrainian;Vietnamese,Camera Comfort;Custom Volume Controls;Family Sharing;Mouse Only Option;Playable without Timed Input;Single-player;Steam Achievements;Steam Leaderboards,Casual;Early Access;Indie;Simulation;Strategy,Automation;Cartoony;Casual;Cats;Clicker;Colorful;Cozy;Cute;Early Access;Family Friendly;Funny;Idler;Isometric;Management;Point & Click;Relaxing;Shop Keeper;Simulation;Singleplayer;Strategy,"Create mouthwatering recipes for ultimate customer satisfaction Experiment and refine your recipes through fun trial and error. Customers' preferences can change at any moment, so stay adaptable! Upgrade your shop and unlock new possibilities Invest wisely in upgrades and watch your business flourish. More exciting upgrades, like a delivery service, await you as you progress! Efficiently manage your stock and storage Purchase Boba Tea ingredients from the supermarket and optimize your limited st","{""text_match"": 0.03851348, ""cosine_similarity"": 0.5771078, ""reranker_score"": -7.7141457}"
2026-02-10T20:06:35+00:00,CORTEX_DB.RAW.CAT_GAMES_SVC_1_5,default,"2025 cozy idle ""desktop"" cat cafe at the bottom of the screen; automation; idler","2025 cozy idle ""desktop"" cat cafe at the bottom of the screen; automation; idler",[],,False,,,,balanced_default,0.65,10,100,0,1126,1126,,01c25376-0005-0864-0001-397a0006b9c2,,48,48,,7e-06,7e-06,,7e-06,,,,,[],[],[],[],[],[],,,,,,,True,False,[],[],,,,[],[],,,,3,Mini Cozy Room: Lo-Fi,0.7623043,2025,English;French;German;Italian;Japanese;Korean;Portuguese - Brazil;Russian;Simplified Chinese;Spanish - Spain;Traditional Chinese,Family Sharing;Single-player;Steam Achievements;Steam Cloud,Casual;Indie,Casual;Character Customization;Cozy;Family Friendly;Idler;Indie;Music;Pixel Graphics;Relaxing;Singleplayer;Utilities,"『Mini Cozy Room : Lo-Fi』 is a relaxing productivity game that combines soothing Lo-Fi music with cozy room decoration. Cute avatars and pets will accompany you, making your work more enjoyable. Convenient desktop tools like Pomodoro timers, notes, and to-do lists will boost your productivity. 1. Your Own Cozy Workspace Create the workspace you've always dreamed of! Choose from various rooms, furniture, and decorative items. Your beautifully designed workspace will enhance concentration and produ","{""text_match"": 0.020164488, ""cosine_similarity"": 0.5246086, ""reranker_score"": -6.4506598}"
2026-02-10T20:06:35+00:00,CORTEX_DB.RAW.CAT_GAMES_SVC_1_5,default,"2025 cozy idle ""desktop"" cat cafe at the bottom of the screen; automation; idler","2025 cozy idle ""desktop"" cat cafe at the bottom of the screen; automation; idler",[],,False,,,,balanced_default,0.65,10,100,0,1126,1126,,01c25376-0005-0864-0001-397a0006b9c2,,48,48,,7e-06,7e-06,,7e-06,,,,,[],[],[],[],[],[],,,,,,,True,False,[],[],,,,[],[],,,,4,Melo's cat cafe,0.77365765,2024,English;Japanese,Family Sharing;Single-player;Steam Achievements,Casual;Indie;Simulation,3D;Casual;Cute;Idler;Indie;Simulation;Singleplayer,"'Melo's Cat Cafe' is the perfect game for players who want to relax in a stress-free environment. Instead of chasing goals, players can simply enjoy spending time with the cats. Observe the cats as they eat and sleep, and find peace of mind in their calm presence. Main Features Spacious Mountain Home The game is set in a large house on top of a mountain with beautiful scenic views. 　　The view from the terrace is breathtaking. Free-Spirited Cats Free-spirited and independent cats make an appearan","{""text_match"": 0.08799456, ""cosine_similarity"": 0.5473153, ""reranker_score"": -8.212093}"
2026-02-10T20:06:35+00:00,CORTEX_DB.RAW.CAT_GAMES_SVC_1_5,default,"2025 cozy idle ""desktop"" cat cafe at the bottom of the screen; automation; idler","2025 cozy idle ""desktop"" cat cafe at the bottom of the screen; automation; idler",[],,False,,,,balanced_default,0.65,10,100,0,1126,1126,,01c25376-0005-0864-0001-397a0006b9c2,,48,48,,7e-06,7e-06,,7e-06,,,,,[],[],[],[],[],[],,,,,,,True,False,[],[],,,,[],[],,,,5,Desktop Kitten Girl,0.76657188,2025,English;Japanese;Simplified Chinese;Traditional Chinese,Family Sharing;Single-player;Steam Achievements;Steam Cloud;Steam Workshop,Adventure;Casual;Indie;RPG;Simulation,2D;Adventure;Anime;Casual;Cats;Collectathon;Comic Book;Creature Collector;Cute;Dating Sim;Exploration;Female Protagonist;Idler;Indie;Magic;Relaxing;Romance;Simulation;Singleplayer;Time Management,"Desktop Kitten Girl is an Idle table-pet game with a wealth of collectible elements and support for the Workshop. In addition to her cute appearance, clicking on the little witch will also trigger a variety of cute animations to add a touch of life to your desktop! The game has a rich collection of content, and players can arrange for the little witch to fish, cook, read, sleep, and fight activities. Each event has over 100 elements to collect, so satisfy your desire to collect! In addition to b","{""text_match"": 0.03962953, ""cosine_similarity"": 0.53314376, ""reranker_score"": -8.101899}"
2026-02-10T20:06:35+00:00,CORTEX_DB.RAW.CAT_GAMES_SVC_1_5,default,"2025 cozy idle ""desktop"" cat cafe at the bottom of the screen; automation; idler","2025 cozy idle ""desktop"" cat cafe at the bottom of the screen; automation; idler",[],,False,,,,balanced_default,0.65,10,100,0,1126,1126,,01c25376-0005-0864-0001-397a0006b9c2,,48,48,,7e-06,7e-06,,7e-06,,,,,[],[],[],[],[],[],,,,,,,True,False,[],[],,,,[],[],,,,6,Home Office Simulator,0.7704368500000001,2023,English,Family Sharing;Single-player;Steam Achievements;Steam Cloud,Casual;Indie,Anime;Automation;Casual;Cats;Clicker;Colorful;Cute;Idler;Indie;Simulation;Singleplayer;Strategy,"Summary Help Ayame to work remotely, keeping her free of distractions and keeping her cat interested. Upgrade your home, move to new apartments, and take care of several cats. Upgrade your apartment objects so she can work without distractions or with less chance of getting interrupted by any distractions. Gameplay Move to seven unique apartments with different distractions and upgrades to be made. Upgrade and eliminate several distractions, including cats, computers, phone calls, and notificati","{""text_match"": 0.028269487, ""cosine_similarity"": 0.5408737, ""reranker_score"": -8.381729}"
2026-02-10T20:06:35+00:00,CORTEX_DB.RAW.CAT_GAMES_SVC_1_5,default,"2025 cozy idle ""desktop"" cat cafe at the bottom of the screen; automation; idler","2025 cozy idle ""desktop"" cat cafe at the bottom of the screen; automation; idler",[],,False,,,,balanced_default,0.65,10,100,0,1126,1126,,01c25376-0005-0864-0001-397a0006b9c2,,48,48,,7e-06,7e-06,,7e-06,,,,,[],[],[],[],[],[],,,,,,,True,False,[],[],,,,[],[],,,,7,purrounding,0.77132255,2025,Korean,Family Sharing;Single-player,Casual;Early Access;Indie;Simulation,1990's;2D;Casual;Cats;Character Customization;Colorful;Cute;Cyberpunk;Early Access;Emotional;Family Friendly;Idler;Immersive Sim;Life Sim;Modern;Nature;Pixel Graphics;Relaxing;Simulation;Singleplayer,"Your very own workmate cat, Purrounding Unorganized wallpapers, file clutter... Whether you're working, studying, or just staring at a blank screen, spend some time with your personalized cat through Purrounding! Left alone, the cat will walk on your taskbar, curl up like a loaf of bread, and just hang out on your screen. You can use your mouse to interact with your cat. You can customize your cat to your liking. Change their fur color, eye color, and even add different patterns to make your cat","{""text_match"": 0.006070929, ""cosine_similarity"": 0.5426451, ""reranker_score"": -9.292049}"
2026-02-10T20:06:35+00:00,CORTEX_DB.RAW.CAT_GAMES_SVC_1_5,default,"2025 cozy idle ""desktop"" cat cafe at the bottom of the screen; automation; idler","2025 cozy idle ""desktop"" cat cafe at the bottom of the screen; automation; idler",[],,False,,,,balanced_default,0.65,10,100,0,1126,1126,,01c25376-0005-0864-0001-397a0006b9c2,,48,48,,7e-06,7e-06,,7e-06,,,,,[],[],[],[],[],[],,,,,,,True,False,[],[],,,,[],[],,,,8,Press Paws: Idle Clicker,0.77438235,2024,English,Family Sharing;Single-player;Steam Achievements,Casual;Indie,2D;Arcade;Casual;Cats;Clicker;Combat;Grid-Based Movement;Idler;Indie;Old School;Pixel Graphics;Puzzle;Relaxing;Resource Management;Singleplayer,"Press Paws is a casual, laid-back and cute Idle Clicker Game in Pixel Art style with mini-games, achievements and boss fights. Oh, and secrets. Lots of secrets. Earn as much happiness as you can in order to lead your Cat to freedom! Features Pat the Cat to generate happiness, then spend that to earn even more! Help your Cat navigate the Game Board and open the locked door at the end. Enjoy relaxing Music. Earn happiness by fighting bosses through the mysterious Portals. Unlock 30+ Achievements! ","{""text_match"": 0.034154084, ""cosine_similarity"": 0.5487647, ""reranker_score"": -10.098005}"
2026-02-10T20:06:35+00:00,CORTEX_DB.RAW.CAT_GAMES_SVC_1_5,default,"2025 cozy idle ""desktop"" cat cafe at the bottom of the screen; automation; idler","2025 cozy idle ""desktop"" cat cafe at the bottom of the screen; automation; idler",[],,False,,,,balanced_default,0.65,10,100,0,1126,1126,,01c25376-0005-0864-0001-397a0006b9c2,,48,48,,7e-06,7e-06,,7e-06,,,,,[],[],[],[],[],[],,,,,,,True,False,[],[],,,,[],[],,,,9,Capoo Pals,0.748937935,2023,English;Traditional Chinese,Single-player;Steam Achievements;Steam Cloud,Animation & Modeling,2D;Animation & Modeling;Atmospheric;Cartoony;Casual;Clicker;Collectathon;Colorful;Comedy;Comic Book;Creature Collector;Cute;Emotional;Funny;Idler;Relaxing;Singleplayer;Tabletop;Utilities,"A completely stress-free desktop pet that heals your boredom at work and school Let the cute and funny Capoo accompany you every moment of using the computer Use the mouse to have a fun interaction with Capoo! Collect bugcats books, many unknown Capoo and bugcats are waiting for you to discover and collect. Let's think~ Does it make you feel lonely when you are alone with your computer? Are you tired of the same presentations and information on the screen when you go to work? Feeling drained whe","{""text_match"": 0.028130732, ""cosine_similarity"": 0.49787587, ""reranker_score"": -8.764605}"
2026-02-10T20:06:35+00:00,CORTEX_DB.RAW.CAT_GAMES_SVC_1_5,default,"2025 cozy idle ""desktop"" cat cafe at the bottom of the screen; automation; idler","2025 cozy idle ""desktop"" cat cafe at the bottom of the screen; automation; idler",[],,False,,,,balanced_default,0.65,10,100,0,1126,1126,,01c25376-0005-0864-0001-397a0006b9c2,,48,48,,7e-06,7e-06,,7e-06,,,,,[],[],[],[],[],[],,,,,,,True,False,[],[],,,,[],[],,,,10,Cat On The Desktop,0.74861586,2023,English;Japanese;Simplified Chinese;Traditional Chinese,Family Sharing;Single-player,Casual;Indie,3D;3D Platformer;Cartoon;Casual;Emotional;Funny;Idler;Indie;Life Sim;Physics;Point & Click;Simulation;Singleplayer,Game Content Cats with 10 different skin types. Hang up and interact with your mouse operation. Game Controls Double click on the cat's head to pop up a menu; Can set whether to interact or not; Whether to place at the top; Switch skin.,"{""text_match"": 0.024160389, ""cosine_similarity"": 0.49723172, ""reranker_score"": -8.980105}"
2026-02-10T20:06:36+00:00,CORTEX_DB.RAW.CAT_GAMES_SVC_1_5,default,"2025 cozy idle ""desktop"" cat cafe at the bottom of the screen; automation; idler","2025 cozy idle ""desktop"" cat cafe at the bottom of the screen; automation; idler",[],,False,,,,balanced_default,0.75,10,100,0,1123,1123,,01c25376-0005-0843-0001-397a0006d49a,,63,63,,9e-06,9e-06,,9e-06,,,,,[],[],[],[],[],[],,,,,,,True,False,[],[],,,,[],[],,,,1,Desktop Cat Cafe,0.84483755,2025,Arabic;Bulgarian;Czech;Danish;Dutch;English;Finnish;French;German;Greek;Hungarian;Indonesian;Italian;Japanese;Korean;Norwegian;Polish;Portuguese - Brazil;Portuguese - Portugal;Romanian;Russian;Simplified Chinese;Spanish - Latin America;Spanish - Spain;Swedish;Thai;Traditional Chinese;Turkish;Ukrainian;Vietnamese,Family Sharing;Single-player;Stats;Steam Achievements;Steam Cloud,Casual;Simulation,3D;Automation;Building;Casual;Cats;City Builder;Colorful;Cozy;Cute;Economy;Idler;Indie;Life Sim;Management;Nature;Relaxing;Sandbox;Simulation;Strategy;Stylized,"Desktop Cate Cafe is a cute, idle management game that lives at the bottom of your screen letting you work on other tasks while your cafe runs. Design your dream cafe, unlock delicious recipes, and automate your cafe with cute cat staff! Design Your Outdoor Cafe Build the perfect cafe with hundreds of customization options paired with an easy to use building system that lets your creativity shine. Unlock Delicious Recipes Progress by serving customers to unlock over 150 different recipes from co","{""text_match"": 0.2736005, ""cosine_similarity"": 0.6896751, ""reranker_score"": -0.35314846}"
2026-02-10T20:06:36+00:00,CORTEX_DB.RAW.CAT_GAMES_SVC_1_5,default,"2025 cozy idle ""desktop"" cat cafe at the bottom of the screen; automation; idler","2025 cozy idle ""desktop"" cat cafe at the bottom of the screen; automation; idler",[],,False,,,,balanced_default,0.75,10,100,0,1123,1123,,01c25376-0005-0843-0001-397a0006d49a,,63,63,,9e-06,9e-06,,9e-06,,,,,[],[],[],[],[],[],,,,,,,True,False,[],[],,,,[],[],,,,2,Boba Simulator : Idle Shop Management,0.7885538999999999,2022,Arabic;Bulgarian;Czech;Danish;Dutch;English;Finnish;French;German;Greek;Hungarian;Italian;Japanese;Korean;Norwegian;Polish;Portuguese - Brazil;Portuguese - Portugal;Romanian;Russian;Simplified Chinese;Spanish - Latin America;Spanish - Spain;Swedish;Thai;Traditional Chinese;Turkish;Ukrainian;Vietnamese,Camera Comfort;Custom Volume Controls;Family Sharing;Mouse Only Option;Playable without Timed Input;Single-player;Steam Achievements;Steam Leaderboards,Casual;Early Access;Indie;Simulation;Strategy,Automation;Cartoony;Casual;Cats;Clicker;Colorful;Cozy;Cute;Early Access;Family Friendly;Funny;Idler;Isometric;Management;Point & Click;Relaxing;Shop Keeper;Simulation;Singleplayer;Strategy,"Create mouthwatering recipes for ultimate customer satisfaction Experiment and refine your recipes through fun trial and error. Customers' preferences can change at any moment, so stay adaptable! Upgrade your shop and unlock new possibilities Invest wisely in upgrades and watch your business flourish. More exciting upgrades, like a delivery service, await you as you progress! Efficiently manage your stock and storage Purchase Boba Tea ingredients from the supermarket and optimize your limited st","{""text_match"": 0.03851348, ""cosine_similarity"": 0.5771078, ""reranker_score"": -7.7141457}"
2026-02-10T20:06:36+00:00,CORTEX_DB.RAW.CAT_GAMES_SVC_1_5,default,"2025 cozy idle ""desktop"" cat cafe at the bottom of the screen; automation; idler","2025 cozy idle ""desktop"" cat cafe at the bottom of the screen; automation; idler",[],,False,,,,balanced_default,0.75,10,100,0,1123,1123,,01c25376-0005-0843-0001-397a0006d49a,,63,63,,9e-06,9e-06,,9e-06,,,,,[],[],[],[],[],[],,,,,,,True,False,[],[],,,,[],[],,,,3,Mini Cozy Room: Lo-Fi,0.7623043,2025,English;French;German;Italian;Japanese;Korean;Portuguese - Brazil;Russian;Simplified Chinese;Spanish - Spain;Traditional Chinese,Family Sharing;Single-player;Steam Achievements;Steam Cloud,Casual;Indie,Casual;Character Customization;Cozy;Family Friendly;Idler;Indie;Music;Pixel Graphics;Relaxing;Singleplayer;Utilities,"『Mini Cozy Room : Lo-Fi』 is a relaxing productivity game that combines soothing Lo-Fi music with cozy room decoration. Cute avatars and pets will accompany you, making your work more enjoyable. Convenient desktop tools like Pomodoro timers, notes, and to-do lists will boost your productivity. 1. Your Own Cozy Workspace Create the workspace you've always dreamed of! Choose from various rooms, furniture, and decorative items. Your beautifully designed workspace will enhance concentration and produ","{""text_match"": 0.020164488, ""cosine_similarity"": 0.5246086, ""reranker_score"": -6.4506598}"
2026-02-10T20:06:36+00:00,CORTEX_DB.RAW.CAT_GAMES_SVC_1_5,default,"2025 cozy idle ""desktop"" cat cafe at the bottom of the screen; automation; idler","2025 cozy idle ""desktop"" cat cafe at the bottom of the screen; automation; idler",[],,False,,,,balanced_default,0.75,10,100,0,1123,1123,,01c25376-0005-0843-0001-397a0006d49a,,63,63,,9e-06,9e-06,,9e-06,,,,,[],[],[],[],[],[],,,,,,,True,False,[],[],,,,[],[],,,,4,Melo's cat cafe,0.77365765,2024,English;Japanese,Family Sharing;Single-player;Steam Achievements,Casual;Indie;Simulation,3D;Casual;Cute;Idler;Indie;Simulation;Singleplayer,"'Melo's Cat Cafe' is the perfect game for players who want to relax in a stress-free environment. Instead of chasing goals, players can simply enjoy spending time with the cats. Observe the cats as they eat and sleep, and find peace of mind in their calm presence. Main Features Spacious Mountain Home The game is set in a large house on top of a mountain with beautiful scenic views. 　　The view from the terrace is breathtaking. Free-Spirited Cats Free-spirited and independent cats make an appearan","{""text_match"": 0.08799456, ""cosine_similarity"": 0.5473153, ""reranker_score"": -8.212093}"
2026-02-10T20:06:36+00:00,CORTEX_DB.RAW.CAT_GAMES_SVC_1_5,default,"2025 cozy idle ""desktop"" cat cafe at the bottom of the screen; automation; idler","2025 cozy idle ""desktop"" cat cafe at the bottom of the screen; automation; idler",[],,False,,,,balanced_default,0.75,10,100,0,1123,1123,,01c25376-0005-0843-0001-397a0006d49a,,63,63,,9e-06,9e-06,,9e-06,,,,,[],[],[],[],[],[],,,,,,,True,False,[],[],,,,[],[],,,,5,Desktop Kitten Girl,0.76657188,2025,English;Japanese;Simplified Chinese;Traditional Chinese,Family Sharing;Single-player;Steam Achievements;Steam Cloud;Steam Workshop,Adventure;Casual;Indie;RPG;Simulation,2D;Adventure;Anime;Casual;Cats;Collectathon;Comic Book;Creature Collector;Cute;Dating Sim;Exploration;Female Protagonist;Idler;Indie;Magic;Relaxing;Romance;Simulation;Singleplayer;Time Management,"Desktop Kitten Girl is an Idle table-pet game with a wealth of collectible elements and support for the Workshop. In addition to her cute appearance, clicking on the little witch will also trigger a variety of cute animations to add a touch of life to your desktop! The game has a rich collection of content, and players can arrange for the little witch to fish, cook, read, sleep, and fight activities. Each event has over 100 elements to collect, so satisfy your desire to collect! In addition to b","{""text_match"": 0.03962953, ""cosine_similarity"": 0.53314376, ""reranker_score"": -8.101899}"
2026-02-10T20:06:36+00:00,CORTEX_DB.RAW.CAT_GAMES_SVC_1_5,default,"2025 cozy idle ""desktop"" cat cafe at the bottom of the screen; automation; idler","2025 cozy idle ""desktop"" cat cafe at the bottom of the screen; automation; idler",[],,False,,,,balanced_default,0.75,10,100,0,1123,1123,,01c25376-0005-0843-0001-397a0006d49a,,63,63,,9e-06,9e-06,,9e-06,,,,,[],[],[],[],[],[],,,,,,,True,False,[],[],,,,[],[],,,,6,Home Office Simulator,0.7704368500000001,2023,English,Family Sharing;Single-player;Steam Achievements;Steam Cloud,Casual;Indie,Anime;Automation;Casual;Cats;Clicker;Colorful;Cute;Idler;Indie;Simulation;Singleplayer;Strategy,"Summary Help Ayame to work remotely, keeping her free of distractions and keeping her cat interested. Upgrade your home, move to new apartments, and take care of several cats. Upgrade your apartment objects so she can work without distractions or with less chance of getting interrupted by any distractions. Gameplay Move to seven unique apartments with different distractions and upgrades to be made. Upgrade and eliminate several distractions, including cats, computers, phone calls, and notificati","{""text_match"": 0.028269487, ""cosine_similarity"": 0.5408737, ""reranker_score"": -8.381729}"
2026-02-10T20:06:36+00:00,CORTEX_DB.RAW.CAT_GAMES_SVC_1_5,default,"2025 cozy idle ""desktop"" cat cafe at the bottom of the screen; automation; idler","2025 cozy idle ""desktop"" cat cafe at the bottom of the screen; automation; idler",[],,False,,,,balanced_default,0.75,10,100,0,1123,1123,,01c25376-0005-0843-0001-397a0006d49a,,63,63,,9e-06,9e-06,,9e-06,,,,,[],[],[],[],[],[],,,,,,,True,False,[],[],,,,[],[],,,,7,purrounding,0.77132255,2025,Korean,Family Sharing;Single-player,Casual;Early Access;Indie;Simulation,1990's;2D;Casual;Cats;Character Customization;Colorful;Cute;Cyberpunk;Early Access;Emotional;Family Friendly;Idler;Immersive Sim;Life Sim;Modern;Nature;Pixel Graphics;Relaxing;Simulation;Singleplayer,"Your very own workmate cat, Purrounding Unorganized wallpapers, file clutter... Whether you're working, studying, or just staring at a blank screen, spend some time with your personalized cat through Purrounding! Left alone, the cat will walk on your taskbar, curl up like a loaf of bread, and just hang out on your screen. You can use your mouse to interact with your cat. You can customize your cat to your liking. Change their fur color, eye color, and even add different patterns to make your cat","{""text_match"": 0.006070929, ""cosine_similarity"": 0.5426451, ""reranker_score"": -9.292049}"
2026-02-10T20:06:36+00:00,CORTEX_DB.RAW.CAT_GAMES_SVC_1_5,default,"2025 cozy idle ""desktop"" cat cafe at the bottom of the screen; automation; idler","2025 cozy idle ""desktop"" cat cafe at the bottom of the screen; automation; idler",[],,False,,,,balanced_default,0.75,10,100,0,1123,1123,,01c25376-0005-0843-0001-397a0006d49a,,63,63,,9e-06,9e-06,,9e-06,,,,,[],[],[],[],[],[],,,,,,,True,False,[],[],,,,[],[],,,,8,Press Paws: Idle Clicker,0.77438235,2024,English,Family Sharing;Single-player;Steam Achievements,Casual;Indie,2D;Arcade;Casual;Cats;Clicker;Combat;Grid-Based Movement;Idler;Indie;Old School;Pixel Graphics;Puzzle;Relaxing;Resource Management;Singleplayer,"Press Paws is a casual, laid-back and cute Idle Clicker Game in Pixel Art style with mini-games, achievements and boss fights. Oh, and secrets. Lots of secrets. Earn as much happiness as you can in order to lead your Cat to freedom! Features Pat the Cat to generate happiness, then spend that to earn even more! Help your Cat navigate the Game Board and open the locked door at the end. Enjoy relaxing Music. Earn happiness by fighting bosses through the mysterious Portals. Unlock 30+ Achievements! ","{""text_match"": 0.034154084, ""cosine_similarity"": 0.5487647, ""reranker_score"": -10.098005}"
2026-02-10T20:06:36+00:00,CORTEX_DB.RAW.CAT_GAMES_SVC_1_5,default,"2025 cozy idle ""desktop"" cat cafe at the bottom of the screen; automation; idler","2025 cozy idle ""desktop"" cat cafe at the bottom of the screen; automation; idler",[],,False,,,,balanced_default,0.75,10,100,0,1123,1123,,01c25376-0005-0843-0001-397a0006d49a,,63,63,,9e-06,9e-06,,9e-06,,,,,[],[],[],[],[],[],,,,,,,True,False,[],[],,,,[],[],,,,9,MeowWare,0.75054835,2025,English,Family Sharing;Single-player;Steam Achievements,Casual;Early Access;Indie,1990's;2D;Arcade;Casual;Cats;Colorful;Comedy;Cute;Early Access;Exploration;Family Friendly;Funny;Hidden Object;Linear;Pixel Graphics;Point & Click;Relaxing;Retro;Spelling;Typing,"You just got home from work. You are exhausted from a long, hard day of scratching on things and knocking cups off of counters. You know the best way to relax are funny cat videos, so you launch your pc, but it's filled with MeowWare! You must clear the pesky pop ups as quick as possible so you can get to watching your favorite videos! There are 4 different game-modes that you can select! Each one has unique gameplay and different potential pop-ups may appear! The Speed Attack Game is a timed mo","{""text_match"": 0.013715161, ""cosine_similarity"": 0.5010967, ""reranker_score"": -10.149309}"
2026-02-10T20:06:36+00:00,CORTEX_DB.RAW.CAT_GAMES_SVC_1_5,default,"2025 cozy idle ""desktop"" cat cafe at the bottom of the screen; automation; idler","2025 cozy idle ""desktop"" cat cafe at the bottom of the screen; automation; idler",[],,False,,,,balanced_default,0.75,10,100,0,1123,1123,,01c25376-0005-0843-0001-397a0006d49a,,63,63,,9e-06,9e-06,,9e-06,,,,,[],[],[],[],[],[],,,,,,,True,False,[],[],,,,[],[],,,,10,Hidden Office,0.7563458000000001,2021,Arabic;Bulgarian;Czech;Danish;Dutch;English;Finnish;French;German;Greek;Hungarian;Italian;Japanese;Korean;Norwegian;Polish;Portuguese - Brazil;Portuguese - Portugal;Romanian;Russian;Simplified Chinese;Spanish - Latin America;Spanish - Spain;Swedish;Thai;Traditional Chinese;Turkish;Ukrainian;Vietnamese,Family Sharing;Single-player;Steam Achievements,Casual;Indie,3D;Arcade;Atmospheric;Cartoony;Casual;Cats;Colorful;Cute;Exploration;Family Friendly;Female Protagonist;Hidden Object;Indie;Investigation;Logic;Minimalist;Narration;Puzzle;Relaxing;Stylized,Office is empty now... Except cats. There are 12 rooms with plenty items. Find everything in a checklist and have fun! Classic Hidden Object game in 3D Extra achivements: find all 30 cats and get animated collectible cards 12 areas (108 levels) to unlock Plenty classic and unique challenges Easy to use Comfortable Zoom and Rotation No time limit - just relax and have fun Don't forget to,"{""text_match"": 0.0037132283, ""cosine_similarity"": 0.5126916, ""reranker_score"": -10.6761875}"
2026-02-10T20:06:39+00:00,CORTEX_DB.RAW.CAT_GAMES_SVC_1_5,default,"2025 cozy idle ""desktop"" cat cafe at the bottom of the screen; automation; idler","2025 cozy idle ""desktop"" cat cafe at the bottom of the screen; automation; idler",[],,False,,,,keyword_focus,0.3,10,100,0,1189,1189,,01c25376-0005-0847-0001-397a0006ca92,,65,65,,1e-05,1e-05,,1e-05,,,,,[],[],[],[],[],[],,,,,,,True,False,[],[],,,,[],[],,,,1,Desktop Cat Cafe,0.84483755,2025,Arabic;Bulgarian;Czech;Danish;Dutch;English;Finnish;French;German;Greek;Hungarian;Indonesian;Italian;Japanese;Korean;Norwegian;Polish;Portuguese - Brazil;Portuguese - Portugal;Romanian;Russian;Simplified Chinese;Spanish - Latin America;Spanish - Spain;Swedish;Thai;Traditional Chinese;Turkish;Ukrainian;Vietnamese,Family Sharing;Single-player;Stats;Steam Achievements;Steam Cloud,Casual;Simulation,3D;Automation;Building;Casual;Cats;City Builder;Colorful;Cozy;Cute;Economy;Idler;Indie;Life Sim;Management;Nature;Relaxing;Sandbox;Simulation;Strategy;Stylized,"Desktop Cate Cafe is a cute, idle management game that lives at the bottom of your screen letting you work on other tasks while your cafe runs. Design your dream cafe, unlock delicious recipes, and automate your cafe with cute cat staff! Design Your Outdoor Cafe Build the perfect cafe with hundreds of customization options paired with an easy to use building system that lets your creativity shine. Unlock Delicious Recipes Progress by serving customers to unlock over 150 different recipes from co","{""text_match"": 0.2736005, ""cosine_similarity"": 0.6896751, ""reranker_score"": -0.35314846}"
2026-02-10T20:06:39+00:00,CORTEX_DB.RAW.CAT_GAMES_SVC_1_5,default,"2025 cozy idle ""desktop"" cat cafe at the bottom of the screen; automation; idler","2025 cozy idle ""desktop"" cat cafe at the bottom of the screen; automation; idler",[],,False,,,,keyword_focus,0.3,10,100,0,1189,1189,,01c25376-0005-0847-0001-397a0006ca92,,65,65,,1e-05,1e-05,,1e-05,,,,,[],[],[],[],[],[],,,,,,,True,False,[],[],,,,[],[],,,,2,Boba Simulator : Idle Shop Management,0.7885538999999999,2022,Arabic;Bulgarian;Czech;Danish;Dutch;English;Finnish;French;German;Greek;Hungarian;Italian;Japanese;Korean;Norwegian;Polish;Portuguese - Brazil;Portuguese - Portugal;Romanian;Russian;Simplified Chinese;Spanish - Latin America;Spanish - Spain;Swedish;Thai;Traditional Chinese;Turkish;Ukrainian;Vietnamese,Camera Comfort;Custom Volume Controls;Family Sharing;Mouse Only Option;Playable without Timed Input;Single-player;Steam Achievements;Steam Leaderboards,Casual;Early Access;Indie;Simulation;Strategy,Automation;Cartoony;Casual;Cats;Clicker;Colorful;Cozy;Cute;Early Access;Family Friendly;Funny;Idler;Isometric;Management;Point & Click;Relaxing;Shop Keeper;Simulation;Singleplayer;Strategy,"Create mouthwatering recipes for ultimate customer satisfaction Experiment and refine your recipes through fun trial and error. Customers' preferences can change at any moment, so stay adaptable! Upgrade your shop and unlock new possibilities Invest wisely in upgrades and watch your business flourish. More exciting upgrades, like a delivery service, await you as you progress! Efficiently manage your stock and storage Purchase Boba Tea ingredients from the supermarket and optimize your limited st","{""text_match"": 0.03851348, ""cosine_similarity"": 0.5771078, ""reranker_score"": -7.7141457}"
2026-02-10T20:06:39+00:00,CORTEX_DB.RAW.CAT_GAMES_SVC_1_5,default,"2025 cozy idle ""desktop"" cat cafe at the bottom of the screen; automation; idler","2025 cozy idle ""desktop"" cat cafe at the bottom of the screen; automation; idler",[],,False,,,,keyword_focus,0.3,10,100,0,1189,1189,,01c25376-0005-0847-0001-397a0006ca92,,65,65,,1e-05,1e-05,,1e-05,,,,,[],[],[],[],[],[],,,,,,,True,False,[],[],,,,[],[],,,,3,Mini Cozy Room: Lo-Fi,0.7623043,2025,English;French;German;Italian;Japanese;Korean;Portuguese - Brazil;Russian;Simplified Chinese;Spanish - Spain;Traditional Chinese,Family Sharing;Single-player;Steam Achievements;Steam Cloud,Casual;Indie,Casual;Character Customization;Cozy;Family Friendly;Idler;Indie;Music;Pixel Graphics;Relaxing;Singleplayer;Utilities,"『Mini Cozy Room : Lo-Fi』 is a relaxing productivity game that combines soothing Lo-Fi music with cozy room decoration. Cute avatars and pets will accompany you, making your work more enjoyable. Convenient desktop tools like Pomodoro timers, notes, and to-do lists will boost your productivity. 1. Your Own Cozy Workspace Create the workspace you've always dreamed of! Choose from various rooms, furniture, and decorative items. Your beautifully designed workspace will enhance concentration and produ","{""text_match"": 0.020164488, ""cosine_similarity"": 0.5246086, ""reranker_score"": -6.4506598}"
2026-02-10T20:06:39+00:00,CORTEX_DB.RAW.CAT_GAMES_SVC_1_5,default,"2025 cozy idle ""desktop"" cat cafe at the bottom of the screen; automation; idler","2025 cozy idle ""desktop"" cat cafe at the bottom of the screen; automation; idler",[],,False,,,,keyword_focus,0.3,10,100,0,1189,1189,,01c25376-0005-0847-0001-397a0006ca92,,65,65,,1e-05,1e-05,,1e-05,,,,,[],[],[],[],[],[],,,,,,,True,False,[],[],,,,[],[],,,,4,Melo's cat cafe,0.77365765,2024,English;Japanese,Family Sharing;Single-player;Steam Achievements,Casual;Indie;Simulation,3D;Casual;Cute;Idler;Indie;Simulation;Singleplayer,"'Melo's Cat Cafe' is the perfect game for players who want to relax in a stress-free environment. Instead of chasing goals, players can simply enjoy spending time with the cats. Observe the cats as they eat and sleep, and find peace of mind in their calm presence. Main Features Spacious Mountain Home The game is set in a large house on top of a mountain with beautiful scenic views. 　　The view from the terrace is breathtaking. Free-Spirited Cats Free-spirited and independent cats make an appearan","{""text_match"": 0.08799456, ""cosine_similarity"": 0.5473153, ""reranker_score"": -8.212093}"
2026-02-10T20:06:39+00:00,CORTEX_DB.RAW.CAT_GAMES_SVC_1_5,default,"2025 cozy idle ""desktop"" cat cafe at the bottom of the screen; automation; idler","2025 cozy idle ""desktop"" cat cafe at the bottom of the screen; automation; idler",[],,False,,,,keyword_focus,0.3,10,100,0,1189,1189,,01c25376-0005-0847-0001-397a0006ca92,,65,65,,1e-05,1e-05,,1e-05,,,,,[],[],[],[],[],[],,,,,,,True,False,[],[],,,,[],[],,,,5,Desktop Kitten Girl,0.76657188,2025,English;Japanese;Simplified Chinese;Traditional Chinese,Family Sharing;Single-player;Steam Achievements;Steam Cloud;Steam Workshop,Adventure;Casual;Indie;RPG;Simulation,2D;Adventure;Anime;Casual;Cats;Collectathon;Comic Book;Creature Collector;Cute;Dating Sim;Exploration;Female Protagonist;Idler;Indie;Magic;Relaxing;Romance;Simulation;Singleplayer;Time Management,"Desktop Kitten Girl is an Idle table-pet game with a wealth of collectible elements and support for the Workshop. In addition to her cute appearance, clicking on the little witch will also trigger a variety of cute animations to add a touch of life to your desktop! The game has a rich collection of content, and players can arrange for the little witch to fish, cook, read, sleep, and fight activities. Each event has over 100 elements to collect, so satisfy your desire to collect! In addition to b","{""text_match"": 0.03962953, ""cosine_similarity"": 0.53314376, ""reranker_score"": -8.101899}"
2026-02-10T20:06:39+00:00,CORTEX_DB.RAW.CAT_GAMES_SVC_1_5,default,"2025 cozy idle ""desktop"" cat cafe at the bottom of the screen; automation; idler","2025 cozy idle ""desktop"" cat cafe at the bottom of the screen; automation; idler",[],,False,,,,keyword_focus,0.3,10,100,0,1189,1189,,01c25376-0005-0847-0001-397a0006ca92,,65,65,,1e-05,1e-05,,1e-05,,,,,[],[],[],[],[],[],,,,,,,True,False,[],[],,,,[],[],,,,6,Home Office Simulator,0.7704368500000001,2023,English,Family Sharing;Single-player;Steam Achievements;Steam Cloud,Casual;Indie,Anime;Automation;Casual;Cats;Clicker;Colorful;Cute;Idler;Indie;Simulation;Singleplayer;Strategy,"Summary Help Ayame to work remotely, keeping her free of distractions and keeping her cat interested. Upgrade your home, move to new apartments, and take care of several cats. Upgrade your apartment objects so she can work without distractions or with less chance of getting interrupted by any distractions. Gameplay Move to seven unique apartments with different distractions and upgrades to be made. Upgrade and eliminate several distractions, including cats, computers, phone calls, and notificati","{""text_match"": 0.028269487, ""cosine_similarity"": 0.5408737, ""reranker_score"": -8.381729}"
2026-02-10T20:06:39+00:00,CORTEX_DB.RAW.CAT_GAMES_SVC_1_5,default,"2025 cozy idle ""desktop"" cat cafe at the bottom of the screen; automation; idler","2025 cozy idle ""desktop"" cat cafe at the bottom of the screen; automation; idler",[],,False,,,,keyword_focus,0.3,10,100,0,1189,1189,,01c25376-0005-0847-0001-397a0006ca92,,65,65,,1e-05,1e-05,,1e-05,,,,,[],[],[],[],[],[],,,,,,,True,False,[],[],,,,[],[],,,,7,purrounding,0.77132255,2025,Korean,Family Sharing;Single-player,Casual;Early Access;Indie;Simulation,1990's;2D;Casual;Cats;Character Customization;Colorful;Cute;Cyberpunk;Early Access;Emotional;Family Friendly;Idler;Immersive Sim;Life Sim;Modern;Nature;Pixel Graphics;Relaxing;Simulation;Singleplayer,"Your very own workmate cat, Purrounding Unorganized wallpapers, file clutter... Whether you're working, studying, or just staring at a blank screen, spend some time with your personalized cat through Purrounding! Left alone, the cat will walk on your taskbar, curl up like a loaf of bread, and just hang out on your screen. You can use your mouse to interact with your cat. You can customize your cat to your liking. Change their fur color, eye color, and even add different patterns to make your cat","{""text_match"": 0.006070929, ""cosine_similarity"": 0.5426451, ""reranker_score"": -9.292049}"
2026-02-10T20:06:39+00:00,CORTEX_DB.RAW.CAT_GAMES_SVC_1_5,default,"2025 cozy idle ""desktop"" cat cafe at the bottom of the screen; automation; idler","2025 cozy idle ""desktop"" cat cafe at the bottom of the screen; automation; idler",[],,False,,,,keyword_focus,0.3,10,100,0,1189,1189,,01c25376-0005-0847-0001-397a0006ca92,,65,65,,1e-05,1e-05,,1e-05,,,,,[],[],[],[],[],[],,,,,,,True,False,[],[],,,,[],[],,,,8,Press Paws: Idle Clicker,0.77438235,2024,English,Family Sharing;Single-player;Steam Achievements,Casual;Indie,2D;Arcade;Casual;Cats;Clicker;Combat;Grid-Based Movement;Idler;Indie;Old School;Pixel Graphics;Puzzle;Relaxing;Resource Management;Singleplayer,"Press Paws is a casual, laid-back and cute Idle Clicker Game in Pixel Art style with mini-games, achievements and boss fights. Oh, and secrets. Lots of secrets. Earn as much happiness as you can in order to lead your Cat to freedom! Features Pat the Cat to generate happiness, then spend that to earn even more! Help your Cat navigate the Game Board and open the locked door at the end. Enjoy relaxing Music. Earn happiness by fighting bosses through the mysterious Portals. Unlock 30+ Achievements! ","{""text_match"": 0.034154084, ""cosine_similarity"": 0.5487647, ""reranker_score"": -10.098005}"
2026-02-10T20:06:39+00:00,CORTEX_DB.RAW.CAT_GAMES_SVC_1_5,default,"2025 cozy idle ""desktop"" cat cafe at the bottom of the screen; automation; idler","2025 cozy idle ""desktop"" cat cafe at the bottom of the screen; automation; idler",[],,False,,,,keyword_focus,0.3,10,100,0,1189,1189,,01c25376-0005-0847-0001-397a0006ca92,,65,65,,1e-05,1e-05,,1e-05,,,,,[],[],[],[],[],[],,,,,,,True,False,[],[],,,,[],[],,,,9,Capoo Pals,0.748937935,2023,English;Traditional Chinese,Single-player;Steam Achievements;Steam Cloud,Animation & Modeling,2D;Animation & Modeling;Atmospheric;Cartoony;Casual;Clicker;Collectathon;Colorful;Comedy;Comic Book;Creature Collector;Cute;Emotional;Funny;Idler;Relaxing;Singleplayer;Tabletop;Utilities,"A completely stress-free desktop pet that heals your boredom at work and school Let the cute and funny Capoo accompany you every moment of using the computer Use the mouse to have a fun interaction with Capoo! Collect bugcats books, many unknown Capoo and bugcats are waiting for you to discover and collect. Let's think~ Does it make you feel lonely when you are alone with your computer? Are you tired of the same presentations and information on the screen when you go to work? Feeling drained whe","{""text_match"": 0.028130732, ""cosine_similarity"": 0.49787587, ""reranker_score"": -8.764605}"
2026-02-10T20:06:39+00:00,CORTEX_DB.RAW.CAT_GAMES_SVC_1_5,default,"2025 cozy idle ""desktop"" cat cafe at the bottom of the screen; automation; idler","2025 cozy idle ""desktop"" cat cafe at the bottom of the screen; automation; idler",[],,False,,,,keyword_focus,0.3,10,100,0,1189,1189,,01c25376-0005-0847-0001-397a0006ca92,,65,65,,1e-05,1e-05,,1e-05,,,,,[],[],[],[],[],[],,,,,,,True,False,[],[],,,,[],[],,,,10,Cat On The Desktop,0.74861586,2023,English;Japanese;Simplified Chinese;Traditional Chinese,Family Sharing;Single-player,Casual;Indie,3D;3D Platformer;Cartoon;Casual;Emotional;Funny;Idler;Indie;Life Sim;Physics;Point & Click;Simulation;Singleplayer,Game Content Cats with 10 different skin types. Hang up and interact with your mouse operation. Game Controls Double click on the cat's head to pop up a menu; Can set whether to interact or not; Whether to place at the top; Switch skin.,"{""text_match"": 0.024160389, ""cosine_similarity"": 0.49723172, ""reranker_score"": -8.980105}"
2026-02-10T20:06:40+00:00,CORTEX_DB.RAW.CAT_GAMES_SVC_1_5,default,"2025 cozy idle ""desktop"" cat cafe at the bottom of the screen; automation; idler","2025 cozy idle ""desktop"" cat cafe at the bottom of the screen; automation; idler",[],,False,,,,keyword_focus,0.65,10,100,0,1023,1023,,01c25376-0005-0843-0001-397a0006d4a2,,32,32,,5e-06,5e-06,,5e-06,,,,,[],[],[],[],[],[],,,,,,,True,False,[],[],,,,[],[],,,,1,Desktop Cat Cafe,0.84483755,2025,Arabic;Bulgarian;Czech;Danish;Dutch;English;Finnish;French;German;Greek;Hungarian;Indonesian;Italian;Japanese;Korean;Norwegian;Polish;Portuguese - Brazil;Portuguese - Portugal;Romanian;Russian;Simplified Chinese;Spanish - Latin America;Spanish - Spain;Swedish;Thai;Traditional Chinese;Turkish;Ukrainian;Vietnamese,Family Sharing;Single-player;Stats;Steam Achievements;Steam Cloud,Casual;Simulation,3D;Automation;Building;Casual;Cats;City Builder;Colorful;Cozy;Cute;Economy;Idler;Indie;Life Sim;Management;Nature;Relaxing;Sandbox;Simulation;Strategy;Stylized,"Desktop Cate Cafe is a cute, idle management game that lives at the bottom of your screen letting you work on other tasks while your cafe runs. Design your dream cafe, unlock delicious recipes, and automate your cafe with cute cat staff! Design Your Outdoor Cafe Build the perfect cafe with hundreds of customization options paired with an easy to use building system that lets your creativity shine. Unlock Delicious Recipes Progress by serving customers to unlock over 150 different recipes from co","{""text_match"": 0.2736005, ""cosine_similarity"": 0.6896751, ""reranker_score"": -0.35314846}"
2026-02-10T20:06:40+00:00,CORTEX_DB.RAW.CAT_GAMES_SVC_1_5,default,"2025 cozy idle ""desktop"" cat cafe at the bottom of the screen; automation; idler","2025 cozy idle ""desktop"" cat cafe at the bottom of the screen; automation; idler",[],,False,,,,keyword_focus,0.65,10,100,0,1023,1023,,01c25376-0005-0843-0001-397a0006d4a2,,32,32,,5e-06,5e-06,,5e-06,,,,,[],[],[],[],[],[],,,,,,,True,False,[],[],,,,[],[],,,,2,Boba Simulator : Idle Shop Management,0.7885538999999999,2022,Arabic;Bulgarian;Czech;Danish;Dutch;English;Finnish;French;German;Greek;Hungarian;Italian;Japanese;Korean;Norwegian;Polish;Portuguese - Brazil;Portuguese - Portugal;Romanian;Russian;Simplified Chinese;Spanish - Latin America;Spanish - Spain;Swedish;Thai;Traditional Chinese;Turkish;Ukrainian;Vietnamese,Camera Comfort;Custom Volume Controls;Family Sharing;Mouse Only Option;Playable without Timed Input;Single-player;Steam Achievements;Steam Leaderboards,Casual;Early Access;Indie;Simulation;Strategy,Automation;Cartoony;Casual;Cats;Clicker;Colorful;Cozy;Cute;Early Access;Family Friendly;Funny;Idler;Isometric;Management;Point & Click;Relaxing;Shop Keeper;Simulation;Singleplayer;Strategy,"Create mouthwatering recipes for ultimate customer satisfaction Experiment and refine your recipes through fun trial and error. Customers' preferences can change at any moment, so stay adaptable! Upgrade your shop and unlock new possibilities Invest wisely in upgrades and watch your business flourish. More exciting upgrades, like a delivery service, await you as you progress! Efficiently manage your stock and storage Purchase Boba Tea ingredients from the supermarket and optimize your limited st","{""text_match"": 0.03851348, ""cosine_similarity"": 0.5771078, ""reranker_score"": -7.7141457}"
2026-02-10T20:06:40+00:00,CORTEX_DB.RAW.CAT_GAMES_SVC_1_5,default,"2025 cozy idle ""desktop"" cat cafe at the bottom of the screen; automation; idler","2025 cozy idle ""desktop"" cat cafe at the bottom of the screen; automation; idler",[],,False,,,,keyword_focus,0.65,10,100,0,1023,1023,,01c25376-0005-0843-0001-397a0006d4a2,,32,32,,5e-06,5e-06,,5e-06,,,,,[],[],[],[],[],[],,,,,,,True,False,[],[],,,,[],[],,,,3,Mini Cozy Room: Lo-Fi,0.7623043,2025,English;French;German;Italian;Japanese;Korean;Portuguese - Brazil;Russian;Simplified Chinese;Spanish - Spain;Traditional Chinese,Family Sharing;Single-player;Steam Achievements;Steam Cloud,Casual;Indie,Casual;Character Customization;Cozy;Family Friendly;Idler;Indie;Music;Pixel Graphics;Relaxing;Singleplayer;Utilities,"『Mini Cozy Room : Lo-Fi』 is a relaxing productivity game that combines soothing Lo-Fi music with cozy room decoration. Cute avatars and pets will accompany you, making your work more enjoyable. Convenient desktop tools like Pomodoro timers, notes, and to-do lists will boost your productivity. 1. Your Own Cozy Workspace Create the workspace you've always dreamed of! Choose from various rooms, furniture, and decorative items. Your beautifully designed workspace will enhance concentration and produ","{""text_match"": 0.020164488, ""cosine_similarity"": 0.5246086, ""reranker_score"": -6.4506598}"
2026-02-10T20:06:40+00:00,CORTEX_DB.RAW.CAT_GAMES_SVC_1_5,default,"2025 cozy idle ""desktop"" cat cafe at the bottom of the screen; automation; idler","2025 cozy idle ""desktop"" cat cafe at the bottom of the screen; automation; idler",[],,False,,,,keyword_focus,0.65,10,100,0,1023,1023,,01c25376-0005-0843-0001-397a0006d4a2,,32,32,,5e-06,5e-06,,5e-06,,,,,[],[],[],[],[],[],,,,,,,True,False,[],[],,,,[],[],,,,4,Melo's cat cafe,0.77365765,2024,English;Japanese,Family Sharing;Single-player;Steam Achievements,Casual;Indie;Simulation,3D;Casual;Cute;Idler;Indie;Simulation;Singleplayer,"'Melo's Cat Cafe' is the perfect game for players who want to relax in a stress-free environment. Instead of chasing goals, players can simply enjoy spending time with the cats. Observe the cats as they eat and sleep, and find peace of mind in their calm presence. Main Features Spacious Mountain Home The game is set in a large house on top of a mountain with beautiful scenic views. 　　The view from the terrace is breathtaking. Free-Spirited Cats Free-spirited and independent cats make an appearan","{""text_match"": 0.08799456, ""cosine_similarity"": 0.5473153, ""reranker_score"": -8.212093}"
2026-02-10T20:06:40+00:00,CORTEX_DB.RAW.CAT_GAMES_SVC_1_5,default,"2025 cozy idle ""desktop"" cat cafe at the bottom of the screen; automation; idler","2025 cozy idle ""desktop"" cat cafe at the bottom of the screen; automation; idler",[],,False,,,,keyword_focus,0.65,10,100,0,1023,1023,,01c25376-0005-0843-0001-397a0006d4a2,,32,32,,5e-06,5e-06,,5e-06,,,,,[],[],[],[],[],[],,,,,,,True,False,[],[],,,,[],[],,,,5,Desktop Kitten Girl,0.76657188,2025,English;Japanese;Simplified Chinese;Traditional Chinese,Family Sharing;Single-player;Steam Achievements;Steam Cloud;Steam Workshop,Adventure;Casual;Indie;RPG;Simulation,2D;Adventure;Anime;Casual;Cats;Collectathon;Comic Book;Creature Collector;Cute;Dating Sim;Exploration;Female Protagonist;Idler;Indie;Magic;Relaxing;Romance;Simulation;Singleplayer;Time Management,"Desktop Kitten Girl is an Idle table-pet game with a wealth of collectible elements and support for the Workshop. In addition to her cute appearance, clicking on the little witch will also trigger a variety of cute animations to add a touch of life to your desktop! The game has a rich collection of content, and players can arrange for the little witch to fish, cook, read, sleep, and fight activities. Each event has over 100 elements to collect, so satisfy your desire to collect! In addition to b","{""text_match"": 0.03962953, ""cosine_similarity"": 0.53314376, ""reranker_score"": -8.101899}"
2026-02-10T20:06:40+00:00,CORTEX_DB.RAW.CAT_GAMES_SVC_1_5,default,"2025 cozy idle ""desktop"" cat cafe at the bottom of the screen; automation; idler","2025 cozy idle ""desktop"" cat cafe at the bottom of the screen; automation; idler",[],,False,,,,keyword_focus,0.65,10,100,0,1023,1023,,01c25376-0005-0843-0001-397a0006d4a2,,32,32,,5e-06,5e-06,,5e-06,,,,,[],[],[],[],[],[],,,,,,,True,False,[],[],,,,[],[],,,,6,Home Office Simulator,0.7704368500000001,2023,English,Family Sharing;Single-player;Steam Achievements;Steam Cloud,Casual;Indie,Anime;Automation;Casual;Cats;Clicker;Colorful;Cute;Idler;Indie;Simulation;Singleplayer;Strategy,"Summary Help Ayame to work remotely, keeping her free of distractions and keeping her cat interested. Upgrade your home, move to new apartments, and take care of several cats. Upgrade your apartment objects so she can work without distractions or with less chance of getting interrupted by any distractions. Gameplay Move to seven unique apartments with different distractions and upgrades to be made. Upgrade and eliminate several distractions, including cats, computers, phone calls, and notificati","{""text_match"": 0.028269487, ""cosine_similarity"": 0.5408737, ""reranker_score"": -8.381729}"
2026-02-10T20:06:40+00:00,CORTEX_DB.RAW.CAT_GAMES_SVC_1_5,default,"2025 cozy idle ""desktop"" cat cafe at the bottom of the screen; automation; idler","2025 cozy idle ""desktop"" cat cafe at the bottom of the screen; automation; idler",[],,False,,,,keyword_focus,0.65,10,100,0,1023,1023,,01c25376-0005-0843-0001-397a0006d4a2,,32,32,,5e-06,5e-06,,5e-06,,,,,[],[],[],[],[],[],,,,,,,True,False,[],[],,,,[],[],,,,7,purrounding,0.77132255,2025,Korean,Family Sharing;Single-player,Casual;Early Access;Indie;Simulation,1990's;2D;Casual;Cats;Character Customization;Colorful;Cute;Cyberpunk;Early Access;Emotional;Family Friendly;Idler;Immersive Sim;Life Sim;Modern;Nature;Pixel Graphics;Relaxing;Simulation;Singleplayer,"Your very own workmate cat, Purrounding Unorganized wallpapers, file clutter... Whether you're working, studying, or just staring at a blank screen, spend some time with your personalized cat through Purrounding! Left alone, the cat will walk on your taskbar, curl up like a loaf of bread, and just hang out on your screen. You can use your mouse to interact with your cat. You can customize your cat to your liking. Change their fur color, eye color, and even add different patterns to make your cat","{""text_match"": 0.006070929, ""cosine_similarity"": 0.5426451, ""reranker_score"": -9.292049}"
2026-02-10T20:06:40+00:00,CORTEX_DB.RAW.CAT_GAMES_SVC_1_5,default,"2025 cozy idle ""desktop"" cat cafe at the bottom of the screen; automation; idler","2025 cozy idle ""desktop"" cat cafe at the bottom of the screen; automation; idler",[],,False,,,,keyword_focus,0.65,10,100,0,1023,1023,,01c25376-0005-0843-0001-397a0006d4a2,,32,32,,5e-06,5e-06,,5e-06,,,,,[],[],[],[],[],[],,,,,,,True,False,[],[],,,,[],[],,,,8,Press Paws: Idle Clicker,0.77438235,2024,English,Family Sharing;Single-player;Steam Achievements,Casual;Indie,2D;Arcade;Casual;Cats;Clicker;Combat;Grid-Based Movement;Idler;Indie;Old School;Pixel Graphics;Puzzle;Relaxing;Resource Management;Singleplayer,"Press Paws is a casual, laid-back and cute Idle Clicker Game in Pixel Art style with mini-games, achievements and boss fights. Oh, and secrets. Lots of secrets. Earn as much happiness as you can in order to lead your Cat to freedom! Features Pat the Cat to generate happiness, then spend that to earn even more! Help your Cat navigate the Game Board and open the locked door at the end. Enjoy relaxing Music. Earn happiness by fighting bosses through the mysterious Portals. Unlock 30+ Achievements! ","{""text_match"": 0.034154084, ""cosine_similarity"": 0.5487647, ""reranker_score"": -10.098005}"
2026-02-10T20:06:40+00:00,CORTEX_DB.RAW.CAT_GAMES_SVC_1_5,default,"2025 cozy idle ""desktop"" cat cafe at the bottom of the screen; automation; idler","2025 cozy idle ""desktop"" cat cafe at the bottom of the screen; automation; idler",[],,False,,,,keyword_focus,0.65,10,100,0,1023,1023,,01c25376-0005-0843-0001-397a0006d4a2,,32,32,,5e-06,5e-06,,5e-06,,,,,[],[],[],[],[],[],,,,,,,True,False,[],[],,,,[],[],,,,9,Capoo Pals,0.748937935,2023,English;Traditional Chinese,Single-player;Steam Achievements;Steam Cloud,Animation & Modeling,2D;Animation & Modeling;Atmospheric;Cartoony;Casual;Clicker;Collectathon;Colorful;Comedy;Comic Book;Creature Collector;Cute;Emotional;Funny;Idler;Relaxing;Singleplayer;Tabletop;Utilities,"A completely stress-free desktop pet that heals your boredom at work and school Let the cute and funny Capoo accompany you every moment of using the computer Use the mouse to have a fun interaction with Capoo! Collect bugcats books, many unknown Capoo and bugcats are waiting for you to discover and collect. Let's think~ Does it make you feel lonely when you are alone with your computer? Are you tired of the same presentations and information on the screen when you go to work? Feeling drained whe","{""text_match"": 0.028130732, ""cosine_similarity"": 0.49787587, ""reranker_score"": -8.764605}"
2026-02-10T20:06:40+00:00,CORTEX_DB.RAW.CAT_GAMES_SVC_1_5,default,"2025 cozy idle ""desktop"" cat cafe at the bottom of the screen; automation; idler","2025 cozy idle ""desktop"" cat cafe at the bottom of the screen; automation; idler",[],,False,,,,keyword_focus,0.65,10,100,0,1023,1023,,01c25376-0005-0843-0001-397a0006d4a2,,32,32,,5e-06,5e-06,,5e-06,,,,,[],[],[],[],[],[],,,,,,,True,False,[],[],,,,[],[],,,,10,Cat On The Desktop,0.74861586,2023,English;Japanese;Simplified Chinese;Traditional Chinese,Family Sharing;Single-player,Casual;Indie,3D;3D Platformer;Cartoon;Casual;Emotional;Funny;Idler;Indie;Life Sim;Physics;Point & Click;Simulation;Singleplayer,Game Content Cats with 10 different skin types. Hang up and interact with your mouse operation. Game Controls Double click on the cat's head to pop up a menu; Can set whether to interact or not; Whether to place at the top; Switch skin.,"{""text_match"": 0.024160389, ""cosine_similarity"": 0.49723172, ""reranker_score"": -8.980105}"
2026-02-10T20:06:40+00:00,CORTEX_DB.RAW.CAT_GAMES_SVC_1_5,default,"2025 cozy idle ""desktop"" cat cafe at the bottom of the screen; automation; idler","2025 cozy idle ""desktop"" cat cafe at the bottom of the screen; automation; idler",[],,False,,,,keyword_focus,0.75,10,100,0,961,961,,01c25376-0005-0846-0001-397a0006e7be,,36,36,,5e-06,5e-06,,5e-06,,,,,[],[],[],[],[],[],,,,,,,True,False,[],[],,,,[],[],,,,1,Desktop Cat Cafe,0.84483755,2025,Arabic;Bulgarian;Czech;Danish;Dutch;English;Finnish;French;German;Greek;Hungarian;Indonesian;Italian;Japanese;Korean;Norwegian;Polish;Portuguese - Brazil;Portuguese - Portugal;Romanian;Russian;Simplified Chinese;Spanish - Latin America;Spanish - Spain;Swedish;Thai;Traditional Chinese;Turkish;Ukrainian;Vietnamese,Family Sharing;Single-player;Stats;Steam Achievements;Steam Cloud,Casual;Simulation,3D;Automation;Building;Casual;Cats;City Builder;Colorful;Cozy;Cute;Economy;Idler;Indie;Life Sim;Management;Nature;Relaxing;Sandbox;Simulation;Strategy;Stylized,"Desktop Cate Cafe is a cute, idle management game that lives at the bottom of your screen letting you work on other tasks while your cafe runs. Design your dream cafe, unlock delicious recipes, and automate your cafe with cute cat staff! Design Your Outdoor Cafe Build the perfect cafe with hundreds of customization options paired with an easy to use building system that lets your creativity shine. Unlock Delicious Recipes Progress by serving customers to unlock over 150 different recipes from co","{""text_match"": 0.2736005, ""cosine_similarity"": 0.6896751, ""reranker_score"": -0.35314846}"
2026-02-10T20:06:40+00:00,CORTEX_DB.RAW.CAT_GAMES_SVC_1_5,default,"2025 cozy idle ""desktop"" cat cafe at the bottom of the screen; automation; idler","2025 cozy idle ""desktop"" cat cafe at the bottom of the screen; automation; idler",[],,False,,,,keyword_focus,0.75,10,100,0,961,961,,01c25376-0005-0846-0001-397a0006e7be,,36,36,,5e-06,5e-06,,5e-06,,,,,[],[],[],[],[],[],,,,,,,True,False,[],[],,,,[],[],,,,2,Boba Simulator : Idle Shop Management,0.7885538999999999,2022,Arabic;Bulgarian;Czech;Danish;Dutch;English;Finnish;French;German;Greek;Hungarian;Italian;Japanese;Korean;Norwegian;Polish;Portuguese - Brazil;Portuguese - Portugal;Romanian;Russian;Simplified Chinese;Spanish - Latin America;Spanish - Spain;Swedish;Thai;Traditional Chinese;Turkish;Ukrainian;Vietnamese,Camera Comfort;Custom Volume Controls;Family Sharing;Mouse Only Option;Playable without Timed Input;Single-player;Steam Achievements;Steam Leaderboards,Casual;Early Access;Indie;Simulation;Strategy,Automation;Cartoony;Casual;Cats;Clicker;Colorful;Cozy;Cute;Early Access;Family Friendly;Funny;Idler;Isometric;Management;Point & Click;Relaxing;Shop Keeper;Simulation;Singleplayer;Strategy,"Create mouthwatering recipes for ultimate customer satisfaction Experiment and refine your recipes through fun trial and error. Customers' preferences can change at any moment, so stay adaptable! Upgrade your shop and unlock new possibilities Invest wisely in upgrades and watch your business flourish. More exciting upgrades, like a delivery service, await you as you progress! Efficiently manage your stock and storage Purchase Boba Tea ingredients from the supermarket and optimize your limited st","{""text_match"": 0.03851348, ""cosine_similarity"": 0.5771078, ""reranker_score"": -7.7141457}"
2026-02-10T20:06:40+00:00,CORTEX_DB.RAW.CAT_GAMES_SVC_1_5,default,"2025 cozy idle ""desktop"" cat cafe at the bottom of the screen; automation; idler","2025 cozy idle ""desktop"" cat cafe at the bottom of the screen; automation; idler",[],,False,,,,keyword_focus,0.75,10,100,0,961,961,,01c25376-0005-0846-0001-397a0006e7be,,36,36,,5e-06,5e-06,,5e-06,,,,,[],[],[],[],[],[],,,,,,,True,False,[],[],,,,[],[],,,,3,Mini Cozy Room: Lo-Fi,0.7623043,2025,English;French;German;Italian;Japanese;Korean;Portuguese - Brazil;Russian;Simplified Chinese;Spanish - Spain;Traditional Chinese,Family Sharing;Single-player;Steam Achievements;Steam Cloud,Casual;Indie,Casual;Character Customization;Cozy;Family Friendly;Idler;Indie;Music;Pixel Graphics;Relaxing;Singleplayer;Utilities,"『Mini Cozy Room : Lo-Fi』 is a relaxing productivity game that combines soothing Lo-Fi music with cozy room decoration. Cute avatars and pets will accompany you, making your work more enjoyable. Convenient desktop tools like Pomodoro timers, notes, and to-do lists will boost your productivity. 1. Your Own Cozy Workspace Create the workspace you've always dreamed of! Choose from various rooms, furniture, and decorative items. Your beautifully designed workspace will enhance concentration and produ","{""text_match"": 0.020164488, ""cosine_similarity"": 0.5246086, ""reranker_score"": -6.4506598}"
2026-02-10T20:06:40+00:00,CORTEX_DB.RAW.CAT_GAMES_SVC_1_5,default,"2025 cozy idle ""desktop"" cat cafe at the bottom of the screen; automation; idler","2025 cozy idle ""desktop"" cat cafe at the bottom of the screen; automation; idler",[],,False,,,,keyword_focus,0.75,10,100,0,961,961,,01c25376-0005-0846-0001-397a0006e7be,,36,36,,5e-06,5e-06,,5e-06,,,,,[],[],[],[],[],[],,,,,,,True,False,[],[],,,,[],[],,,,4,Melo's cat cafe,0.77365765,2024,English;Japanese,Family Sharing;Single-player;Steam Achievements,Casual;Indie;Simulation,3D;Casual;Cute;Idler;Indie;Simulation;Singleplayer,"'Melo's Cat Cafe' is the perfect game for players who want to relax in a stress-free environment. Instead of chasing goals, players can simply enjoy spending time with the cats. Observe the cats as they eat and sleep, and find peace of mind in their calm presence. Main Features Spacious Mountain Home The game is set in a large house on top of a mountain with beautiful scenic views. 　　The view from the terrace is breathtaking. Free-Spirited Cats Free-spirited and independent cats make an appearan","{""text_match"": 0.08799456, ""cosine_similarity"": 0.5473153, ""reranker_score"": -8.212093}"
2026-02-10T20:06:40+00:00,CORTEX_DB.RAW.CAT_GAMES_SVC_1_5,default,"2025 cozy idle ""desktop"" cat cafe at the bottom of the screen; automation; idler","2025 cozy idle ""desktop"" cat cafe at the bottom of the screen; automation; idler",[],,False,,,,keyword_focus,0.75,10,100,0,961,961,,01c25376-0005-0846-0001-397a0006e7be,,36,36,,5e-06,5e-06,,5e-06,,,,,[],[],[],[],[],[],,,,,,,True,False,[],[],,,,[],[],,,,5,Desktop Kitten Girl,0.76657188,2025,English;Japanese;Simplified Chinese;Traditional Chinese,Family Sharing;Single-player;Steam Achievements;Steam Cloud;Steam Workshop,Adventure;Casual;Indie;RPG;Simulation,2D;Adventure;Anime;Casual;Cats;Collectathon;Comic Book;Creature Collector;Cute;Dating Sim;Exploration;Female Protagonist;Idler;Indie;Magic;Relaxing;Romance;Simulation;Singleplayer;Time Management,"Desktop Kitten Girl is an Idle table-pet game with a wealth of collectible elements and support for the Workshop. In addition to her cute appearance, clicking on the little witch will also trigger a variety of cute animations to add a touch of life to your desktop! The game has a rich collection of content, and players can arrange for the little witch to fish, cook, read, sleep, and fight activities. Each event has over 100 elements to collect, so satisfy your desire to collect! In addition to b","{""text_match"": 0.03962953, ""cosine_similarity"": 0.53314376, ""reranker_score"": -8.101899}"
2026-02-10T20:06:40+00:00,CORTEX_DB.RAW.CAT_GAMES_SVC_1_5,default,"2025 cozy idle ""desktop"" cat cafe at the bottom of the screen; automation; idler","2025 cozy idle ""desktop"" cat cafe at the bottom of the screen; automation; idler",[],,False,,,,keyword_focus,0.75,10,100,0,961,961,,01c25376-0005-0846-0001-397a0006e7be,,36,36,,5e-06,5e-06,,5e-06,,,,,[],[],[],[],[],[],,,,,,,True,False,[],[],,,,[],[],,,,6,Home Office Simulator,0.7704368500000001,2023,English,Family Sharing;Single-player;Steam Achievements;Steam Cloud,Casual;Indie,Anime;Automation;Casual;Cats;Clicker;Colorful;Cute;Idler;Indie;Simulation;Singleplayer;Strategy,"Summary Help Ayame to work remotely, keeping her free of distractions and keeping her cat interested. Upgrade your home, move to new apartments, and take care of several cats. Upgrade your apartment objects so she can work without distractions or with less chance of getting interrupted by any distractions. Gameplay Move to seven unique apartments with different distractions and upgrades to be made. Upgrade and eliminate several distractions, including cats, computers, phone calls, and notificati","{""text_match"": 0.028269487, ""cosine_similarity"": 0.5408737, ""reranker_score"": -8.381729}"
2026-02-10T20:06:40+00:00,CORTEX_DB.RAW.CAT_GAMES_SVC_1_5,default,"2025 cozy idle ""desktop"" cat cafe at the bottom of the screen; automation; idler","2025 cozy idle ""desktop"" cat cafe at the bottom of the screen; automation; idler",[],,False,,,,keyword_focus,0.75,10,100,0,961,961,,01c25376-0005-0846-0001-397a0006e7be,,36,36,,5e-06,5e-06,,5e-06,,,,,[],[],[],[],[],[],,,,,,,True,False,[],[],,,,[],[],,,,7,purrounding,0.77132255,2025,Korean,Family Sharing;Single-player,Casual;Early Access;Indie;Simulation,1990's;2D;Casual;Cats;Character Customization;Colorful;Cute;Cyberpunk;Early Access;Emotional;Family Friendly;Idler;Immersive Sim;Life Sim;Modern;Nature;Pixel Graphics;Relaxing;Simulation;Singleplayer,"Your very own workmate cat, Purrounding Unorganized wallpapers, file clutter... Whether you're working, studying, or just staring at a blank screen, spend some time with your personalized cat through Purrounding! Left alone, the cat will walk on your taskbar, curl up like a loaf of bread, and just hang out on your screen. You can use your mouse to interact with your cat. You can customize your cat to your liking. Change their fur color, eye color, and even add different patterns to make your cat","{""text_match"": 0.006070929, ""cosine_similarity"": 0.5426451, ""reranker_score"": -9.292049}"
2026-02-10T20:06:40+00:00,CORTEX_DB.RAW.CAT_GAMES_SVC_1_5,default,"2025 cozy idle ""desktop"" cat cafe at the bottom of the screen; automation; idler","2025 cozy idle ""desktop"" cat cafe at the bottom of the screen; automation; idler",[],,False,,,,keyword_focus,0.75,10,100,0,961,961,,01c25376-0005-0846-0001-397a0006e7be,,36,36,,5e-06,5e-06,,5e-06,,,,,[],[],[],[],[],[],,,,,,,True,False,[],[],,,,[],[],,,,8,Press Paws: Idle Clicker,0.77438235,2024,English,Family Sharing;Single-player;Steam Achievements,Casual;Indie,2D;Arcade;Casual;Cats;Clicker;Combat;Grid-Based Movement;Idler;Indie;Old School;Pixel Graphics;Puzzle;Relaxing;Resource Management;Singleplayer,"Press Paws is a casual, laid-back and cute Idle Clicker Game in Pixel Art style with mini-games, achievements and boss fights. Oh, and secrets. Lots of secrets. Earn as much happiness as you can in order to lead your Cat to freedom! Features Pat the Cat to generate happiness, then spend that to earn even more! Help your Cat navigate the Game Board and open the locked door at the end. Enjoy relaxing Music. Earn happiness by fighting bosses through the mysterious Portals. Unlock 30+ Achievements! ","{""text_match"": 0.034154084, ""cosine_similarity"": 0.5487647, ""reranker_score"": -10.098005}"
2026-02-10T20:06:40+00:00,CORTEX_DB.RAW.CAT_GAMES_SVC_1_5,default,"2025 cozy idle ""desktop"" cat cafe at the bottom of the screen; automation; idler","2025 cozy idle ""desktop"" cat cafe at the bottom of the screen; automation; idler",[],,False,,,,keyword_focus,0.75,10,100,0,961,961,,01c25376-0005-0846-0001-397a0006e7be,,36,36,,5e-06,5e-06,,5e-06,,,,,[],[],[],[],[],[],,,,,,,True,False,[],[],,,,[],[],,,,9,MeowWare,0.75054835,2025,English,Family Sharing;Single-player;Steam Achievements,Casual;Early Access;Indie,1990's;2D;Arcade;Casual;Cats;Colorful;Comedy;Cute;Early Access;Exploration;Family Friendly;Funny;Hidden Object;Linear;Pixel Graphics;Point & Click;Relaxing;Retro;Spelling;Typing,"You just got home from work. You are exhausted from a long, hard day of scratching on things and knocking cups off of counters. You know the best way to relax are funny cat videos, so you launch your pc, but it's filled with MeowWare! You must clear the pesky pop ups as quick as possible so you can get to watching your favorite videos! There are 4 different game-modes that you can select! Each one has unique gameplay and different potential pop-ups may appear! The Speed Attack Game is a timed mo","{""text_match"": 0.013715161, ""cosine_similarity"": 0.5010967, ""reranker_score"": -10.149309}"
2026-02-10T20:06:40+00:00,CORTEX_DB.RAW.CAT_GAMES_SVC_1_5,default,"2025 cozy idle ""desktop"" cat cafe at the bottom of the screen; automation; idler","2025 cozy idle ""desktop"" cat cafe at the bottom of the screen; automation; idler",[],,False,,,,keyword_focus,0.75,10,100,0,961,961,,01c25376-0005-0846-0001-397a0006e7be,,36,36,,5e-06,5e-06,,5e-06,,,,,[],[],[],[],[],[],,,,,,,True,False,[],[],,,,[],[],,,,10,Hidden Office,0.7563458000000001,2021,Arabic;Bulgarian;Czech;Danish;Dutch;English;Finnish;French;German;Greek;Hungarian;Italian;Japanese;Korean;Norwegian;Polish;Portuguese - Brazil;Portuguese - Portugal;Romanian;Russian;Simplified Chinese;Spanish - Latin America;Spanish - Spain;Swedish;Thai;Traditional Chinese;Turkish;Ukrainian;Vietnamese,Family Sharing;Single-player;Steam Achievements,Casual;Indie,3D;Arcade;Atmospheric;Cartoony;Casual;Cats;Colorful;Cute;Exploration;Family Friendly;Female Protagonist;Hidden Object;Indie;Investigation;Logic;Minimalist;Narration;Puzzle;Relaxing;Stylized,Office is empty now... Except cats. There are 12 rooms with plenty items. Find everything in a checklist and have fun! Classic Hidden Object game in 3D Extra achivements: find all 30 cats and get animated collectible cards 12 areas (108 levels) to unlock Plenty classic and unique challenges Easy to use Comfortable Zoom and Rotation No time limit - just relax and have fun Don't forget to,"{""text_match"": 0.0037132283, ""cosine_similarity"": 0.5126916, ""reranker_score"": -10.6761875}"
2026-02-10T20:06:42+00:00,CORTEX_DB.RAW.CAT_GAMES_SVC_1_5,default,"2025 cozy idle ""desktop"" cat cafe at the bottom of the screen; automation; idler","2025 cozy idle ""desktop"" cat cafe at the bottom of the screen; automation; idler",[],,False,,,,semantic_focus,0.3,10,100,0,943,943,,01c25376-0005-0843-0001-397a0006d4ae,,33,33,,5e-06,5e-06,,5e-06,,,,,[],[],[],[],[],[],,,,,,,True,False,[],[],,,,[],[],,,,1,Desktop Cat Cafe,0.84483755,2025,Arabic;Bulgarian;Czech;Danish;Dutch;English;Finnish;French;German;Greek;Hungarian;Indonesian;Italian;Japanese;Korean;Norwegian;Polish;Portuguese - Brazil;Portuguese - Portugal;Romanian;Russian;Simplified Chinese;Spanish - Latin America;Spanish - Spain;Swedish;Thai;Traditional Chinese;Turkish;Ukrainian;Vietnamese,Family Sharing;Single-player;Stats;Steam Achievements;Steam Cloud,Casual;Simulation,3D;Automation;Building;Casual;Cats;City Builder;Colorful;Cozy;Cute;Economy;Idler;Indie;Life Sim;Management;Nature;Relaxing;Sandbox;Simulation;Strategy;Stylized,"Desktop Cate Cafe is a cute, idle management game that lives at the bottom of your screen letting you work on other tasks while your cafe runs. Design your dream cafe, unlock delicious recipes, and automate your cafe with cute cat staff! Design Your Outdoor Cafe Build the perfect cafe with hundreds of customization options paired with an easy to use building system that lets your creativity shine. Unlock Delicious Recipes Progress by serving customers to unlock over 150 different recipes from co","{""text_match"": 0.2736005, ""cosine_similarity"": 0.6896751, ""reranker_score"": -0.35314846}"
2026-02-10T20:06:42+00:00,CORTEX_DB.RAW.CAT_GAMES_SVC_1_5,default,"2025 cozy idle ""desktop"" cat cafe at the bottom of the screen; automation; idler","2025 cozy idle ""desktop"" cat cafe at the bottom of the screen; automation; idler",[],,False,,,,semantic_focus,0.3,10,100,0,943,943,,01c25376-0005-0843-0001-397a0006d4ae,,33,33,,5e-06,5e-06,,5e-06,,,,,[],[],[],[],[],[],,,,,,,True,False,[],[],,,,[],[],,,,2,Boba Simulator : Idle Shop Management,0.7885538999999999,2022,Arabic;Bulgarian;Czech;Danish;Dutch;English;Finnish;French;German;Greek;Hungarian;Italian;Japanese;Korean;Norwegian;Polish;Portuguese - Brazil;Portuguese - Portugal;Romanian;Russian;Simplified Chinese;Spanish - Latin America;Spanish - Spain;Swedish;Thai;Traditional Chinese;Turkish;Ukrainian;Vietnamese,Camera Comfort;Custom Volume Controls;Family Sharing;Mouse Only Option;Playable without Timed Input;Single-player;Steam Achievements;Steam Leaderboards,Casual;Early Access;Indie;Simulation;Strategy,Automation;Cartoony;Casual;Cats;Clicker;Colorful;Cozy;Cute;Early Access;Family Friendly;Funny;Idler;Isometric;Management;Point & Click;Relaxing;Shop Keeper;Simulation;Singleplayer;Strategy,"Create mouthwatering recipes for ultimate customer satisfaction Experiment and refine your recipes through fun trial and error. Customers' preferences can change at any moment, so stay adaptable! Upgrade your shop and unlock new possibilities Invest wisely in upgrades and watch your business flourish. More exciting upgrades, like a delivery service, await you as you progress! Efficiently manage your stock and storage Purchase Boba Tea ingredients from the supermarket and optimize your limited st","{""text_match"": 0.03851348, ""cosine_similarity"": 0.5771078, ""reranker_score"": -7.7141457}"
2026-02-10T20:06:42+00:00,CORTEX_DB.RAW.CAT_GAMES_SVC_1_5,default,"2025 cozy idle ""desktop"" cat cafe at the bottom of the screen; automation; idler","2025 cozy idle ""desktop"" cat cafe at the bottom of the screen; automation; idler",[],,False,,,,semantic_focus,0.3,10,100,0,943,943,,01c25376-0005-0843-0001-397a0006d4ae,,33,33,,5e-06,5e-06,,5e-06,,,,,[],[],[],[],[],[],,,,,,,True,False,[],[],,,,[],[],,,,3,Mini Cozy Room: Lo-Fi,0.7623043,2025,English;French;German;Italian;Japanese;Korean;Portuguese - Brazil;Russian;Simplified Chinese;Spanish - Spain;Traditional Chinese,Family Sharing;Single-player;Steam Achievements;Steam Cloud,Casual;Indie,Casual;Character Customization;Cozy;Family Friendly;Idler;Indie;Music;Pixel Graphics;Relaxing;Singleplayer;Utilities,"『Mini Cozy Room : Lo-Fi』 is a relaxing productivity game that combines soothing Lo-Fi music with cozy room decoration. Cute avatars and pets will accompany you, making your work more enjoyable. Convenient desktop tools like Pomodoro timers, notes, and to-do lists will boost your productivity. 1. Your Own Cozy Workspace Create the workspace you've always dreamed of! Choose from various rooms, furniture, and decorative items. Your beautifully designed workspace will enhance concentration and produ","{""text_match"": 0.020164488, ""cosine_similarity"": 0.5246086, ""reranker_score"": -6.4506598}"
2026-02-10T20:06:42+00:00,CORTEX_DB.RAW.CAT_GAMES_SVC_1_5,default,"2025 cozy idle ""desktop"" cat cafe at the bottom of the screen; automation; idler","2025 cozy idle ""desktop"" cat cafe at the bottom of the screen; automation; idler",[],,False,,,,semantic_focus,0.3,10,100,0,943,943,,01c25376-0005-0843-0001-397a0006d4ae,,33,33,,5e-06,5e-06,,5e-06,,,,,[],[],[],[],[],[],,,,,,,True,False,[],[],,,,[],[],,,,4,Melo's cat cafe,0.77365765,2024,English;Japanese,Family Sharing;Single-player;Steam Achievements,Casual;Indie;Simulation,3D;Casual;Cute;Idler;Indie;Simulation;Singleplayer,"'Melo's Cat Cafe' is the perfect game for players who want to relax in a stress-free environment. Instead of chasing goals, players can simply enjoy spending time with the cats. Observe the cats as they eat and sleep, and find peace of mind in their calm presence. Main Features Spacious Mountain Home The game is set in a large house on top of a mountain with beautiful scenic views. 　　The view from the terrace is breathtaking. Free-Spirited Cats Free-spirited and independent cats make an appearan","{""text_match"": 0.08799456, ""cosine_similarity"": 0.5473153, ""reranker_score"": -8.212093}"
2026-02-10T20:06:42+00:00,CORTEX_DB.RAW.CAT_GAMES_SVC_1_5,default,"2025 cozy idle ""desktop"" cat cafe at the bottom of the screen; automation; idler","2025 cozy idle ""desktop"" cat cafe at the bottom of the screen; automation; idler",[],,False,,,,semantic_focus,0.3,10,100,0,943,943,,01c25376-0005-0843-0001-397a0006d4ae,,33,33,,5e-06,5e-06,,5e-06,,,,,[],[],[],[],[],[],,,,,,,True,False,[],[],,,,[],[],,,,5,Desktop Kitten Girl,0.76657188,2025,English;Japanese;Simplified Chinese;Traditional Chinese,Family Sharing;Single-player;Steam Achievements;Steam Cloud;Steam Workshop,Adventure;Casual;Indie;RPG;Simulation,2D;Adventure;Anime;Casual;Cats;Collectathon;Comic Book;Creature Collector;Cute;Dating Sim;Exploration;Female Protagonist;Idler;Indie;Magic;Relaxing;Romance;Simulation;Singleplayer;Time Management,"Desktop Kitten Girl is an Idle table-pet game with a wealth of collectible elements and support for the Workshop. In addition to her cute appearance, clicking on the little witch will also trigger a variety of cute animations to add a touch of life to your desktop! The game has a rich collection of content, and players can arrange for the little witch to fish, cook, read, sleep, and fight activities. Each event has over 100 elements to collect, so satisfy your desire to collect! In addition to b","{""text_match"": 0.03962953, ""cosine_similarity"": 0.53314376, ""reranker_score"": -8.101899}"
2026-02-10T20:06:42+00:00,CORTEX_DB.RAW.CAT_GAMES_SVC_1_5,default,"2025 cozy idle ""desktop"" cat cafe at the bottom of the screen; automation; idler","2025 cozy idle ""desktop"" cat cafe at the bottom of the screen; automation; idler",[],,False,,,,semantic_focus,0.3,10,100,0,943,943,,01c25376-0005-0843-0001-397a0006d4ae,,33,33,,5e-06,5e-06,,5e-06,,,,,[],[],[],[],[],[],,,,,,,True,False,[],[],,,,[],[],,,,6,Home Office Simulator,0.7704368500000001,2023,English,Family Sharing;Single-player;Steam Achievements;Steam Cloud,Casual;Indie,Anime;Automation;Casual;Cats;Clicker;Colorful;Cute;Idler;Indie;Simulation;Singleplayer;Strategy,"Summary Help Ayame to work remotely, keeping her free of distractions and keeping her cat interested. Upgrade your home, move to new apartments, and take care of several cats. Upgrade your apartment objects so she can work without distractions or with less chance of getting interrupted by any distractions. Gameplay Move to seven unique apartments with different distractions and upgrades to be made. Upgrade and eliminate several distractions, including cats, computers, phone calls, and notificati","{""text_match"": 0.028269487, ""cosine_similarity"": 0.5408737, ""reranker_score"": -8.381729}"
2026-02-10T20:06:42+00:00,CORTEX_DB.RAW.CAT_GAMES_SVC_1_5,default,"2025 cozy idle ""desktop"" cat cafe at the bottom of the screen; automation; idler","2025 cozy idle ""desktop"" cat cafe at the bottom of the screen; automation; idler",[],,False,,,,semantic_focus,0.3,10,100,0,943,943,,01c25376-0005-0843-0001-397a0006d4ae,,33,33,,5e-06,5e-06,,5e-06,,,,,[],[],[],[],[],[],,,,,,,True,False,[],[],,,,[],[],,,,7,purrounding,0.77132255,2025,Korean,Family Sharing;Single-player,Casual;Early Access;Indie;Simulation,1990's;2D;Casual;Cats;Character Customization;Colorful;Cute;Cyberpunk;Early Access;Emotional;Family Friendly;Idler;Immersive Sim;Life Sim;Modern;Nature;Pixel Graphics;Relaxing;Simulation;Singleplayer,"Your very own workmate cat, Purrounding Unorganized wallpapers, file clutter... Whether you're working, studying, or just staring at a blank screen, spend some time with your personalized cat through Purrounding! Left alone, the cat will walk on your taskbar, curl up like a loaf of bread, and just hang out on your screen. You can use your mouse to interact with your cat. You can customize your cat to your liking. Change their fur color, eye color, and even add different patterns to make your cat","{""text_match"": 0.006070929, ""cosine_similarity"": 0.5426451, ""reranker_score"": -9.292049}"
2026-02-10T20:06:42+00:00,CORTEX_DB.RAW.CAT_GAMES_SVC_1_5,default,"2025 cozy idle ""desktop"" cat cafe at the bottom of the screen; automation; idler","2025 cozy idle ""desktop"" cat cafe at the bottom of the screen; automation; idler",[],,False,,,,semantic_focus,0.3,10,100,0,943,943,,01c25376-0005-0843-0001-397a0006d4ae,,33,33,,5e-06,5e-06,,5e-06,,,,,[],[],[],[],[],[],,,,,,,True,False,[],[],,,,[],[],,,,8,Press Paws: Idle Clicker,0.77438235,2024,English,Family Sharing;Single-player;Steam Achievements,Casual;Indie,2D;Arcade;Casual;Cats;Clicker;Combat;Grid-Based Movement;Idler;Indie;Old School;Pixel Graphics;Puzzle;Relaxing;Resource Management;Singleplayer,"Press Paws is a casual, laid-back and cute Idle Clicker Game in Pixel Art style with mini-games, achievements and boss fights. Oh, and secrets. Lots of secrets. Earn as much happiness as you can in order to lead your Cat to freedom! Features Pat the Cat to generate happiness, then spend that to earn even more! Help your Cat navigate the Game Board and open the locked door at the end. Enjoy relaxing Music. Earn happiness by fighting bosses through the mysterious Portals. Unlock 30+ Achievements! ","{""text_match"": 0.034154084, ""cosine_similarity"": 0.5487647, ""reranker_score"": -10.098005}"
2026-02-10T20:06:42+00:00,CORTEX_DB.RAW.CAT_GAMES_SVC_1_5,default,"2025 cozy idle ""desktop"" cat cafe at the bottom of the screen; automation; idler","2025 cozy idle ""desktop"" cat cafe at the bottom of the screen; automation; idler",[],,False,,,,semantic_focus,0.3,10,100,0,943,943,,01c25376-0005-0843-0001-397a0006d4ae,,33,33,,5e-06,5e-06,,5e-06,,,,,[],[],[],[],[],[],,,,,,,True,False,[],[],,,,[],[],,,,9,Capoo Pals,0.748937935,2023,English;Traditional Chinese,Single-player;Steam Achievements;Steam Cloud,Animation & Modeling,2D;Animation & Modeling;Atmospheric;Cartoony;Casual;Clicker;Collectathon;Colorful;Comedy;Comic Book;Creature Collector;Cute;Emotional;Funny;Idler;Relaxing;Singleplayer;Tabletop;Utilities,"A completely stress-free desktop pet that heals your boredom at work and school Let the cute and funny Capoo accompany you every moment of using the computer Use the mouse to have a fun interaction with Capoo! Collect bugcats books, many unknown Capoo and bugcats are waiting for you to discover and collect. Let's think~ Does it make you feel lonely when you are alone with your computer? Are you tired of the same presentations and information on the screen when you go to work? Feeling drained whe","{""text_match"": 0.028130732, ""cosine_similarity"": 0.49787587, ""reranker_score"": -8.764605}"
2026-02-10T20:06:42+00:00,CORTEX_DB.RAW.CAT_GAMES_SVC_1_5,default,"2025 cozy idle ""desktop"" cat cafe at the bottom of the screen; automation; idler","2025 cozy idle ""desktop"" cat cafe at the bottom of the screen; automation; idler",[],,False,,,,semantic_focus,0.3,10,100,0,943,943,,01c25376-0005-0843-0001-397a0006d4ae,,33,33,,5e-06,5e-06,,5e-06,,,,,[],[],[],[],[],[],,,,,,,True,False,[],[],,,,[],[],,,,10,Cat On The Desktop,0.74861586,2023,English;Japanese;Simplified Chinese;Traditional Chinese,Family Sharing;Single-player,Casual;Indie,3D;3D Platformer;Cartoon;Casual;Emotional;Funny;Idler;Indie;Life Sim;Physics;Point & Click;Simulation;Singleplayer,Game Content Cats with 10 different skin types. Hang up and interact with your mouse operation. Game Controls Double click on the cat's head to pop up a menu; Can set whether to interact or not; Whether to place at the top; Switch skin.,"{""text_match"": 0.024160389, ""cosine_similarity"": 0.49723172, ""reranker_score"": -8.980105}"
2026-02-10T20:06:43+00:00,CORTEX_DB.RAW.CAT_GAMES_SVC_1_5,default,"2025 cozy idle ""desktop"" cat cafe at the bottom of the screen; automation; idler","2025 cozy idle ""desktop"" cat cafe at the bottom of the screen; automation; idler",[],,False,,,,semantic_focus,0.65,10,100,0,1024,1024,,01c25376-0005-0846-0001-397a0006e7c6,,40,40,,6e-06,6e-06,,6e-06,,,,,[],[],[],[],[],[],,,,,,,True,False,[],[],,,,[],[],,,,1,Desktop Cat Cafe,0.84483755,2025,Arabic;Bulgarian;Czech;Danish;Dutch;English;Finnish;French;German;Greek;Hungarian;Indonesian;Italian;Japanese;Korean;Norwegian;Polish;Portuguese - Brazil;Portuguese - Portugal;Romanian;Russian;Simplified Chinese;Spanish - Latin America;Spanish - Spain;Swedish;Thai;Traditional Chinese;Turkish;Ukrainian;Vietnamese,Family Sharing;Single-player;Stats;Steam Achievements;Steam Cloud,Casual;Simulation,3D;Automation;Building;Casual;Cats;City Builder;Colorful;Cozy;Cute;Economy;Idler;Indie;Life Sim;Management;Nature;Relaxing;Sandbox;Simulation;Strategy;Stylized,"Desktop Cate Cafe is a cute, idle management game that lives at the bottom of your screen letting you work on other tasks while your cafe runs. Design your dream cafe, unlock delicious recipes, and automate your cafe with cute cat staff! Design Your Outdoor Cafe Build the perfect cafe with hundreds of customization options paired with an easy to use building system that lets your creativity shine. Unlock Delicious Recipes Progress by serving customers to unlock over 150 different recipes from co","{""text_match"": 0.2736005, ""cosine_similarity"": 0.6896751, ""reranker_score"": -0.35314846}"
2026-02-10T20:06:43+00:00,CORTEX_DB.RAW.CAT_GAMES_SVC_1_5,default,"2025 cozy idle ""desktop"" cat cafe at the bottom of the screen; automation; idler","2025 cozy idle ""desktop"" cat cafe at the bottom of the screen; automation; idler",[],,False,,,,semantic_focus,0.65,10,100,0,1024,1024,,01c25376-0005-0846-0001-397a0006e7c6,,40,40,,6e-06,6e-06,,6e-06,,,,,[],[],[],[],[],[],,,,,,,True,False,[],[],,,,[],[],,,,2,Boba Simulator : Idle Shop Management,0.7885538999999999,2022,Arabic;Bulgarian;Czech;Danish;Dutch;English;Finnish;French;German;Greek;Hungarian;Italian;Japanese;Korean;Norwegian;Polish;Portuguese - Brazil;Portuguese - Portugal;Romanian;Russian;Simplified Chinese;Spanish - Latin America;Spanish - Spain;Swedish;Thai;Traditional Chinese;Turkish;Ukrainian;Vietnamese,Camera Comfort;Custom Volume Controls;Family Sharing;Mouse Only Option;Playable without Timed Input;Single-player;Steam Achievements;Steam Leaderboards,Casual;Early Access;Indie;Simulation;Strategy,Automation;Cartoony;Casual;Cats;Clicker;Colorful;Cozy;Cute;Early Access;Family Friendly;Funny;Idler;Isometric;Management;Point & Click;Relaxing;Shop Keeper;Simulation;Singleplayer;Strategy,"Create mouthwatering recipes for ultimate customer satisfaction Experiment and refine your recipes through fun trial and error. Customers' preferences can change at any moment, so stay adaptable! Upgrade your shop and unlock new possibilities Invest wisely in upgrades and watch your business flourish. More exciting upgrades, like a delivery service, await you as you progress! Efficiently manage your stock and storage Purchase Boba Tea ingredients from the supermarket and optimize your limited st","{""text_match"": 0.03851348, ""cosine_similarity"": 0.5771078, ""reranker_score"": -7.7141457}"
2026-02-10T20:06:43+00:00,CORTEX_DB.RAW.CAT_GAMES_SVC_1_5,default,"2025 cozy idle ""desktop"" cat cafe at the bottom of the screen; automation; idler","2025 cozy idle ""desktop"" cat cafe at the bottom of the screen; automation; idler",[],,False,,,,semantic_focus,0.65,10,100,0,1024,1024,,01c25376-0005-0846-0001-397a0006e7c6,,40,40,,6e-06,6e-06,,6e-06,,,,,[],[],[],[],[],[],,,,,,,True,False,[],[],,,,[],[],,,,3,Mini Cozy Room: Lo-Fi,0.7623043,2025,English;French;German;Italian;Japanese;Korean;Portuguese - Brazil;Russian;Simplified Chinese;Spanish - Spain;Traditional Chinese,Family Sharing;Single-player;Steam Achievements;Steam Cloud,Casual;Indie,Casual;Character Customization;Cozy;Family Friendly;Idler;Indie;Music;Pixel Graphics;Relaxing;Singleplayer;Utilities,"『Mini Cozy Room : Lo-Fi』 is a relaxing productivity game that combines soothing Lo-Fi music with cozy room decoration. Cute avatars and pets will accompany you, making your work more enjoyable. Convenient desktop tools like Pomodoro timers, notes, and to-do lists will boost your productivity. 1. Your Own Cozy Workspace Create the workspace you've always dreamed of! Choose from various rooms, furniture, and decorative items. Your beautifully designed workspace will enhance concentration and produ","{""text_match"": 0.020164488, ""cosine_similarity"": 0.5246086, ""reranker_score"": -6.4506598}"
2026-02-10T20:06:43+00:00,CORTEX_DB.RAW.CAT_GAMES_SVC_1_5,default,"2025 cozy idle ""desktop"" cat cafe at the bottom of the screen; automation; idler","2025 cozy idle ""desktop"" cat cafe at the bottom of the screen; automation; idler",[],,False,,,,semantic_focus,0.65,10,100,0,1024,1024,,01c25376-0005-0846-0001-397a0006e7c6,,40,40,,6e-06,6e-06,,6e-06,,,,,[],[],[],[],[],[],,,,,,,True,False,[],[],,,,[],[],,,,4,Melo's cat cafe,0.77365765,2024,English;Japanese,Family Sharing;Single-player;Steam Achievements,Casual;Indie;Simulation,3D;Casual;Cute;Idler;Indie;Simulation;Singleplayer,"'Melo's Cat Cafe' is the perfect game for players who want to relax in a stress-free environment. Instead of chasing goals, players can simply enjoy spending time with the cats. Observe the cats as they eat and sleep, and find peace of mind in their calm presence. Main Features Spacious Mountain Home The game is set in a large house on top of a mountain with beautiful scenic views. 　　The view from the terrace is breathtaking. Free-Spirited Cats Free-spirited and independent cats make an appearan","{""text_match"": 0.08799456, ""cosine_similarity"": 0.5473153, ""reranker_score"": -8.212093}"
2026-02-10T20:06:43+00:00,CORTEX_DB.RAW.CAT_GAMES_SVC_1_5,default,"2025 cozy idle ""desktop"" cat cafe at the bottom of the screen; automation; idler","2025 cozy idle ""desktop"" cat cafe at the bottom of the screen; automation; idler",[],,False,,,,semantic_focus,0.65,10,100,0,1024,1024,,01c25376-0005-0846-0001-397a0006e7c6,,40,40,,6e-06,6e-06,,6e-06,,,,,[],[],[],[],[],[],,,,,,,True,False,[],[],,,,[],[],,,,5,Desktop Kitten Girl,0.76657188,2025,English;Japanese;Simplified Chinese;Traditional Chinese,Family Sharing;Single-player;Steam Achievements;Steam Cloud;Steam Workshop,Adventure;Casual;Indie;RPG;Simulation,2D;Adventure;Anime;Casual;Cats;Collectathon;Comic Book;Creature Collector;Cute;Dating Sim;Exploration;Female Protagonist;Idler;Indie;Magic;Relaxing;Romance;Simulation;Singleplayer;Time Management,"Desktop Kitten Girl is an Idle table-pet game with a wealth of collectible elements and support for the Workshop. In addition to her cute appearance, clicking on the little witch will also trigger a variety of cute animations to add a touch of life to your desktop! The game has a rich collection of content, and players can arrange for the little witch to fish, cook, read, sleep, and fight activities. Each event has over 100 elements to collect, so satisfy your desire to collect! In addition to b","{""text_match"": 0.03962953, ""cosine_similarity"": 0.53314376, ""reranker_score"": -8.101899}"
2026-02-10T20:06:43+00:00,CORTEX_DB.RAW.CAT_GAMES_SVC_1_5,default,"2025 cozy idle ""desktop"" cat cafe at the bottom of the screen; automation; idler","2025 cozy idle ""desktop"" cat cafe at the bottom of the screen; automation; idler",[],,False,,,,semantic_focus,0.65,10,100,0,1024,1024,,01c25376-0005-0846-0001-397a0006e7c6,,40,40,,6e-06,6e-06,,6e-06,,,,,[],[],[],[],[],[],,,,,,,True,False,[],[],,,,[],[],,,,6,Home Office Simulator,0.7704368500000001,2023,English,Family Sharing;Single-player;Steam Achievements;Steam Cloud,Casual;Indie,Anime;Automation;Casual;Cats;Clicker;Colorful;Cute;Idler;Indie;Simulation;Singleplayer;Strategy,"Summary Help Ayame to work remotely, keeping her free of distractions and keeping her cat interested. Upgrade your home, move to new apartments, and take care of several cats. Upgrade your apartment objects so she can work without distractions or with less chance of getting interrupted by any distractions. Gameplay Move to seven unique apartments with different distractions and upgrades to be made. Upgrade and eliminate several distractions, including cats, computers, phone calls, and notificati","{""text_match"": 0.028269487, ""cosine_similarity"": 0.5408737, ""reranker_score"": -8.381729}"
2026-02-10T20:06:43+00:00,CORTEX_DB.RAW.CAT_GAMES_SVC_1_5,default,"2025 cozy idle ""desktop"" cat cafe at the bottom of the screen; automation; idler","2025 cozy idle ""desktop"" cat cafe at the bottom of the screen; automation; idler",[],,False,,,,semantic_focus,0.65,10,100,0,1024,1024,,01c25376-0005-0846-0001-397a0006e7c6,,40,40,,6e-06,6e-06,,6e-06,,,,,[],[],[],[],[],[],,,,,,,True,False,[],[],,,,[],[],,,,7,purrounding,0.77132255,2025,Korean,Family Sharing;Single-player,Casual;Early Access;Indie;Simulation,1990's;2D;Casual;Cats;Character Customization;Colorful;Cute;Cyberpunk;Early Access;Emotional;Family Friendly;Idler;Immersive Sim;Life Sim;Modern;Nature;Pixel Graphics;Relaxing;Simulation;Singleplayer,"Your very own workmate cat, Purrounding Unorganized wallpapers, file clutter... Whether you're working, studying, or just staring at a blank screen, spend some time with your personalized cat through Purrounding! Left alone, the cat will walk on your taskbar, curl up like a loaf of bread, and just hang out on your screen. You can use your mouse to interact with your cat. You can customize your cat to your liking. Change their fur color, eye color, and even add different patterns to make your cat","{""text_match"": 0.006070929, ""cosine_similarity"": 0.5426451, ""reranker_score"": -9.292049}"
2026-02-10T20:06:43+00:00,CORTEX_DB.RAW.CAT_GAMES_SVC_1_5,default,"2025 cozy idle ""desktop"" cat cafe at the bottom of the screen; automation; idler","2025 cozy idle ""desktop"" cat cafe at the bottom of the screen; automation; idler",[],,False,,,,semantic_focus,0.65,10,100,0,1024,1024,,01c25376-0005-0846-0001-397a0006e7c6,,40,40,,6e-06,6e-06,,6e-06,,,,,[],[],[],[],[],[],,,,,,,True,False,[],[],,,,[],[],,,,8,Press Paws: Idle Clicker,0.77438235,2024,English,Family Sharing;Single-player;Steam Achievements,Casual;Indie,2D;Arcade;Casual;Cats;Clicker;Combat;Grid-Based Movement;Idler;Indie;Old School;Pixel Graphics;Puzzle;Relaxing;Resource Management;Singleplayer,"Press Paws is a casual, laid-back and cute Idle Clicker Game in Pixel Art style with mini-games, achievements and boss fights. Oh, and secrets. Lots of secrets. Earn as much happiness as you can in order to lead your Cat to freedom! Features Pat the Cat to generate happiness, then spend that to earn even more! Help your Cat navigate the Game Board and open the locked door at the end. Enjoy relaxing Music. Earn happiness by fighting bosses through the mysterious Portals. Unlock 30+ Achievements! ","{""text_match"": 0.034154084, ""cosine_similarity"": 0.5487647, ""reranker_score"": -10.098005}"
2026-02-10T20:06:43+00:00,CORTEX_DB.RAW.CAT_GAMES_SVC_1_5,default,"2025 cozy idle ""desktop"" cat cafe at the bottom of the screen; automation; idler","2025 cozy idle ""desktop"" cat cafe at the bottom of the screen; automation; idler",[],,False,,,,semantic_focus,0.65,10,100,0,1024,1024,,01c25376-0005-0846-0001-397a0006e7c6,,40,40,,6e-06,6e-06,,6e-06,,,,,[],[],[],[],[],[],,,,,,,True,False,[],[],,,,[],[],,,,9,Capoo Pals,0.748937935,2023,English;Traditional Chinese,Single-player;Steam Achievements;Steam Cloud,Animation & Modeling,2D;Animation & Modeling;Atmospheric;Cartoony;Casual;Clicker;Collectathon;Colorful;Comedy;Comic Book;Creature Collector;Cute;Emotional;Funny;Idler;Relaxing;Singleplayer;Tabletop;Utilities,"A completely stress-free desktop pet that heals your boredom at work and school Let the cute and funny Capoo accompany you every moment of using the computer Use the mouse to have a fun interaction with Capoo! Collect bugcats books, many unknown Capoo and bugcats are waiting for you to discover and collect. Let's think~ Does it make you feel lonely when you are alone with your computer? Are you tired of the same presentations and information on the screen when you go to work? Feeling drained whe","{""text_match"": 0.028130732, ""cosine_similarity"": 0.49787587, ""reranker_score"": -8.764605}"
2026-02-10T20:06:43+00:00,CORTEX_DB.RAW.CAT_GAMES_SVC_1_5,default,"2025 cozy idle ""desktop"" cat cafe at the bottom of the screen; automation; idler","2025 cozy idle ""desktop"" cat cafe at the bottom of the screen; automation; idler",[],,False,,,,semantic_focus,0.65,10,100,0,1024,1024,,01c25376-0005-0846-0001-397a0006e7c6,,40,40,,6e-06,6e-06,,6e-06,,,,,[],[],[],[],[],[],,,,,,,True,False,[],[],,,,[],[],,,,10,Cat On The Desktop,0.74861586,2023,English;Japanese;Simplified Chinese;Traditional Chinese,Family Sharing;Single-player,Casual;Indie,3D;3D Platformer;Cartoon;Casual;Emotional;Funny;Idler;Indie;Life Sim;Physics;Point & Click;Simulation;Singleplayer,Game Content Cats with 10 different skin types. Hang up and interact with your mouse operation. Game Controls Double click on the cat's head to pop up a menu; Can set whether to interact or not; Whether to place at the top; Switch skin.,"{""text_match"": 0.024160389, ""cosine_similarity"": 0.49723172, ""reranker_score"": -8.980105}"
2026-02-10T20:06:45+00:00,CORTEX_DB.RAW.CAT_GAMES_SVC_1_5,default,"2025 cozy idle ""desktop"" cat cafe at the bottom of the screen; automation; idler","2025 cozy idle ""desktop"" cat cafe at the bottom of the screen; automation; idler",[],,False,,,,semantic_focus,0.75,10,100,0,1125,1125,,01c25376-0005-0847-0001-397a0006caa6,,51,51,,8e-06,8e-06,,8e-06,,,,,[],[],[],[],[],[],,,,,,,True,False,[],[],,,,[],[],,,,1,Desktop Cat Cafe,0.84483755,2025,Arabic;Bulgarian;Czech;Danish;Dutch;English;Finnish;French;German;Greek;Hungarian;Indonesian;Italian;Japanese;Korean;Norwegian;Polish;Portuguese - Brazil;Portuguese - Portugal;Romanian;Russian;Simplified Chinese;Spanish - Latin America;Spanish - Spain;Swedish;Thai;Traditional Chinese;Turkish;Ukrainian;Vietnamese,Family Sharing;Single-player;Stats;Steam Achievements;Steam Cloud,Casual;Simulation,3D;Automation;Building;Casual;Cats;City Builder;Colorful;Cozy;Cute;Economy;Idler;Indie;Life Sim;Management;Nature;Relaxing;Sandbox;Simulation;Strategy;Stylized,"Desktop Cate Cafe is a cute, idle management game that lives at the bottom of your screen letting you work on other tasks while your cafe runs. Design your dream cafe, unlock delicious recipes, and automate your cafe with cute cat staff! Design Your Outdoor Cafe Build the perfect cafe with hundreds of customization options paired with an easy to use building system that lets your creativity shine. Unlock Delicious Recipes Progress by serving customers to unlock over 150 different recipes from co","{""text_match"": 0.2736005, ""cosine_similarity"": 0.6896751, ""reranker_score"": -0.35314846}"
2026-02-10T20:06:45+00:00,CORTEX_DB.RAW.CAT_GAMES_SVC_1_5,default,"2025 cozy idle ""desktop"" cat cafe at the bottom of the screen; automation; idler","2025 cozy idle ""desktop"" cat cafe at the bottom of the screen; automation; idler",[],,False,,,,semantic_focus,0.75,10,100,0,1125,1125,,01c25376-0005-0847-0001-397a0006caa6,,51,51,,8e-06,8e-06,,8e-06,,,,,[],[],[],[],[],[],,,,,,,True,False,[],[],,,,[],[],,,,2,Boba Simulator : Idle Shop Management,0.7885538999999999,2022,Arabic;Bulgarian;Czech;Danish;Dutch;English;Finnish;French;German;Greek;Hungarian;Italian;Japanese;Korean;Norwegian;Polish;Portuguese - Brazil;Portuguese - Portugal;Romanian;Russian;Simplified Chinese;Spanish - Latin America;Spanish - Spain;Swedish;Thai;Traditional Chinese;Turkish;Ukrainian;Vietnamese,Camera Comfort;Custom Volume Controls;Family Sharing;Mouse Only Option;Playable without Timed Input;Single-player;Steam Achievements;Steam Leaderboards,Casual;Early Access;Indie;Simulation;Strategy,Automation;Cartoony;Casual;Cats;Clicker;Colorful;Cozy;Cute;Early Access;Family Friendly;Funny;Idler;Isometric;Management;Point & Click;Relaxing;Shop Keeper;Simulation;Singleplayer;Strategy,"Create mouthwatering recipes for ultimate customer satisfaction Experiment and refine your recipes through fun trial and error. Customers' preferences can change at any moment, so stay adaptable! Upgrade your shop and unlock new possibilities Invest wisely in upgrades and watch your business flourish. More exciting upgrades, like a delivery service, await you as you progress! Efficiently manage your stock and storage Purchase Boba Tea ingredients from the supermarket and optimize your limited st","{""text_match"": 0.03851348, ""cosine_similarity"": 0.5771078, ""reranker_score"": -7.7141457}"
2026-02-10T20:06:45+00:00,CORTEX_DB.RAW.CAT_GAMES_SVC_1_5,default,"2025 cozy idle ""desktop"" cat cafe at the bottom of the screen; automation; idler","2025 cozy idle ""desktop"" cat cafe at the bottom of the screen; automation; idler",[],,False,,,,semantic_focus,0.75,10,100,0,1125,1125,,01c25376-0005-0847-0001-397a0006caa6,,51,51,,8e-06,8e-06,,8e-06,,,,,[],[],[],[],[],[],,,,,,,True,False,[],[],,,,[],[],,,,3,Mini Cozy Room: Lo-Fi,0.7623043,2025,English;French;German;Italian;Japanese;Korean;Portuguese - Brazil;Russian;Simplified Chinese;Spanish - Spain;Traditional Chinese,Family Sharing;Single-player;Steam Achievements;Steam Cloud,Casual;Indie,Casual;Character Customization;Cozy;Family Friendly;Idler;Indie;Music;Pixel Graphics;Relaxing;Singleplayer;Utilities,"『Mini Cozy Room : Lo-Fi』 is a relaxing productivity game that combines soothing Lo-Fi music with cozy room decoration. Cute avatars and pets will accompany you, making your work more enjoyable. Convenient desktop tools like Pomodoro timers, notes, and to-do lists will boost your productivity. 1. Your Own Cozy Workspace Create the workspace you've always dreamed of! Choose from various rooms, furniture, and decorative items. Your beautifully designed workspace will enhance concentration and produ","{""text_match"": 0.020164488, ""cosine_similarity"": 0.5246086, ""reranker_score"": -6.4506598}"
2026-02-10T20:06:45+00:00,CORTEX_DB.RAW.CAT_GAMES_SVC_1_5,default,"2025 cozy idle ""desktop"" cat cafe at the bottom of the screen; automation; idler","2025 cozy idle ""desktop"" cat cafe at the bottom of the screen; automation; idler",[],,False,,,,semantic_focus,0.75,10,100,0,1125,1125,,01c25376-0005-0847-0001-397a0006caa6,,51,51,,8e-06,8e-06,,8e-06,,,,,[],[],[],[],[],[],,,,,,,True,False,[],[],,,,[],[],,,,4,Melo's cat cafe,0.77365765,2024,English;Japanese,Family Sharing;Single-player;Steam Achievements,Casual;Indie;Simulation,3D;Casual;Cute;Idler;Indie;Simulation;Singleplayer,"'Melo's Cat Cafe' is the perfect game for players who want to relax in a stress-free environment. Instead of chasing goals, players can simply enjoy spending time with the cats. Observe the cats as they eat and sleep, and find peace of mind in their calm presence. Main Features Spacious Mountain Home The game is set in a large house on top of a mountain with beautiful scenic views. 　　The view from the terrace is breathtaking. Free-Spirited Cats Free-spirited and independent cats make an appearan","{""text_match"": 0.08799456, ""cosine_similarity"": 0.5473153, ""reranker_score"": -8.212093}"
2026-02-10T20:06:45+00:00,CORTEX_DB.RAW.CAT_GAMES_SVC_1_5,default,"2025 cozy idle ""desktop"" cat cafe at the bottom of the screen; automation; idler","2025 cozy idle ""desktop"" cat cafe at the bottom of the screen; automation; idler",[],,False,,,,semantic_focus,0.75,10,100,0,1125,1125,,01c25376-0005-0847-0001-397a0006caa6,,51,51,,8e-06,8e-06,,8e-06,,,,,[],[],[],[],[],[],,,,,,,True,False,[],[],,,,[],[],,,,5,Desktop Kitten Girl,0.76657188,2025,English;Japanese;Simplified Chinese;Traditional Chinese,Family Sharing;Single-player;Steam Achievements;Steam Cloud;Steam Workshop,Adventure;Casual;Indie;RPG;Simulation,2D;Adventure;Anime;Casual;Cats;Collectathon;Comic Book;Creature Collector;Cute;Dating Sim;Exploration;Female Protagonist;Idler;Indie;Magic;Relaxing;Romance;Simulation;Singleplayer;Time Management,"Desktop Kitten Girl is an Idle table-pet game with a wealth of collectible elements and support for the Workshop. In addition to her cute appearance, clicking on the little witch will also trigger a variety of cute animations to add a touch of life to your desktop! The game has a rich collection of content, and players can arrange for the little witch to fish, cook, read, sleep, and fight activities. Each event has over 100 elements to collect, so satisfy your desire to collect! In addition to b","{""text_match"": 0.03962953, ""cosine_similarity"": 0.53314376, ""reranker_score"": -8.101899}"
2026-02-10T20:06:45+00:00,CORTEX_DB.RAW.CAT_GAMES_SVC_1_5,default,"2025 cozy idle ""desktop"" cat cafe at the bottom of the screen; automation; idler","2025 cozy idle ""desktop"" cat cafe at the bottom of the screen; automation; idler",[],,False,,,,semantic_focus,0.75,10,100,0,1125,1125,,01c25376-0005-0847-0001-397a0006caa6,,51,51,,8e-06,8e-06,,8e-06,,,,,[],[],[],[],[],[],,,,,,,True,False,[],[],,,,[],[],,,,6,Home Office Simulator,0.7704368500000001,2023,English,Family Sharing;Single-player;Steam Achievements;Steam Cloud,Casual;Indie,Anime;Automation;Casual;Cats;Clicker;Colorful;Cute;Idler;Indie;Simulation;Singleplayer;Strategy,"Summary Help Ayame to work remotely, keeping her free of distractions and keeping her cat interested. Upgrade your home, move to new apartments, and take care of several cats. Upgrade your apartment objects so she can work without distractions or with less chance of getting interrupted by any distractions. Gameplay Move to seven unique apartments with different distractions and upgrades to be made. Upgrade and eliminate several distractions, including cats, computers, phone calls, and notificati","{""text_match"": 0.028269487, ""cosine_similarity"": 0.5408737, ""reranker_score"": -8.381729}"
2026-02-10T20:06:45+00:00,CORTEX_DB.RAW.CAT_GAMES_SVC_1_5,default,"2025 cozy idle ""desktop"" cat cafe at the bottom of the screen; automation; idler","2025 cozy idle ""desktop"" cat cafe at the bottom of the screen; automation; idler",[],,False,,,,semantic_focus,0.75,10,100,0,1125,1125,,01c25376-0005-0847-0001-397a0006caa6,,51,51,,8e-06,8e-06,,8e-06,,,,,[],[],[],[],[],[],,,,,,,True,False,[],[],,,,[],[],,,,7,purrounding,0.77132255,2025,Korean,Family Sharing;Single-player,Casual;Early Access;Indie;Simulation,1990's;2D;Casual;Cats;Character Customization;Colorful;Cute;Cyberpunk;Early Access;Emotional;Family Friendly;Idler;Immersive Sim;Life Sim;Modern;Nature;Pixel Graphics;Relaxing;Simulation;Singleplayer,"Your very own workmate cat, Purrounding Unorganized wallpapers, file clutter... Whether you're working, studying, or just staring at a blank screen, spend some time with your personalized cat through Purrounding! Left alone, the cat will walk on your taskbar, curl up like a loaf of bread, and just hang out on your screen. You can use your mouse to interact with your cat. You can customize your cat to your liking. Change their fur color, eye color, and even add different patterns to make your cat","{""text_match"": 0.006070929, ""cosine_similarity"": 0.5426451, ""reranker_score"": -9.292049}"
2026-02-10T20:06:45+00:00,CORTEX_DB.RAW.CAT_GAMES_SVC_1_5,default,"2025 cozy idle ""desktop"" cat cafe at the bottom of the screen; automation; idler","2025 cozy idle ""desktop"" cat cafe at the bottom of the screen; automation; idler",[],,False,,,,semantic_focus,0.75,10,100,0,1125,1125,,01c25376-0005-0847-0001-397a0006caa6,,51,51,,8e-06,8e-06,,8e-06,,,,,[],[],[],[],[],[],,,,,,,True,False,[],[],,,,[],[],,,,8,Press Paws: Idle Clicker,0.77438235,2024,English,Family Sharing;Single-player;Steam Achievements,Casual;Indie,2D;Arcade;Casual;Cats;Clicker;Combat;Grid-Based Movement;Idler;Indie;Old School;Pixel Graphics;Puzzle;Relaxing;Resource Management;Singleplayer,"Press Paws is a casual, laid-back and cute Idle Clicker Game in Pixel Art style with mini-games, achievements and boss fights. Oh, and secrets. Lots of secrets. Earn as much happiness as you can in order to lead your Cat to freedom! Features Pat the Cat to generate happiness, then spend that to earn even more! Help your Cat navigate the Game Board and open the locked door at the end. Enjoy relaxing Music. Earn happiness by fighting bosses through the mysterious Portals. Unlock 30+ Achievements! ","{""text_match"": 0.034154084, ""cosine_similarity"": 0.5487647, ""reranker_score"": -10.098005}"
2026-02-10T20:06:45+00:00,CORTEX_DB.RAW.CAT_GAMES_SVC_1_5,default,"2025 cozy idle ""desktop"" cat cafe at the bottom of the screen; automation; idler","2025 cozy idle ""desktop"" cat cafe at the bottom of the screen; automation; idler",[],,False,,,,semantic_focus,0.75,10,100,0,1125,1125,,01c25376-0005-0847-0001-397a0006caa6,,51,51,,8e-06,8e-06,,8e-06,,,,,[],[],[],[],[],[],,,,,,,True,False,[],[],,,,[],[],,,,9,MeowWare,0.75054835,2025,English,Family Sharing;Single-player;Steam Achievements,Casual;Early Access;Indie,1990's;2D;Arcade;Casual;Cats;Colorful;Comedy;Cute;Early Access;Exploration;Family Friendly;Funny;Hidden Object;Linear;Pixel Graphics;Point & Click;Relaxing;Retro;Spelling;Typing,"You just got home from work. You are exhausted from a long, hard day of scratching on things and knocking cups off of counters. You know the best way to relax are funny cat videos, so you launch your pc, but it's filled with MeowWare! You must clear the pesky pop ups as quick as possible so you can get to watching your favorite videos! There are 4 different game-modes that you can select! Each one has unique gameplay and different potential pop-ups may appear! The Speed Attack Game is a timed mo","{""text_match"": 0.013715161, ""cosine_similarity"": 0.5010967, ""reranker_score"": -10.149309}"
2026-02-10T20:06:45+00:00,CORTEX_DB.RAW.CAT_GAMES_SVC_1_5,default,"2025 cozy idle ""desktop"" cat cafe at the bottom of the screen; automation; idler","2025 cozy idle ""desktop"" cat cafe at the bottom of the screen; automation; idler",[],,False,,,,semantic_focus,0.75,10,100,0,1125,1125,,01c25376-0005-0847-0001-397a0006caa6,,51,51,,8e-06,8e-06,,8e-06,,,,,[],[],[],[],[],[],,,,,,,True,False,[],[],,,,[],[],,,,10,Hidden Office,0.7563458000000001,2021,Arabic;Bulgarian;Czech;Danish;Dutch;English;Finnish;French;German;Greek;Hungarian;Italian;Japanese;Korean;Norwegian;Polish;Portuguese - Brazil;Portuguese - Portugal;Romanian;Russian;Simplified Chinese;Spanish - Latin America;Spanish - Spain;Swedish;Thai;Traditional Chinese;Turkish;Ukrainian;Vietnamese,Family Sharing;Single-player;Steam Achievements,Casual;Indie,3D;Arcade;Atmospheric;Cartoony;Casual;Cats;Colorful;Cute;Exploration;Family Friendly;Female Protagonist;Hidden Object;Indie;Investigation;Logic;Minimalist;Narration;Puzzle;Relaxing;Stylized,Office is empty now... Except cats. There are 12 rooms with plenty items. Find everything in a checklist and have fun! Classic Hidden Object game in 3D Extra achivements: find all 30 cats and get animated collectible cards 12 areas (108 levels) to unlock Plenty classic and unique challenges Easy to use Comfortable Zoom and Rotation No time limit - just relax and have fun Don't forget to,"{""text_match"": 0.0037132283, ""cosine_similarity"": 0.5126916, ""reranker_score"": -10.6761875}"
2026-02-10T20:06:47+00:00,CORTEX_DB.RAW.CAT_GAMES_SVC_1_5,default,"2025 cozy idle ""desktop"" cat cafe at the bottom of the screen; automation; idler","2025 cozy idle ""desktop"" cat cafe at the bottom of the screen; automation; idler",[],,False,,,,keyword_extreme,0.3,10,100,0,1024,1024,,01c25376-0005-0843-0001-397a0006d4be,,34,34,,5e-06,5e-06,,5e-06,,,,,[],[],[],[],[],[],,,,,,,True,False,[],[],,,,[],[],,,,1,Desktop Cat Cafe,0.84483755,2025,Arabic;Bulgarian;Czech;Danish;Dutch;English;Finnish;French;German;Greek;Hungarian;Indonesian;Italian;Japanese;Korean;Norwegian;Polish;Portuguese - Brazil;Portuguese - Portugal;Romanian;Russian;Simplified Chinese;Spanish - Latin America;Spanish - Spain;Swedish;Thai;Traditional Chinese;Turkish;Ukrainian;Vietnamese,Family Sharing;Single-player;Stats;Steam Achievements;Steam Cloud,Casual;Simulation,3D;Automation;Building;Casual;Cats;City Builder;Colorful;Cozy;Cute;Economy;Idler;Indie;Life Sim;Management;Nature;Relaxing;Sandbox;Simulation;Strategy;Stylized,"Desktop Cate Cafe is a cute, idle management game that lives at the bottom of your screen letting you work on other tasks while your cafe runs. Design your dream cafe, unlock delicious recipes, and automate your cafe with cute cat staff! Design Your Outdoor Cafe Build the perfect cafe with hundreds of customization options paired with an easy to use building system that lets your creativity shine. Unlock Delicious Recipes Progress by serving customers to unlock over 150 different recipes from co","{""text_match"": 0.2736005, ""cosine_similarity"": 0.6896751, ""reranker_score"": -0.35314846}"
2026-02-10T20:06:47+00:00,CORTEX_DB.RAW.CAT_GAMES_SVC_1_5,default,"2025 cozy idle ""desktop"" cat cafe at the bottom of the screen; automation; idler","2025 cozy idle ""desktop"" cat cafe at the bottom of the screen; automation; idler",[],,False,,,,keyword_extreme,0.3,10,100,0,1024,1024,,01c25376-0005-0843-0001-397a0006d4be,,34,34,,5e-06,5e-06,,5e-06,,,,,[],[],[],[],[],[],,,,,,,True,False,[],[],,,,[],[],,,,2,Boba Simulator : Idle Shop Management,0.7885538999999999,2022,Arabic;Bulgarian;Czech;Danish;Dutch;English;Finnish;French;German;Greek;Hungarian;Italian;Japanese;Korean;Norwegian;Polish;Portuguese - Brazil;Portuguese - Portugal;Romanian;Russian;Simplified Chinese;Spanish - Latin America;Spanish - Spain;Swedish;Thai;Traditional Chinese;Turkish;Ukrainian;Vietnamese,Camera Comfort;Custom Volume Controls;Family Sharing;Mouse Only Option;Playable without Timed Input;Single-player;Steam Achievements;Steam Leaderboards,Casual;Early Access;Indie;Simulation;Strategy,Automation;Cartoony;Casual;Cats;Clicker;Colorful;Cozy;Cute;Early Access;Family Friendly;Funny;Idler;Isometric;Management;Point & Click;Relaxing;Shop Keeper;Simulation;Singleplayer;Strategy,"Create mouthwatering recipes for ultimate customer satisfaction Experiment and refine your recipes through fun trial and error. Customers' preferences can change at any moment, so stay adaptable! Upgrade your shop and unlock new possibilities Invest wisely in upgrades and watch your business flourish. More exciting upgrades, like a delivery service, await you as you progress! Efficiently manage your stock and storage Purchase Boba Tea ingredients from the supermarket and optimize your limited st","{""text_match"": 0.03851348, ""cosine_similarity"": 0.5771078, ""reranker_score"": -7.7141457}"
2026-02-10T20:06:47+00:00,CORTEX_DB.RAW.CAT_GAMES_SVC_1_5,default,"2025 cozy idle ""desktop"" cat cafe at the bottom of the screen; automation; idler","2025 cozy idle ""desktop"" cat cafe at the bottom of the screen; automation; idler",[],,False,,,,keyword_extreme,0.3,10,100,0,1024,1024,,01c25376-0005-0843-0001-397a0006d4be,,34,34,,5e-06,5e-06,,5e-06,,,,,[],[],[],[],[],[],,,,,,,True,False,[],[],,,,[],[],,,,3,Mini Cozy Room: Lo-Fi,0.7623043,2025,English;French;German;Italian;Japanese;Korean;Portuguese - Brazil;Russian;Simplified Chinese;Spanish - Spain;Traditional Chinese,Family Sharing;Single-player;Steam Achievements;Steam Cloud,Casual;Indie,Casual;Character Customization;Cozy;Family Friendly;Idler;Indie;Music;Pixel Graphics;Relaxing;Singleplayer;Utilities,"『Mini Cozy Room : Lo-Fi』 is a relaxing productivity game that combines soothing Lo-Fi music with cozy room decoration. Cute avatars and pets will accompany you, making your work more enjoyable. Convenient desktop tools like Pomodoro timers, notes, and to-do lists will boost your productivity. 1. Your Own Cozy Workspace Create the workspace you've always dreamed of! Choose from various rooms, furniture, and decorative items. Your beautifully designed workspace will enhance concentration and produ","{""text_match"": 0.020164488, ""cosine_similarity"": 0.5246086, ""reranker_score"": -6.4506598}"
2026-02-10T20:06:47+00:00,CORTEX_DB.RAW.CAT_GAMES_SVC_1_5,default,"2025 cozy idle ""desktop"" cat cafe at the bottom of the screen; automation; idler","2025 cozy idle ""desktop"" cat cafe at the bottom of the screen; automation; idler",[],,False,,,,keyword_extreme,0.3,10,100,0,1024,1024,,01c25376-0005-0843-0001-397a0006d4be,,34,34,,5e-06,5e-06,,5e-06,,,,,[],[],[],[],[],[],,,,,,,True,False,[],[],,,,[],[],,,,4,Melo's cat cafe,0.77365765,2024,English;Japanese,Family Sharing;Single-player;Steam Achievements,Casual;Indie;Simulation,3D;Casual;Cute;Idler;Indie;Simulation;Singleplayer,"'Melo's Cat Cafe' is the perfect game for players who want to relax in a stress-free environment. Instead of chasing goals, players can simply enjoy spending time with the cats. Observe the cats as they eat and sleep, and find peace of mind in their calm presence. Main Features Spacious Mountain Home The game is set in a large house on top of a mountain with beautiful scenic views. 　　The view from the terrace is breathtaking. Free-Spirited Cats Free-spirited and independent cats make an appearan","{""text_match"": 0.08799456, ""cosine_similarity"": 0.5473153, ""reranker_score"": -8.212093}"
2026-02-10T20:06:47+00:00,CORTEX_DB.RAW.CAT_GAMES_SVC_1_5,default,"2025 cozy idle ""desktop"" cat cafe at the bottom of the screen; automation; idler","2025 cozy idle ""desktop"" cat cafe at the bottom of the screen; automation; idler",[],,False,,,,keyword_extreme,0.3,10,100,0,1024,1024,,01c25376-0005-0843-0001-397a0006d4be,,34,34,,5e-06,5e-06,,5e-06,,,,,[],[],[],[],[],[],,,,,,,True,False,[],[],,,,[],[],,,,5,Desktop Kitten Girl,0.76657188,2025,English;Japanese;Simplified Chinese;Traditional Chinese,Family Sharing;Single-player;Steam Achievements;Steam Cloud;Steam Workshop,Adventure;Casual;Indie;RPG;Simulation,2D;Adventure;Anime;Casual;Cats;Collectathon;Comic Book;Creature Collector;Cute;Dating Sim;Exploration;Female Protagonist;Idler;Indie;Magic;Relaxing;Romance;Simulation;Singleplayer;Time Management,"Desktop Kitten Girl is an Idle table-pet game with a wealth of collectible elements and support for the Workshop. In addition to her cute appearance, clicking on the little witch will also trigger a variety of cute animations to add a touch of life to your desktop! The game has a rich collection of content, and players can arrange for the little witch to fish, cook, read, sleep, and fight activities. Each event has over 100 elements to collect, so satisfy your desire to collect! In addition to b","{""text_match"": 0.03962953, ""cosine_similarity"": 0.53314376, ""reranker_score"": -8.101899}"
2026-02-10T20:06:47+00:00,CORTEX_DB.RAW.CAT_GAMES_SVC_1_5,default,"2025 cozy idle ""desktop"" cat cafe at the bottom of the screen; automation; idler","2025 cozy idle ""desktop"" cat cafe at the bottom of the screen; automation; idler",[],,False,,,,keyword_extreme,0.3,10,100,0,1024,1024,,01c25376-0005-0843-0001-397a0006d4be,,34,34,,5e-06,5e-06,,5e-06,,,,,[],[],[],[],[],[],,,,,,,True,False,[],[],,,,[],[],,,,6,Home Office Simulator,0.7704368500000001,2023,English,Family Sharing;Single-player;Steam Achievements;Steam Cloud,Casual;Indie,Anime;Automation;Casual;Cats;Clicker;Colorful;Cute;Idler;Indie;Simulation;Singleplayer;Strategy,"Summary Help Ayame to work remotely, keeping her free of distractions and keeping her cat interested. Upgrade your home, move to new apartments, and take care of several cats. Upgrade your apartment objects so she can work without distractions or with less chance of getting interrupted by any distractions. Gameplay Move to seven unique apartments with different distractions and upgrades to be made. Upgrade and eliminate several distractions, including cats, computers, phone calls, and notificati","{""text_match"": 0.028269487, ""cosine_similarity"": 0.5408737, ""reranker_score"": -8.381729}"
2026-02-10T20:06:47+00:00,CORTEX_DB.RAW.CAT_GAMES_SVC_1_5,default,"2025 cozy idle ""desktop"" cat cafe at the bottom of the screen; automation; idler","2025 cozy idle ""desktop"" cat cafe at the bottom of the screen; automation; idler",[],,False,,,,keyword_extreme,0.3,10,100,0,1024,1024,,01c25376-0005-0843-0001-397a0006d4be,,34,34,,5e-06,5e-06,,5e-06,,,,,[],[],[],[],[],[],,,,,,,True,False,[],[],,,,[],[],,,,7,purrounding,0.77132255,2025,Korean,Family Sharing;Single-player,Casual;Early Access;Indie;Simulation,1990's;2D;Casual;Cats;Character Customization;Colorful;Cute;Cyberpunk;Early Access;Emotional;Family Friendly;Idler;Immersive Sim;Life Sim;Modern;Nature;Pixel Graphics;Relaxing;Simulation;Singleplayer,"Your very own workmate cat, Purrounding Unorganized wallpapers, file clutter... Whether you're working, studying, or just staring at a blank screen, spend some time with your personalized cat through Purrounding! Left alone, the cat will walk on your taskbar, curl up like a loaf of bread, and just hang out on your screen. You can use your mouse to interact with your cat. You can customize your cat to your liking. Change their fur color, eye color, and even add different patterns to make your cat","{""text_match"": 0.006070929, ""cosine_similarity"": 0.5426451, ""reranker_score"": -9.292049}"
2026-02-10T20:06:47+00:00,CORTEX_DB.RAW.CAT_GAMES_SVC_1_5,default,"2025 cozy idle ""desktop"" cat cafe at the bottom of the screen; automation; idler","2025 cozy idle ""desktop"" cat cafe at the bottom of the screen; automation; idler",[],,False,,,,keyword_extreme,0.3,10,100,0,1024,1024,,01c25376-0005-0843-0001-397a0006d4be,,34,34,,5e-06,5e-06,,5e-06,,,,,[],[],[],[],[],[],,,,,,,True,False,[],[],,,,[],[],,,,8,Press Paws: Idle Clicker,0.77438235,2024,English,Family Sharing;Single-player;Steam Achievements,Casual;Indie,2D;Arcade;Casual;Cats;Clicker;Combat;Grid-Based Movement;Idler;Indie;Old School;Pixel Graphics;Puzzle;Relaxing;Resource Management;Singleplayer,"Press Paws is a casual, laid-back and cute Idle Clicker Game in Pixel Art style with mini-games, achievements and boss fights. Oh, and secrets. Lots of secrets. Earn as much happiness as you can in order to lead your Cat to freedom! Features Pat the Cat to generate happiness, then spend that to earn even more! Help your Cat navigate the Game Board and open the locked door at the end. Enjoy relaxing Music. Earn happiness by fighting bosses through the mysterious Portals. Unlock 30+ Achievements! ","{""text_match"": 0.034154084, ""cosine_similarity"": 0.5487647, ""reranker_score"": -10.098005}"
2026-02-10T20:06:47+00:00,CORTEX_DB.RAW.CAT_GAMES_SVC_1_5,default,"2025 cozy idle ""desktop"" cat cafe at the bottom of the screen; automation; idler","2025 cozy idle ""desktop"" cat cafe at the bottom of the screen; automation; idler",[],,False,,,,keyword_extreme,0.3,10,100,0,1024,1024,,01c25376-0005-0843-0001-397a0006d4be,,34,34,,5e-06,5e-06,,5e-06,,,,,[],[],[],[],[],[],,,,,,,True,False,[],[],,,,[],[],,,,9,Capoo Pals,0.748937935,2023,English;Traditional Chinese,Single-player;Steam Achievements;Steam Cloud,Animation & Modeling,2D;Animation & Modeling;Atmospheric;Cartoony;Casual;Clicker;Collectathon;Colorful;Comedy;Comic Book;Creature Collector;Cute;Emotional;Funny;Idler;Relaxing;Singleplayer;Tabletop;Utilities,"A completely stress-free desktop pet that heals your boredom at work and school Let the cute and funny Capoo accompany you every moment of using the computer Use the mouse to have a fun interaction with Capoo! Collect bugcats books, many unknown Capoo and bugcats are waiting for you to discover and collect. Let's think~ Does it make you feel lonely when you are alone with your computer? Are you tired of the same presentations and information on the screen when you go to work? Feeling drained whe","{""text_match"": 0.028130732, ""cosine_similarity"": 0.49787587, ""reranker_score"": -8.764605}"
2026-02-10T20:06:47+00:00,CORTEX_DB.RAW.CAT_GAMES_SVC_1_5,default,"2025 cozy idle ""desktop"" cat cafe at the bottom of the screen; automation; idler","2025 cozy idle ""desktop"" cat cafe at the bottom of the screen; automation; idler",[],,False,,,,keyword_extreme,0.3,10,100,0,1024,1024,,01c25376-0005-0843-0001-397a0006d4be,,34,34,,5e-06,5e-06,,5e-06,,,,,[],[],[],[],[],[],,,,,,,True,False,[],[],,,,[],[],,,,10,Cat On The Desktop,0.74861586,2023,English;Japanese;Simplified Chinese;Traditional Chinese,Family Sharing;Single-player,Casual;Indie,3D;3D Platformer;Cartoon;Casual;Emotional;Funny;Idler;Indie;Life Sim;Physics;Point & Click;Simulation;Singleplayer,Game Content Cats with 10 different skin types. Hang up and interact with your mouse operation. Game Controls Double click on the cat's head to pop up a menu; Can set whether to interact or not; Whether to place at the top; Switch skin.,"{""text_match"": 0.024160389, ""cosine_similarity"": 0.49723172, ""reranker_score"": -8.980105}"
2026-02-10T20:06:48+00:00,CORTEX_DB.RAW.CAT_GAMES_SVC_1_5,default,"2025 cozy idle ""desktop"" cat cafe at the bottom of the screen; automation; idler","2025 cozy idle ""desktop"" cat cafe at the bottom of the screen; automation; idler",[],,False,,,,keyword_extreme,0.65,10,100,0,1129,1129,,01c25376-0005-0846-0001-397a0006e7d6,,52,52,,8e-06,8e-06,,8e-06,,,,,[],[],[],[],[],[],,,,,,,True,False,[],[],,,,[],[],,,,1,Desktop Cat Cafe,0.84483755,2025,Arabic;Bulgarian;Czech;Danish;Dutch;English;Finnish;French;German;Greek;Hungarian;Indonesian;Italian;Japanese;Korean;Norwegian;Polish;Portuguese - Brazil;Portuguese - Portugal;Romanian;Russian;Simplified Chinese;Spanish - Latin America;Spanish - Spain;Swedish;Thai;Traditional Chinese;Turkish;Ukrainian;Vietnamese,Family Sharing;Single-player;Stats;Steam Achievements;Steam Cloud,Casual;Simulation,3D;Automation;Building;Casual;Cats;City Builder;Colorful;Cozy;Cute;Economy;Idler;Indie;Life Sim;Management;Nature;Relaxing;Sandbox;Simulation;Strategy;Stylized,"Desktop Cate Cafe is a cute, idle management game that lives at the bottom of your screen letting you work on other tasks while your cafe runs. Design your dream cafe, unlock delicious recipes, and automate your cafe with cute cat staff! Design Your Outdoor Cafe Build the perfect cafe with hundreds of customization options paired with an easy to use building system that lets your creativity shine. Unlock Delicious Recipes Progress by serving customers to unlock over 150 different recipes from co","{""text_match"": 0.2736005, ""cosine_similarity"": 0.6896751, ""reranker_score"": -0.35314846}"
2026-02-10T20:06:48+00:00,CORTEX_DB.RAW.CAT_GAMES_SVC_1_5,default,"2025 cozy idle ""desktop"" cat cafe at the bottom of the screen; automation; idler","2025 cozy idle ""desktop"" cat cafe at the bottom of the screen; automation; idler",[],,False,,,,keyword_extreme,0.65,10,100,0,1129,1129,,01c25376-0005-0846-0001-397a0006e7d6,,52,52,,8e-06,8e-06,,8e-06,,,,,[],[],[],[],[],[],,,,,,,True,False,[],[],,,,[],[],,,,2,Boba Simulator : Idle Shop Management,0.7885538999999999,2022,Arabic;Bulgarian;Czech;Danish;Dutch;English;Finnish;French;German;Greek;Hungarian;Italian;Japanese;Korean;Norwegian;Polish;Portuguese - Brazil;Portuguese - Portugal;Romanian;Russian;Simplified Chinese;Spanish - Latin America;Spanish - Spain;Swedish;Thai;Traditional Chinese;Turkish;Ukrainian;Vietnamese,Camera Comfort;Custom Volume Controls;Family Sharing;Mouse Only Option;Playable without Timed Input;Single-player;Steam Achievements;Steam Leaderboards,Casual;Early Access;Indie;Simulation;Strategy,Automation;Cartoony;Casual;Cats;Clicker;Colorful;Cozy;Cute;Early Access;Family Friendly;Funny;Idler;Isometric;Management;Point & Click;Relaxing;Shop Keeper;Simulation;Singleplayer;Strategy,"Create mouthwatering recipes for ultimate customer satisfaction Experiment and refine your recipes through fun trial and error. Customers' preferences can change at any moment, so stay adaptable! Upgrade your shop and unlock new possibilities Invest wisely in upgrades and watch your business flourish. More exciting upgrades, like a delivery service, await you as you progress! Efficiently manage your stock and storage Purchase Boba Tea ingredients from the supermarket and optimize your limited st","{""text_match"": 0.03851348, ""cosine_similarity"": 0.5771078, ""reranker_score"": -7.7141457}"
2026-02-10T20:06:48+00:00,CORTEX_DB.RAW.CAT_GAMES_SVC_1_5,default,"2025 cozy idle ""desktop"" cat cafe at the bottom of the screen; automation; idler","2025 cozy idle ""desktop"" cat cafe at the bottom of the screen; automation; idler",[],,False,,,,keyword_extreme,0.65,10,100,0,1129,1129,,01c25376-0005-0846-0001-397a0006e7d6,,52,52,,8e-06,8e-06,,8e-06,,,,,[],[],[],[],[],[],,,,,,,True,False,[],[],,,,[],[],,,,3,Mini Cozy Room: Lo-Fi,0.7623043,2025,English;French;German;Italian;Japanese;Korean;Portuguese - Brazil;Russian;Simplified Chinese;Spanish - Spain;Traditional Chinese,Family Sharing;Single-player;Steam Achievements;Steam Cloud,Casual;Indie,Casual;Character Customization;Cozy;Family Friendly;Idler;Indie;Music;Pixel Graphics;Relaxing;Singleplayer;Utilities,"『Mini Cozy Room : Lo-Fi』 is a relaxing productivity game that combines soothing Lo-Fi music with cozy room decoration. Cute avatars and pets will accompany you, making your work more enjoyable. Convenient desktop tools like Pomodoro timers, notes, and to-do lists will boost your productivity. 1. Your Own Cozy Workspace Create the workspace you've always dreamed of! Choose from various rooms, furniture, and decorative items. Your beautifully designed workspace will enhance concentration and produ","{""text_match"": 0.020164488, ""cosine_similarity"": 0.5246086, ""reranker_score"": -6.4506598}"
2026-02-10T20:06:48+00:00,CORTEX_DB.RAW.CAT_GAMES_SVC_1_5,default,"2025 cozy idle ""desktop"" cat cafe at the bottom of the screen; automation; idler","2025 cozy idle ""desktop"" cat cafe at the bottom of the screen; automation; idler",[],,False,,,,keyword_extreme,0.65,10,100,0,1129,1129,,01c25376-0005-0846-0001-397a0006e7d6,,52,52,,8e-06,8e-06,,8e-06,,,,,[],[],[],[],[],[],,,,,,,True,False,[],[],,,,[],[],,,,4,Melo's cat cafe,0.77365765,2024,English;Japanese,Family Sharing;Single-player;Steam Achievements,Casual;Indie;Simulation,3D;Casual;Cute;Idler;Indie;Simulation;Singleplayer,"'Melo's Cat Cafe' is the perfect game for players who want to relax in a stress-free environment. Instead of chasing goals, players can simply enjoy spending time with the cats. Observe the cats as they eat and sleep, and find peace of mind in their calm presence. Main Features Spacious Mountain Home The game is set in a large house on top of a mountain with beautiful scenic views. 　　The view from the terrace is breathtaking. Free-Spirited Cats Free-spirited and independent cats make an appearan","{""text_match"": 0.08799456, ""cosine_similarity"": 0.5473153, ""reranker_score"": -8.212093}"
2026-02-10T20:06:48+00:00,CORTEX_DB.RAW.CAT_GAMES_SVC_1_5,default,"2025 cozy idle ""desktop"" cat cafe at the bottom of the screen; automation; idler","2025 cozy idle ""desktop"" cat cafe at the bottom of the screen; automation; idler",[],,False,,,,keyword_extreme,0.65,10,100,0,1129,1129,,01c25376-0005-0846-0001-397a0006e7d6,,52,52,,8e-06,8e-06,,8e-06,,,,,[],[],[],[],[],[],,,,,,,True,False,[],[],,,,[],[],,,,5,Desktop Kitten Girl,0.76657188,2025,English;Japanese;Simplified Chinese;Traditional Chinese,Family Sharing;Single-player;Steam Achievements;Steam Cloud;Steam Workshop,Adventure;Casual;Indie;RPG;Simulation,2D;Adventure;Anime;Casual;Cats;Collectathon;Comic Book;Creature Collector;Cute;Dating Sim;Exploration;Female Protagonist;Idler;Indie;Magic;Relaxing;Romance;Simulation;Singleplayer;Time Management,"Desktop Kitten Girl is an Idle table-pet game with a wealth of collectible elements and support for the Workshop. In addition to her cute appearance, clicking on the little witch will also trigger a variety of cute animations to add a touch of life to your desktop! The game has a rich collection of content, and players can arrange for the little witch to fish, cook, read, sleep, and fight activities. Each event has over 100 elements to collect, so satisfy your desire to collect! In addition to b","{""text_match"": 0.03962953, ""cosine_similarity"": 0.53314376, ""reranker_score"": -8.101899}"
2026-02-10T20:06:48+00:00,CORTEX_DB.RAW.CAT_GAMES_SVC_1_5,default,"2025 cozy idle ""desktop"" cat cafe at the bottom of the screen; automation; idler","2025 cozy idle ""desktop"" cat cafe at the bottom of the screen; automation; idler",[],,False,,,,keyword_extreme,0.65,10,100,0,1129,1129,,01c25376-0005-0846-0001-397a0006e7d6,,52,52,,8e-06,8e-06,,8e-06,,,,,[],[],[],[],[],[],,,,,,,True,False,[],[],,,,[],[],,,,6,Home Office Simulator,0.7704368500000001,2023,English,Family Sharing;Single-player;Steam Achievements;Steam Cloud,Casual;Indie,Anime;Automation;Casual;Cats;Clicker;Colorful;Cute;Idler;Indie;Simulation;Singleplayer;Strategy,"Summary Help Ayame to work remotely, keeping her free of distractions and keeping her cat interested. Upgrade your home, move to new apartments, and take care of several cats. Upgrade your apartment objects so she can work without distractions or with less chance of getting interrupted by any distractions. Gameplay Move to seven unique apartments with different distractions and upgrades to be made. Upgrade and eliminate several distractions, including cats, computers, phone calls, and notificati","{""text_match"": 0.028269487, ""cosine_similarity"": 0.5408737, ""reranker_score"": -8.381729}"
2026-02-10T20:06:48+00:00,CORTEX_DB.RAW.CAT_GAMES_SVC_1_5,default,"2025 cozy idle ""desktop"" cat cafe at the bottom of the screen; automation; idler","2025 cozy idle ""desktop"" cat cafe at the bottom of the screen; automation; idler",[],,False,,,,keyword_extreme,0.65,10,100,0,1129,1129,,01c25376-0005-0846-0001-397a0006e7d6,,52,52,,8e-06,8e-06,,8e-06,,,,,[],[],[],[],[],[],,,,,,,True,False,[],[],,,,[],[],,,,7,purrounding,0.77132255,2025,Korean,Family Sharing;Single-player,Casual;Early Access;Indie;Simulation,1990's;2D;Casual;Cats;Character Customization;Colorful;Cute;Cyberpunk;Early Access;Emotional;Family Friendly;Idler;Immersive Sim;Life Sim;Modern;Nature;Pixel Graphics;Relaxing;Simulation;Singleplayer,"Your very own workmate cat, Purrounding Unorganized wallpapers, file clutter... Whether you're working, studying, or just staring at a blank screen, spend some time with your personalized cat through Purrounding! Left alone, the cat will walk on your taskbar, curl up like a loaf of bread, and just hang out on your screen. You can use your mouse to interact with your cat. You can customize your cat to your liking. Change their fur color, eye color, and even add different patterns to make your cat","{""text_match"": 0.006070929, ""cosine_similarity"": 0.5426451, ""reranker_score"": -9.292049}"
2026-02-10T20:06:48+00:00,CORTEX_DB.RAW.CAT_GAMES_SVC_1_5,default,"2025 cozy idle ""desktop"" cat cafe at the bottom of the screen; automation; idler","2025 cozy idle ""desktop"" cat cafe at the bottom of the screen; automation; idler",[],,False,,,,keyword_extreme,0.65,10,100,0,1129,1129,,01c25376-0005-0846-0001-397a0006e7d6,,52,52,,8e-06,8e-06,,8e-06,,,,,[],[],[],[],[],[],,,,,,,True,False,[],[],,,,[],[],,,,8,Press Paws: Idle Clicker,0.77438235,2024,English,Family Sharing;Single-player;Steam Achievements,Casual;Indie,2D;Arcade;Casual;Cats;Clicker;Combat;Grid-Based Movement;Idler;Indie;Old School;Pixel Graphics;Puzzle;Relaxing;Resource Management;Singleplayer,"Press Paws is a casual, laid-back and cute Idle Clicker Game in Pixel Art style with mini-games, achievements and boss fights. Oh, and secrets. Lots of secrets. Earn as much happiness as you can in order to lead your Cat to freedom! Features Pat the Cat to generate happiness, then spend that to earn even more! Help your Cat navigate the Game Board and open the locked door at the end. Enjoy relaxing Music. Earn happiness by fighting bosses through the mysterious Portals. Unlock 30+ Achievements! ","{""text_match"": 0.034154084, ""cosine_similarity"": 0.5487647, ""reranker_score"": -10.098005}"
2026-02-10T20:06:48+00:00,CORTEX_DB.RAW.CAT_GAMES_SVC_1_5,default,"2025 cozy idle ""desktop"" cat cafe at the bottom of the screen; automation; idler","2025 cozy idle ""desktop"" cat cafe at the bottom of the screen; automation; idler",[],,False,,,,keyword_extreme,0.65,10,100,0,1129,1129,,01c25376-0005-0846-0001-397a0006e7d6,,52,52,,8e-06,8e-06,,8e-06,,,,,[],[],[],[],[],[],,,,,,,True,False,[],[],,,,[],[],,,,9,Capoo Pals,0.748937935,2023,English;Traditional Chinese,Single-player;Steam Achievements;Steam Cloud,Animation & Modeling,2D;Animation & Modeling;Atmospheric;Cartoony;Casual;Clicker;Collectathon;Colorful;Comedy;Comic Book;Creature Collector;Cute;Emotional;Funny;Idler;Relaxing;Singleplayer;Tabletop;Utilities,"A completely stress-free desktop pet that heals your boredom at work and school Let the cute and funny Capoo accompany you every moment of using the computer Use the mouse to have a fun interaction with Capoo! Collect bugcats books, many unknown Capoo and bugcats are waiting for you to discover and collect. Let's think~ Does it make you feel lonely when you are alone with your computer? Are you tired of the same presentations and information on the screen when you go to work? Feeling drained whe","{""text_match"": 0.028130732, ""cosine_similarity"": 0.49787587, ""reranker_score"": -8.764605}"
2026-02-10T20:06:48+00:00,CORTEX_DB.RAW.CAT_GAMES_SVC_1_5,default,"2025 cozy idle ""desktop"" cat cafe at the bottom of the screen; automation; idler","2025 cozy idle ""desktop"" cat cafe at the bottom of the screen; automation; idler",[],,False,,,,keyword_extreme,0.65,10,100,0,1129,1129,,01c25376-0005-0846-0001-397a0006e7d6,,52,52,,8e-06,8e-06,,8e-06,,,,,[],[],[],[],[],[],,,,,,,True,False,[],[],,,,[],[],,,,10,Cat On The Desktop,0.74861586,2023,English;Japanese;Simplified Chinese;Traditional Chinese,Family Sharing;Single-player,Casual;Indie,3D;3D Platformer;Cartoon;Casual;Emotional;Funny;Idler;Indie;Life Sim;Physics;Point & Click;Simulation;Singleplayer,Game Content Cats with 10 different skin types. Hang up and interact with your mouse operation. Game Controls Double click on the cat's head to pop up a menu; Can set whether to interact or not; Whether to place at the top; Switch skin.,"{""text_match"": 0.024160389, ""cosine_similarity"": 0.49723172, ""reranker_score"": -8.980105}"
2026-02-10T20:06:49+00:00,CORTEX_DB.RAW.CAT_GAMES_SVC_1_5,default,"2025 cozy idle ""desktop"" cat cafe at the bottom of the screen; automation; idler","2025 cozy idle ""desktop"" cat cafe at the bottom of the screen; automation; idler",[],,False,,,,keyword_extreme,0.75,10,100,0,918,918,,01c25376-0005-0847-0001-397a0006cab6,,41,41,,6e-06,6e-06,,6e-06,,,,,[],[],[],[],[],[],,,,,,,True,False,[],[],,,,[],[],,,,1,Desktop Cat Cafe,0.84483755,2025,Arabic;Bulgarian;Czech;Danish;Dutch;English;Finnish;French;German;Greek;Hungarian;Indonesian;Italian;Japanese;Korean;Norwegian;Polish;Portuguese - Brazil;Portuguese - Portugal;Romanian;Russian;Simplified Chinese;Spanish - Latin America;Spanish - Spain;Swedish;Thai;Traditional Chinese;Turkish;Ukrainian;Vietnamese,Family Sharing;Single-player;Stats;Steam Achievements;Steam Cloud,Casual;Simulation,3D;Automation;Building;Casual;Cats;City Builder;Colorful;Cozy;Cute;Economy;Idler;Indie;Life Sim;Management;Nature;Relaxing;Sandbox;Simulation;Strategy;Stylized,"Desktop Cate Cafe is a cute, idle management game that lives at the bottom of your screen letting you work on other tasks while your cafe runs. Design your dream cafe, unlock delicious recipes, and automate your cafe with cute cat staff! Design Your Outdoor Cafe Build the perfect cafe with hundreds of customization options paired with an easy to use building system that lets your creativity shine. Unlock Delicious Recipes Progress by serving customers to unlock over 150 different recipes from co","{""text_match"": 0.2736005, ""cosine_similarity"": 0.6896751, ""reranker_score"": -0.35314846}"
2026-02-10T20:06:49+00:00,CORTEX_DB.RAW.CAT_GAMES_SVC_1_5,default,"2025 cozy idle ""desktop"" cat cafe at the bottom of the screen; automation; idler","2025 cozy idle ""desktop"" cat cafe at the bottom of the screen; automation; idler",[],,False,,,,keyword_extreme,0.75,10,100,0,918,918,,01c25376-0005-0847-0001-397a0006cab6,,41,41,,6e-06,6e-06,,6e-06,,,,,[],[],[],[],[],[],,,,,,,True,False,[],[],,,,[],[],,,,2,Boba Simulator : Idle Shop Management,0.7885538999999999,2022,Arabic;Bulgarian;Czech;Danish;Dutch;English;Finnish;French;German;Greek;Hungarian;Italian;Japanese;Korean;Norwegian;Polish;Portuguese - Brazil;Portuguese - Portugal;Romanian;Russian;Simplified Chinese;Spanish - Latin America;Spanish - Spain;Swedish;Thai;Traditional Chinese;Turkish;Ukrainian;Vietnamese,Camera Comfort;Custom Volume Controls;Family Sharing;Mouse Only Option;Playable without Timed Input;Single-player;Steam Achievements;Steam Leaderboards,Casual;Early Access;Indie;Simulation;Strategy,Automation;Cartoony;Casual;Cats;Clicker;Colorful;Cozy;Cute;Early Access;Family Friendly;Funny;Idler;Isometric;Management;Point & Click;Relaxing;Shop Keeper;Simulation;Singleplayer;Strategy,"Create mouthwatering recipes for ultimate customer satisfaction Experiment and refine your recipes through fun trial and error. Customers' preferences can change at any moment, so stay adaptable! Upgrade your shop and unlock new possibilities Invest wisely in upgrades and watch your business flourish. More exciting upgrades, like a delivery service, await you as you progress! Efficiently manage your stock and storage Purchase Boba Tea ingredients from the supermarket and optimize your limited st","{""text_match"": 0.03851348, ""cosine_similarity"": 0.5771078, ""reranker_score"": -7.7141457}"
2026-02-10T20:06:49+00:00,CORTEX_DB.RAW.CAT_GAMES_SVC_1_5,default,"2025 cozy idle ""desktop"" cat cafe at the bottom of the screen; automation; idler","2025 cozy idle ""desktop"" cat cafe at the bottom of the screen; automation; idler",[],,False,,,,keyword_extreme,0.75,10,100,0,918,918,,01c25376-0005-0847-0001-397a0006cab6,,41,41,,6e-06,6e-06,,6e-06,,,,,[],[],[],[],[],[],,,,,,,True,False,[],[],,,,[],[],,,,3,Mini Cozy Room: Lo-Fi,0.7623043,2025,English;French;German;Italian;Japanese;Korean;Portuguese - Brazil;Russian;Simplified Chinese;Spanish - Spain;Traditional Chinese,Family Sharing;Single-player;Steam Achievements;Steam Cloud,Casual;Indie,Casual;Character Customization;Cozy;Family Friendly;Idler;Indie;Music;Pixel Graphics;Relaxing;Singleplayer;Utilities,"『Mini Cozy Room : Lo-Fi』 is a relaxing productivity game that combines soothing Lo-Fi music with cozy room decoration. Cute avatars and pets will accompany you, making your work more enjoyable. Convenient desktop tools like Pomodoro timers, notes, and to-do lists will boost your productivity. 1. Your Own Cozy Workspace Create the workspace you've always dreamed of! Choose from various rooms, furniture, and decorative items. Your beautifully designed workspace will enhance concentration and produ","{""text_match"": 0.020164488, ""cosine_similarity"": 0.5246086, ""reranker_score"": -6.4506598}"
2026-02-10T20:06:49+00:00,CORTEX_DB.RAW.CAT_GAMES_SVC_1_5,default,"2025 cozy idle ""desktop"" cat cafe at the bottom of the screen; automation; idler","2025 cozy idle ""desktop"" cat cafe at the bottom of the screen; automation; idler",[],,False,,,,keyword_extreme,0.75,10,100,0,918,918,,01c25376-0005-0847-0001-397a0006cab6,,41,41,,6e-06,6e-06,,6e-06,,,,,[],[],[],[],[],[],,,,,,,True,False,[],[],,,,[],[],,,,4,Melo's cat cafe,0.77365765,2024,English;Japanese,Family Sharing;Single-player;Steam Achievements,Casual;Indie;Simulation,3D;Casual;Cute;Idler;Indie;Simulation;Singleplayer,"'Melo's Cat Cafe' is the perfect game for players who want to relax in a stress-free environment. Instead of chasing goals, players can simply enjoy spending time with the cats. Observe the cats as they eat and sleep, and find peace of mind in their calm presence. Main Features Spacious Mountain Home The game is set in a large house on top of a mountain with beautiful scenic views. 　　The view from the terrace is breathtaking. Free-Spirited Cats Free-spirited and independent cats make an appearan","{""text_match"": 0.08799456, ""cosine_similarity"": 0.5473153, ""reranker_score"": -8.212093}"
2026-02-10T20:06:49+00:00,CORTEX_DB.RAW.CAT_GAMES_SVC_1_5,default,"2025 cozy idle ""desktop"" cat cafe at the bottom of the screen; automation; idler","2025 cozy idle ""desktop"" cat cafe at the bottom of the screen; automation; idler",[],,False,,,,keyword_extreme,0.75,10,100,0,918,918,,01c25376-0005-0847-0001-397a0006cab6,,41,41,,6e-06,6e-06,,6e-06,,,,,[],[],[],[],[],[],,,,,,,True,False,[],[],,,,[],[],,,,5,Desktop Kitten Girl,0.76657188,2025,English;Japanese;Simplified Chinese;Traditional Chinese,Family Sharing;Single-player;Steam Achievements;Steam Cloud;Steam Workshop,Adventure;Casual;Indie;RPG;Simulation,2D;Adventure;Anime;Casual;Cats;Collectathon;Comic Book;Creature Collector;Cute;Dating Sim;Exploration;Female Protagonist;Idler;Indie;Magic;Relaxing;Romance;Simulation;Singleplayer;Time Management,"Desktop Kitten Girl is an Idle table-pet game with a wealth of collectible elements and support for the Workshop. In addition to her cute appearance, clicking on the little witch will also trigger a variety of cute animations to add a touch of life to your desktop! The game has a rich collection of content, and players can arrange for the little witch to fish, cook, read, sleep, and fight activities. Each event has over 100 elements to collect, so satisfy your desire to collect! In addition to b","{""text_match"": 0.03962953, ""cosine_similarity"": 0.53314376, ""reranker_score"": -8.101899}"
2026-02-10T20:06:49+00:00,CORTEX_DB.RAW.CAT_GAMES_SVC_1_5,default,"2025 cozy idle ""desktop"" cat cafe at the bottom of the screen; automation; idler","2025 cozy idle ""desktop"" cat cafe at the bottom of the screen; automation; idler",[],,False,,,,keyword_extreme,0.75,10,100,0,918,918,,01c25376-0005-0847-0001-397a0006cab6,,41,41,,6e-06,6e-06,,6e-06,,,,,[],[],[],[],[],[],,,,,,,True,False,[],[],,,,[],[],,,,6,Home Office Simulator,0.7704368500000001,2023,English,Family Sharing;Single-player;Steam Achievements;Steam Cloud,Casual;Indie,Anime;Automation;Casual;Cats;Clicker;Colorful;Cute;Idler;Indie;Simulation;Singleplayer;Strategy,"Summary Help Ayame to work remotely, keeping her free of distractions and keeping her cat interested. Upgrade your home, move to new apartments, and take care of several cats. Upgrade your apartment objects so she can work without distractions or with less chance of getting interrupted by any distractions. Gameplay Move to seven unique apartments with different distractions and upgrades to be made. Upgrade and eliminate several distractions, including cats, computers, phone calls, and notificati","{""text_match"": 0.028269487, ""cosine_similarity"": 0.5408737, ""reranker_score"": -8.381729}"
2026-02-10T20:06:49+00:00,CORTEX_DB.RAW.CAT_GAMES_SVC_1_5,default,"2025 cozy idle ""desktop"" cat cafe at the bottom of the screen; automation; idler","2025 cozy idle ""desktop"" cat cafe at the bottom of the screen; automation; idler",[],,False,,,,keyword_extreme,0.75,10,100,0,918,918,,01c25376-0005-0847-0001-397a0006cab6,,41,41,,6e-06,6e-06,,6e-06,,,,,[],[],[],[],[],[],,,,,,,True,False,[],[],,,,[],[],,,,7,purrounding,0.77132255,2025,Korean,Family Sharing;Single-player,Casual;Early Access;Indie;Simulation,1990's;2D;Casual;Cats;Character Customization;Colorful;Cute;Cyberpunk;Early Access;Emotional;Family Friendly;Idler;Immersive Sim;Life Sim;Modern;Nature;Pixel Graphics;Relaxing;Simulation;Singleplayer,"Your very own workmate cat, Purrounding Unorganized wallpapers, file clutter... Whether you're working, studying, or just staring at a blank screen, spend some time with your personalized cat through Purrounding! Left alone, the cat will walk on your taskbar, curl up like a loaf of bread, and just hang out on your screen. You can use your mouse to interact with your cat. You can customize your cat to your liking. Change their fur color, eye color, and even add different patterns to make your cat","{""text_match"": 0.006070929, ""cosine_similarity"": 0.5426451, ""reranker_score"": -9.292049}"
2026-02-10T20:06:49+00:00,CORTEX_DB.RAW.CAT_GAMES_SVC_1_5,default,"2025 cozy idle ""desktop"" cat cafe at the bottom of the screen; automation; idler","2025 cozy idle ""desktop"" cat cafe at the bottom of the screen; automation; idler",[],,False,,,,keyword_extreme,0.75,10,100,0,918,918,,01c25376-0005-0847-0001-397a0006cab6,,41,41,,6e-06,6e-06,,6e-06,,,,,[],[],[],[],[],[],,,,,,,True,False,[],[],,,,[],[],,,,8,Press Paws: Idle Clicker,0.77438235,2024,English,Family Sharing;Single-player;Steam Achievements,Casual;Indie,2D;Arcade;Casual;Cats;Clicker;Combat;Grid-Based Movement;Idler;Indie;Old School;Pixel Graphics;Puzzle;Relaxing;Resource Management;Singleplayer,"Press Paws is a casual, laid-back and cute Idle Clicker Game in Pixel Art style with mini-games, achievements and boss fights. Oh, and secrets. Lots of secrets. Earn as much happiness as you can in order to lead your Cat to freedom! Features Pat the Cat to generate happiness, then spend that to earn even more! Help your Cat navigate the Game Board and open the locked door at the end. Enjoy relaxing Music. Earn happiness by fighting bosses through the mysterious Portals. Unlock 30+ Achievements! ","{""text_match"": 0.034154084, ""cosine_similarity"": 0.5487647, ""reranker_score"": -10.098005}"
2026-02-10T20:06:49+00:00,CORTEX_DB.RAW.CAT_GAMES_SVC_1_5,default,"2025 cozy idle ""desktop"" cat cafe at the bottom of the screen; automation; idler","2025 cozy idle ""desktop"" cat cafe at the bottom of the screen; automation; idler",[],,False,,,,keyword_extreme,0.75,10,100,0,918,918,,01c25376-0005-0847-0001-397a0006cab6,,41,41,,6e-06,6e-06,,6e-06,,,,,[],[],[],[],[],[],,,,,,,True,False,[],[],,,,[],[],,,,9,MeowWare,0.75054835,2025,English,Family Sharing;Single-player;Steam Achievements,Casual;Early Access;Indie,1990's;2D;Arcade;Casual;Cats;Colorful;Comedy;Cute;Early Access;Exploration;Family Friendly;Funny;Hidden Object;Linear;Pixel Graphics;Point & Click;Relaxing;Retro;Spelling;Typing,"You just got home from work. You are exhausted from a long, hard day of scratching on things and knocking cups off of counters. You know the best way to relax are funny cat videos, so you launch your pc, but it's filled with MeowWare! You must clear the pesky pop ups as quick as possible so you can get to watching your favorite videos! There are 4 different game-modes that you can select! Each one has unique gameplay and different potential pop-ups may appear! The Speed Attack Game is a timed mo","{""text_match"": 0.013715161, ""cosine_similarity"": 0.5010967, ""reranker_score"": -10.149309}"
2026-02-10T20:06:49+00:00,CORTEX_DB.RAW.CAT_GAMES_SVC_1_5,default,"2025 cozy idle ""desktop"" cat cafe at the bottom of the screen; automation; idler","2025 cozy idle ""desktop"" cat cafe at the bottom of the screen; automation; idler",[],,False,,,,keyword_extreme,0.75,10,100,0,918,918,,01c25376-0005-0847-0001-397a0006cab6,,41,41,,6e-06,6e-06,,6e-06,,,,,[],[],[],[],[],[],,,,,,,True,False,[],[],,,,[],[],,,,10,Hidden Office,0.7563458000000001,2021,Arabic;Bulgarian;Czech;Danish;Dutch;English;Finnish;French;German;Greek;Hungarian;Italian;Japanese;Korean;Norwegian;Polish;Portuguese - Brazil;Portuguese - Portugal;Romanian;Russian;Simplified Chinese;Spanish - Latin America;Spanish - Spain;Swedish;Thai;Traditional Chinese;Turkish;Ukrainian;Vietnamese,Family Sharing;Single-player;Steam Achievements,Casual;Indie,3D;Arcade;Atmospheric;Cartoony;Casual;Cats;Colorful;Cute;Exploration;Family Friendly;Female Protagonist;Hidden Object;Indie;Investigation;Logic;Minimalist;Narration;Puzzle;Relaxing;Stylized,Office is empty now... Except cats. There are 12 rooms with plenty items. Find everything in a checklist and have fun! Classic Hidden Object game in 3D Extra achivements: find all 30 cats and get animated collectible cards 12 areas (108 levels) to unlock Plenty classic and unique challenges Easy to use Comfortable Zoom and Rotation No time limit - just relax and have fun Don't forget to,"{""text_match"": 0.0037132283, ""cosine_similarity"": 0.5126916, ""reranker_score"": -10.6761875}"
2026-02-10T20:06:52+00:00,CORTEX_DB.RAW.CAT_GAMES_SVC_1_5,default,"2025 cozy idle ""desktop"" cat cafe at the bottom of the screen; automation; idler","2025 cozy idle ""desktop"" cat cafe at the bottom of the screen; automation; idler",[],,False,,,,no_reranker_balanced,0.3,10,100,0,818,818,,01c25376-0005-0843-0001-397a0006d4ce,,59,59,,9e-06,9e-06,,9e-06,,,,,[],[],[],[],[],[],,,,,,,True,False,[],[],,,,[],[],,,,1,Desktop Cat Cafe,0.84483755,2025,Arabic;Bulgarian;Czech;Danish;Dutch;English;Finnish;French;German;Greek;Hungarian;Indonesian;Italian;Japanese;Korean;Norwegian;Polish;Portuguese - Brazil;Portuguese - Portugal;Romanian;Russian;Simplified Chinese;Spanish - Latin America;Spanish - Spain;Swedish;Thai;Traditional Chinese;Turkish;Ukrainian;Vietnamese,Family Sharing;Single-player;Stats;Steam Achievements;Steam Cloud,Casual;Simulation,3D;Automation;Building;Casual;Cats;City Builder;Colorful;Cozy;Cute;Economy;Idler;Indie;Life Sim;Management;Nature;Relaxing;Sandbox;Simulation;Strategy;Stylized,"Desktop Cate Cafe is a cute, idle management game that lives at the bottom of your screen letting you work on other tasks while your cafe runs. Design your dream cafe, unlock delicious recipes, and automate your cafe with cute cat staff! Design Your Outdoor Cafe Build the perfect cafe with hundreds of customization options paired with an easy to use building system that lets your creativity shine. Unlock Delicious Recipes Progress by serving customers to unlock over 150 different recipes from co","{""text_match"": 0.2736005, ""cosine_similarity"": 0.6896751}"
2026-02-10T20:06:52+00:00,CORTEX_DB.RAW.CAT_GAMES_SVC_1_5,default,"2025 cozy idle ""desktop"" cat cafe at the bottom of the screen; automation; idler","2025 cozy idle ""desktop"" cat cafe at the bottom of the screen; automation; idler",[],,False,,,,no_reranker_balanced,0.3,10,100,0,818,818,,01c25376-0005-0843-0001-397a0006d4ce,,59,59,,9e-06,9e-06,,9e-06,,,,,[],[],[],[],[],[],,,,,,,True,False,[],[],,,,[],[],,,,2,Boba Simulator : Idle Shop Management,0.7885538999999999,2022,Arabic;Bulgarian;Czech;Danish;Dutch;English;Finnish;French;German;Greek;Hungarian;Italian;Japanese;Korean;Norwegian;Polish;Portuguese - Brazil;Portuguese - Portugal;Romanian;Russian;Simplified Chinese;Spanish - Latin America;Spanish - Spain;Swedish;Thai;Traditional Chinese;Turkish;Ukrainian;Vietnamese,Camera Comfort;Custom Volume Controls;Family Sharing;Mouse Only Option;Playable without Timed Input;Single-player;Steam Achievements;Steam Leaderboards,Casual;Early Access;Indie;Simulation;Strategy,Automation;Cartoony;Casual;Cats;Clicker;Colorful;Cozy;Cute;Early Access;Family Friendly;Funny;Idler;Isometric;Management;Point & Click;Relaxing;Shop Keeper;Simulation;Singleplayer;Strategy,"Create mouthwatering recipes for ultimate customer satisfaction Experiment and refine your recipes through fun trial and error. Customers' preferences can change at any moment, so stay adaptable! Upgrade your shop and unlock new possibilities Invest wisely in upgrades and watch your business flourish. More exciting upgrades, like a delivery service, await you as you progress! Efficiently manage your stock and storage Purchase Boba Tea ingredients from the supermarket and optimize your limited st","{""text_match"": 0.03851348, ""cosine_similarity"": 0.5771078}"
2026-02-10T20:06:52+00:00,CORTEX_DB.RAW.CAT_GAMES_SVC_1_5,default,"2025 cozy idle ""desktop"" cat cafe at the bottom of the screen; automation; idler","2025 cozy idle ""desktop"" cat cafe at the bottom of the screen; automation; idler",[],,False,,,,no_reranker_balanced,0.3,10,100,0,818,818,,01c25376-0005-0843-0001-397a0006d4ce,,59,59,,9e-06,9e-06,,9e-06,,,,,[],[],[],[],[],[],,,,,,,True,False,[],[],,,,[],[],,,,3,Melo's cat cafe,0.77365765,2024,English;Japanese,Family Sharing;Single-player;Steam Achievements,Casual;Indie;Simulation,3D;Casual;Cute;Idler;Indie;Simulation;Singleplayer,"'Melo's Cat Cafe' is the perfect game for players who want to relax in a stress-free environment. Instead of chasing goals, players can simply enjoy spending time with the cats. Observe the cats as they eat and sleep, and find peace of mind in their calm presence. Main Features Spacious Mountain Home The game is set in a large house on top of a mountain with beautiful scenic views. 　　The view from the terrace is breathtaking. Free-Spirited Cats Free-spirited and independent cats make an appearan","{""text_match"": 0.08799456, ""cosine_similarity"": 0.5473153}"
2026-02-10T20:06:52+00:00,CORTEX_DB.RAW.CAT_GAMES_SVC_1_5,default,"2025 cozy idle ""desktop"" cat cafe at the bottom of the screen; automation; idler","2025 cozy idle ""desktop"" cat cafe at the bottom of the screen; automation; idler",[],,False,,,,no_reranker_balanced,0.3,10,100,0,818,818,,01c25376-0005-0843-0001-397a0006d4ce,,59,59,,9e-06,9e-06,,9e-06,,,,,[],[],[],[],[],[],,,,,,,True,False,[],[],,,,[],[],,,,4,Press Paws: Idle Clicker,0.77438235,2024,English,Family Sharing;Single-player;Steam Achievements,Casual;Indie,2D;Arcade;Casual;Cats;Clicker;Combat;Grid-Based Movement;Idler;Indie;Old School;Pixel Graphics;Puzzle;Relaxing;Resource Management;Singleplayer,"Press Paws is a casual, laid-back and cute Idle Clicker Game in Pixel Art style with mini-games, achievements and boss fights. Oh, and secrets. Lots of secrets. Earn as much happiness as you can in order to lead your Cat to freedom! Features Pat the Cat to generate happiness, then spend that to earn even more! Help your Cat navigate the Game Board and open the locked door at the end. Enjoy relaxing Music. Earn happiness by fighting bosses through the mysterious Portals. Unlock 30+ Achievements! ","{""text_match"": 0.034154084, ""cosine_similarity"": 0.5487647}"
2026-02-10T20:06:52+00:00,CORTEX_DB.RAW.CAT_GAMES_SVC_1_5,default,"2025 cozy idle ""desktop"" cat cafe at the bottom of the screen; automation; idler","2025 cozy idle ""desktop"" cat cafe at the bottom of the screen; automation; idler",[],,False,,,,no_reranker_balanced,0.3,10,100,0,818,818,,01c25376-0005-0843-0001-397a0006d4ce,,59,59,,9e-06,9e-06,,9e-06,,,,,[],[],[],[],[],[],,,,,,,True,False,[],[],,,,[],[],,,,5,Home Office Simulator,0.7704368500000001,2023,English,Family Sharing;Single-player;Steam Achievements;Steam Cloud,Casual;Indie,Anime;Automation;Casual;Cats;Clicker;Colorful;Cute;Idler;Indie;Simulation;Singleplayer;Strategy,"Summary Help Ayame to work remotely, keeping her free of distractions and keeping her cat interested. Upgrade your home, move to new apartments, and take care of several cats. Upgrade your apartment objects so she can work without distractions or with less chance of getting interrupted by any distractions. Gameplay Move to seven unique apartments with different distractions and upgrades to be made. Upgrade and eliminate several distractions, including cats, computers, phone calls, and notificati","{""text_match"": 0.028269487, ""cosine_similarity"": 0.5408737}"
2026-02-10T20:06:52+00:00,CORTEX_DB.RAW.CAT_GAMES_SVC_1_5,default,"2025 cozy idle ""desktop"" cat cafe at the bottom of the screen; automation; idler","2025 cozy idle ""desktop"" cat cafe at the bottom of the screen; automation; idler",[],,False,,,,no_reranker_balanced,0.3,10,100,0,818,818,,01c25376-0005-0843-0001-397a0006d4ce,,59,59,,9e-06,9e-06,,9e-06,,,,,[],[],[],[],[],[],,,,,,,True,False,[],[],,,,[],[],,,,6,Desktop Kitten Girl,0.76657188,2025,English;Japanese;Simplified Chinese;Traditional Chinese,Family Sharing;Single-player;Steam Achievements;Steam Cloud;Steam Workshop,Adventure;Casual;Indie;RPG;Simulation,2D;Adventure;Anime;Casual;Cats;Collectathon;Comic Book;Creature Collector;Cute;Dating Sim;Exploration;Female Protagonist;Idler;Indie;Magic;Relaxing;Romance;Simulation;Singleplayer;Time Management,"Desktop Kitten Girl is an Idle table-pet game with a wealth of collectible elements and support for the Workshop. In addition to her cute appearance, clicking on the little witch will also trigger a variety of cute animations to add a touch of life to your desktop! The game has a rich collection of content, and players can arrange for the little witch to fish, cook, read, sleep, and fight activities. Each event has over 100 elements to collect, so satisfy your desire to collect! In addition to b","{""text_match"": 0.03962953, ""cosine_similarity"": 0.53314376}"
2026-02-10T20:06:52+00:00,CORTEX_DB.RAW.CAT_GAMES_SVC_1_5,default,"2025 cozy idle ""desktop"" cat cafe at the bottom of the screen; automation; idler","2025 cozy idle ""desktop"" cat cafe at the bottom of the screen; automation; idler",[],,False,,,,no_reranker_balanced,0.3,10,100,0,818,818,,01c25376-0005-0843-0001-397a0006d4ce,,59,59,,9e-06,9e-06,,9e-06,,,,,[],[],[],[],[],[],,,,,,,True,False,[],[],,,,[],[],,,,7,purrounding,0.77132255,2025,Korean,Family Sharing;Single-player,Casual;Early Access;Indie;Simulation,1990's;2D;Casual;Cats;Character Customization;Colorful;Cute;Cyberpunk;Early Access;Emotional;Family Friendly;Idler;Immersive Sim;Life Sim;Modern;Nature;Pixel Graphics;Relaxing;Simulation;Singleplayer,"Your very own workmate cat, Purrounding Unorganized wallpapers, file clutter... Whether you're working, studying, or just staring at a blank screen, spend some time with your personalized cat through Purrounding! Left alone, the cat will walk on your taskbar, curl up like a loaf of bread, and just hang out on your screen. You can use your mouse to interact with your cat. You can customize your cat to your liking. Change their fur color, eye color, and even add different patterns to make your cat","{""text_match"": 0.006070929, ""cosine_similarity"": 0.5426451}"
2026-02-10T20:06:52+00:00,CORTEX_DB.RAW.CAT_GAMES_SVC_1_5,default,"2025 cozy idle ""desktop"" cat cafe at the bottom of the screen; automation; idler","2025 cozy idle ""desktop"" cat cafe at the bottom of the screen; automation; idler",[],,False,,,,no_reranker_balanced,0.3,10,100,0,818,818,,01c25376-0005-0843-0001-397a0006d4ce,,59,59,,9e-06,9e-06,,9e-06,,,,,[],[],[],[],[],[],,,,,,,True,False,[],[],,,,[],[],,,,8,Mini Cozy Room: Lo-Fi,0.7623043,2025,English;French;German;Italian;Japanese;Korean;Portuguese - Brazil;Russian;Simplified Chinese;Spanish - Spain;Traditional Chinese,Family Sharing;Single-player;Steam Achievements;Steam Cloud,Casual;Indie,Casual;Character Customization;Cozy;Family Friendly;Idler;Indie;Music;Pixel Graphics;Relaxing;Singleplayer;Utilities,"『Mini Cozy Room : Lo-Fi』 is a relaxing productivity game that combines soothing Lo-Fi music with cozy room decoration. Cute avatars and pets will accompany you, making your work more enjoyable. Convenient desktop tools like Pomodoro timers, notes, and to-do lists will boost your productivity. 1. Your Own Cozy Workspace Create the workspace you've always dreamed of! Choose from various rooms, furniture, and decorative items. Your beautifully designed workspace will enhance concentration and produ","{""text_match"": 0.020164488, ""cosine_similarity"": 0.5246086}"
2026-02-10T20:06:52+00:00,CORTEX_DB.RAW.CAT_GAMES_SVC_1_5,default,"2025 cozy idle ""desktop"" cat cafe at the bottom of the screen; automation; idler","2025 cozy idle ""desktop"" cat cafe at the bottom of the screen; automation; idler",[],,False,,,,no_reranker_balanced,0.3,10,100,0,818,818,,01c25376-0005-0843-0001-397a0006d4ce,,59,59,,9e-06,9e-06,,9e-06,,,,,[],[],[],[],[],[],,,,,,,True,False,[],[],,,,[],[],,,,9,Hidden Office,0.7563458000000001,2021,Arabic;Bulgarian;Czech;Danish;Dutch;English;Finnish;French;German;Greek;Hungarian;Italian;Japanese;Korean;Norwegian;Polish;Portuguese - Brazil;Portuguese - Portugal;Romanian;Russian;Simplified Chinese;Spanish - Latin America;Spanish - Spain;Swedish;Thai;Traditional Chinese;Turkish;Ukrainian;Vietnamese,Family Sharing;Single-player;Steam Achievements,Casual;Indie,3D;Arcade;Atmospheric;Cartoony;Casual;Cats;Colorful;Cute;Exploration;Family Friendly;Female Protagonist;Hidden Object;Indie;Investigation;Logic;Minimalist;Narration;Puzzle;Relaxing;Stylized,Office is empty now... Except cats. There are 12 rooms with plenty items. Find everything in a checklist and have fun! Classic Hidden Object game in 3D Extra achivements: find all 30 cats and get animated collectible cards 12 areas (108 levels) to unlock Plenty classic and unique challenges Easy to use Comfortable Zoom and Rotation No time limit - just relax and have fun Don't forget to,"{""text_match"": 0.0037132283, ""cosine_similarity"": 0.5126916}"
2026-02-10T20:06:52+00:00,CORTEX_DB.RAW.CAT_GAMES_SVC_1_5,default,"2025 cozy idle ""desktop"" cat cafe at the bottom of the screen; automation; idler","2025 cozy idle ""desktop"" cat cafe at the bottom of the screen; automation; idler",[],,False,,,,no_reranker_balanced,0.3,10,100,0,818,818,,01c25376-0005-0843-0001-397a0006d4ce,,59,59,,9e-06,9e-06,,9e-06,,,,,[],[],[],[],[],[],,,,,,,True,False,[],[],,,,[],[],,,,10,Capoo Pals,0.748937935,2023,English;Traditional Chinese,Single-player;Steam Achievements;Steam Cloud,Animation & Modeling,2D;Animation & Modeling;Atmospheric;Cartoony;Casual;Clicker;Collectathon;Colorful;Comedy;Comic Book;Creature Collector;Cute;Emotional;Funny;Idler;Relaxing;Singleplayer;Tabletop;Utilities,"A completely stress-free desktop pet that heals your boredom at work and school Let the cute and funny Capoo accompany you every moment of using the computer Use the mouse to have a fun interaction with Capoo! Collect bugcats books, many unknown Capoo and bugcats are waiting for you to discover and collect. Let's think~ Does it make you feel lonely when you are alone with your computer? Are you tired of the same presentations and information on the screen when you go to work? Feeling drained whe","{""text_match"": 0.028130732, ""cosine_similarity"": 0.49787587}"
2026-02-10T20:06:53+00:00,CORTEX_DB.RAW.CAT_GAMES_SVC_1_5,default,"2025 cozy idle ""desktop"" cat cafe at the bottom of the screen; automation; idler","2025 cozy idle ""desktop"" cat cafe at the bottom of the screen; automation; idler",[],,False,,,,no_reranker_balanced,0.65,10,100,0,876,876,,01c25376-0005-0843-0001-397a0006d4d2,,34,34,,5e-06,5e-06,,5e-06,,,,,[],[],[],[],[],[],,,,,,,True,False,[],[],,,,[],[],,,,1,Desktop Cat Cafe,0.84483755,2025,Arabic;Bulgarian;Czech;Danish;Dutch;English;Finnish;French;German;Greek;Hungarian;Indonesian;Italian;Japanese;Korean;Norwegian;Polish;Portuguese - Brazil;Portuguese - Portugal;Romanian;Russian;Simplified Chinese;Spanish - Latin America;Spanish - Spain;Swedish;Thai;Traditional Chinese;Turkish;Ukrainian;Vietnamese,Family Sharing;Single-player;Stats;Steam Achievements;Steam Cloud,Casual;Simulation,3D;Automation;Building;Casual;Cats;City Builder;Colorful;Cozy;Cute;Economy;Idler;Indie;Life Sim;Management;Nature;Relaxing;Sandbox;Simulation;Strategy;Stylized,"Desktop Cate Cafe is a cute, idle management game that lives at the bottom of your screen letting you work on other tasks while your cafe runs. Design your dream cafe, unlock delicious recipes, and automate your cafe with cute cat staff! Design Your Outdoor Cafe Build the perfect cafe with hundreds of customization options paired with an easy to use building system that lets your creativity shine. Unlock Delicious Recipes Progress by serving customers to unlock over 150 different recipes from co","{""text_match"": 0.2736005, ""cosine_similarity"": 0.6896751}"
2026-02-10T20:06:53+00:00,CORTEX_DB.RAW.CAT_GAMES_SVC_1_5,default,"2025 cozy idle ""desktop"" cat cafe at the bottom of the screen; automation; idler","2025 cozy idle ""desktop"" cat cafe at the bottom of the screen; automation; idler",[],,False,,,,no_reranker_balanced,0.65,10,100,0,876,876,,01c25376-0005-0843-0001-397a0006d4d2,,34,34,,5e-06,5e-06,,5e-06,,,,,[],[],[],[],[],[],,,,,,,True,False,[],[],,,,[],[],,,,2,Boba Simulator : Idle Shop Management,0.7885538999999999,2022,Arabic;Bulgarian;Czech;Danish;Dutch;English;Finnish;French;German;Greek;Hungarian;Italian;Japanese;Korean;Norwegian;Polish;Portuguese - Brazil;Portuguese - Portugal;Romanian;Russian;Simplified Chinese;Spanish - Latin America;Spanish - Spain;Swedish;Thai;Traditional Chinese;Turkish;Ukrainian;Vietnamese,Camera Comfort;Custom Volume Controls;Family Sharing;Mouse Only Option;Playable without Timed Input;Single-player;Steam Achievements;Steam Leaderboards,Casual;Early Access;Indie;Simulation;Strategy,Automation;Cartoony;Casual;Cats;Clicker;Colorful;Cozy;Cute;Early Access;Family Friendly;Funny;Idler;Isometric;Management;Point & Click;Relaxing;Shop Keeper;Simulation;Singleplayer;Strategy,"Create mouthwatering recipes for ultimate customer satisfaction Experiment and refine your recipes through fun trial and error. Customers' preferences can change at any moment, so stay adaptable! Upgrade your shop and unlock new possibilities Invest wisely in upgrades and watch your business flourish. More exciting upgrades, like a delivery service, await you as you progress! Efficiently manage your stock and storage Purchase Boba Tea ingredients from the supermarket and optimize your limited st","{""text_match"": 0.03851348, ""cosine_similarity"": 0.5771078}"
2026-02-10T20:06:53+00:00,CORTEX_DB.RAW.CAT_GAMES_SVC_1_5,default,"2025 cozy idle ""desktop"" cat cafe at the bottom of the screen; automation; idler","2025 cozy idle ""desktop"" cat cafe at the bottom of the screen; automation; idler",[],,False,,,,no_reranker_balanced,0.65,10,100,0,876,876,,01c25376-0005-0843-0001-397a0006d4d2,,34,34,,5e-06,5e-06,,5e-06,,,,,[],[],[],[],[],[],,,,,,,True,False,[],[],,,,[],[],,,,3,Melo's cat cafe,0.77365765,2024,English;Japanese,Family Sharing;Single-player;Steam Achievements,Casual;Indie;Simulation,3D;Casual;Cute;Idler;Indie;Simulation;Singleplayer,"'Melo's Cat Cafe' is the perfect game for players who want to relax in a stress-free environment. Instead of chasing goals, players can simply enjoy spending time with the cats. Observe the cats as they eat and sleep, and find peace of mind in their calm presence. Main Features Spacious Mountain Home The game is set in a large house on top of a mountain with beautiful scenic views. 　　The view from the terrace is breathtaking. Free-Spirited Cats Free-spirited and independent cats make an appearan","{""text_match"": 0.08799456, ""cosine_similarity"": 0.5473153}"
2026-02-10T20:06:53+00:00,CORTEX_DB.RAW.CAT_GAMES_SVC_1_5,default,"2025 cozy idle ""desktop"" cat cafe at the bottom of the screen; automation; idler","2025 cozy idle ""desktop"" cat cafe at the bottom of the screen; automation; idler",[],,False,,,,no_reranker_balanced,0.65,10,100,0,876,876,,01c25376-0005-0843-0001-397a0006d4d2,,34,34,,5e-06,5e-06,,5e-06,,,,,[],[],[],[],[],[],,,,,,,True,False,[],[],,,,[],[],,,,4,Press Paws: Idle Clicker,0.77438235,2024,English,Family Sharing;Single-player;Steam Achievements,Casual;Indie,2D;Arcade;Casual;Cats;Clicker;Combat;Grid-Based Movement;Idler;Indie;Old School;Pixel Graphics;Puzzle;Relaxing;Resource Management;Singleplayer,"Press Paws is a casual, laid-back and cute Idle Clicker Game in Pixel Art style with mini-games, achievements and boss fights. Oh, and secrets. Lots of secrets. Earn as much happiness as you can in order to lead your Cat to freedom! Features Pat the Cat to generate happiness, then spend that to earn even more! Help your Cat navigate the Game Board and open the locked door at the end. Enjoy relaxing Music. Earn happiness by fighting bosses through the mysterious Portals. Unlock 30+ Achievements! ","{""text_match"": 0.034154084, ""cosine_similarity"": 0.5487647}"
2026-02-10T20:06:53+00:00,CORTEX_DB.RAW.CAT_GAMES_SVC_1_5,default,"2025 cozy idle ""desktop"" cat cafe at the bottom of the screen; automation; idler","2025 cozy idle ""desktop"" cat cafe at the bottom of the screen; automation; idler",[],,False,,,,no_reranker_balanced,0.65,10,100,0,876,876,,01c25376-0005-0843-0001-397a0006d4d2,,34,34,,5e-06,5e-06,,5e-06,,,,,[],[],[],[],[],[],,,,,,,True,False,[],[],,,,[],[],,,,5,Home Office Simulator,0.7704368500000001,2023,English,Family Sharing;Single-player;Steam Achievements;Steam Cloud,Casual;Indie,Anime;Automation;Casual;Cats;Clicker;Colorful;Cute;Idler;Indie;Simulation;Singleplayer;Strategy,"Summary Help Ayame to work remotely, keeping her free of distractions and keeping her cat interested. Upgrade your home, move to new apartments, and take care of several cats. Upgrade your apartment objects so she can work without distractions or with less chance of getting interrupted by any distractions. Gameplay Move to seven unique apartments with different distractions and upgrades to be made. Upgrade and eliminate several distractions, including cats, computers, phone calls, and notificati","{""text_match"": 0.028269487, ""cosine_similarity"": 0.5408737}"
2026-02-10T20:06:53+00:00,CORTEX_DB.RAW.CAT_GAMES_SVC_1_5,default,"2025 cozy idle ""desktop"" cat cafe at the bottom of the screen; automation; idler","2025 cozy idle ""desktop"" cat cafe at the bottom of the screen; automation; idler",[],,False,,,,no_reranker_balanced,0.65,10,100,0,876,876,,01c25376-0005-0843-0001-397a0006d4d2,,34,34,,5e-06,5e-06,,5e-06,,,,,[],[],[],[],[],[],,,,,,,True,False,[],[],,,,[],[],,,,6,Desktop Kitten Girl,0.76657188,2025,English;Japanese;Simplified Chinese;Traditional Chinese,Family Sharing;Single-player;Steam Achievements;Steam Cloud;Steam Workshop,Adventure;Casual;Indie;RPG;Simulation,2D;Adventure;Anime;Casual;Cats;Collectathon;Comic Book;Creature Collector;Cute;Dating Sim;Exploration;Female Protagonist;Idler;Indie;Magic;Relaxing;Romance;Simulation;Singleplayer;Time Management,"Desktop Kitten Girl is an Idle table-pet game with a wealth of collectible elements and support for the Workshop. In addition to her cute appearance, clicking on the little witch will also trigger a variety of cute animations to add a touch of life to your desktop! The game has a rich collection of content, and players can arrange for the little witch to fish, cook, read, sleep, and fight activities. Each event has over 100 elements to collect, so satisfy your desire to collect! In addition to b","{""text_match"": 0.03962953, ""cosine_similarity"": 0.53314376}"
2026-02-10T20:06:53+00:00,CORTEX_DB.RAW.CAT_GAMES_SVC_1_5,default,"2025 cozy idle ""desktop"" cat cafe at the bottom of the screen; automation; idler","2025 cozy idle ""desktop"" cat cafe at the bottom of the screen; automation; idler",[],,False,,,,no_reranker_balanced,0.65,10,100,0,876,876,,01c25376-0005-0843-0001-397a0006d4d2,,34,34,,5e-06,5e-06,,5e-06,,,,,[],[],[],[],[],[],,,,,,,True,False,[],[],,,,[],[],,,,7,purrounding,0.77132255,2025,Korean,Family Sharing;Single-player,Casual;Early Access;Indie;Simulation,1990's;2D;Casual;Cats;Character Customization;Colorful;Cute;Cyberpunk;Early Access;Emotional;Family Friendly;Idler;Immersive Sim;Life Sim;Modern;Nature;Pixel Graphics;Relaxing;Simulation;Singleplayer,"Your very own workmate cat, Purrounding Unorganized wallpapers, file clutter... Whether you're working, studying, or just staring at a blank screen, spend some time with your personalized cat through Purrounding! Left alone, the cat will walk on your taskbar, curl up like a loaf of bread, and just hang out on your screen. You can use your mouse to interact with your cat. You can customize your cat to your liking. Change their fur color, eye color, and even add different patterns to make your cat","{""text_match"": 0.006070929, ""cosine_similarity"": 0.5426451}"
2026-02-10T20:06:53+00:00,CORTEX_DB.RAW.CAT_GAMES_SVC_1_5,default,"2025 cozy idle ""desktop"" cat cafe at the bottom of the screen; automation; idler","2025 cozy idle ""desktop"" cat cafe at the bottom of the screen; automation; idler",[],,False,,,,no_reranker_balanced,0.65,10,100,0,876,876,,01c25376-0005-0843-0001-397a0006d4d2,,34,34,,5e-06,5e-06,,5e-06,,,,,[],[],[],[],[],[],,,,,,,True,False,[],[],,,,[],[],,,,8,Mini Cozy Room: Lo-Fi,0.7623043,2025,English;French;German;Italian;Japanese;Korean;Portuguese - Brazil;Russian;Simplified Chinese;Spanish - Spain;Traditional Chinese,Family Sharing;Single-player;Steam Achievements;Steam Cloud,Casual;Indie,Casual;Character Customization;Cozy;Family Friendly;Idler;Indie;Music;Pixel Graphics;Relaxing;Singleplayer;Utilities,"『Mini Cozy Room : Lo-Fi』 is a relaxing productivity game that combines soothing Lo-Fi music with cozy room decoration. Cute avatars and pets will accompany you, making your work more enjoyable. Convenient desktop tools like Pomodoro timers, notes, and to-do lists will boost your productivity. 1. Your Own Cozy Workspace Create the workspace you've always dreamed of! Choose from various rooms, furniture, and decorative items. Your beautifully designed workspace will enhance concentration and produ","{""text_match"": 0.020164488, ""cosine_similarity"": 0.5246086}"
2026-02-10T20:06:53+00:00,CORTEX_DB.RAW.CAT_GAMES_SVC_1_5,default,"2025 cozy idle ""desktop"" cat cafe at the bottom of the screen; automation; idler","2025 cozy idle ""desktop"" cat cafe at the bottom of the screen; automation; idler",[],,False,,,,no_reranker_balanced,0.65,10,100,0,876,876,,01c25376-0005-0843-0001-397a0006d4d2,,34,34,,5e-06,5e-06,,5e-06,,,,,[],[],[],[],[],[],,,,,,,True,False,[],[],,,,[],[],,,,9,Hidden Office,0.7563458000000001,2021,Arabic;Bulgarian;Czech;Danish;Dutch;English;Finnish;French;German;Greek;Hungarian;Italian;Japanese;Korean;Norwegian;Polish;Portuguese - Brazil;Portuguese - Portugal;Romanian;Russian;Simplified Chinese;Spanish - Latin America;Spanish - Spain;Swedish;Thai;Traditional Chinese;Turkish;Ukrainian;Vietnamese,Family Sharing;Single-player;Steam Achievements,Casual;Indie,3D;Arcade;Atmospheric;Cartoony;Casual;Cats;Colorful;Cute;Exploration;Family Friendly;Female Protagonist;Hidden Object;Indie;Investigation;Logic;Minimalist;Narration;Puzzle;Relaxing;Stylized,Office is empty now... Except cats. There are 12 rooms with plenty items. Find everything in a checklist and have fun! Classic Hidden Object game in 3D Extra achivements: find all 30 cats and get animated collectible cards 12 areas (108 levels) to unlock Plenty classic and unique challenges Easy to use Comfortable Zoom and Rotation No time limit - just relax and have fun Don't forget to,"{""text_match"": 0.0037132283, ""cosine_similarity"": 0.5126916}"
2026-02-10T20:06:53+00:00,CORTEX_DB.RAW.CAT_GAMES_SVC_1_5,default,"2025 cozy idle ""desktop"" cat cafe at the bottom of the screen; automation; idler","2025 cozy idle ""desktop"" cat cafe at the bottom of the screen; automation; idler",[],,False,,,,no_reranker_balanced,0.65,10,100,0,876,876,,01c25376-0005-0843-0001-397a0006d4d2,,34,34,,5e-06,5e-06,,5e-06,,,,,[],[],[],[],[],[],,,,,,,True,False,[],[],,,,[],[],,,,10,Capoo Pals,0.748937935,2023,English;Traditional Chinese,Single-player;Steam Achievements;Steam Cloud,Animation & Modeling,2D;Animation & Modeling;Atmospheric;Cartoony;Casual;Clicker;Collectathon;Colorful;Comedy;Comic Book;Creature Collector;Cute;Emotional;Funny;Idler;Relaxing;Singleplayer;Tabletop;Utilities,"A completely stress-free desktop pet that heals your boredom at work and school Let the cute and funny Capoo accompany you every moment of using the computer Use the mouse to have a fun interaction with Capoo! Collect bugcats books, many unknown Capoo and bugcats are waiting for you to discover and collect. Let's think~ Does it make you feel lonely when you are alone with your computer? Are you tired of the same presentations and information on the screen when you go to work? Feeling drained whe","{""text_match"": 0.028130732, ""cosine_similarity"": 0.49787587}"
2026-02-10T20:06:54+00:00,CORTEX_DB.RAW.CAT_GAMES_SVC_1_5,default,"2025 cozy idle ""desktop"" cat cafe at the bottom of the screen; automation; idler","2025 cozy idle ""desktop"" cat cafe at the bottom of the screen; automation; idler",[],,False,,,,no_reranker_balanced,0.75,10,100,0,762,762,,01c25376-0005-0864-0001-397a0006b9e6,,39,39,,6e-06,6e-06,,6e-06,,,,,[],[],[],[],[],[],,,,,,,True,False,[],[],,,,[],[],,,,1,Desktop Cat Cafe,0.84483755,2025,Arabic;Bulgarian;Czech;Danish;Dutch;English;Finnish;French;German;Greek;Hungarian;Indonesian;Italian;Japanese;Korean;Norwegian;Polish;Portuguese - Brazil;Portuguese - Portugal;Romanian;Russian;Simplified Chinese;Spanish - Latin America;Spanish - Spain;Swedish;Thai;Traditional Chinese;Turkish;Ukrainian;Vietnamese,Family Sharing;Single-player;Stats;Steam Achievements;Steam Cloud,Casual;Simulation,3D;Automation;Building;Casual;Cats;City Builder;Colorful;Cozy;Cute;Economy;Idler;Indie;Life Sim;Management;Nature;Relaxing;Sandbox;Simulation;Strategy;Stylized,"Desktop Cate Cafe is a cute, idle management game that lives at the bottom of your screen letting you work on other tasks while your cafe runs. Design your dream cafe, unlock delicious recipes, and automate your cafe with cute cat staff! Design Your Outdoor Cafe Build the perfect cafe with hundreds of customization options paired with an easy to use building system that lets your creativity shine. Unlock Delicious Recipes Progress by serving customers to unlock over 150 different recipes from co","{""text_match"": 0.2736005, ""cosine_similarity"": 0.6896751}"
2026-02-10T20:06:54+00:00,CORTEX_DB.RAW.CAT_GAMES_SVC_1_5,default,"2025 cozy idle ""desktop"" cat cafe at the bottom of the screen; automation; idler","2025 cozy idle ""desktop"" cat cafe at the bottom of the screen; automation; idler",[],,False,,,,no_reranker_balanced,0.75,10,100,0,762,762,,01c25376-0005-0864-0001-397a0006b9e6,,39,39,,6e-06,6e-06,,6e-06,,,,,[],[],[],[],[],[],,,,,,,True,False,[],[],,,,[],[],,,,2,Boba Simulator : Idle Shop Management,0.7885538999999999,2022,Arabic;Bulgarian;Czech;Danish;Dutch;English;Finnish;French;German;Greek;Hungarian;Italian;Japanese;Korean;Norwegian;Polish;Portuguese - Brazil;Portuguese - Portugal;Romanian;Russian;Simplified Chinese;Spanish - Latin America;Spanish - Spain;Swedish;Thai;Traditional Chinese;Turkish;Ukrainian;Vietnamese,Camera Comfort;Custom Volume Controls;Family Sharing;Mouse Only Option;Playable without Timed Input;Single-player;Steam Achievements;Steam Leaderboards,Casual;Early Access;Indie;Simulation;Strategy,Automation;Cartoony;Casual;Cats;Clicker;Colorful;Cozy;Cute;Early Access;Family Friendly;Funny;Idler;Isometric;Management;Point & Click;Relaxing;Shop Keeper;Simulation;Singleplayer;Strategy,"Create mouthwatering recipes for ultimate customer satisfaction Experiment and refine your recipes through fun trial and error. Customers' preferences can change at any moment, so stay adaptable! Upgrade your shop and unlock new possibilities Invest wisely in upgrades and watch your business flourish. More exciting upgrades, like a delivery service, await you as you progress! Efficiently manage your stock and storage Purchase Boba Tea ingredients from the supermarket and optimize your limited st","{""text_match"": 0.03851348, ""cosine_similarity"": 0.5771078}"
2026-02-10T20:06:54+00:00,CORTEX_DB.RAW.CAT_GAMES_SVC_1_5,default,"2025 cozy idle ""desktop"" cat cafe at the bottom of the screen; automation; idler","2025 cozy idle ""desktop"" cat cafe at the bottom of the screen; automation; idler",[],,False,,,,no_reranker_balanced,0.75,10,100,0,762,762,,01c25376-0005-0864-0001-397a0006b9e6,,39,39,,6e-06,6e-06,,6e-06,,,,,[],[],[],[],[],[],,,,,,,True,False,[],[],,,,[],[],,,,3,Melo's cat cafe,0.77365765,2024,English;Japanese,Family Sharing;Single-player;Steam Achievements,Casual;Indie;Simulation,3D;Casual;Cute;Idler;Indie;Simulation;Singleplayer,"'Melo's Cat Cafe' is the perfect game for players who want to relax in a stress-free environment. Instead of chasing goals, players can simply enjoy spending time with the cats. Observe the cats as they eat and sleep, and find peace of mind in their calm presence. Main Features Spacious Mountain Home The game is set in a large house on top of a mountain with beautiful scenic views. 　　The view from the terrace is breathtaking. Free-Spirited Cats Free-spirited and independent cats make an appearan","{""text_match"": 0.08799456, ""cosine_similarity"": 0.5473153}"
2026-02-10T20:06:54+00:00,CORTEX_DB.RAW.CAT_GAMES_SVC_1_5,default,"2025 cozy idle ""desktop"" cat cafe at the bottom of the screen; automation; idler","2025 cozy idle ""desktop"" cat cafe at the bottom of the screen; automation; idler",[],,False,,,,no_reranker_balanced,0.75,10,100,0,762,762,,01c25376-0005-0864-0001-397a0006b9e6,,39,39,,6e-06,6e-06,,6e-06,,,,,[],[],[],[],[],[],,,,,,,True,False,[],[],,,,[],[],,,,4,Press Paws: Idle Clicker,0.77438235,2024,English,Family Sharing;Single-player;Steam Achievements,Casual;Indie,2D;Arcade;Casual;Cats;Clicker;Combat;Grid-Based Movement;Idler;Indie;Old School;Pixel Graphics;Puzzle;Relaxing;Resource Management;Singleplayer,"Press Paws is a casual, laid-back and cute Idle Clicker Game in Pixel Art style with mini-games, achievements and boss fights. Oh, and secrets. Lots of secrets. Earn as much happiness as you can in order to lead your Cat to freedom! Features Pat the Cat to generate happiness, then spend that to earn even more! Help your Cat navigate the Game Board and open the locked door at the end. Enjoy relaxing Music. Earn happiness by fighting bosses through the mysterious Portals. Unlock 30+ Achievements! ","{""text_match"": 0.034154084, ""cosine_similarity"": 0.5487647}"
2026-02-10T20:06:54+00:00,CORTEX_DB.RAW.CAT_GAMES_SVC_1_5,default,"2025 cozy idle ""desktop"" cat cafe at the bottom of the screen; automation; idler","2025 cozy idle ""desktop"" cat cafe at the bottom of the screen; automation; idler",[],,False,,,,no_reranker_balanced,0.75,10,100,0,762,762,,01c25376-0005-0864-0001-397a0006b9e6,,39,39,,6e-06,6e-06,,6e-06,,,,,[],[],[],[],[],[],,,,,,,True,False,[],[],,,,[],[],,,,5,Home Office Simulator,0.7704368500000001,2023,English,Family Sharing;Single-player;Steam Achievements;Steam Cloud,Casual;Indie,Anime;Automation;Casual;Cats;Clicker;Colorful;Cute;Idler;Indie;Simulation;Singleplayer;Strategy,"Summary Help Ayame to work remotely, keeping her free of distractions and keeping her cat interested. Upgrade your home, move to new apartments, and take care of several cats. Upgrade your apartment objects so she can work without distractions or with less chance of getting interrupted by any distractions. Gameplay Move to seven unique apartments with different distractions and upgrades to be made. Upgrade and eliminate several distractions, including cats, computers, phone calls, and notificati","{""text_match"": 0.028269487, ""cosine_similarity"": 0.5408737}"
2026-02-10T20:06:54+00:00,CORTEX_DB.RAW.CAT_GAMES_SVC_1_5,default,"2025 cozy idle ""desktop"" cat cafe at the bottom of the screen; automation; idler","2025 cozy idle ""desktop"" cat cafe at the bottom of the screen; automation; idler",[],,False,,,,no_reranker_balanced,0.75,10,100,0,762,762,,01c25376-0005-0864-0001-397a0006b9e6,,39,39,,6e-06,6e-06,,6e-06,,,,,[],[],[],[],[],[],,,,,,,True,False,[],[],,,,[],[],,,,6,Desktop Kitten Girl,0.76657188,2025,English;Japanese;Simplified Chinese;Traditional Chinese,Family Sharing;Single-player;Steam Achievements;Steam Cloud;Steam Workshop,Adventure;Casual;Indie;RPG;Simulation,2D;Adventure;Anime;Casual;Cats;Collectathon;Comic Book;Creature Collector;Cute;Dating Sim;Exploration;Female Protagonist;Idler;Indie;Magic;Relaxing;Romance;Simulation;Singleplayer;Time Management,"Desktop Kitten Girl is an Idle table-pet game with a wealth of collectible elements and support for the Workshop. In addition to her cute appearance, clicking on the little witch will also trigger a variety of cute animations to add a touch of life to your desktop! The game has a rich collection of content, and players can arrange for the little witch to fish, cook, read, sleep, and fight activities. Each event has over 100 elements to collect, so satisfy your desire to collect! In addition to b","{""text_match"": 0.03962953, ""cosine_similarity"": 0.53314376}"
2026-02-10T20:06:54+00:00,CORTEX_DB.RAW.CAT_GAMES_SVC_1_5,default,"2025 cozy idle ""desktop"" cat cafe at the bottom of the screen; automation; idler","2025 cozy idle ""desktop"" cat cafe at the bottom of the screen; automation; idler",[],,False,,,,no_reranker_balanced,0.75,10,100,0,762,762,,01c25376-0005-0864-0001-397a0006b9e6,,39,39,,6e-06,6e-06,,6e-06,,,,,[],[],[],[],[],[],,,,,,,True,False,[],[],,,,[],[],,,,7,purrounding,0.77132255,2025,Korean,Family Sharing;Single-player,Casual;Early Access;Indie;Simulation,1990's;2D;Casual;Cats;Character Customization;Colorful;Cute;Cyberpunk;Early Access;Emotional;Family Friendly;Idler;Immersive Sim;Life Sim;Modern;Nature;Pixel Graphics;Relaxing;Simulation;Singleplayer,"Your very own workmate cat, Purrounding Unorganized wallpapers, file clutter... Whether you're working, studying, or just staring at a blank screen, spend some time with your personalized cat through Purrounding! Left alone, the cat will walk on your taskbar, curl up like a loaf of bread, and just hang out on your screen. You can use your mouse to interact with your cat. You can customize your cat to your liking. Change their fur color, eye color, and even add different patterns to make your cat","{""text_match"": 0.006070929, ""cosine_similarity"": 0.5426451}"
2026-02-10T20:06:54+00:00,CORTEX_DB.RAW.CAT_GAMES_SVC_1_5,default,"2025 cozy idle ""desktop"" cat cafe at the bottom of the screen; automation; idler","2025 cozy idle ""desktop"" cat cafe at the bottom of the screen; automation; idler",[],,False,,,,no_reranker_balanced,0.75,10,100,0,762,762,,01c25376-0005-0864-0001-397a0006b9e6,,39,39,,6e-06,6e-06,,6e-06,,,,,[],[],[],[],[],[],,,,,,,True,False,[],[],,,,[],[],,,,8,Mini Cozy Room: Lo-Fi,0.7623043,2025,English;French;German;Italian;Japanese;Korean;Portuguese - Brazil;Russian;Simplified Chinese;Spanish - Spain;Traditional Chinese,Family Sharing;Single-player;Steam Achievements;Steam Cloud,Casual;Indie,Casual;Character Customization;Cozy;Family Friendly;Idler;Indie;Music;Pixel Graphics;Relaxing;Singleplayer;Utilities,"『Mini Cozy Room : Lo-Fi』 is a relaxing productivity game that combines soothing Lo-Fi music with cozy room decoration. Cute avatars and pets will accompany you, making your work more enjoyable. Convenient desktop tools like Pomodoro timers, notes, and to-do lists will boost your productivity. 1. Your Own Cozy Workspace Create the workspace you've always dreamed of! Choose from various rooms, furniture, and decorative items. Your beautifully designed workspace will enhance concentration and produ","{""text_match"": 0.020164488, ""cosine_similarity"": 0.5246086}"
2026-02-10T20:06:54+00:00,CORTEX_DB.RAW.CAT_GAMES_SVC_1_5,default,"2025 cozy idle ""desktop"" cat cafe at the bottom of the screen; automation; idler","2025 cozy idle ""desktop"" cat cafe at the bottom of the screen; automation; idler",[],,False,,,,no_reranker_balanced,0.75,10,100,0,762,762,,01c25376-0005-0864-0001-397a0006b9e6,,39,39,,6e-06,6e-06,,6e-06,,,,,[],[],[],[],[],[],,,,,,,True,False,[],[],,,,[],[],,,,9,Hidden Office,0.7563458000000001,2021,Arabic;Bulgarian;Czech;Danish;Dutch;English;Finnish;French;German;Greek;Hungarian;Italian;Japanese;Korean;Norwegian;Polish;Portuguese - Brazil;Portuguese - Portugal;Romanian;Russian;Simplified Chinese;Spanish - Latin America;Spanish - Spain;Swedish;Thai;Traditional Chinese;Turkish;Ukrainian;Vietnamese,Family Sharing;Single-player;Steam Achievements,Casual;Indie,3D;Arcade;Atmospheric;Cartoony;Casual;Cats;Colorful;Cute;Exploration;Family Friendly;Female Protagonist;Hidden Object;Indie;Investigation;Logic;Minimalist;Narration;Puzzle;Relaxing;Stylized,Office is empty now... Except cats. There are 12 rooms with plenty items. Find everything in a checklist and have fun! Classic Hidden Object game in 3D Extra achivements: find all 30 cats and get animated collectible cards 12 areas (108 levels) to unlock Plenty classic and unique challenges Easy to use Comfortable Zoom and Rotation No time limit - just relax and have fun Don't forget to,"{""text_match"": 0.0037132283, ""cosine_similarity"": 0.5126916}"
2026-02-10T20:06:54+00:00,CORTEX_DB.RAW.CAT_GAMES_SVC_1_5,default,"2025 cozy idle ""desktop"" cat cafe at the bottom of the screen; automation; idler","2025 cozy idle ""desktop"" cat cafe at the bottom of the screen; automation; idler",[],,False,,,,no_reranker_balanced,0.75,10,100,0,762,762,,01c25376-0005-0864-0001-397a0006b9e6,,39,39,,6e-06,6e-06,,6e-06,,,,,[],[],[],[],[],[],,,,,,,True,False,[],[],,,,[],[],,,,10,MeowWare,0.75054835,2025,English,Family Sharing;Single-player;Steam Achievements,Casual;Early Access;Indie,1990's;2D;Arcade;Casual;Cats;Colorful;Comedy;Cute;Early Access;Exploration;Family Friendly;Funny;Hidden Object;Linear;Pixel Graphics;Point & Click;Relaxing;Retro;Spelling;Typing,"You just got home from work. You are exhausted from a long, hard day of scratching on things and knocking cups off of counters. You know the best way to relax are funny cat videos, so you launch your pc, but it's filled with MeowWare! You must clear the pesky pop ups as quick as possible so you can get to watching your favorite videos! There are 4 different game-modes that you can select! Each one has unique gameplay and different potential pop-ups may appear! The Speed Attack Game is a timed mo","{""text_match"": 0.013715161, ""cosine_similarity"": 0.5010967}"
2026-02-10T20:06:56+00:00,CORTEX_DB.RAW.CAT_GAMES_SVC_1_5,default,"2025 cozy idle ""desktop"" cat cafe at the bottom of the screen; automation; idler","2025 cozy idle ""desktop"" cat cafe at the bottom of the screen; automation; idler",[],,False,,,,low_latency,0.3,10,100,0,921,921,,01c25376-0005-0846-0001-397a0006e7ee,,61,61,,9e-06,9e-06,,9e-06,,,,,[],[],[],[],[],[],,,,,,,True,False,[],[],,,,[],[],,,,1,Desktop Cat Cafe,0.84483755,2025,Arabic;Bulgarian;Czech;Danish;Dutch;English;Finnish;French;German;Greek;Hungarian;Indonesian;Italian;Japanese;Korean;Norwegian;Polish;Portuguese - Brazil;Portuguese - Portugal;Romanian;Russian;Simplified Chinese;Spanish - Latin America;Spanish - Spain;Swedish;Thai;Traditional Chinese;Turkish;Ukrainian;Vietnamese,Family Sharing;Single-player;Stats;Steam Achievements;Steam Cloud,Casual;Simulation,3D;Automation;Building;Casual;Cats;City Builder;Colorful;Cozy;Cute;Economy;Idler;Indie;Life Sim;Management;Nature;Relaxing;Sandbox;Simulation;Strategy;Stylized,"Desktop Cate Cafe is a cute, idle management game that lives at the bottom of your screen letting you work on other tasks while your cafe runs. Design your dream cafe, unlock delicious recipes, and automate your cafe with cute cat staff! Design Your Outdoor Cafe Build the perfect cafe with hundreds of customization options paired with an easy to use building system that lets your creativity shine. Unlock Delicious Recipes Progress by serving customers to unlock over 150 different recipes from co","{""text_match"": 0.2736005, ""cosine_similarity"": 0.6896751}"
2026-02-10T20:06:56+00:00,CORTEX_DB.RAW.CAT_GAMES_SVC_1_5,default,"2025 cozy idle ""desktop"" cat cafe at the bottom of the screen; automation; idler","2025 cozy idle ""desktop"" cat cafe at the bottom of the screen; automation; idler",[],,False,,,,low_latency,0.3,10,100,0,921,921,,01c25376-0005-0846-0001-397a0006e7ee,,61,61,,9e-06,9e-06,,9e-06,,,,,[],[],[],[],[],[],,,,,,,True,False,[],[],,,,[],[],,,,2,Boba Simulator : Idle Shop Management,0.7885538999999999,2022,Arabic;Bulgarian;Czech;Danish;Dutch;English;Finnish;French;German;Greek;Hungarian;Italian;Japanese;Korean;Norwegian;Polish;Portuguese - Brazil;Portuguese - Portugal;Romanian;Russian;Simplified Chinese;Spanish - Latin America;Spanish - Spain;Swedish;Thai;Traditional Chinese;Turkish;Ukrainian;Vietnamese,Camera Comfort;Custom Volume Controls;Family Sharing;Mouse Only Option;Playable without Timed Input;Single-player;Steam Achievements;Steam Leaderboards,Casual;Early Access;Indie;Simulation;Strategy,Automation;Cartoony;Casual;Cats;Clicker;Colorful;Cozy;Cute;Early Access;Family Friendly;Funny;Idler;Isometric;Management;Point & Click;Relaxing;Shop Keeper;Simulation;Singleplayer;Strategy,"Create mouthwatering recipes for ultimate customer satisfaction Experiment and refine your recipes through fun trial and error. Customers' preferences can change at any moment, so stay adaptable! Upgrade your shop and unlock new possibilities Invest wisely in upgrades and watch your business flourish. More exciting upgrades, like a delivery service, await you as you progress! Efficiently manage your stock and storage Purchase Boba Tea ingredients from the supermarket and optimize your limited st","{""text_match"": 0.03851348, ""cosine_similarity"": 0.5771078}"
2026-02-10T20:06:56+00:00,CORTEX_DB.RAW.CAT_GAMES_SVC_1_5,default,"2025 cozy idle ""desktop"" cat cafe at the bottom of the screen; automation; idler","2025 cozy idle ""desktop"" cat cafe at the bottom of the screen; automation; idler",[],,False,,,,low_latency,0.3,10,100,0,921,921,,01c25376-0005-0846-0001-397a0006e7ee,,61,61,,9e-06,9e-06,,9e-06,,,,,[],[],[],[],[],[],,,,,,,True,False,[],[],,,,[],[],,,,3,Melo's cat cafe,0.77365765,2024,English;Japanese,Family Sharing;Single-player;Steam Achievements,Casual;Indie;Simulation,3D;Casual;Cute;Idler;Indie;Simulation;Singleplayer,"'Melo's Cat Cafe' is the perfect game for players who want to relax in a stress-free environment. Instead of chasing goals, players can simply enjoy spending time with the cats. Observe the cats as they eat and sleep, and find peace of mind in their calm presence. Main Features Spacious Mountain Home The game is set in a large house on top of a mountain with beautiful scenic views. 　　The view from the terrace is breathtaking. Free-Spirited Cats Free-spirited and independent cats make an appearan","{""text_match"": 0.08799456, ""cosine_similarity"": 0.5473153}"
2026-02-10T20:06:56+00:00,CORTEX_DB.RAW.CAT_GAMES_SVC_1_5,default,"2025 cozy idle ""desktop"" cat cafe at the bottom of the screen; automation; idler","2025 cozy idle ""desktop"" cat cafe at the bottom of the screen; automation; idler",[],,False,,,,low_latency,0.3,10,100,0,921,921,,01c25376-0005-0846-0001-397a0006e7ee,,61,61,,9e-06,9e-06,,9e-06,,,,,[],[],[],[],[],[],,,,,,,True,False,[],[],,,,[],[],,,,4,Press Paws: Idle Clicker,0.77438235,2024,English,Family Sharing;Single-player;Steam Achievements,Casual;Indie,2D;Arcade;Casual;Cats;Clicker;Combat;Grid-Based Movement;Idler;Indie;Old School;Pixel Graphics;Puzzle;Relaxing;Resource Management;Singleplayer,"Press Paws is a casual, laid-back and cute Idle Clicker Game in Pixel Art style with mini-games, achievements and boss fights. Oh, and secrets. Lots of secrets. Earn as much happiness as you can in order to lead your Cat to freedom! Features Pat the Cat to generate happiness, then spend that to earn even more! Help your Cat navigate the Game Board and open the locked door at the end. Enjoy relaxing Music. Earn happiness by fighting bosses through the mysterious Portals. Unlock 30+ Achievements! ","{""text_match"": 0.034154084, ""cosine_similarity"": 0.5487647}"
2026-02-10T20:06:56+00:00,CORTEX_DB.RAW.CAT_GAMES_SVC_1_5,default,"2025 cozy idle ""desktop"" cat cafe at the bottom of the screen; automation; idler","2025 cozy idle ""desktop"" cat cafe at the bottom of the screen; automation; idler",[],,False,,,,low_latency,0.3,10,100,0,921,921,,01c25376-0005-0846-0001-397a0006e7ee,,61,61,,9e-06,9e-06,,9e-06,,,,,[],[],[],[],[],[],,,,,,,True,False,[],[],,,,[],[],,,,5,Home Office Simulator,0.7704368500000001,2023,English,Family Sharing;Single-player;Steam Achievements;Steam Cloud,Casual;Indie,Anime;Automation;Casual;Cats;Clicker;Colorful;Cute;Idler;Indie;Simulation;Singleplayer;Strategy,"Summary Help Ayame to work remotely, keeping her free of distractions and keeping her cat interested. Upgrade your home, move to new apartments, and take care of several cats. Upgrade your apartment objects so she can work without distractions or with less chance of getting interrupted by any distractions. Gameplay Move to seven unique apartments with different distractions and upgrades to be made. Upgrade and eliminate several distractions, including cats, computers, phone calls, and notificati","{""text_match"": 0.028269487, ""cosine_similarity"": 0.5408737}"
2026-02-10T20:06:56+00:00,CORTEX_DB.RAW.CAT_GAMES_SVC_1_5,default,"2025 cozy idle ""desktop"" cat cafe at the bottom of the screen; automation; idler","2025 cozy idle ""desktop"" cat cafe at the bottom of the screen; automation; idler",[],,False,,,,low_latency,0.3,10,100,0,921,921,,01c25376-0005-0846-0001-397a0006e7ee,,61,61,,9e-06,9e-06,,9e-06,,,,,[],[],[],[],[],[],,,,,,,True,False,[],[],,,,[],[],,,,6,Desktop Kitten Girl,0.76657188,2025,English;Japanese;Simplified Chinese;Traditional Chinese,Family Sharing;Single-player;Steam Achievements;Steam Cloud;Steam Workshop,Adventure;Casual;Indie;RPG;Simulation,2D;Adventure;Anime;Casual;Cats;Collectathon;Comic Book;Creature Collector;Cute;Dating Sim;Exploration;Female Protagonist;Idler;Indie;Magic;Relaxing;Romance;Simulation;Singleplayer;Time Management,"Desktop Kitten Girl is an Idle table-pet game with a wealth of collectible elements and support for the Workshop. In addition to her cute appearance, clicking on the little witch will also trigger a variety of cute animations to add a touch of life to your desktop! The game has a rich collection of content, and players can arrange for the little witch to fish, cook, read, sleep, and fight activities. Each event has over 100 elements to collect, so satisfy your desire to collect! In addition to b","{""text_match"": 0.03962953, ""cosine_similarity"": 0.53314376}"
2026-02-10T20:06:56+00:00,CORTEX_DB.RAW.CAT_GAMES_SVC_1_5,default,"2025 cozy idle ""desktop"" cat cafe at the bottom of the screen; automation; idler","2025 cozy idle ""desktop"" cat cafe at the bottom of the screen; automation; idler",[],,False,,,,low_latency,0.3,10,100,0,921,921,,01c25376-0005-0846-0001-397a0006e7ee,,61,61,,9e-06,9e-06,,9e-06,,,,,[],[],[],[],[],[],,,,,,,True,False,[],[],,,,[],[],,,,7,purrounding,0.77132255,2025,Korean,Family Sharing;Single-player,Casual;Early Access;Indie;Simulation,1990's;2D;Casual;Cats;Character Customization;Colorful;Cute;Cyberpunk;Early Access;Emotional;Family Friendly;Idler;Immersive Sim;Life Sim;Modern;Nature;Pixel Graphics;Relaxing;Simulation;Singleplayer,"Your very own workmate cat, Purrounding Unorganized wallpapers, file clutter... Whether you're working, studying, or just staring at a blank screen, spend some time with your personalized cat through Purrounding! Left alone, the cat will walk on your taskbar, curl up like a loaf of bread, and just hang out on your screen. You can use your mouse to interact with your cat. You can customize your cat to your liking. Change their fur color, eye color, and even add different patterns to make your cat","{""text_match"": 0.006070929, ""cosine_similarity"": 0.5426451}"
2026-02-10T20:06:56+00:00,CORTEX_DB.RAW.CAT_GAMES_SVC_1_5,default,"2025 cozy idle ""desktop"" cat cafe at the bottom of the screen; automation; idler","2025 cozy idle ""desktop"" cat cafe at the bottom of the screen; automation; idler",[],,False,,,,low_latency,0.3,10,100,0,921,921,,01c25376-0005-0846-0001-397a0006e7ee,,61,61,,9e-06,9e-06,,9e-06,,,,,[],[],[],[],[],[],,,,,,,True,False,[],[],,,,[],[],,,,8,Mini Cozy Room: Lo-Fi,0.7623043,2025,English;French;German;Italian;Japanese;Korean;Portuguese - Brazil;Russian;Simplified Chinese;Spanish - Spain;Traditional Chinese,Family Sharing;Single-player;Steam Achievements;Steam Cloud,Casual;Indie,Casual;Character Customization;Cozy;Family Friendly;Idler;Indie;Music;Pixel Graphics;Relaxing;Singleplayer;Utilities,"『Mini Cozy Room : Lo-Fi』 is a relaxing productivity game that combines soothing Lo-Fi music with cozy room decoration. Cute avatars and pets will accompany you, making your work more enjoyable. Convenient desktop tools like Pomodoro timers, notes, and to-do lists will boost your productivity. 1. Your Own Cozy Workspace Create the workspace you've always dreamed of! Choose from various rooms, furniture, and decorative items. Your beautifully designed workspace will enhance concentration and produ","{""text_match"": 0.020164488, ""cosine_similarity"": 0.5246086}"
2026-02-10T20:06:56+00:00,CORTEX_DB.RAW.CAT_GAMES_SVC_1_5,default,"2025 cozy idle ""desktop"" cat cafe at the bottom of the screen; automation; idler","2025 cozy idle ""desktop"" cat cafe at the bottom of the screen; automation; idler",[],,False,,,,low_latency,0.3,10,100,0,921,921,,01c25376-0005-0846-0001-397a0006e7ee,,61,61,,9e-06,9e-06,,9e-06,,,,,[],[],[],[],[],[],,,,,,,True,False,[],[],,,,[],[],,,,9,Hidden Office,0.7563458000000001,2021,Arabic;Bulgarian;Czech;Danish;Dutch;English;Finnish;French;German;Greek;Hungarian;Italian;Japanese;Korean;Norwegian;Polish;Portuguese - Brazil;Portuguese - Portugal;Romanian;Russian;Simplified Chinese;Spanish - Latin America;Spanish - Spain;Swedish;Thai;Traditional Chinese;Turkish;Ukrainian;Vietnamese,Family Sharing;Single-player;Steam Achievements,Casual;Indie,3D;Arcade;Atmospheric;Cartoony;Casual;Cats;Colorful;Cute;Exploration;Family Friendly;Female Protagonist;Hidden Object;Indie;Investigation;Logic;Minimalist;Narration;Puzzle;Relaxing;Stylized,Office is empty now... Except cats. There are 12 rooms with plenty items. Find everything in a checklist and have fun! Classic Hidden Object game in 3D Extra achivements: find all 30 cats and get animated collectible cards 12 areas (108 levels) to unlock Plenty classic and unique challenges Easy to use Comfortable Zoom and Rotation No time limit - just relax and have fun Don't forget to,"{""text_match"": 0.0037132283, ""cosine_similarity"": 0.5126916}"
2026-02-10T20:06:56+00:00,CORTEX_DB.RAW.CAT_GAMES_SVC_1_5,default,"2025 cozy idle ""desktop"" cat cafe at the bottom of the screen; automation; idler","2025 cozy idle ""desktop"" cat cafe at the bottom of the screen; automation; idler",[],,False,,,,low_latency,0.3,10,100,0,921,921,,01c25376-0005-0846-0001-397a0006e7ee,,61,61,,9e-06,9e-06,,9e-06,,,,,[],[],[],[],[],[],,,,,,,True,False,[],[],,,,[],[],,,,10,Capoo Pals,0.748937935,2023,English;Traditional Chinese,Single-player;Steam Achievements;Steam Cloud,Animation & Modeling,2D;Animation & Modeling;Atmospheric;Cartoony;Casual;Clicker;Collectathon;Colorful;Comedy;Comic Book;Creature Collector;Cute;Emotional;Funny;Idler;Relaxing;Singleplayer;Tabletop;Utilities,"A completely stress-free desktop pet that heals your boredom at work and school Let the cute and funny Capoo accompany you every moment of using the computer Use the mouse to have a fun interaction with Capoo! Collect bugcats books, many unknown Capoo and bugcats are waiting for you to discover and collect. Let's think~ Does it make you feel lonely when you are alone with your computer? Are you tired of the same presentations and information on the screen when you go to work? Feeling drained whe","{""text_match"": 0.028130732, ""cosine_similarity"": 0.49787587}"
2026-02-10T20:06:57+00:00,CORTEX_DB.RAW.CAT_GAMES_SVC_1_5,default,"2025 cozy idle ""desktop"" cat cafe at the bottom of the screen; automation; idler","2025 cozy idle ""desktop"" cat cafe at the bottom of the screen; automation; idler",[],,False,,,,low_latency,0.65,10,100,0,782,782,,01c25376-0005-0864-0001-397a0006b9f2,,29,29,,4e-06,4e-06,,4e-06,,,,,[],[],[],[],[],[],,,,,,,True,False,[],[],,,,[],[],,,,1,Desktop Cat Cafe,0.84483755,2025,Arabic;Bulgarian;Czech;Danish;Dutch;English;Finnish;French;German;Greek;Hungarian;Indonesian;Italian;Japanese;Korean;Norwegian;Polish;Portuguese - Brazil;Portuguese - Portugal;Romanian;Russian;Simplified Chinese;Spanish - Latin America;Spanish - Spain;Swedish;Thai;Traditional Chinese;Turkish;Ukrainian;Vietnamese,Family Sharing;Single-player;Stats;Steam Achievements;Steam Cloud,Casual;Simulation,3D;Automation;Building;Casual;Cats;City Builder;Colorful;Cozy;Cute;Economy;Idler;Indie;Life Sim;Management;Nature;Relaxing;Sandbox;Simulation;Strategy;Stylized,"Desktop Cate Cafe is a cute, idle management game that lives at the bottom of your screen letting you work on other tasks while your cafe runs. Design your dream cafe, unlock delicious recipes, and automate your cafe with cute cat staff! Design Your Outdoor Cafe Build the perfect cafe with hundreds of customization options paired with an easy to use building system that lets your creativity shine. Unlock Delicious Recipes Progress by serving customers to unlock over 150 different recipes from co","{""text_match"": 0.2736005, ""cosine_similarity"": 0.6896751}"
2026-02-10T20:06:57+00:00,CORTEX_DB.RAW.CAT_GAMES_SVC_1_5,default,"2025 cozy idle ""desktop"" cat cafe at the bottom of the screen; automation; idler","2025 cozy idle ""desktop"" cat cafe at the bottom of the screen; automation; idler",[],,False,,,,low_latency,0.65,10,100,0,782,782,,01c25376-0005-0864-0001-397a0006b9f2,,29,29,,4e-06,4e-06,,4e-06,,,,,[],[],[],[],[],[],,,,,,,True,False,[],[],,,,[],[],,,,2,Boba Simulator : Idle Shop Management,0.7885538999999999,2022,Arabic;Bulgarian;Czech;Danish;Dutch;English;Finnish;French;German;Greek;Hungarian;Italian;Japanese;Korean;Norwegian;Polish;Portuguese - Brazil;Portuguese - Portugal;Romanian;Russian;Simplified Chinese;Spanish - Latin America;Spanish - Spain;Swedish;Thai;Traditional Chinese;Turkish;Ukrainian;Vietnamese,Camera Comfort;Custom Volume Controls;Family Sharing;Mouse Only Option;Playable without Timed Input;Single-player;Steam Achievements;Steam Leaderboards,Casual;Early Access;Indie;Simulation;Strategy,Automation;Cartoony;Casual;Cats;Clicker;Colorful;Cozy;Cute;Early Access;Family Friendly;Funny;Idler;Isometric;Management;Point & Click;Relaxing;Shop Keeper;Simulation;Singleplayer;Strategy,"Create mouthwatering recipes for ultimate customer satisfaction Experiment and refine your recipes through fun trial and error. Customers' preferences can change at any moment, so stay adaptable! Upgrade your shop and unlock new possibilities Invest wisely in upgrades and watch your business flourish. More exciting upgrades, like a delivery service, await you as you progress! Efficiently manage your stock and storage Purchase Boba Tea ingredients from the supermarket and optimize your limited st","{""text_match"": 0.03851348, ""cosine_similarity"": 0.5771078}"
2026-02-10T20:06:57+00:00,CORTEX_DB.RAW.CAT_GAMES_SVC_1_5,default,"2025 cozy idle ""desktop"" cat cafe at the bottom of the screen; automation; idler","2025 cozy idle ""desktop"" cat cafe at the bottom of the screen; automation; idler",[],,False,,,,low_latency,0.65,10,100,0,782,782,,01c25376-0005-0864-0001-397a0006b9f2,,29,29,,4e-06,4e-06,,4e-06,,,,,[],[],[],[],[],[],,,,,,,True,False,[],[],,,,[],[],,,,3,Melo's cat cafe,0.77365765,2024,English;Japanese,Family Sharing;Single-player;Steam Achievements,Casual;Indie;Simulation,3D;Casual;Cute;Idler;Indie;Simulation;Singleplayer,"'Melo's Cat Cafe' is the perfect game for players who want to relax in a stress-free environment. Instead of chasing goals, players can simply enjoy spending time with the cats. Observe the cats as they eat and sleep, and find peace of mind in their calm presence. Main Features Spacious Mountain Home The game is set in a large house on top of a mountain with beautiful scenic views. 　　The view from the terrace is breathtaking. Free-Spirited Cats Free-spirited and independent cats make an appearan","{""text_match"": 0.08799456, ""cosine_similarity"": 0.5473153}"
2026-02-10T20:06:57+00:00,CORTEX_DB.RAW.CAT_GAMES_SVC_1_5,default,"2025 cozy idle ""desktop"" cat cafe at the bottom of the screen; automation; idler","2025 cozy idle ""desktop"" cat cafe at the bottom of the screen; automation; idler",[],,False,,,,low_latency,0.65,10,100,0,782,782,,01c25376-0005-0864-0001-397a0006b9f2,,29,29,,4e-06,4e-06,,4e-06,,,,,[],[],[],[],[],[],,,,,,,True,False,[],[],,,,[],[],,,,4,Press Paws: Idle Clicker,0.77438235,2024,English,Family Sharing;Single-player;Steam Achievements,Casual;Indie,2D;Arcade;Casual;Cats;Clicker;Combat;Grid-Based Movement;Idler;Indie;Old School;Pixel Graphics;Puzzle;Relaxing;Resource Management;Singleplayer,"Press Paws is a casual, laid-back and cute Idle Clicker Game in Pixel Art style with mini-games, achievements and boss fights. Oh, and secrets. Lots of secrets. Earn as much happiness as you can in order to lead your Cat to freedom! Features Pat the Cat to generate happiness, then spend that to earn even more! Help your Cat navigate the Game Board and open the locked door at the end. Enjoy relaxing Music. Earn happiness by fighting bosses through the mysterious Portals. Unlock 30+ Achievements! ","{""text_match"": 0.034154084, ""cosine_similarity"": 0.5487647}"
2026-02-10T20:06:57+00:00,CORTEX_DB.RAW.CAT_GAMES_SVC_1_5,default,"2025 cozy idle ""desktop"" cat cafe at the bottom of the screen; automation; idler","2025 cozy idle ""desktop"" cat cafe at the bottom of the screen; automation; idler",[],,False,,,,low_latency,0.65,10,100,0,782,782,,01c25376-0005-0864-0001-397a0006b9f2,,29,29,,4e-06,4e-06,,4e-06,,,,,[],[],[],[],[],[],,,,,,,True,False,[],[],,,,[],[],,,,5,Home Office Simulator,0.7704368500000001,2023,English,Family Sharing;Single-player;Steam Achievements;Steam Cloud,Casual;Indie,Anime;Automation;Casual;Cats;Clicker;Colorful;Cute;Idler;Indie;Simulation;Singleplayer;Strategy,"Summary Help Ayame to work remotely, keeping her free of distractions and keeping her cat interested. Upgrade your home, move to new apartments, and take care of several cats. Upgrade your apartment objects so she can work without distractions or with less chance of getting interrupted by any distractions. Gameplay Move to seven unique apartments with different distractions and upgrades to be made. Upgrade and eliminate several distractions, including cats, computers, phone calls, and notificati","{""text_match"": 0.028269487, ""cosine_similarity"": 0.5408737}"
2026-02-10T20:06:57+00:00,CORTEX_DB.RAW.CAT_GAMES_SVC_1_5,default,"2025 cozy idle ""desktop"" cat cafe at the bottom of the screen; automation; idler","2025 cozy idle ""desktop"" cat cafe at the bottom of the screen; automation; idler",[],,False,,,,low_latency,0.65,10,100,0,782,782,,01c25376-0005-0864-0001-397a0006b9f2,,29,29,,4e-06,4e-06,,4e-06,,,,,[],[],[],[],[],[],,,,,,,True,False,[],[],,,,[],[],,,,6,Desktop Kitten Girl,0.76657188,2025,English;Japanese;Simplified Chinese;Traditional Chinese,Family Sharing;Single-player;Steam Achievements;Steam Cloud;Steam Workshop,Adventure;Casual;Indie;RPG;Simulation,2D;Adventure;Anime;Casual;Cats;Collectathon;Comic Book;Creature Collector;Cute;Dating Sim;Exploration;Female Protagonist;Idler;Indie;Magic;Relaxing;Romance;Simulation;Singleplayer;Time Management,"Desktop Kitten Girl is an Idle table-pet game with a wealth of collectible elements and support for the Workshop. In addition to her cute appearance, clicking on the little witch will also trigger a variety of cute animations to add a touch of life to your desktop! The game has a rich collection of content, and players can arrange for the little witch to fish, cook, read, sleep, and fight activities. Each event has over 100 elements to collect, so satisfy your desire to collect! In addition to b","{""text_match"": 0.03962953, ""cosine_similarity"": 0.53314376}"
2026-02-10T20:06:57+00:00,CORTEX_DB.RAW.CAT_GAMES_SVC_1_5,default,"2025 cozy idle ""desktop"" cat cafe at the bottom of the screen; automation; idler","2025 cozy idle ""desktop"" cat cafe at the bottom of the screen; automation; idler",[],,False,,,,low_latency,0.65,10,100,0,782,782,,01c25376-0005-0864-0001-397a0006b9f2,,29,29,,4e-06,4e-06,,4e-06,,,,,[],[],[],[],[],[],,,,,,,True,False,[],[],,,,[],[],,,,7,purrounding,0.77132255,2025,Korean,Family Sharing;Single-player,Casual;Early Access;Indie;Simulation,1990's;2D;Casual;Cats;Character Customization;Colorful;Cute;Cyberpunk;Early Access;Emotional;Family Friendly;Idler;Immersive Sim;Life Sim;Modern;Nature;Pixel Graphics;Relaxing;Simulation;Singleplayer,"Your very own workmate cat, Purrounding Unorganized wallpapers, file clutter... Whether you're working, studying, or just staring at a blank screen, spend some time with your personalized cat through Purrounding! Left alone, the cat will walk on your taskbar, curl up like a loaf of bread, and just hang out on your screen. You can use your mouse to interact with your cat. You can customize your cat to your liking. Change their fur color, eye color, and even add different patterns to make your cat","{""text_match"": 0.006070929, ""cosine_similarity"": 0.5426451}"
2026-02-10T20:06:57+00:00,CORTEX_DB.RAW.CAT_GAMES_SVC_1_5,default,"2025 cozy idle ""desktop"" cat cafe at the bottom of the screen; automation; idler","2025 cozy idle ""desktop"" cat cafe at the bottom of the screen; automation; idler",[],,False,,,,low_latency,0.65,10,100,0,782,782,,01c25376-0005-0864-0001-397a0006b9f2,,29,29,,4e-06,4e-06,,4e-06,,,,,[],[],[],[],[],[],,,,,,,True,False,[],[],,,,[],[],,,,8,Mini Cozy Room: Lo-Fi,0.7623043,2025,English;French;German;Italian;Japanese;Korean;Portuguese - Brazil;Russian;Simplified Chinese;Spanish - Spain;Traditional Chinese,Family Sharing;Single-player;Steam Achievements;Steam Cloud,Casual;Indie,Casual;Character Customization;Cozy;Family Friendly;Idler;Indie;Music;Pixel Graphics;Relaxing;Singleplayer;Utilities,"『Mini Cozy Room : Lo-Fi』 is a relaxing productivity game that combines soothing Lo-Fi music with cozy room decoration. Cute avatars and pets will accompany you, making your work more enjoyable. Convenient desktop tools like Pomodoro timers, notes, and to-do lists will boost your productivity. 1. Your Own Cozy Workspace Create the workspace you've always dreamed of! Choose from various rooms, furniture, and decorative items. Your beautifully designed workspace will enhance concentration and produ","{""text_match"": 0.020164488, ""cosine_similarity"": 0.5246086}"
2026-02-10T20:06:57+00:00,CORTEX_DB.RAW.CAT_GAMES_SVC_1_5,default,"2025 cozy idle ""desktop"" cat cafe at the bottom of the screen; automation; idler","2025 cozy idle ""desktop"" cat cafe at the bottom of the screen; automation; idler",[],,False,,,,low_latency,0.65,10,100,0,782,782,,01c25376-0005-0864-0001-397a0006b9f2,,29,29,,4e-06,4e-06,,4e-06,,,,,[],[],[],[],[],[],,,,,,,True,False,[],[],,,,[],[],,,,9,Hidden Office,0.7563458000000001,2021,Arabic;Bulgarian;Czech;Danish;Dutch;English;Finnish;French;German;Greek;Hungarian;Italian;Japanese;Korean;Norwegian;Polish;Portuguese - Brazil;Portuguese - Portugal;Romanian;Russian;Simplified Chinese;Spanish - Latin America;Spanish - Spain;Swedish;Thai;Traditional Chinese;Turkish;Ukrainian;Vietnamese,Family Sharing;Single-player;Steam Achievements,Casual;Indie,3D;Arcade;Atmospheric;Cartoony;Casual;Cats;Colorful;Cute;Exploration;Family Friendly;Female Protagonist;Hidden Object;Indie;Investigation;Logic;Minimalist;Narration;Puzzle;Relaxing;Stylized,Office is empty now... Except cats. There are 12 rooms with plenty items. Find everything in a checklist and have fun! Classic Hidden Object game in 3D Extra achivements: find all 30 cats and get animated collectible cards 12 areas (108 levels) to unlock Plenty classic and unique challenges Easy to use Comfortable Zoom and Rotation No time limit - just relax and have fun Don't forget to,"{""text_match"": 0.0037132283, ""cosine_similarity"": 0.5126916}"
2026-02-10T20:06:57+00:00,CORTEX_DB.RAW.CAT_GAMES_SVC_1_5,default,"2025 cozy idle ""desktop"" cat cafe at the bottom of the screen; automation; idler","2025 cozy idle ""desktop"" cat cafe at the bottom of the screen; automation; idler",[],,False,,,,low_latency,0.65,10,100,0,782,782,,01c25376-0005-0864-0001-397a0006b9f2,,29,29,,4e-06,4e-06,,4e-06,,,,,[],[],[],[],[],[],,,,,,,True,False,[],[],,,,[],[],,,,10,Capoo Pals,0.748937935,2023,English;Traditional Chinese,Single-player;Steam Achievements;Steam Cloud,Animation & Modeling,2D;Animation & Modeling;Atmospheric;Cartoony;Casual;Clicker;Collectathon;Colorful;Comedy;Comic Book;Creature Collector;Cute;Emotional;Funny;Idler;Relaxing;Singleplayer;Tabletop;Utilities,"A completely stress-free desktop pet that heals your boredom at work and school Let the cute and funny Capoo accompany you every moment of using the computer Use the mouse to have a fun interaction with Capoo! Collect bugcats books, many unknown Capoo and bugcats are waiting for you to discover and collect. Let's think~ Does it make you feel lonely when you are alone with your computer? Are you tired of the same presentations and information on the screen when you go to work? Feeling drained whe","{""text_match"": 0.028130732, ""cosine_similarity"": 0.49787587}"
2026-02-10T20:06:57+00:00,CORTEX_DB.RAW.CAT_GAMES_SVC_1_5,default,"2025 cozy idle ""desktop"" cat cafe at the bottom of the screen; automation; idler","2025 cozy idle ""desktop"" cat cafe at the bottom of the screen; automation; idler",[],,False,,,,low_latency,0.75,10,100,0,715,715,,01c25376-0005-0843-0001-397a0006d4de,,40,40,,6e-06,6e-06,,6e-06,,,,,[],[],[],[],[],[],,,,,,,True,False,[],[],,,,[],[],,,,1,Desktop Cat Cafe,0.84483755,2025,Arabic;Bulgarian;Czech;Danish;Dutch;English;Finnish;French;German;Greek;Hungarian;Indonesian;Italian;Japanese;Korean;Norwegian;Polish;Portuguese - Brazil;Portuguese - Portugal;Romanian;Russian;Simplified Chinese;Spanish - Latin America;Spanish - Spain;Swedish;Thai;Traditional Chinese;Turkish;Ukrainian;Vietnamese,Family Sharing;Single-player;Stats;Steam Achievements;Steam Cloud,Casual;Simulation,3D;Automation;Building;Casual;Cats;City Builder;Colorful;Cozy;Cute;Economy;Idler;Indie;Life Sim;Management;Nature;Relaxing;Sandbox;Simulation;Strategy;Stylized,"Desktop Cate Cafe is a cute, idle management game that lives at the bottom of your screen letting you work on other tasks while your cafe runs. Design your dream cafe, unlock delicious recipes, and automate your cafe with cute cat staff! Design Your Outdoor Cafe Build the perfect cafe with hundreds of customization options paired with an easy to use building system that lets your creativity shine. Unlock Delicious Recipes Progress by serving customers to unlock over 150 different recipes from co","{""text_match"": 0.2736005, ""cosine_similarity"": 0.6896751}"
2026-02-10T20:06:57+00:00,CORTEX_DB.RAW.CAT_GAMES_SVC_1_5,default,"2025 cozy idle ""desktop"" cat cafe at the bottom of the screen; automation; idler","2025 cozy idle ""desktop"" cat cafe at the bottom of the screen; automation; idler",[],,False,,,,low_latency,0.75,10,100,0,715,715,,01c25376-0005-0843-0001-397a0006d4de,,40,40,,6e-06,6e-06,,6e-06,,,,,[],[],[],[],[],[],,,,,,,True,False,[],[],,,,[],[],,,,2,Boba Simulator : Idle Shop Management,0.7885538999999999,2022,Arabic;Bulgarian;Czech;Danish;Dutch;English;Finnish;French;German;Greek;Hungarian;Italian;Japanese;Korean;Norwegian;Polish;Portuguese - Brazil;Portuguese - Portugal;Romanian;Russian;Simplified Chinese;Spanish - Latin America;Spanish - Spain;Swedish;Thai;Traditional Chinese;Turkish;Ukrainian;Vietnamese,Camera Comfort;Custom Volume Controls;Family Sharing;Mouse Only Option;Playable without Timed Input;Single-player;Steam Achievements;Steam Leaderboards,Casual;Early Access;Indie;Simulation;Strategy,Automation;Cartoony;Casual;Cats;Clicker;Colorful;Cozy;Cute;Early Access;Family Friendly;Funny;Idler;Isometric;Management;Point & Click;Relaxing;Shop Keeper;Simulation;Singleplayer;Strategy,"Create mouthwatering recipes for ultimate customer satisfaction Experiment and refine your recipes through fun trial and error. Customers' preferences can change at any moment, so stay adaptable! Upgrade your shop and unlock new possibilities Invest wisely in upgrades and watch your business flourish. More exciting upgrades, like a delivery service, await you as you progress! Efficiently manage your stock and storage Purchase Boba Tea ingredients from the supermarket and optimize your limited st","{""text_match"": 0.03851348, ""cosine_similarity"": 0.5771078}"
2026-02-10T20:06:57+00:00,CORTEX_DB.RAW.CAT_GAMES_SVC_1_5,default,"2025 cozy idle ""desktop"" cat cafe at the bottom of the screen; automation; idler","2025 cozy idle ""desktop"" cat cafe at the bottom of the screen; automation; idler",[],,False,,,,low_latency,0.75,10,100,0,715,715,,01c25376-0005-0843-0001-397a0006d4de,,40,40,,6e-06,6e-06,,6e-06,,,,,[],[],[],[],[],[],,,,,,,True,False,[],[],,,,[],[],,,,3,Melo's cat cafe,0.77365765,2024,English;Japanese,Family Sharing;Single-player;Steam Achievements,Casual;Indie;Simulation,3D;Casual;Cute;Idler;Indie;Simulation;Singleplayer,"'Melo's Cat Cafe' is the perfect game for players who want to relax in a stress-free environment. Instead of chasing goals, players can simply enjoy spending time with the cats. Observe the cats as they eat and sleep, and find peace of mind in their calm presence. Main Features Spacious Mountain Home The game is set in a large house on top of a mountain with beautiful scenic views. 　　The view from the terrace is breathtaking. Free-Spirited Cats Free-spirited and independent cats make an appearan","{""text_match"": 0.08799456, ""cosine_similarity"": 0.5473153}"
2026-02-10T20:06:57+00:00,CORTEX_DB.RAW.CAT_GAMES_SVC_1_5,default,"2025 cozy idle ""desktop"" cat cafe at the bottom of the screen; automation; idler","2025 cozy idle ""desktop"" cat cafe at the bottom of the screen; automation; idler",[],,False,,,,low_latency,0.75,10,100,0,715,715,,01c25376-0005-0843-0001-397a0006d4de,,40,40,,6e-06,6e-06,,6e-06,,,,,[],[],[],[],[],[],,,,,,,True,False,[],[],,,,[],[],,,,4,Press Paws: Idle Clicker,0.77438235,2024,English,Family Sharing;Single-player;Steam Achievements,Casual;Indie,2D;Arcade;Casual;Cats;Clicker;Combat;Grid-Based Movement;Idler;Indie;Old School;Pixel Graphics;Puzzle;Relaxing;Resource Management;Singleplayer,"Press Paws is a casual, laid-back and cute Idle Clicker Game in Pixel Art style with mini-games, achievements and boss fights. Oh, and secrets. Lots of secrets. Earn as much happiness as you can in order to lead your Cat to freedom! Features Pat the Cat to generate happiness, then spend that to earn even more! Help your Cat navigate the Game Board and open the locked door at the end. Enjoy relaxing Music. Earn happiness by fighting bosses through the mysterious Portals. Unlock 30+ Achievements! ","{""text_match"": 0.034154084, ""cosine_similarity"": 0.5487647}"
2026-02-10T20:06:57+00:00,CORTEX_DB.RAW.CAT_GAMES_SVC_1_5,default,"2025 cozy idle ""desktop"" cat cafe at the bottom of the screen; automation; idler","2025 cozy idle ""desktop"" cat cafe at the bottom of the screen; automation; idler",[],,False,,,,low_latency,0.75,10,100,0,715,715,,01c25376-0005-0843-0001-397a0006d4de,,40,40,,6e-06,6e-06,,6e-06,,,,,[],[],[],[],[],[],,,,,,,True,False,[],[],,,,[],[],,,,5,Home Office Simulator,0.7704368500000001,2023,English,Family Sharing;Single-player;Steam Achievements;Steam Cloud,Casual;Indie,Anime;Automation;Casual;Cats;Clicker;Colorful;Cute;Idler;Indie;Simulation;Singleplayer;Strategy,"Summary Help Ayame to work remotely, keeping her free of distractions and keeping her cat interested. Upgrade your home, move to new apartments, and take care of several cats. Upgrade your apartment objects so she can work without distractions or with less chance of getting interrupted by any distractions. Gameplay Move to seven unique apartments with different distractions and upgrades to be made. Upgrade and eliminate several distractions, including cats, computers, phone calls, and notificati","{""text_match"": 0.028269487, ""cosine_similarity"": 0.5408737}"
2026-02-10T20:06:57+00:00,CORTEX_DB.RAW.CAT_GAMES_SVC_1_5,default,"2025 cozy idle ""desktop"" cat cafe at the bottom of the screen; automation; idler","2025 cozy idle ""desktop"" cat cafe at the bottom of the screen; automation; idler",[],,False,,,,low_latency,0.75,10,100,0,715,715,,01c25376-0005-0843-0001-397a0006d4de,,40,40,,6e-06,6e-06,,6e-06,,,,,[],[],[],[],[],[],,,,,,,True,False,[],[],,,,[],[],,,,6,Desktop Kitten Girl,0.76657188,2025,English;Japanese;Simplified Chinese;Traditional Chinese,Family Sharing;Single-player;Steam Achievements;Steam Cloud;Steam Workshop,Adventure;Casual;Indie;RPG;Simulation,2D;Adventure;Anime;Casual;Cats;Collectathon;Comic Book;Creature Collector;Cute;Dating Sim;Exploration;Female Protagonist;Idler;Indie;Magic;Relaxing;Romance;Simulation;Singleplayer;Time Management,"Desktop Kitten Girl is an Idle table-pet game with a wealth of collectible elements and support for the Workshop. In addition to her cute appearance, clicking on the little witch will also trigger a variety of cute animations to add a touch of life to your desktop! The game has a rich collection of content, and players can arrange for the little witch to fish, cook, read, sleep, and fight activities. Each event has over 100 elements to collect, so satisfy your desire to collect! In addition to b","{""text_match"": 0.03962953, ""cosine_similarity"": 0.53314376}"
2026-02-10T20:06:57+00:00,CORTEX_DB.RAW.CAT_GAMES_SVC_1_5,default,"2025 cozy idle ""desktop"" cat cafe at the bottom of the screen; automation; idler","2025 cozy idle ""desktop"" cat cafe at the bottom of the screen; automation; idler",[],,False,,,,low_latency,0.75,10,100,0,715,715,,01c25376-0005-0843-0001-397a0006d4de,,40,40,,6e-06,6e-06,,6e-06,,,,,[],[],[],[],[],[],,,,,,,True,False,[],[],,,,[],[],,,,7,purrounding,0.77132255,2025,Korean,Family Sharing;Single-player,Casual;Early Access;Indie;Simulation,1990's;2D;Casual;Cats;Character Customization;Colorful;Cute;Cyberpunk;Early Access;Emotional;Family Friendly;Idler;Immersive Sim;Life Sim;Modern;Nature;Pixel Graphics;Relaxing;Simulation;Singleplayer,"Your very own workmate cat, Purrounding Unorganized wallpapers, file clutter... Whether you're working, studying, or just staring at a blank screen, spend some time with your personalized cat through Purrounding! Left alone, the cat will walk on your taskbar, curl up like a loaf of bread, and just hang out on your screen. You can use your mouse to interact with your cat. You can customize your cat to your liking. Change their fur color, eye color, and even add different patterns to make your cat","{""text_match"": 0.006070929, ""cosine_similarity"": 0.5426451}"
2026-02-10T20:06:57+00:00,CORTEX_DB.RAW.CAT_GAMES_SVC_1_5,default,"2025 cozy idle ""desktop"" cat cafe at the bottom of the screen; automation; idler","2025 cozy idle ""desktop"" cat cafe at the bottom of the screen; automation; idler",[],,False,,,,low_latency,0.75,10,100,0,715,715,,01c25376-0005-0843-0001-397a0006d4de,,40,40,,6e-06,6e-06,,6e-06,,,,,[],[],[],[],[],[],,,,,,,True,False,[],[],,,,[],[],,,,8,Mini Cozy Room: Lo-Fi,0.7623043,2025,English;French;German;Italian;Japanese;Korean;Portuguese - Brazil;Russian;Simplified Chinese;Spanish - Spain;Traditional Chinese,Family Sharing;Single-player;Steam Achievements;Steam Cloud,Casual;Indie,Casual;Character Customization;Cozy;Family Friendly;Idler;Indie;Music;Pixel Graphics;Relaxing;Singleplayer;Utilities,"『Mini Cozy Room : Lo-Fi』 is a relaxing productivity game that combines soothing Lo-Fi music with cozy room decoration. Cute avatars and pets will accompany you, making your work more enjoyable. Convenient desktop tools like Pomodoro timers, notes, and to-do lists will boost your productivity. 1. Your Own Cozy Workspace Create the workspace you've always dreamed of! Choose from various rooms, furniture, and decorative items. Your beautifully designed workspace will enhance concentration and produ","{""text_match"": 0.020164488, ""cosine_similarity"": 0.5246086}"
2026-02-10T20:06:57+00:00,CORTEX_DB.RAW.CAT_GAMES_SVC_1_5,default,"2025 cozy idle ""desktop"" cat cafe at the bottom of the screen; automation; idler","2025 cozy idle ""desktop"" cat cafe at the bottom of the screen; automation; idler",[],,False,,,,low_latency,0.75,10,100,0,715,715,,01c25376-0005-0843-0001-397a0006d4de,,40,40,,6e-06,6e-06,,6e-06,,,,,[],[],[],[],[],[],,,,,,,True,False,[],[],,,,[],[],,,,9,Hidden Office,0.7563458000000001,2021,Arabic;Bulgarian;Czech;Danish;Dutch;English;Finnish;French;German;Greek;Hungarian;Italian;Japanese;Korean;Norwegian;Polish;Portuguese - Brazil;Portuguese - Portugal;Romanian;Russian;Simplified Chinese;Spanish - Latin America;Spanish - Spain;Swedish;Thai;Traditional Chinese;Turkish;Ukrainian;Vietnamese,Family Sharing;Single-player;Steam Achievements,Casual;Indie,3D;Arcade;Atmospheric;Cartoony;Casual;Cats;Colorful;Cute;Exploration;Family Friendly;Female Protagonist;Hidden Object;Indie;Investigation;Logic;Minimalist;Narration;Puzzle;Relaxing;Stylized,Office is empty now... Except cats. There are 12 rooms with plenty items. Find everything in a checklist and have fun! Classic Hidden Object game in 3D Extra achivements: find all 30 cats and get animated collectible cards 12 areas (108 levels) to unlock Plenty classic and unique challenges Easy to use Comfortable Zoom and Rotation No time limit - just relax and have fun Don't forget to,"{""text_match"": 0.0037132283, ""cosine_similarity"": 0.5126916}"
2026-02-10T20:06:57+00:00,CORTEX_DB.RAW.CAT_GAMES_SVC_1_5,default,"2025 cozy idle ""desktop"" cat cafe at the bottom of the screen; automation; idler","2025 cozy idle ""desktop"" cat cafe at the bottom of the screen; automation; idler",[],,False,,,,low_latency,0.75,10,100,0,715,715,,01c25376-0005-0843-0001-397a0006d4de,,40,40,,6e-06,6e-06,,6e-06,,,,,[],[],[],[],[],[],,,,,,,True,False,[],[],,,,[],[],,,,10,MeowWare,0.75054835,2025,English,Family Sharing;Single-player;Steam Achievements,Casual;Early Access;Indie,1990's;2D;Arcade;Casual;Cats;Colorful;Comedy;Cute;Early Access;Exploration;Family Friendly;Funny;Hidden Object;Linear;Pixel Graphics;Point & Click;Relaxing;Retro;Spelling;Typing,"You just got home from work. You are exhausted from a long, hard day of scratching on things and knocking cups off of counters. You know the best way to relax are funny cat videos, so you launch your pc, but it's filled with MeowWare! You must clear the pesky pop ups as quick as possible so you can get to watching your favorite videos! There are 4 different game-modes that you can select! Each one has unique gameplay and different potential pop-ups may appear! The Speed Attack Game is a timed mo","{""text_match"": 0.013715161, ""cosine_similarity"": 0.5010967}"
2026-02-10T20:06:59+00:00,CORTEX_DB.RAW.CAT_GAMES_SVC_1_5,default,"2025 cozy idle ""desktop"" cat cafe at the bottom of the screen; automation; idler","2025 cozy idle ""desktop"" cat cafe at the bottom of the screen; automation; idler",[],,False,,,,reranker_heavy,0.3,10,100,0,984,984,,01c25376-0005-0846-0001-397a0006e7fe,,34,34,,5e-06,5e-06,,5e-06,,,,,[],[],[],[],[],[],,,,,,,True,False,[],[],,,,[],[],,,,1,Desktop Cat Cafe,0.84483755,2025,Arabic;Bulgarian;Czech;Danish;Dutch;English;Finnish;French;German;Greek;Hungarian;Indonesian;Italian;Japanese;Korean;Norwegian;Polish;Portuguese - Brazil;Portuguese - Portugal;Romanian;Russian;Simplified Chinese;Spanish - Latin America;Spanish - Spain;Swedish;Thai;Traditional Chinese;Turkish;Ukrainian;Vietnamese,Family Sharing;Single-player;Stats;Steam Achievements;Steam Cloud,Casual;Simulation,3D;Automation;Building;Casual;Cats;City Builder;Colorful;Cozy;Cute;Economy;Idler;Indie;Life Sim;Management;Nature;Relaxing;Sandbox;Simulation;Strategy;Stylized,"Desktop Cate Cafe is a cute, idle management game that lives at the bottom of your screen letting you work on other tasks while your cafe runs. Design your dream cafe, unlock delicious recipes, and automate your cafe with cute cat staff! Design Your Outdoor Cafe Build the perfect cafe with hundreds of customization options paired with an easy to use building system that lets your creativity shine. Unlock Delicious Recipes Progress by serving customers to unlock over 150 different recipes from co","{""text_match"": 0.2736005, ""cosine_similarity"": 0.6896751, ""reranker_score"": -0.35314846}"
2026-02-10T20:06:59+00:00,CORTEX_DB.RAW.CAT_GAMES_SVC_1_5,default,"2025 cozy idle ""desktop"" cat cafe at the bottom of the screen; automation; idler","2025 cozy idle ""desktop"" cat cafe at the bottom of the screen; automation; idler",[],,False,,,,reranker_heavy,0.3,10,100,0,984,984,,01c25376-0005-0846-0001-397a0006e7fe,,34,34,,5e-06,5e-06,,5e-06,,,,,[],[],[],[],[],[],,,,,,,True,False,[],[],,,,[],[],,,,2,Boba Simulator : Idle Shop Management,0.7885538999999999,2022,Arabic;Bulgarian;Czech;Danish;Dutch;English;Finnish;French;German;Greek;Hungarian;Italian;Japanese;Korean;Norwegian;Polish;Portuguese - Brazil;Portuguese - Portugal;Romanian;Russian;Simplified Chinese;Spanish - Latin America;Spanish - Spain;Swedish;Thai;Traditional Chinese;Turkish;Ukrainian;Vietnamese,Camera Comfort;Custom Volume Controls;Family Sharing;Mouse Only Option;Playable without Timed Input;Single-player;Steam Achievements;Steam Leaderboards,Casual;Early Access;Indie;Simulation;Strategy,Automation;Cartoony;Casual;Cats;Clicker;Colorful;Cozy;Cute;Early Access;Family Friendly;Funny;Idler;Isometric;Management;Point & Click;Relaxing;Shop Keeper;Simulation;Singleplayer;Strategy,"Create mouthwatering recipes for ultimate customer satisfaction Experiment and refine your recipes through fun trial and error. Customers' preferences can change at any moment, so stay adaptable! Upgrade your shop and unlock new possibilities Invest wisely in upgrades and watch your business flourish. More exciting upgrades, like a delivery service, await you as you progress! Efficiently manage your stock and storage Purchase Boba Tea ingredients from the supermarket and optimize your limited st","{""text_match"": 0.03851348, ""cosine_similarity"": 0.5771078, ""reranker_score"": -7.7141457}"
2026-02-10T20:06:59+00:00,CORTEX_DB.RAW.CAT_GAMES_SVC_1_5,default,"2025 cozy idle ""desktop"" cat cafe at the bottom of the screen; automation; idler","2025 cozy idle ""desktop"" cat cafe at the bottom of the screen; automation; idler",[],,False,,,,reranker_heavy,0.3,10,100,0,984,984,,01c25376-0005-0846-0001-397a0006e7fe,,34,34,,5e-06,5e-06,,5e-06,,,,,[],[],[],[],[],[],,,,,,,True,False,[],[],,,,[],[],,,,3,Mini Cozy Room: Lo-Fi,0.7623043,2025,English;French;German;Italian;Japanese;Korean;Portuguese - Brazil;Russian;Simplified Chinese;Spanish - Spain;Traditional Chinese,Family Sharing;Single-player;Steam Achievements;Steam Cloud,Casual;Indie,Casual;Character Customization;Cozy;Family Friendly;Idler;Indie;Music;Pixel Graphics;Relaxing;Singleplayer;Utilities,"『Mini Cozy Room : Lo-Fi』 is a relaxing productivity game that combines soothing Lo-Fi music with cozy room decoration. Cute avatars and pets will accompany you, making your work more enjoyable. Convenient desktop tools like Pomodoro timers, notes, and to-do lists will boost your productivity. 1. Your Own Cozy Workspace Create the workspace you've always dreamed of! Choose from various rooms, furniture, and decorative items. Your beautifully designed workspace will enhance concentration and produ","{""text_match"": 0.020164488, ""cosine_similarity"": 0.5246086, ""reranker_score"": -6.4506598}"
2026-02-10T20:06:59+00:00,CORTEX_DB.RAW.CAT_GAMES_SVC_1_5,default,"2025 cozy idle ""desktop"" cat cafe at the bottom of the screen; automation; idler","2025 cozy idle ""desktop"" cat cafe at the bottom of the screen; automation; idler",[],,False,,,,reranker_heavy,0.3,10,100,0,984,984,,01c25376-0005-0846-0001-397a0006e7fe,,34,34,,5e-06,5e-06,,5e-06,,,,,[],[],[],[],[],[],,,,,,,True,False,[],[],,,,[],[],,,,4,Melo's cat cafe,0.77365765,2024,English;Japanese,Family Sharing;Single-player;Steam Achievements,Casual;Indie;Simulation,3D;Casual;Cute;Idler;Indie;Simulation;Singleplayer,"'Melo's Cat Cafe' is the perfect game for players who want to relax in a stress-free environment. Instead of chasing goals, players can simply enjoy spending time with the cats. Observe the cats as they eat and sleep, and find peace of mind in their calm presence. Main Features Spacious Mountain Home The game is set in a large house on top of a mountain with beautiful scenic views. 　　The view from the terrace is breathtaking. Free-Spirited Cats Free-spirited and independent cats make an appearan","{""text_match"": 0.08799456, ""cosine_similarity"": 0.5473153, ""reranker_score"": -8.212093}"
2026-02-10T20:06:59+00:00,CORTEX_DB.RAW.CAT_GAMES_SVC_1_5,default,"2025 cozy idle ""desktop"" cat cafe at the bottom of the screen; automation; idler","2025 cozy idle ""desktop"" cat cafe at the bottom of the screen; automation; idler",[],,False,,,,reranker_heavy,0.3,10,100,0,984,984,,01c25376-0005-0846-0001-397a0006e7fe,,34,34,,5e-06,5e-06,,5e-06,,,,,[],[],[],[],[],[],,,,,,,True,False,[],[],,,,[],[],,,,5,Desktop Kitten Girl,0.76657188,2025,English;Japanese;Simplified Chinese;Traditional Chinese,Family Sharing;Single-player;Steam Achievements;Steam Cloud;Steam Workshop,Adventure;Casual;Indie;RPG;Simulation,2D;Adventure;Anime;Casual;Cats;Collectathon;Comic Book;Creature Collector;Cute;Dating Sim;Exploration;Female Protagonist;Idler;Indie;Magic;Relaxing;Romance;Simulation;Singleplayer;Time Management,"Desktop Kitten Girl is an Idle table-pet game with a wealth of collectible elements and support for the Workshop. In addition to her cute appearance, clicking on the little witch will also trigger a variety of cute animations to add a touch of life to your desktop! The game has a rich collection of content, and players can arrange for the little witch to fish, cook, read, sleep, and fight activities. Each event has over 100 elements to collect, so satisfy your desire to collect! In addition to b","{""text_match"": 0.03962953, ""cosine_similarity"": 0.53314376, ""reranker_score"": -8.101899}"
2026-02-10T20:06:59+00:00,CORTEX_DB.RAW.CAT_GAMES_SVC_1_5,default,"2025 cozy idle ""desktop"" cat cafe at the bottom of the screen; automation; idler","2025 cozy idle ""desktop"" cat cafe at the bottom of the screen; automation; idler",[],,False,,,,reranker_heavy,0.3,10,100,0,984,984,,01c25376-0005-0846-0001-397a0006e7fe,,34,34,,5e-06,5e-06,,5e-06,,,,,[],[],[],[],[],[],,,,,,,True,False,[],[],,,,[],[],,,,6,Home Office Simulator,0.7704368500000001,2023,English,Family Sharing;Single-player;Steam Achievements;Steam Cloud,Casual;Indie,Anime;Automation;Casual;Cats;Clicker;Colorful;Cute;Idler;Indie;Simulation;Singleplayer;Strategy,"Summary Help Ayame to work remotely, keeping her free of distractions and keeping her cat interested. Upgrade your home, move to new apartments, and take care of several cats. Upgrade your apartment objects so she can work without distractions or with less chance of getting interrupted by any distractions. Gameplay Move to seven unique apartments with different distractions and upgrades to be made. Upgrade and eliminate several distractions, including cats, computers, phone calls, and notificati","{""text_match"": 0.028269487, ""cosine_similarity"": 0.5408737, ""reranker_score"": -8.381729}"
2026-02-10T20:06:59+00:00,CORTEX_DB.RAW.CAT_GAMES_SVC_1_5,default,"2025 cozy idle ""desktop"" cat cafe at the bottom of the screen; automation; idler","2025 cozy idle ""desktop"" cat cafe at the bottom of the screen; automation; idler",[],,False,,,,reranker_heavy,0.3,10,100,0,984,984,,01c25376-0005-0846-0001-397a0006e7fe,,34,34,,5e-06,5e-06,,5e-06,,,,,[],[],[],[],[],[],,,,,,,True,False,[],[],,,,[],[],,,,7,purrounding,0.77132255,2025,Korean,Family Sharing;Single-player,Casual;Early Access;Indie;Simulation,1990's;2D;Casual;Cats;Character Customization;Colorful;Cute;Cyberpunk;Early Access;Emotional;Family Friendly;Idler;Immersive Sim;Life Sim;Modern;Nature;Pixel Graphics;Relaxing;Simulation;Singleplayer,"Your very own workmate cat, Purrounding Unorganized wallpapers, file clutter... Whether you're working, studying, or just staring at a blank screen, spend some time with your personalized cat through Purrounding! Left alone, the cat will walk on your taskbar, curl up like a loaf of bread, and just hang out on your screen. You can use your mouse to interact with your cat. You can customize your cat to your liking. Change their fur color, eye color, and even add different patterns to make your cat","{""text_match"": 0.006070929, ""cosine_similarity"": 0.5426451, ""reranker_score"": -9.292049}"
2026-02-10T20:06:59+00:00,CORTEX_DB.RAW.CAT_GAMES_SVC_1_5,default,"2025 cozy idle ""desktop"" cat cafe at the bottom of the screen; automation; idler","2025 cozy idle ""desktop"" cat cafe at the bottom of the screen; automation; idler",[],,False,,,,reranker_heavy,0.3,10,100,0,984,984,,01c25376-0005-0846-0001-397a0006e7fe,,34,34,,5e-06,5e-06,,5e-06,,,,,[],[],[],[],[],[],,,,,,,True,False,[],[],,,,[],[],,,,8,Press Paws: Idle Clicker,0.77438235,2024,English,Family Sharing;Single-player;Steam Achievements,Casual;Indie,2D;Arcade;Casual;Cats;Clicker;Combat;Grid-Based Movement;Idler;Indie;Old School;Pixel Graphics;Puzzle;Relaxing;Resource Management;Singleplayer,"Press Paws is a casual, laid-back and cute Idle Clicker Game in Pixel Art style with mini-games, achievements and boss fights. Oh, and secrets. Lots of secrets. Earn as much happiness as you can in order to lead your Cat to freedom! Features Pat the Cat to generate happiness, then spend that to earn even more! Help your Cat navigate the Game Board and open the locked door at the end. Enjoy relaxing Music. Earn happiness by fighting bosses through the mysterious Portals. Unlock 30+ Achievements! ","{""text_match"": 0.034154084, ""cosine_similarity"": 0.5487647, ""reranker_score"": -10.098005}"
2026-02-10T20:06:59+00:00,CORTEX_DB.RAW.CAT_GAMES_SVC_1_5,default,"2025 cozy idle ""desktop"" cat cafe at the bottom of the screen; automation; idler","2025 cozy idle ""desktop"" cat cafe at the bottom of the screen; automation; idler",[],,False,,,,reranker_heavy,0.3,10,100,0,984,984,,01c25376-0005-0846-0001-397a0006e7fe,,34,34,,5e-06,5e-06,,5e-06,,,,,[],[],[],[],[],[],,,,,,,True,False,[],[],,,,[],[],,,,9,Capoo Pals,0.748937935,2023,English;Traditional Chinese,Single-player;Steam Achievements;Steam Cloud,Animation & Modeling,2D;Animation & Modeling;Atmospheric;Cartoony;Casual;Clicker;Collectathon;Colorful;Comedy;Comic Book;Creature Collector;Cute;Emotional;Funny;Idler;Relaxing;Singleplayer;Tabletop;Utilities,"A completely stress-free desktop pet that heals your boredom at work and school Let the cute and funny Capoo accompany you every moment of using the computer Use the mouse to have a fun interaction with Capoo! Collect bugcats books, many unknown Capoo and bugcats are waiting for you to discover and collect. Let's think~ Does it make you feel lonely when you are alone with your computer? Are you tired of the same presentations and information on the screen when you go to work? Feeling drained whe","{""text_match"": 0.028130732, ""cosine_similarity"": 0.49787587, ""reranker_score"": -8.764605}"
2026-02-10T20:06:59+00:00,CORTEX_DB.RAW.CAT_GAMES_SVC_1_5,default,"2025 cozy idle ""desktop"" cat cafe at the bottom of the screen; automation; idler","2025 cozy idle ""desktop"" cat cafe at the bottom of the screen; automation; idler",[],,False,,,,reranker_heavy,0.3,10,100,0,984,984,,01c25376-0005-0846-0001-397a0006e7fe,,34,34,,5e-06,5e-06,,5e-06,,,,,[],[],[],[],[],[],,,,,,,True,False,[],[],,,,[],[],,,,10,Cat On The Desktop,0.74861586,2023,English;Japanese;Simplified Chinese;Traditional Chinese,Family Sharing;Single-player,Casual;Indie,3D;3D Platformer;Cartoon;Casual;Emotional;Funny;Idler;Indie;Life Sim;Physics;Point & Click;Simulation;Singleplayer,Game Content Cats with 10 different skin types. Hang up and interact with your mouse operation. Game Controls Double click on the cat's head to pop up a menu; Can set whether to interact or not; Whether to place at the top; Switch skin.,"{""text_match"": 0.024160389, ""cosine_similarity"": 0.49723172, ""reranker_score"": -8.980105}"
2026-02-10T20:07:00+00:00,CORTEX_DB.RAW.CAT_GAMES_SVC_1_5,default,"2025 cozy idle ""desktop"" cat cafe at the bottom of the screen; automation; idler","2025 cozy idle ""desktop"" cat cafe at the bottom of the screen; automation; idler",[],,False,,,,reranker_heavy,0.65,10,100,0,962,962,,01c25376-0005-0864-0001-397a0006b9fe,,31,31,,5e-06,5e-06,,5e-06,,,,,[],[],[],[],[],[],,,,,,,True,False,[],[],,,,[],[],,,,1,Desktop Cat Cafe,0.84483755,2025,Arabic;Bulgarian;Czech;Danish;Dutch;English;Finnish;French;German;Greek;Hungarian;Indonesian;Italian;Japanese;Korean;Norwegian;Polish;Portuguese - Brazil;Portuguese - Portugal;Romanian;Russian;Simplified Chinese;Spanish - Latin America;Spanish - Spain;Swedish;Thai;Traditional Chinese;Turkish;Ukrainian;Vietnamese,Family Sharing;Single-player;Stats;Steam Achievements;Steam Cloud,Casual;Simulation,3D;Automation;Building;Casual;Cats;City Builder;Colorful;Cozy;Cute;Economy;Idler;Indie;Life Sim;Management;Nature;Relaxing;Sandbox;Simulation;Strategy;Stylized,"Desktop Cate Cafe is a cute, idle management game that lives at the bottom of your screen letting you work on other tasks while your cafe runs. Design your dream cafe, unlock delicious recipes, and automate your cafe with cute cat staff! Design Your Outdoor Cafe Build the perfect cafe with hundreds of customization options paired with an easy to use building system that lets your creativity shine. Unlock Delicious Recipes Progress by serving customers to unlock over 150 different recipes from co","{""text_match"": 0.2736005, ""cosine_similarity"": 0.6896751, ""reranker_score"": -0.35314846}"
2026-02-10T20:07:00+00:00,CORTEX_DB.RAW.CAT_GAMES_SVC_1_5,default,"2025 cozy idle ""desktop"" cat cafe at the bottom of the screen; automation; idler","2025 cozy idle ""desktop"" cat cafe at the bottom of the screen; automation; idler",[],,False,,,,reranker_heavy,0.65,10,100,0,962,962,,01c25376-0005-0864-0001-397a0006b9fe,,31,31,,5e-06,5e-06,,5e-06,,,,,[],[],[],[],[],[],,,,,,,True,False,[],[],,,,[],[],,,,2,Boba Simulator : Idle Shop Management,0.7885538999999999,2022,Arabic;Bulgarian;Czech;Danish;Dutch;English;Finnish;French;German;Greek;Hungarian;Italian;Japanese;Korean;Norwegian;Polish;Portuguese - Brazil;Portuguese - Portugal;Romanian;Russian;Simplified Chinese;Spanish - Latin America;Spanish - Spain;Swedish;Thai;Traditional Chinese;Turkish;Ukrainian;Vietnamese,Camera Comfort;Custom Volume Controls;Family Sharing;Mouse Only Option;Playable without Timed Input;Single-player;Steam Achievements;Steam Leaderboards,Casual;Early Access;Indie;Simulation;Strategy,Automation;Cartoony;Casual;Cats;Clicker;Colorful;Cozy;Cute;Early Access;Family Friendly;Funny;Idler;Isometric;Management;Point & Click;Relaxing;Shop Keeper;Simulation;Singleplayer;Strategy,"Create mouthwatering recipes for ultimate customer satisfaction Experiment and refine your recipes through fun trial and error. Customers' preferences can change at any moment, so stay adaptable! Upgrade your shop and unlock new possibilities Invest wisely in upgrades and watch your business flourish. More exciting upgrades, like a delivery service, await you as you progress! Efficiently manage your stock and storage Purchase Boba Tea ingredients from the supermarket and optimize your limited st","{""text_match"": 0.03851348, ""cosine_similarity"": 0.5771078, ""reranker_score"": -7.7141457}"
2026-02-10T20:07:00+00:00,CORTEX_DB.RAW.CAT_GAMES_SVC_1_5,default,"2025 cozy idle ""desktop"" cat cafe at the bottom of the screen; automation; idler","2025 cozy idle ""desktop"" cat cafe at the bottom of the screen; automation; idler",[],,False,,,,reranker_heavy,0.65,10,100,0,962,962,,01c25376-0005-0864-0001-397a0006b9fe,,31,31,,5e-06,5e-06,,5e-06,,,,,[],[],[],[],[],[],,,,,,,True,False,[],[],,,,[],[],,,,3,Mini Cozy Room: Lo-Fi,0.7623043,2025,English;French;German;Italian;Japanese;Korean;Portuguese - Brazil;Russian;Simplified Chinese;Spanish - Spain;Traditional Chinese,Family Sharing;Single-player;Steam Achievements;Steam Cloud,Casual;Indie,Casual;Character Customization;Cozy;Family Friendly;Idler;Indie;Music;Pixel Graphics;Relaxing;Singleplayer;Utilities,"『Mini Cozy Room : Lo-Fi』 is a relaxing productivity game that combines soothing Lo-Fi music with cozy room decoration. Cute avatars and pets will accompany you, making your work more enjoyable. Convenient desktop tools like Pomodoro timers, notes, and to-do lists will boost your productivity. 1. Your Own Cozy Workspace Create the workspace you've always dreamed of! Choose from various rooms, furniture, and decorative items. Your beautifully designed workspace will enhance concentration and produ","{""text_match"": 0.020164488, ""cosine_similarity"": 0.5246086, ""reranker_score"": -6.4506598}"
2026-02-10T20:07:00+00:00,CORTEX_DB.RAW.CAT_GAMES_SVC_1_5,default,"2025 cozy idle ""desktop"" cat cafe at the bottom of the screen; automation; idler","2025 cozy idle ""desktop"" cat cafe at the bottom of the screen; automation; idler",[],,False,,,,reranker_heavy,0.65,10,100,0,962,962,,01c25376-0005-0864-0001-397a0006b9fe,,31,31,,5e-06,5e-06,,5e-06,,,,,[],[],[],[],[],[],,,,,,,True,False,[],[],,,,[],[],,,,4,Melo's cat cafe,0.77365765,2024,English;Japanese,Family Sharing;Single-player;Steam Achievements,Casual;Indie;Simulation,3D;Casual;Cute;Idler;Indie;Simulation;Singleplayer,"'Melo's Cat Cafe' is the perfect game for players who want to relax in a stress-free environment. Instead of chasing goals, players can simply enjoy spending time with the cats. Observe the cats as they eat and sleep, and find peace of mind in their calm presence. Main Features Spacious Mountain Home The game is set in a large house on top of a mountain with beautiful scenic views. 　　The view from the terrace is breathtaking. Free-Spirited Cats Free-spirited and independent cats make an appearan","{""text_match"": 0.08799456, ""cosine_similarity"": 0.5473153, ""reranker_score"": -8.212093}"
2026-02-10T20:07:00+00:00,CORTEX_DB.RAW.CAT_GAMES_SVC_1_5,default,"2025 cozy idle ""desktop"" cat cafe at the bottom of the screen; automation; idler","2025 cozy idle ""desktop"" cat cafe at the bottom of the screen; automation; idler",[],,False,,,,reranker_heavy,0.65,10,100,0,962,962,,01c25376-0005-0864-0001-397a0006b9fe,,31,31,,5e-06,5e-06,,5e-06,,,,,[],[],[],[],[],[],,,,,,,True,False,[],[],,,,[],[],,,,5,Desktop Kitten Girl,0.76657188,2025,English;Japanese;Simplified Chinese;Traditional Chinese,Family Sharing;Single-player;Steam Achievements;Steam Cloud;Steam Workshop,Adventure;Casual;Indie;RPG;Simulation,2D;Adventure;Anime;Casual;Cats;Collectathon;Comic Book;Creature Collector;Cute;Dating Sim;Exploration;Female Protagonist;Idler;Indie;Magic;Relaxing;Romance;Simulation;Singleplayer;Time Management,"Desktop Kitten Girl is an Idle table-pet game with a wealth of collectible elements and support for the Workshop. In addition to her cute appearance, clicking on the little witch will also trigger a variety of cute animations to add a touch of life to your desktop! The game has a rich collection of content, and players can arrange for the little witch to fish, cook, read, sleep, and fight activities. Each event has over 100 elements to collect, so satisfy your desire to collect! In addition to b","{""text_match"": 0.03962953, ""cosine_similarity"": 0.53314376, ""reranker_score"": -8.101899}"
2026-02-10T20:07:00+00:00,CORTEX_DB.RAW.CAT_GAMES_SVC_1_5,default,"2025 cozy idle ""desktop"" cat cafe at the bottom of the screen; automation; idler","2025 cozy idle ""desktop"" cat cafe at the bottom of the screen; automation; idler",[],,False,,,,reranker_heavy,0.65,10,100,0,962,962,,01c25376-0005-0864-0001-397a0006b9fe,,31,31,,5e-06,5e-06,,5e-06,,,,,[],[],[],[],[],[],,,,,,,True,False,[],[],,,,[],[],,,,6,Home Office Simulator,0.7704368500000001,2023,English,Family Sharing;Single-player;Steam Achievements;Steam Cloud,Casual;Indie,Anime;Automation;Casual;Cats;Clicker;Colorful;Cute;Idler;Indie;Simulation;Singleplayer;Strategy,"Summary Help Ayame to work remotely, keeping her free of distractions and keeping her cat interested. Upgrade your home, move to new apartments, and take care of several cats. Upgrade your apartment objects so she can work without distractions or with less chance of getting interrupted by any distractions. Gameplay Move to seven unique apartments with different distractions and upgrades to be made. Upgrade and eliminate several distractions, including cats, computers, phone calls, and notificati","{""text_match"": 0.028269487, ""cosine_similarity"": 0.5408737, ""reranker_score"": -8.381729}"
2026-02-10T20:07:00+00:00,CORTEX_DB.RAW.CAT_GAMES_SVC_1_5,default,"2025 cozy idle ""desktop"" cat cafe at the bottom of the screen; automation; idler","2025 cozy idle ""desktop"" cat cafe at the bottom of the screen; automation; idler",[],,False,,,,reranker_heavy,0.65,10,100,0,962,962,,01c25376-0005-0864-0001-397a0006b9fe,,31,31,,5e-06,5e-06,,5e-06,,,,,[],[],[],[],[],[],,,,,,,True,False,[],[],,,,[],[],,,,7,purrounding,0.77132255,2025,Korean,Family Sharing;Single-player,Casual;Early Access;Indie;Simulation,1990's;2D;Casual;Cats;Character Customization;Colorful;Cute;Cyberpunk;Early Access;Emotional;Family Friendly;Idler;Immersive Sim;Life Sim;Modern;Nature;Pixel Graphics;Relaxing;Simulation;Singleplayer,"Your very own workmate cat, Purrounding Unorganized wallpapers, file clutter... Whether you're working, studying, or just staring at a blank screen, spend some time with your personalized cat through Purrounding! Left alone, the cat will walk on your taskbar, curl up like a loaf of bread, and just hang out on your screen. You can use your mouse to interact with your cat. You can customize your cat to your liking. Change their fur color, eye color, and even add different patterns to make your cat","{""text_match"": 0.006070929, ""cosine_similarity"": 0.5426451, ""reranker_score"": -9.292049}"
2026-02-10T20:07:00+00:00,CORTEX_DB.RAW.CAT_GAMES_SVC_1_5,default,"2025 cozy idle ""desktop"" cat cafe at the bottom of the screen; automation; idler","2025 cozy idle ""desktop"" cat cafe at the bottom of the screen; automation; idler",[],,False,,,,reranker_heavy,0.65,10,100,0,962,962,,01c25376-0005-0864-0001-397a0006b9fe,,31,31,,5e-06,5e-06,,5e-06,,,,,[],[],[],[],[],[],,,,,,,True,False,[],[],,,,[],[],,,,8,Press Paws: Idle Clicker,0.77438235,2024,English,Family Sharing;Single-player;Steam Achievements,Casual;Indie,2D;Arcade;Casual;Cats;Clicker;Combat;Grid-Based Movement;Idler;Indie;Old School;Pixel Graphics;Puzzle;Relaxing;Resource Management;Singleplayer,"Press Paws is a casual, laid-back and cute Idle Clicker Game in Pixel Art style with mini-games, achievements and boss fights. Oh, and secrets. Lots of secrets. Earn as much happiness as you can in order to lead your Cat to freedom! Features Pat the Cat to generate happiness, then spend that to earn even more! Help your Cat navigate the Game Board and open the locked door at the end. Enjoy relaxing Music. Earn happiness by fighting bosses through the mysterious Portals. Unlock 30+ Achievements! ","{""text_match"": 0.034154084, ""cosine_similarity"": 0.5487647, ""reranker_score"": -10.098005}"
2026-02-10T20:07:00+00:00,CORTEX_DB.RAW.CAT_GAMES_SVC_1_5,default,"2025 cozy idle ""desktop"" cat cafe at the bottom of the screen; automation; idler","2025 cozy idle ""desktop"" cat cafe at the bottom of the screen; automation; idler",[],,False,,,,reranker_heavy,0.65,10,100,0,962,962,,01c25376-0005-0864-0001-397a0006b9fe,,31,31,,5e-06,5e-06,,5e-06,,,,,[],[],[],[],[],[],,,,,,,True,False,[],[],,,,[],[],,,,9,Capoo Pals,0.748937935,2023,English;Traditional Chinese,Single-player;Steam Achievements;Steam Cloud,Animation & Modeling,2D;Animation & Modeling;Atmospheric;Cartoony;Casual;Clicker;Collectathon;Colorful;Comedy;Comic Book;Creature Collector;Cute;Emotional;Funny;Idler;Relaxing;Singleplayer;Tabletop;Utilities,"A completely stress-free desktop pet that heals your boredom at work and school Let the cute and funny Capoo accompany you every moment of using the computer Use the mouse to have a fun interaction with Capoo! Collect bugcats books, many unknown Capoo and bugcats are waiting for you to discover and collect. Let's think~ Does it make you feel lonely when you are alone with your computer? Are you tired of the same presentations and information on the screen when you go to work? Feeling drained whe","{""text_match"": 0.028130732, ""cosine_similarity"": 0.49787587, ""reranker_score"": -8.764605}"
2026-02-10T20:07:00+00:00,CORTEX_DB.RAW.CAT_GAMES_SVC_1_5,default,"2025 cozy idle ""desktop"" cat cafe at the bottom of the screen; automation; idler","2025 cozy idle ""desktop"" cat cafe at the bottom of the screen; automation; idler",[],,False,,,,reranker_heavy,0.65,10,100,0,962,962,,01c25376-0005-0864-0001-397a0006b9fe,,31,31,,5e-06,5e-06,,5e-06,,,,,[],[],[],[],[],[],,,,,,,True,False,[],[],,,,[],[],,,,10,Cat On The Desktop,0.74861586,2023,English;Japanese;Simplified Chinese;Traditional Chinese,Family Sharing;Single-player,Casual;Indie,3D;3D Platformer;Cartoon;Casual;Emotional;Funny;Idler;Indie;Life Sim;Physics;Point & Click;Simulation;Singleplayer,Game Content Cats with 10 different skin types. Hang up and interact with your mouse operation. Game Controls Double click on the cat's head to pop up a menu; Can set whether to interact or not; Whether to place at the top; Switch skin.,"{""text_match"": 0.024160389, ""cosine_similarity"": 0.49723172, ""reranker_score"": -8.980105}"
2026-02-10T20:07:01+00:00,CORTEX_DB.RAW.CAT_GAMES_SVC_1_5,default,"2025 cozy idle ""desktop"" cat cafe at the bottom of the screen; automation; idler","2025 cozy idle ""desktop"" cat cafe at the bottom of the screen; automation; idler",[],,False,,,,reranker_heavy,0.75,10,100,0,1154,1154,,01c25377-0005-0846-0001-397a0006e802,,38,38,,6e-06,6e-06,,6e-06,,,,,[],[],[],[],[],[],,,,,,,True,False,[],[],,,,[],[],,,,1,Desktop Cat Cafe,0.84483755,2025,Arabic;Bulgarian;Czech;Danish;Dutch;English;Finnish;French;German;Greek;Hungarian;Indonesian;Italian;Japanese;Korean;Norwegian;Polish;Portuguese - Brazil;Portuguese - Portugal;Romanian;Russian;Simplified Chinese;Spanish - Latin America;Spanish - Spain;Swedish;Thai;Traditional Chinese;Turkish;Ukrainian;Vietnamese,Family Sharing;Single-player;Stats;Steam Achievements;Steam Cloud,Casual;Simulation,3D;Automation;Building;Casual;Cats;City Builder;Colorful;Cozy;Cute;Economy;Idler;Indie;Life Sim;Management;Nature;Relaxing;Sandbox;Simulation;Strategy;Stylized,"Desktop Cate Cafe is a cute, idle management game that lives at the bottom of your screen letting you work on other tasks while your cafe runs. Design your dream cafe, unlock delicious recipes, and automate your cafe with cute cat staff! Design Your Outdoor Cafe Build the perfect cafe with hundreds of customization options paired with an easy to use building system that lets your creativity shine. Unlock Delicious Recipes Progress by serving customers to unlock over 150 different recipes from co","{""text_match"": 0.2736005, ""cosine_similarity"": 0.6896751, ""reranker_score"": -0.35314846}"
2026-02-10T20:07:01+00:00,CORTEX_DB.RAW.CAT_GAMES_SVC_1_5,default,"2025 cozy idle ""desktop"" cat cafe at the bottom of the screen; automation; idler","2025 cozy idle ""desktop"" cat cafe at the bottom of the screen; automation; idler",[],,False,,,,reranker_heavy,0.75,10,100,0,1154,1154,,01c25377-0005-0846-0001-397a0006e802,,38,38,,6e-06,6e-06,,6e-06,,,,,[],[],[],[],[],[],,,,,,,True,False,[],[],,,,[],[],,,,2,Boba Simulator : Idle Shop Management,0.7885538999999999,2022,Arabic;Bulgarian;Czech;Danish;Dutch;English;Finnish;French;German;Greek;Hungarian;Italian;Japanese;Korean;Norwegian;Polish;Portuguese - Brazil;Portuguese - Portugal;Romanian;Russian;Simplified Chinese;Spanish - Latin America;Spanish - Spain;Swedish;Thai;Traditional Chinese;Turkish;Ukrainian;Vietnamese,Camera Comfort;Custom Volume Controls;Family Sharing;Mouse Only Option;Playable without Timed Input;Single-player;Steam Achievements;Steam Leaderboards,Casual;Early Access;Indie;Simulation;Strategy,Automation;Cartoony;Casual;Cats;Clicker;Colorful;Cozy;Cute;Early Access;Family Friendly;Funny;Idler;Isometric;Management;Point & Click;Relaxing;Shop Keeper;Simulation;Singleplayer;Strategy,"Create mouthwatering recipes for ultimate customer satisfaction Experiment and refine your recipes through fun trial and error. Customers' preferences can change at any moment, so stay adaptable! Upgrade your shop and unlock new possibilities Invest wisely in upgrades and watch your business flourish. More exciting upgrades, like a delivery service, await you as you progress! Efficiently manage your stock and storage Purchase Boba Tea ingredients from the supermarket and optimize your limited st","{""text_match"": 0.03851348, ""cosine_similarity"": 0.5771078, ""reranker_score"": -7.7141457}"
2026-02-10T20:07:01+00:00,CORTEX_DB.RAW.CAT_GAMES_SVC_1_5,default,"2025 cozy idle ""desktop"" cat cafe at the bottom of the screen; automation; idler","2025 cozy idle ""desktop"" cat cafe at the bottom of the screen; automation; idler",[],,False,,,,reranker_heavy,0.75,10,100,0,1154,1154,,01c25377-0005-0846-0001-397a0006e802,,38,38,,6e-06,6e-06,,6e-06,,,,,[],[],[],[],[],[],,,,,,,True,False,[],[],,,,[],[],,,,3,Mini Cozy Room: Lo-Fi,0.7623043,2025,English;French;German;Italian;Japanese;Korean;Portuguese - Brazil;Russian;Simplified Chinese;Spanish - Spain;Traditional Chinese,Family Sharing;Single-player;Steam Achievements;Steam Cloud,Casual;Indie,Casual;Character Customization;Cozy;Family Friendly;Idler;Indie;Music;Pixel Graphics;Relaxing;Singleplayer;Utilities,"『Mini Cozy Room : Lo-Fi』 is a relaxing productivity game that combines soothing Lo-Fi music with cozy room decoration. Cute avatars and pets will accompany you, making your work more enjoyable. Convenient desktop tools like Pomodoro timers, notes, and to-do lists will boost your productivity. 1. Your Own Cozy Workspace Create the workspace you've always dreamed of! Choose from various rooms, furniture, and decorative items. Your beautifully designed workspace will enhance concentration and produ","{""text_match"": 0.020164488, ""cosine_similarity"": 0.5246086, ""reranker_score"": -6.4506598}"
2026-02-10T20:07:01+00:00,CORTEX_DB.RAW.CAT_GAMES_SVC_1_5,default,"2025 cozy idle ""desktop"" cat cafe at the bottom of the screen; automation; idler","2025 cozy idle ""desktop"" cat cafe at the bottom of the screen; automation; idler",[],,False,,,,reranker_heavy,0.75,10,100,0,1154,1154,,01c25377-0005-0846-0001-397a0006e802,,38,38,,6e-06,6e-06,,6e-06,,,,,[],[],[],[],[],[],,,,,,,True,False,[],[],,,,[],[],,,,4,Melo's cat cafe,0.77365765,2024,English;Japanese,Family Sharing;Single-player;Steam Achievements,Casual;Indie;Simulation,3D;Casual;Cute;Idler;Indie;Simulation;Singleplayer,"'Melo's Cat Cafe' is the perfect game for players who want to relax in a stress-free environment. Instead of chasing goals, players can simply enjoy spending time with the cats. Observe the cats as they eat and sleep, and find peace of mind in their calm presence. Main Features Spacious Mountain Home The game is set in a large house on top of a mountain with beautiful scenic views. 　　The view from the terrace is breathtaking. Free-Spirited Cats Free-spirited and independent cats make an appearan","{""text_match"": 0.08799456, ""cosine_similarity"": 0.5473153, ""reranker_score"": -8.212093}"
2026-02-10T20:07:01+00:00,CORTEX_DB.RAW.CAT_GAMES_SVC_1_5,default,"2025 cozy idle ""desktop"" cat cafe at the bottom of the screen; automation; idler","2025 cozy idle ""desktop"" cat cafe at the bottom of the screen; automation; idler",[],,False,,,,reranker_heavy,0.75,10,100,0,1154,1154,,01c25377-0005-0846-0001-397a0006e802,,38,38,,6e-06,6e-06,,6e-06,,,,,[],[],[],[],[],[],,,,,,,True,False,[],[],,,,[],[],,,,5,Desktop Kitten Girl,0.76657188,2025,English;Japanese;Simplified Chinese;Traditional Chinese,Family Sharing;Single-player;Steam Achievements;Steam Cloud;Steam Workshop,Adventure;Casual;Indie;RPG;Simulation,2D;Adventure;Anime;Casual;Cats;Collectathon;Comic Book;Creature Collector;Cute;Dating Sim;Exploration;Female Protagonist;Idler;Indie;Magic;Relaxing;Romance;Simulation;Singleplayer;Time Management,"Desktop Kitten Girl is an Idle table-pet game with a wealth of collectible elements and support for the Workshop. In addition to her cute appearance, clicking on the little witch will also trigger a variety of cute animations to add a touch of life to your desktop! The game has a rich collection of content, and players can arrange for the little witch to fish, cook, read, sleep, and fight activities. Each event has over 100 elements to collect, so satisfy your desire to collect! In addition to b","{""text_match"": 0.03962953, ""cosine_similarity"": 0.53314376, ""reranker_score"": -8.101899}"
2026-02-10T20:07:01+00:00,CORTEX_DB.RAW.CAT_GAMES_SVC_1_5,default,"2025 cozy idle ""desktop"" cat cafe at the bottom of the screen; automation; idler","2025 cozy idle ""desktop"" cat cafe at the bottom of the screen; automation; idler",[],,False,,,,reranker_heavy,0.75,10,100,0,1154,1154,,01c25377-0005-0846-0001-397a0006e802,,38,38,,6e-06,6e-06,,6e-06,,,,,[],[],[],[],[],[],,,,,,,True,False,[],[],,,,[],[],,,,6,Home Office Simulator,0.7704368500000001,2023,English,Family Sharing;Single-player;Steam Achievements;Steam Cloud,Casual;Indie,Anime;Automation;Casual;Cats;Clicker;Colorful;Cute;Idler;Indie;Simulation;Singleplayer;Strategy,"Summary Help Ayame to work remotely, keeping her free of distractions and keeping her cat interested. Upgrade your home, move to new apartments, and take care of several cats. Upgrade your apartment objects so she can work without distractions or with less chance of getting interrupted by any distractions. Gameplay Move to seven unique apartments with different distractions and upgrades to be made. Upgrade and eliminate several distractions, including cats, computers, phone calls, and notificati","{""text_match"": 0.028269487, ""cosine_similarity"": 0.5408737, ""reranker_score"": -8.381729}"
2026-02-10T20:07:01+00:00,CORTEX_DB.RAW.CAT_GAMES_SVC_1_5,default,"2025 cozy idle ""desktop"" cat cafe at the bottom of the screen; automation; idler","2025 cozy idle ""desktop"" cat cafe at the bottom of the screen; automation; idler",[],,False,,,,reranker_heavy,0.75,10,100,0,1154,1154,,01c25377-0005-0846-0001-397a0006e802,,38,38,,6e-06,6e-06,,6e-06,,,,,[],[],[],[],[],[],,,,,,,True,False,[],[],,,,[],[],,,,7,purrounding,0.77132255,2025,Korean,Family Sharing;Single-player,Casual;Early Access;Indie;Simulation,1990's;2D;Casual;Cats;Character Customization;Colorful;Cute;Cyberpunk;Early Access;Emotional;Family Friendly;Idler;Immersive Sim;Life Sim;Modern;Nature;Pixel Graphics;Relaxing;Simulation;Singleplayer,"Your very own workmate cat, Purrounding Unorganized wallpapers, file clutter... Whether you're working, studying, or just staring at a blank screen, spend some time with your personalized cat through Purrounding! Left alone, the cat will walk on your taskbar, curl up like a loaf of bread, and just hang out on your screen. You can use your mouse to interact with your cat. You can customize your cat to your liking. Change their fur color, eye color, and even add different patterns to make your cat","{""text_match"": 0.006070929, ""cosine_similarity"": 0.5426451, ""reranker_score"": -9.292049}"
2026-02-10T20:07:01+00:00,CORTEX_DB.RAW.CAT_GAMES_SVC_1_5,default,"2025 cozy idle ""desktop"" cat cafe at the bottom of the screen; automation; idler","2025 cozy idle ""desktop"" cat cafe at the bottom of the screen; automation; idler",[],,False,,,,reranker_heavy,0.75,10,100,0,1154,1154,,01c25377-0005-0846-0001-397a0006e802,,38,38,,6e-06,6e-06,,6e-06,,,,,[],[],[],[],[],[],,,,,,,True,False,[],[],,,,[],[],,,,8,Press Paws: Idle Clicker,0.77438235,2024,English,Family Sharing;Single-player;Steam Achievements,Casual;Indie,2D;Arcade;Casual;Cats;Clicker;Combat;Grid-Based Movement;Idler;Indie;Old School;Pixel Graphics;Puzzle;Relaxing;Resource Management;Singleplayer,"Press Paws is a casual, laid-back and cute Idle Clicker Game in Pixel Art style with mini-games, achievements and boss fights. Oh, and secrets. Lots of secrets. Earn as much happiness as you can in order to lead your Cat to freedom! Features Pat the Cat to generate happiness, then spend that to earn even more! Help your Cat navigate the Game Board and open the locked door at the end. Enjoy relaxing Music. Earn happiness by fighting bosses through the mysterious Portals. Unlock 30+ Achievements! ","{""text_match"": 0.034154084, ""cosine_similarity"": 0.5487647, ""reranker_score"": -10.098005}"
2026-02-10T20:07:01+00:00,CORTEX_DB.RAW.CAT_GAMES_SVC_1_5,default,"2025 cozy idle ""desktop"" cat cafe at the bottom of the screen; automation; idler","2025 cozy idle ""desktop"" cat cafe at the bottom of the screen; automation; idler",[],,False,,,,reranker_heavy,0.75,10,100,0,1154,1154,,01c25377-0005-0846-0001-397a0006e802,,38,38,,6e-06,6e-06,,6e-06,,,,,[],[],[],[],[],[],,,,,,,True,False,[],[],,,,[],[],,,,9,MeowWare,0.75054835,2025,English,Family Sharing;Single-player;Steam Achievements,Casual;Early Access;Indie,1990's;2D;Arcade;Casual;Cats;Colorful;Comedy;Cute;Early Access;Exploration;Family Friendly;Funny;Hidden Object;Linear;Pixel Graphics;Point & Click;Relaxing;Retro;Spelling;Typing,"You just got home from work. You are exhausted from a long, hard day of scratching on things and knocking cups off of counters. You know the best way to relax are funny cat videos, so you launch your pc, but it's filled with MeowWare! You must clear the pesky pop ups as quick as possible so you can get to watching your favorite videos! There are 4 different game-modes that you can select! Each one has unique gameplay and different potential pop-ups may appear! The Speed Attack Game is a timed mo","{""text_match"": 0.013715161, ""cosine_similarity"": 0.5010967, ""reranker_score"": -10.149309}"
2026-02-10T20:07:01+00:00,CORTEX_DB.RAW.CAT_GAMES_SVC_1_5,default,"2025 cozy idle ""desktop"" cat cafe at the bottom of the screen; automation; idler","2025 cozy idle ""desktop"" cat cafe at the bottom of the screen; automation; idler",[],,False,,,,reranker_heavy,0.75,10,100,0,1154,1154,,01c25377-0005-0846-0001-397a0006e802,,38,38,,6e-06,6e-06,,6e-06,,,,,[],[],[],[],[],[],,,,,,,True,False,[],[],,,,[],[],,,,10,Hidden Office,0.7563458000000001,2021,Arabic;Bulgarian;Czech;Danish;Dutch;English;Finnish;French;German;Greek;Hungarian;Italian;Japanese;Korean;Norwegian;Polish;Portuguese - Brazil;Portuguese - Portugal;Romanian;Russian;Simplified Chinese;Spanish - Latin America;Spanish - Spain;Swedish;Thai;Traditional Chinese;Turkish;Ukrainian;Vietnamese,Family Sharing;Single-player;Steam Achievements,Casual;Indie,3D;Arcade;Atmospheric;Cartoony;Casual;Cats;Colorful;Cute;Exploration;Family Friendly;Female Protagonist;Hidden Object;Indie;Investigation;Logic;Minimalist;Narration;Puzzle;Relaxing;Stylized,Office is empty now... Except cats. There are 12 rooms with plenty items. Find everything in a checklist and have fun! Classic Hidden Object game in 3D Extra achivements: find all 30 cats and get animated collectible cards 12 areas (108 levels) to unlock Plenty classic and unique challenges Easy to use Comfortable Zoom and Rotation No time limit - just relax and have fun Don't forget to,"{""text_match"": 0.0037132283, ""cosine_similarity"": 0.5126916, ""reranker_score"": -10.6761875}"
2026-02-10T20:07:04+00:00,CORTEX_DB.RAW.CAT_GAMES_SVC_1_5,default,"digital board game: rescue cats tiles into a boat, strategy, sailing theme","digital board game: rescue cats tiles into a boat, strategy, sailing theme",[],,False,,,,balanced_default,0.3,10,100,0,1176,1176,,01c25377-0005-0847-0001-397a0006cad6,,83,83,,1.3e-05,1.3e-05,,1.3e-05,,,,,[],[],[],[],[],[],,,,,,,True,False,[],[],,,,[],[],,,,1,The Isle of Cats,0.798218965,2025,English;French;Italian;Spanish - Latin America;Spanish - Spain,Family Sharing;Full controller support;Multi-player;Online PvP;PvP;Shared/Split Screen;Shared/Split Screen PvP;Single-player;Steam Achievements;Steam Turn Notifications,Strategy,2.5D;Asynchronous Multiplayer;Board Game;Cartoon;Cats;Colorful;Cute;Family Friendly;Fishing;Hand-drawn;Multiplayer;PvE;PvP;Sailing;Singleplayer;Strategy;Top-Down,"Citizens of Squall’s End! Lookouts have spotted the sails of the evil Lord Vesh on the horizon! We must save the Isle of Cats before he arrives! The Isle of Cats is a competitive board game race to save a colorful collection of cats, scoring points based on how well you settle them into your personal rescue boat. Each cat comes on a unique tile and belongs to a family of cats of its color. You must find an arrangement to fit them in your boat, while keeping families together and managing your re","{""text_match"": 0.08014313, ""cosine_similarity"": 0.59643793, ""reranker_score"": -1.3845835}"
2026-02-10T20:07:04+00:00,CORTEX_DB.RAW.CAT_GAMES_SVC_1_5,default,"digital board game: rescue cats tiles into a boat, strategy, sailing theme","digital board game: rescue cats tiles into a boat, strategy, sailing theme",[],,False,,,,balanced_default,0.3,10,100,0,1176,1176,,01c25377-0005-0847-0001-397a0006cad6,,83,83,,1.3e-05,1.3e-05,,1.3e-05,,,,,[],[],[],[],[],[],,,,,,,True,False,[],[],,,,[],[],,,,2,Hex Cats,0.7909579,2023,English,Family Sharing;Single-player;Steam Achievements;Steam Cloud,Casual,Board Game;Cartoon;Cartoony;Casual;Cats;Colorful;Cozy;Cute;Family Friendly;Hand-drawn;Hex Grid;Logic;Puzzle;Relaxing;Singleplayer;Tabletop,😸 A portion of the profit from this game will be allocated to street cat rescue and support initiatives. 😻 Features: 🐾 50 handcrafted levels. ​🎵​ Original soundtrack. 🧶 5 different scenarios. 🐈 Cute cats. 🧩 Game experience designed for both think and relax.,"{""text_match"": 0.041998062, ""cosine_similarity"": 0.5819158, ""reranker_score"": -7.227361}"
2026-02-10T20:07:04+00:00,CORTEX_DB.RAW.CAT_GAMES_SVC_1_5,default,"digital board game: rescue cats tiles into a boat, strategy, sailing theme","digital board game: rescue cats tiles into a boat, strategy, sailing theme",[],,False,,,,balanced_default,0.3,10,100,0,1176,1176,,01c25377-0005-0847-0001-397a0006cad6,,83,83,,1.3e-05,1.3e-05,,1.3e-05,,,,,[],[],[],[],[],[],,,,,,,True,False,[],[],,,,[],[],,,,3,The Zwuggels - A Beach Holiday Adventure for Kids,0.7762065,2017,English;French;German;Italian;Polish;Portuguese - Brazil;Russian;Spanish - Spain,Family Sharing;Single-player;Steam Achievements,Adventure;Casual;Indie,Adventure;Cartoon;Cartoony;Casual;Colorful;Cute;Family Friendly;Female Protagonist;Fishing;Indie;Linear;Mouse only;Pirates;Point & Click;Relaxing;Singleplayer,"Let your kid ( 4 years and older ) join the Zwuggels on an amazing trip in this interactive Summer adventure. The children help the Zwuggels prepare for their trip to the beach for their summer vacation. Once landed on the tropical island, they quickly learn about the mysterious pirate cats and soon take part in an exciting treasure hunt! Winner of PAEDI 2016 Award for outstanding children's software (Munich, Germany). Concept qualified for funding by the State of Bavaria's Film Fund (FFF). The ","{""text_match"": 0.01625268, ""cosine_similarity"": 0.552413, ""reranker_score"": -8.895882}"
2026-02-10T20:07:04+00:00,CORTEX_DB.RAW.CAT_GAMES_SVC_1_5,default,"digital board game: rescue cats tiles into a boat, strategy, sailing theme","digital board game: rescue cats tiles into a boat, strategy, sailing theme",[],,False,,,,balanced_default,0.3,10,100,0,1176,1176,,01c25377-0005-0847-0001-397a0006cad6,,83,83,,1.3e-05,1.3e-05,,1.3e-05,,,,,[],[],[],[],[],[],,,,,,,True,False,[],[],,,,[],[],,,,4,Cat's Life Jigsaw Puzzles,0.76504737,2021,English,Family Sharing;Single-player,Casual;Indie;Strategy,2D;Board Game;Casual;Cats;Colorful;Cute;Education;Family Friendly;Funny;Hidden Object;Indie;Minimalist;Nature;Point & Click;Puzzle;Relaxing;Singleplayer;Strategy;Tabletop,"'Cats Life Jigsaw Puzzles' is a delightful and engaging puzzle game that invites players to immerse themselves in the charming world of cats. This game is not just about solving puzzles; it's about celebrating the whimsical and captivating life of our feline friends. Each puzzle brings to life a unique cat scene, allowing you to explore the diverse and enchanting world of cats in a fun and relaxing way. From playful kittens frolicking in the garden to majestic cats lounging in their elegant home","{""text_match"": 0.011617309, ""cosine_similarity"": 0.53009474, ""reranker_score"": -7.5030603}"
2026-02-10T20:07:04+00:00,CORTEX_DB.RAW.CAT_GAMES_SVC_1_5,default,"digital board game: rescue cats tiles into a boat, strategy, sailing theme","digital board game: rescue cats tiles into a boat, strategy, sailing theme",[],,False,,,,balanced_default,0.3,10,100,0,1176,1176,,01c25377-0005-0847-0001-397a0006cad6,,83,83,,1.3e-05,1.3e-05,,1.3e-05,,,,,[],[],[],[],[],[],,,,,,,True,False,[],[],,,,[],[],,,,5,Intelligence: Cats,0.76191365,2018,English,Family Sharing;Single-player;Steam Achievements,Indie,2D;Atmospheric;Card Game;Casual;Cats;Family Friendly;Indie;Logic;Puzzle;Relaxing;Retro;Simulation;Singleplayer;Tabletop,"Intelligence: Cats is a puzzle game in which you want to build an image (with cats) so that the picture was like the original image. Move the tiles of the puzzle wisely to collect the correct order of the pieces of images. The essence of the game as in the old game 'Fifteen' (15). The game will have 6 levels with a 3x3 field size, as well as 6 other levels with a 4x4 field size. Each level has a different image. The game contains images of twelve cats. Key game features: - 12 different levels - ","{""text_match"": 0.01304216, ""cosine_similarity"": 0.5238273, ""reranker_score"": -7.5040617}"
2026-02-10T20:07:04+00:00,CORTEX_DB.RAW.CAT_GAMES_SVC_1_5,default,"digital board game: rescue cats tiles into a boat, strategy, sailing theme","digital board game: rescue cats tiles into a boat, strategy, sailing theme",[],,False,,,,balanced_default,0.3,10,100,0,1176,1176,,01c25377-0005-0847-0001-397a0006cad6,,83,83,,1.3e-05,1.3e-05,,1.3e-05,,,,,[],[],[],[],[],[],,,,,,,True,False,[],[],,,,[],[],,,,6,1001 Jigsaw. Cute Cats 3,0.773454935,2023,English;French;German;Russian,Family Sharing;Single-player,Casual,2D;Casual;Hand-drawn;Puzzle;Realistic;Singleplayer;Tabletop,"Cute and clumsy cats on guard of your good mood! ''1001 Jigsaw. Cute Cats 3'' are ready to help you gain positive emotions! This is an easy to control game, where you can use hints to pass the level, take a short break, while saving the result, or choose a suitable level of difficulty, if the puzzle is not amenable to the first time. The game is thoroughly detailed, so it is suitable for all types of players. We'll be waiting for you in the world of amazing and charming seals! - 500 high quality","{""text_match"": 1.7311137e-07, ""cosine_similarity"": 0.54690987, ""reranker_score"": -9.383161}"
2026-02-10T20:07:04+00:00,CORTEX_DB.RAW.CAT_GAMES_SVC_1_5,default,"digital board game: rescue cats tiles into a boat, strategy, sailing theme","digital board game: rescue cats tiles into a boat, strategy, sailing theme",[],,False,,,,balanced_default,0.3,10,100,0,1176,1176,,01c25377-0005-0847-0001-397a0006cad6,,83,83,,1.3e-05,1.3e-05,,1.3e-05,,,,,[],[],[],[],[],[],,,,,,,True,False,[],[],,,,[],[],,,,7,Space Cats Tactics,0.76879257,2023,English;German;Japanese;Russian;Simplified Chinese;Traditional Chinese,Captions available;Family Sharing;Full controller support;Single-player;Steam Achievements,Indie;RPG;Strategy,Base-Building;Cats;Character Customization;Cute;Cyberpunk;Exploration;Funny;Military;RPG;Sci-fi;Space;Space Sim;Story Rich;Strategy;Tactical RPG;Top-Down;Turn-Based;Turn-Based Combat;Turn-Based Strategy;Turn-Based Tactics,"Join my Discord: Made by a solo developer, Space Cats Tactics brings together the nerve-wracking battles of turn-based strategy games and the powerful epic stories of space opera. Combining grid- and turn-based tactical combat (as seen in games like XCOM and Divinity: Original Sin) and inside-ship crew management (like in games such as FTL and Star Command Galaxies), in Space Cats Tactics you will have to be on your toes and think every step very carefully! KEY FEATURES Fight nerve-wracking spac","{""text_match"": 0.0034272668, ""cosine_similarity"": 0.53758514, ""reranker_score"": -8.893279}"
2026-02-10T20:07:04+00:00,CORTEX_DB.RAW.CAT_GAMES_SVC_1_5,default,"digital board game: rescue cats tiles into a boat, strategy, sailing theme","digital board game: rescue cats tiles into a boat, strategy, sailing theme",[],,False,,,,balanced_default,0.3,10,100,0,1176,1176,,01c25377-0005-0847-0001-397a0006cad6,,83,83,,1.3e-05,1.3e-05,,1.3e-05,,,,,[],[],[],[],[],[],,,,,,,True,False,[],[],,,,[],[],,,,8,Push The Cat with WASD,0.76397735,2024,English;Japanese;Simplified Chinese;Traditional Chinese,Family Sharing;Partial Controller Support;Single-player;Steam Achievements,Casual;Indie,2D;Casual;Cats;Cute;Difficult;Drama;Emotional;Indie;Interactive Fiction;Logic;Memes;Minimalist;Narration;Narrative;Puzzle;Relaxing;Singleplayer;Sokoban;Text-Based;Word Game,"The 'story' and 'texts' are puzzle! This is a cat puzzle game where you use 'text' to push the cat. If letter WASD appears in the text, you can push it! You need to push the cat to the goal. About the Puzzle Don't worry if you can't solve the puzzle. There are in-game hints and solutions. If you like to solve very difficult puzzles, there are 13 extra challenge levels for you to solve! These levels are intricately crafted with heart and soul. About the Story Do You push cats often? Cat pushing e","{""text_match"": 0.0042977524, ""cosine_similarity"": 0.5279547, ""reranker_score"": -8.7402935}"
2026-02-10T20:07:04+00:00,CORTEX_DB.RAW.CAT_GAMES_SVC_1_5,default,"digital board game: rescue cats tiles into a boat, strategy, sailing theme","digital board game: rescue cats tiles into a boat, strategy, sailing theme",[],,False,,,,balanced_default,0.3,10,100,0,1176,1176,,01c25377-0005-0847-0001-397a0006cad6,,83,83,,1.3e-05,1.3e-05,,1.3e-05,,,,,[],[],[],[],[],[],,,,,,,True,False,[],[],,,,[],[],,,,9,Find Cats With Friends,0.7581685,2024,English,Co-op;Family Sharing;LAN Co-op;Multi-player;Online Co-op;Single-player;Steam Achievements,Casual;Indie;Simulation,3D;Casual;Cats;Co-op;Co-op Campaign;Creature Collector;Cute;Family Friendly;First-Person;Indie;Multiplayer;Parkour;Pirates;Simulation;Singleplayer;Third Person;Walking Simulator,"Gather your friends and embark on an exhilarating adventure to a mysterious island where the law is set by the cozy purring creatures – cats ! You are brave pirates who accidentally found yourselves on this enigmatic island, and now your team must collect a very unusual loot: a hundred mischievous kitties. In Find Cats With Friends your main goal is to collect each of the one hundred cats scattered throughout the island and bring them to the specially designated spot – the cat box. However, pira","{""text_match"": 0.0015647906, ""cosine_similarity"": 0.516337, ""reranker_score"": -7.8961706}"
2026-02-10T20:07:04+00:00,CORTEX_DB.RAW.CAT_GAMES_SVC_1_5,default,"digital board game: rescue cats tiles into a boat, strategy, sailing theme","digital board game: rescue cats tiles into a boat, strategy, sailing theme",[],,False,,,,balanced_default,0.3,10,100,0,1176,1176,,01c25377-0005-0847-0001-397a0006cad6,,83,83,,1.3e-05,1.3e-05,,1.3e-05,,,,,[],[],[],[],[],[],,,,,,,True,False,[],[],,,,[],[],,,,10,Another Cat in Dungeons,0.76481807,2021,English,Family Sharing;Single-player;Steam Achievements,Casual;Indie;Strategy,3D;Atmospheric;Board Game;Casual;Cats;Cute;Indie;Logic;Minimalist;Mystery Dungeon;Puzzle;Relaxing;Singleplayer;Strategy,"Another Cat in Dungeons is a sequence from A Cat in Dungeons. It's puzzle game where you need to find the best path to the goal, walking trough turnable tabletops. Each level contains different obstacles and puzzles, including teleports and mechanisms. Features Turnable Tabletop : don't you know how to escape? Try to turn the tabletop! Challenge levels Solve riddles to avoid falling grounds Use teleports Use mechanisms to unlock doors and gates","{""text_match"": 0.010785926, ""cosine_similarity"": 0.52963614, ""reranker_score"": -9.138834}"
2026-02-10T20:07:05+00:00,CORTEX_DB.RAW.CAT_GAMES_SVC_1_5,default,"digital board game: rescue cats tiles into a boat, strategy, sailing theme","digital board game: rescue cats tiles into a boat, strategy, sailing theme",[],,False,,,,balanced_default,0.65,10,100,0,1124,1124,,01c25377-0005-0846-0001-397a0006e80a,,39,39,,6e-06,6e-06,,6e-06,,,,,[],[],[],[],[],[],,,,,,,True,False,[],[],,,,[],[],,,,1,The Isle of Cats,0.798218965,2025,English;French;Italian;Spanish - Latin America;Spanish - Spain,Family Sharing;Full controller support;Multi-player;Online PvP;PvP;Shared/Split Screen;Shared/Split Screen PvP;Single-player;Steam Achievements;Steam Turn Notifications,Strategy,2.5D;Asynchronous Multiplayer;Board Game;Cartoon;Cats;Colorful;Cute;Family Friendly;Fishing;Hand-drawn;Multiplayer;PvE;PvP;Sailing;Singleplayer;Strategy;Top-Down,"Citizens of Squall’s End! Lookouts have spotted the sails of the evil Lord Vesh on the horizon! We must save the Isle of Cats before he arrives! The Isle of Cats is a competitive board game race to save a colorful collection of cats, scoring points based on how well you settle them into your personal rescue boat. Each cat comes on a unique tile and belongs to a family of cats of its color. You must find an arrangement to fit them in your boat, while keeping families together and managing your re","{""text_match"": 0.08014313, ""cosine_similarity"": 0.59643793, ""reranker_score"": -1.3845835}"
2026-02-10T20:07:05+00:00,CORTEX_DB.RAW.CAT_GAMES_SVC_1_5,default,"digital board game: rescue cats tiles into a boat, strategy, sailing theme","digital board game: rescue cats tiles into a boat, strategy, sailing theme",[],,False,,,,balanced_default,0.65,10,100,0,1124,1124,,01c25377-0005-0846-0001-397a0006e80a,,39,39,,6e-06,6e-06,,6e-06,,,,,[],[],[],[],[],[],,,,,,,True,False,[],[],,,,[],[],,,,2,Hex Cats,0.7909579,2023,English,Family Sharing;Single-player;Steam Achievements;Steam Cloud,Casual,Board Game;Cartoon;Cartoony;Casual;Cats;Colorful;Cozy;Cute;Family Friendly;Hand-drawn;Hex Grid;Logic;Puzzle;Relaxing;Singleplayer;Tabletop,😸 A portion of the profit from this game will be allocated to street cat rescue and support initiatives. 😻 Features: 🐾 50 handcrafted levels. ​🎵​ Original soundtrack. 🧶 5 different scenarios. 🐈 Cute cats. 🧩 Game experience designed for both think and relax.,"{""text_match"": 0.041998062, ""cosine_similarity"": 0.5819158, ""reranker_score"": -7.227361}"
2026-02-10T20:07:05+00:00,CORTEX_DB.RAW.CAT_GAMES_SVC_1_5,default,"digital board game: rescue cats tiles into a boat, strategy, sailing theme","digital board game: rescue cats tiles into a boat, strategy, sailing theme",[],,False,,,,balanced_default,0.65,10,100,0,1124,1124,,01c25377-0005-0846-0001-397a0006e80a,,39,39,,6e-06,6e-06,,6e-06,,,,,[],[],[],[],[],[],,,,,,,True,False,[],[],,,,[],[],,,,3,The Zwuggels - A Beach Holiday Adventure for Kids,0.7762065,2017,English;French;German;Italian;Polish;Portuguese - Brazil;Russian;Spanish - Spain,Family Sharing;Single-player;Steam Achievements,Adventure;Casual;Indie,Adventure;Cartoon;Cartoony;Casual;Colorful;Cute;Family Friendly;Female Protagonist;Fishing;Indie;Linear;Mouse only;Pirates;Point & Click;Relaxing;Singleplayer,"Let your kid ( 4 years and older ) join the Zwuggels on an amazing trip in this interactive Summer adventure. The children help the Zwuggels prepare for their trip to the beach for their summer vacation. Once landed on the tropical island, they quickly learn about the mysterious pirate cats and soon take part in an exciting treasure hunt! Winner of PAEDI 2016 Award for outstanding children's software (Munich, Germany). Concept qualified for funding by the State of Bavaria's Film Fund (FFF). The ","{""text_match"": 0.01625268, ""cosine_similarity"": 0.552413, ""reranker_score"": -8.895882}"
2026-02-10T20:07:05+00:00,CORTEX_DB.RAW.CAT_GAMES_SVC_1_5,default,"digital board game: rescue cats tiles into a boat, strategy, sailing theme","digital board game: rescue cats tiles into a boat, strategy, sailing theme",[],,False,,,,balanced_default,0.65,10,100,0,1124,1124,,01c25377-0005-0846-0001-397a0006e80a,,39,39,,6e-06,6e-06,,6e-06,,,,,[],[],[],[],[],[],,,,,,,True,False,[],[],,,,[],[],,,,4,Cat's Life Jigsaw Puzzles,0.76504737,2021,English,Family Sharing;Single-player,Casual;Indie;Strategy,2D;Board Game;Casual;Cats;Colorful;Cute;Education;Family Friendly;Funny;Hidden Object;Indie;Minimalist;Nature;Point & Click;Puzzle;Relaxing;Singleplayer;Strategy;Tabletop,"'Cats Life Jigsaw Puzzles' is a delightful and engaging puzzle game that invites players to immerse themselves in the charming world of cats. This game is not just about solving puzzles; it's about celebrating the whimsical and captivating life of our feline friends. Each puzzle brings to life a unique cat scene, allowing you to explore the diverse and enchanting world of cats in a fun and relaxing way. From playful kittens frolicking in the garden to majestic cats lounging in their elegant home","{""text_match"": 0.011617309, ""cosine_similarity"": 0.53009474, ""reranker_score"": -7.5030603}"
2026-02-10T20:07:05+00:00,CORTEX_DB.RAW.CAT_GAMES_SVC_1_5,default,"digital board game: rescue cats tiles into a boat, strategy, sailing theme","digital board game: rescue cats tiles into a boat, strategy, sailing theme",[],,False,,,,balanced_default,0.65,10,100,0,1124,1124,,01c25377-0005-0846-0001-397a0006e80a,,39,39,,6e-06,6e-06,,6e-06,,,,,[],[],[],[],[],[],,,,,,,True,False,[],[],,,,[],[],,,,5,Intelligence: Cats,0.76191365,2018,English,Family Sharing;Single-player;Steam Achievements,Indie,2D;Atmospheric;Card Game;Casual;Cats;Family Friendly;Indie;Logic;Puzzle;Relaxing;Retro;Simulation;Singleplayer;Tabletop,"Intelligence: Cats is a puzzle game in which you want to build an image (with cats) so that the picture was like the original image. Move the tiles of the puzzle wisely to collect the correct order of the pieces of images. The essence of the game as in the old game 'Fifteen' (15). The game will have 6 levels with a 3x3 field size, as well as 6 other levels with a 4x4 field size. Each level has a different image. The game contains images of twelve cats. Key game features: - 12 different levels - ","{""text_match"": 0.01304216, ""cosine_similarity"": 0.5238273, ""reranker_score"": -7.5040617}"
2026-02-10T20:07:05+00:00,CORTEX_DB.RAW.CAT_GAMES_SVC_1_5,default,"digital board game: rescue cats tiles into a boat, strategy, sailing theme","digital board game: rescue cats tiles into a boat, strategy, sailing theme",[],,False,,,,balanced_default,0.65,10,100,0,1124,1124,,01c25377-0005-0846-0001-397a0006e80a,,39,39,,6e-06,6e-06,,6e-06,,,,,[],[],[],[],[],[],,,,,,,True,False,[],[],,,,[],[],,,,6,1001 Jigsaw. Cute Cats 3,0.773454935,2023,English;French;German;Russian,Family Sharing;Single-player,Casual,2D;Casual;Hand-drawn;Puzzle;Realistic;Singleplayer;Tabletop,"Cute and clumsy cats on guard of your good mood! ''1001 Jigsaw. Cute Cats 3'' are ready to help you gain positive emotions! This is an easy to control game, where you can use hints to pass the level, take a short break, while saving the result, or choose a suitable level of difficulty, if the puzzle is not amenable to the first time. The game is thoroughly detailed, so it is suitable for all types of players. We'll be waiting for you in the world of amazing and charming seals! - 500 high quality","{""text_match"": 1.7311137e-07, ""cosine_similarity"": 0.54690987, ""reranker_score"": -9.383161}"
2026-02-10T20:07:05+00:00,CORTEX_DB.RAW.CAT_GAMES_SVC_1_5,default,"digital board game: rescue cats tiles into a boat, strategy, sailing theme","digital board game: rescue cats tiles into a boat, strategy, sailing theme",[],,False,,,,balanced_default,0.65,10,100,0,1124,1124,,01c25377-0005-0846-0001-397a0006e80a,,39,39,,6e-06,6e-06,,6e-06,,,,,[],[],[],[],[],[],,,,,,,True,False,[],[],,,,[],[],,,,7,Space Cats Tactics,0.76879257,2023,English;German;Japanese;Russian;Simplified Chinese;Traditional Chinese,Captions available;Family Sharing;Full controller support;Single-player;Steam Achievements,Indie;RPG;Strategy,Base-Building;Cats;Character Customization;Cute;Cyberpunk;Exploration;Funny;Military;RPG;Sci-fi;Space;Space Sim;Story Rich;Strategy;Tactical RPG;Top-Down;Turn-Based;Turn-Based Combat;Turn-Based Strategy;Turn-Based Tactics,"Join my Discord: Made by a solo developer, Space Cats Tactics brings together the nerve-wracking battles of turn-based strategy games and the powerful epic stories of space opera. Combining grid- and turn-based tactical combat (as seen in games like XCOM and Divinity: Original Sin) and inside-ship crew management (like in games such as FTL and Star Command Galaxies), in Space Cats Tactics you will have to be on your toes and think every step very carefully! KEY FEATURES Fight nerve-wracking spac","{""text_match"": 0.0034272668, ""cosine_similarity"": 0.53758514, ""reranker_score"": -8.893279}"
2026-02-10T20:07:05+00:00,CORTEX_DB.RAW.CAT_GAMES_SVC_1_5,default,"digital board game: rescue cats tiles into a boat, strategy, sailing theme","digital board game: rescue cats tiles into a boat, strategy, sailing theme",[],,False,,,,balanced_default,0.65,10,100,0,1124,1124,,01c25377-0005-0846-0001-397a0006e80a,,39,39,,6e-06,6e-06,,6e-06,,,,,[],[],[],[],[],[],,,,,,,True,False,[],[],,,,[],[],,,,8,Push The Cat with WASD,0.76397735,2024,English;Japanese;Simplified Chinese;Traditional Chinese,Family Sharing;Partial Controller Support;Single-player;Steam Achievements,Casual;Indie,2D;Casual;Cats;Cute;Difficult;Drama;Emotional;Indie;Interactive Fiction;Logic;Memes;Minimalist;Narration;Narrative;Puzzle;Relaxing;Singleplayer;Sokoban;Text-Based;Word Game,"The 'story' and 'texts' are puzzle! This is a cat puzzle game where you use 'text' to push the cat. If letter WASD appears in the text, you can push it! You need to push the cat to the goal. About the Puzzle Don't worry if you can't solve the puzzle. There are in-game hints and solutions. If you like to solve very difficult puzzles, there are 13 extra challenge levels for you to solve! These levels are intricately crafted with heart and soul. About the Story Do You push cats often? Cat pushing e","{""text_match"": 0.0042977524, ""cosine_similarity"": 0.5279547, ""reranker_score"": -8.7402935}"
2026-02-10T20:07:05+00:00,CORTEX_DB.RAW.CAT_GAMES_SVC_1_5,default,"digital board game: rescue cats tiles into a boat, strategy, sailing theme","digital board game: rescue cats tiles into a boat, strategy, sailing theme",[],,False,,,,balanced_default,0.65,10,100,0,1124,1124,,01c25377-0005-0846-0001-397a0006e80a,,39,39,,6e-06,6e-06,,6e-06,,,,,[],[],[],[],[],[],,,,,,,True,False,[],[],,,,[],[],,,,9,Find Cats With Friends,0.7581685,2024,English,Co-op;Family Sharing;LAN Co-op;Multi-player;Online Co-op;Single-player;Steam Achievements,Casual;Indie;Simulation,3D;Casual;Cats;Co-op;Co-op Campaign;Creature Collector;Cute;Family Friendly;First-Person;Indie;Multiplayer;Parkour;Pirates;Simulation;Singleplayer;Third Person;Walking Simulator,"Gather your friends and embark on an exhilarating adventure to a mysterious island where the law is set by the cozy purring creatures – cats ! You are brave pirates who accidentally found yourselves on this enigmatic island, and now your team must collect a very unusual loot: a hundred mischievous kitties. In Find Cats With Friends your main goal is to collect each of the one hundred cats scattered throughout the island and bring them to the specially designated spot – the cat box. However, pira","{""text_match"": 0.0015647906, ""cosine_similarity"": 0.516337, ""reranker_score"": -7.8961706}"
2026-02-10T20:07:05+00:00,CORTEX_DB.RAW.CAT_GAMES_SVC_1_5,default,"digital board game: rescue cats tiles into a boat, strategy, sailing theme","digital board game: rescue cats tiles into a boat, strategy, sailing theme",[],,False,,,,balanced_default,0.65,10,100,0,1124,1124,,01c25377-0005-0846-0001-397a0006e80a,,39,39,,6e-06,6e-06,,6e-06,,,,,[],[],[],[],[],[],,,,,,,True,False,[],[],,,,[],[],,,,10,Another Cat in Dungeons,0.76481807,2021,English,Family Sharing;Single-player;Steam Achievements,Casual;Indie;Strategy,3D;Atmospheric;Board Game;Casual;Cats;Cute;Indie;Logic;Minimalist;Mystery Dungeon;Puzzle;Relaxing;Singleplayer;Strategy,"Another Cat in Dungeons is a sequence from A Cat in Dungeons. It's puzzle game where you need to find the best path to the goal, walking trough turnable tabletops. Each level contains different obstacles and puzzles, including teleports and mechanisms. Features Turnable Tabletop : don't you know how to escape? Try to turn the tabletop! Challenge levels Solve riddles to avoid falling grounds Use teleports Use mechanisms to unlock doors and gates","{""text_match"": 0.010785926, ""cosine_similarity"": 0.52963614, ""reranker_score"": -9.138834}"
2026-02-10T20:07:06+00:00,CORTEX_DB.RAW.CAT_GAMES_SVC_1_5,default,"digital board game: rescue cats tiles into a boat, strategy, sailing theme","digital board game: rescue cats tiles into a boat, strategy, sailing theme",[],,False,,,,balanced_default,0.75,10,100,0,1025,1025,,01c25377-0005-0843-0001-397a0006d4f2,,40,40,,6e-06,6e-06,,6e-06,,,,,[],[],[],[],[],[],,,,,,,True,False,[],[],,,,[],[],,,,1,The Isle of Cats,0.798218965,2025,English;French;Italian;Spanish - Latin America;Spanish - Spain,Family Sharing;Full controller support;Multi-player;Online PvP;PvP;Shared/Split Screen;Shared/Split Screen PvP;Single-player;Steam Achievements;Steam Turn Notifications,Strategy,2.5D;Asynchronous Multiplayer;Board Game;Cartoon;Cats;Colorful;Cute;Family Friendly;Fishing;Hand-drawn;Multiplayer;PvE;PvP;Sailing;Singleplayer;Strategy;Top-Down,"Citizens of Squall’s End! Lookouts have spotted the sails of the evil Lord Vesh on the horizon! We must save the Isle of Cats before he arrives! The Isle of Cats is a competitive board game race to save a colorful collection of cats, scoring points based on how well you settle them into your personal rescue boat. Each cat comes on a unique tile and belongs to a family of cats of its color. You must find an arrangement to fit them in your boat, while keeping families together and managing your re","{""text_match"": 0.08014313, ""cosine_similarity"": 0.59643793, ""reranker_score"": -1.3845835}"
2026-02-10T20:07:06+00:00,CORTEX_DB.RAW.CAT_GAMES_SVC_1_5,default,"digital board game: rescue cats tiles into a boat, strategy, sailing theme","digital board game: rescue cats tiles into a boat, strategy, sailing theme",[],,False,,,,balanced_default,0.75,10,100,0,1025,1025,,01c25377-0005-0843-0001-397a0006d4f2,,40,40,,6e-06,6e-06,,6e-06,,,,,[],[],[],[],[],[],,,,,,,True,False,[],[],,,,[],[],,,,2,Hex Cats,0.7909579,2023,English,Family Sharing;Single-player;Steam Achievements;Steam Cloud,Casual,Board Game;Cartoon;Cartoony;Casual;Cats;Colorful;Cozy;Cute;Family Friendly;Hand-drawn;Hex Grid;Logic;Puzzle;Relaxing;Singleplayer;Tabletop,😸 A portion of the profit from this game will be allocated to street cat rescue and support initiatives. 😻 Features: 🐾 50 handcrafted levels. ​🎵​ Original soundtrack. 🧶 5 different scenarios. 🐈 Cute cats. 🧩 Game experience designed for both think and relax.,"{""text_match"": 0.041998062, ""cosine_similarity"": 0.5819158, ""reranker_score"": -7.227361}"
2026-02-10T20:07:06+00:00,CORTEX_DB.RAW.CAT_GAMES_SVC_1_5,default,"digital board game: rescue cats tiles into a boat, strategy, sailing theme","digital board game: rescue cats tiles into a boat, strategy, sailing theme",[],,False,,,,balanced_default,0.75,10,100,0,1025,1025,,01c25377-0005-0843-0001-397a0006d4f2,,40,40,,6e-06,6e-06,,6e-06,,,,,[],[],[],[],[],[],,,,,,,True,False,[],[],,,,[],[],,,,3,The Zwuggels - A Beach Holiday Adventure for Kids,0.7762065,2017,English;French;German;Italian;Polish;Portuguese - Brazil;Russian;Spanish - Spain,Family Sharing;Single-player;Steam Achievements,Adventure;Casual;Indie,Adventure;Cartoon;Cartoony;Casual;Colorful;Cute;Family Friendly;Female Protagonist;Fishing;Indie;Linear;Mouse only;Pirates;Point & Click;Relaxing;Singleplayer,"Let your kid ( 4 years and older ) join the Zwuggels on an amazing trip in this interactive Summer adventure. The children help the Zwuggels prepare for their trip to the beach for their summer vacation. Once landed on the tropical island, they quickly learn about the mysterious pirate cats and soon take part in an exciting treasure hunt! Winner of PAEDI 2016 Award for outstanding children's software (Munich, Germany). Concept qualified for funding by the State of Bavaria's Film Fund (FFF). The ","{""text_match"": 0.01625268, ""cosine_similarity"": 0.552413, ""reranker_score"": -8.895882}"
2026-02-10T20:07:06+00:00,CORTEX_DB.RAW.CAT_GAMES_SVC_1_5,default,"digital board game: rescue cats tiles into a boat, strategy, sailing theme","digital board game: rescue cats tiles into a boat, strategy, sailing theme",[],,False,,,,balanced_default,0.75,10,100,0,1025,1025,,01c25377-0005-0843-0001-397a0006d4f2,,40,40,,6e-06,6e-06,,6e-06,,,,,[],[],[],[],[],[],,,,,,,True,False,[],[],,,,[],[],,,,4,Cat's Life Jigsaw Puzzles,0.76504737,2021,English,Family Sharing;Single-player,Casual;Indie;Strategy,2D;Board Game;Casual;Cats;Colorful;Cute;Education;Family Friendly;Funny;Hidden Object;Indie;Minimalist;Nature;Point & Click;Puzzle;Relaxing;Singleplayer;Strategy;Tabletop,"'Cats Life Jigsaw Puzzles' is a delightful and engaging puzzle game that invites players to immerse themselves in the charming world of cats. This game is not just about solving puzzles; it's about celebrating the whimsical and captivating life of our feline friends. Each puzzle brings to life a unique cat scene, allowing you to explore the diverse and enchanting world of cats in a fun and relaxing way. From playful kittens frolicking in the garden to majestic cats lounging in their elegant home","{""text_match"": 0.011617309, ""cosine_similarity"": 0.53009474, ""reranker_score"": -7.5030603}"
2026-02-10T20:07:06+00:00,CORTEX_DB.RAW.CAT_GAMES_SVC_1_5,default,"digital board game: rescue cats tiles into a boat, strategy, sailing theme","digital board game: rescue cats tiles into a boat, strategy, sailing theme",[],,False,,,,balanced_default,0.75,10,100,0,1025,1025,,01c25377-0005-0843-0001-397a0006d4f2,,40,40,,6e-06,6e-06,,6e-06,,,,,[],[],[],[],[],[],,,,,,,True,False,[],[],,,,[],[],,,,5,Intelligence: Cats,0.76191365,2018,English,Family Sharing;Single-player;Steam Achievements,Indie,2D;Atmospheric;Card Game;Casual;Cats;Family Friendly;Indie;Logic;Puzzle;Relaxing;Retro;Simulation;Singleplayer;Tabletop,"Intelligence: Cats is a puzzle game in which you want to build an image (with cats) so that the picture was like the original image. Move the tiles of the puzzle wisely to collect the correct order of the pieces of images. The essence of the game as in the old game 'Fifteen' (15). The game will have 6 levels with a 3x3 field size, as well as 6 other levels with a 4x4 field size. Each level has a different image. The game contains images of twelve cats. Key game features: - 12 different levels - ","{""text_match"": 0.01304216, ""cosine_similarity"": 0.5238273, ""reranker_score"": -7.5040617}"
2026-02-10T20:07:06+00:00,CORTEX_DB.RAW.CAT_GAMES_SVC_1_5,default,"digital board game: rescue cats tiles into a boat, strategy, sailing theme","digital board game: rescue cats tiles into a boat, strategy, sailing theme",[],,False,,,,balanced_default,0.75,10,100,0,1025,1025,,01c25377-0005-0843-0001-397a0006d4f2,,40,40,,6e-06,6e-06,,6e-06,,,,,[],[],[],[],[],[],,,,,,,True,False,[],[],,,,[],[],,,,6,1001 Jigsaw. Cute Cats 3,0.773454935,2023,English;French;German;Russian,Family Sharing;Single-player,Casual,2D;Casual;Hand-drawn;Puzzle;Realistic;Singleplayer;Tabletop,"Cute and clumsy cats on guard of your good mood! ''1001 Jigsaw. Cute Cats 3'' are ready to help you gain positive emotions! This is an easy to control game, where you can use hints to pass the level, take a short break, while saving the result, or choose a suitable level of difficulty, if the puzzle is not amenable to the first time. The game is thoroughly detailed, so it is suitable for all types of players. We'll be waiting for you in the world of amazing and charming seals! - 500 high quality","{""text_match"": 1.7311137e-07, ""cosine_similarity"": 0.54690987, ""reranker_score"": -9.383161}"
2026-02-10T20:07:06+00:00,CORTEX_DB.RAW.CAT_GAMES_SVC_1_5,default,"digital board game: rescue cats tiles into a boat, strategy, sailing theme","digital board game: rescue cats tiles into a boat, strategy, sailing theme",[],,False,,,,balanced_default,0.75,10,100,0,1025,1025,,01c25377-0005-0843-0001-397a0006d4f2,,40,40,,6e-06,6e-06,,6e-06,,,,,[],[],[],[],[],[],,,,,,,True,False,[],[],,,,[],[],,,,7,Space Cats Tactics,0.76879257,2023,English;German;Japanese;Russian;Simplified Chinese;Traditional Chinese,Captions available;Family Sharing;Full controller support;Single-player;Steam Achievements,Indie;RPG;Strategy,Base-Building;Cats;Character Customization;Cute;Cyberpunk;Exploration;Funny;Military;RPG;Sci-fi;Space;Space Sim;Story Rich;Strategy;Tactical RPG;Top-Down;Turn-Based;Turn-Based Combat;Turn-Based Strategy;Turn-Based Tactics,"Join my Discord: Made by a solo developer, Space Cats Tactics brings together the nerve-wracking battles of turn-based strategy games and the powerful epic stories of space opera. Combining grid- and turn-based tactical combat (as seen in games like XCOM and Divinity: Original Sin) and inside-ship crew management (like in games such as FTL and Star Command Galaxies), in Space Cats Tactics you will have to be on your toes and think every step very carefully! KEY FEATURES Fight nerve-wracking spac","{""text_match"": 0.0034272668, ""cosine_similarity"": 0.53758514, ""reranker_score"": -8.893279}"
2026-02-10T20:07:06+00:00,CORTEX_DB.RAW.CAT_GAMES_SVC_1_5,default,"digital board game: rescue cats tiles into a boat, strategy, sailing theme","digital board game: rescue cats tiles into a boat, strategy, sailing theme",[],,False,,,,balanced_default,0.75,10,100,0,1025,1025,,01c25377-0005-0843-0001-397a0006d4f2,,40,40,,6e-06,6e-06,,6e-06,,,,,[],[],[],[],[],[],,,,,,,True,False,[],[],,,,[],[],,,,8,Push The Cat with WASD,0.76397735,2024,English;Japanese;Simplified Chinese;Traditional Chinese,Family Sharing;Partial Controller Support;Single-player;Steam Achievements,Casual;Indie,2D;Casual;Cats;Cute;Difficult;Drama;Emotional;Indie;Interactive Fiction;Logic;Memes;Minimalist;Narration;Narrative;Puzzle;Relaxing;Singleplayer;Sokoban;Text-Based;Word Game,"The 'story' and 'texts' are puzzle! This is a cat puzzle game where you use 'text' to push the cat. If letter WASD appears in the text, you can push it! You need to push the cat to the goal. About the Puzzle Don't worry if you can't solve the puzzle. There are in-game hints and solutions. If you like to solve very difficult puzzles, there are 13 extra challenge levels for you to solve! These levels are intricately crafted with heart and soul. About the Story Do You push cats often? Cat pushing e","{""text_match"": 0.0042977524, ""cosine_similarity"": 0.5279547, ""reranker_score"": -8.7402935}"
2026-02-10T20:07:06+00:00,CORTEX_DB.RAW.CAT_GAMES_SVC_1_5,default,"digital board game: rescue cats tiles into a boat, strategy, sailing theme","digital board game: rescue cats tiles into a boat, strategy, sailing theme",[],,False,,,,balanced_default,0.75,10,100,0,1025,1025,,01c25377-0005-0843-0001-397a0006d4f2,,40,40,,6e-06,6e-06,,6e-06,,,,,[],[],[],[],[],[],,,,,,,True,False,[],[],,,,[],[],,,,9,Find Cats With Friends,0.7581685,2024,English,Co-op;Family Sharing;LAN Co-op;Multi-player;Online Co-op;Single-player;Steam Achievements,Casual;Indie;Simulation,3D;Casual;Cats;Co-op;Co-op Campaign;Creature Collector;Cute;Family Friendly;First-Person;Indie;Multiplayer;Parkour;Pirates;Simulation;Singleplayer;Third Person;Walking Simulator,"Gather your friends and embark on an exhilarating adventure to a mysterious island where the law is set by the cozy purring creatures – cats ! You are brave pirates who accidentally found yourselves on this enigmatic island, and now your team must collect a very unusual loot: a hundred mischievous kitties. In Find Cats With Friends your main goal is to collect each of the one hundred cats scattered throughout the island and bring them to the specially designated spot – the cat box. However, pira","{""text_match"": 0.0015647906, ""cosine_similarity"": 0.516337, ""reranker_score"": -7.8961706}"
2026-02-10T20:07:06+00:00,CORTEX_DB.RAW.CAT_GAMES_SVC_1_5,default,"digital board game: rescue cats tiles into a boat, strategy, sailing theme","digital board game: rescue cats tiles into a boat, strategy, sailing theme",[],,False,,,,balanced_default,0.75,10,100,0,1025,1025,,01c25377-0005-0843-0001-397a0006d4f2,,40,40,,6e-06,6e-06,,6e-06,,,,,[],[],[],[],[],[],,,,,,,True,False,[],[],,,,[],[],,,,10,Another Cat in Dungeons,0.76481807,2021,English,Family Sharing;Single-player;Steam Achievements,Casual;Indie;Strategy,3D;Atmospheric;Board Game;Casual;Cats;Cute;Indie;Logic;Minimalist;Mystery Dungeon;Puzzle;Relaxing;Singleplayer;Strategy,"Another Cat in Dungeons is a sequence from A Cat in Dungeons. It's puzzle game where you need to find the best path to the goal, walking trough turnable tabletops. Each level contains different obstacles and puzzles, including teleports and mechanisms. Features Turnable Tabletop : don't you know how to escape? Try to turn the tabletop! Challenge levels Solve riddles to avoid falling grounds Use teleports Use mechanisms to unlock doors and gates","{""text_match"": 0.010785926, ""cosine_similarity"": 0.52963614, ""reranker_score"": -9.138834}"
2026-02-10T20:07:08+00:00,CORTEX_DB.RAW.CAT_GAMES_SVC_1_5,default,"digital board game: rescue cats tiles into a boat, strategy, sailing theme","digital board game: rescue cats tiles into a boat, strategy, sailing theme",[],,False,,,,keyword_focus,0.3,10,100,0,1123,1123,,01c25377-0005-0864-0001-397a0006ba1a,,53,53,,8e-06,8e-06,,8e-06,,,,,[],[],[],[],[],[],,,,,,,True,False,[],[],,,,[],[],,,,1,The Isle of Cats,0.798218965,2025,English;French;Italian;Spanish - Latin America;Spanish - Spain,Family Sharing;Full controller support;Multi-player;Online PvP;PvP;Shared/Split Screen;Shared/Split Screen PvP;Single-player;Steam Achievements;Steam Turn Notifications,Strategy,2.5D;Asynchronous Multiplayer;Board Game;Cartoon;Cats;Colorful;Cute;Family Friendly;Fishing;Hand-drawn;Multiplayer;PvE;PvP;Sailing;Singleplayer;Strategy;Top-Down,"Citizens of Squall’s End! Lookouts have spotted the sails of the evil Lord Vesh on the horizon! We must save the Isle of Cats before he arrives! The Isle of Cats is a competitive board game race to save a colorful collection of cats, scoring points based on how well you settle them into your personal rescue boat. Each cat comes on a unique tile and belongs to a family of cats of its color. You must find an arrangement to fit them in your boat, while keeping families together and managing your re","{""text_match"": 0.08014313, ""cosine_similarity"": 0.59643793, ""reranker_score"": -1.3845835}"
2026-02-10T20:07:08+00:00,CORTEX_DB.RAW.CAT_GAMES_SVC_1_5,default,"digital board game: rescue cats tiles into a boat, strategy, sailing theme","digital board game: rescue cats tiles into a boat, strategy, sailing theme",[],,False,,,,keyword_focus,0.3,10,100,0,1123,1123,,01c25377-0005-0864-0001-397a0006ba1a,,53,53,,8e-06,8e-06,,8e-06,,,,,[],[],[],[],[],[],,,,,,,True,False,[],[],,,,[],[],,,,2,Hex Cats,0.7909579,2023,English,Family Sharing;Single-player;Steam Achievements;Steam Cloud,Casual,Board Game;Cartoon;Cartoony;Casual;Cats;Colorful;Cozy;Cute;Family Friendly;Hand-drawn;Hex Grid;Logic;Puzzle;Relaxing;Singleplayer;Tabletop,😸 A portion of the profit from this game will be allocated to street cat rescue and support initiatives. 😻 Features: 🐾 50 handcrafted levels. ​🎵​ Original soundtrack. 🧶 5 different scenarios. 🐈 Cute cats. 🧩 Game experience designed for both think and relax.,"{""text_match"": 0.041998062, ""cosine_similarity"": 0.5819158, ""reranker_score"": -7.227361}"
2026-02-10T20:07:08+00:00,CORTEX_DB.RAW.CAT_GAMES_SVC_1_5,default,"digital board game: rescue cats tiles into a boat, strategy, sailing theme","digital board game: rescue cats tiles into a boat, strategy, sailing theme",[],,False,,,,keyword_focus,0.3,10,100,0,1123,1123,,01c25377-0005-0864-0001-397a0006ba1a,,53,53,,8e-06,8e-06,,8e-06,,,,,[],[],[],[],[],[],,,,,,,True,False,[],[],,,,[],[],,,,3,The Zwuggels - A Beach Holiday Adventure for Kids,0.7762065,2017,English;French;German;Italian;Polish;Portuguese - Brazil;Russian;Spanish - Spain,Family Sharing;Single-player;Steam Achievements,Adventure;Casual;Indie,Adventure;Cartoon;Cartoony;Casual;Colorful;Cute;Family Friendly;Female Protagonist;Fishing;Indie;Linear;Mouse only;Pirates;Point & Click;Relaxing;Singleplayer,"Let your kid ( 4 years and older ) join the Zwuggels on an amazing trip in this interactive Summer adventure. The children help the Zwuggels prepare for their trip to the beach for their summer vacation. Once landed on the tropical island, they quickly learn about the mysterious pirate cats and soon take part in an exciting treasure hunt! Winner of PAEDI 2016 Award for outstanding children's software (Munich, Germany). Concept qualified for funding by the State of Bavaria's Film Fund (FFF). The ","{""text_match"": 0.01625268, ""cosine_similarity"": 0.552413, ""reranker_score"": -8.895882}"
2026-02-10T20:07:08+00:00,CORTEX_DB.RAW.CAT_GAMES_SVC_1_5,default,"digital board game: rescue cats tiles into a boat, strategy, sailing theme","digital board game: rescue cats tiles into a boat, strategy, sailing theme",[],,False,,,,keyword_focus,0.3,10,100,0,1123,1123,,01c25377-0005-0864-0001-397a0006ba1a,,53,53,,8e-06,8e-06,,8e-06,,,,,[],[],[],[],[],[],,,,,,,True,False,[],[],,,,[],[],,,,4,Cat's Life Jigsaw Puzzles,0.76504737,2021,English,Family Sharing;Single-player,Casual;Indie;Strategy,2D;Board Game;Casual;Cats;Colorful;Cute;Education;Family Friendly;Funny;Hidden Object;Indie;Minimalist;Nature;Point & Click;Puzzle;Relaxing;Singleplayer;Strategy;Tabletop,"'Cats Life Jigsaw Puzzles' is a delightful and engaging puzzle game that invites players to immerse themselves in the charming world of cats. This game is not just about solving puzzles; it's about celebrating the whimsical and captivating life of our feline friends. Each puzzle brings to life a unique cat scene, allowing you to explore the diverse and enchanting world of cats in a fun and relaxing way. From playful kittens frolicking in the garden to majestic cats lounging in their elegant home","{""text_match"": 0.011617309, ""cosine_similarity"": 0.53009474, ""reranker_score"": -7.5030603}"
2026-02-10T20:07:08+00:00,CORTEX_DB.RAW.CAT_GAMES_SVC_1_5,default,"digital board game: rescue cats tiles into a boat, strategy, sailing theme","digital board game: rescue cats tiles into a boat, strategy, sailing theme",[],,False,,,,keyword_focus,0.3,10,100,0,1123,1123,,01c25377-0005-0864-0001-397a0006ba1a,,53,53,,8e-06,8e-06,,8e-06,,,,,[],[],[],[],[],[],,,,,,,True,False,[],[],,,,[],[],,,,5,Intelligence: Cats,0.76191365,2018,English,Family Sharing;Single-player;Steam Achievements,Indie,2D;Atmospheric;Card Game;Casual;Cats;Family Friendly;Indie;Logic;Puzzle;Relaxing;Retro;Simulation;Singleplayer;Tabletop,"Intelligence: Cats is a puzzle game in which you want to build an image (with cats) so that the picture was like the original image. Move the tiles of the puzzle wisely to collect the correct order of the pieces of images. The essence of the game as in the old game 'Fifteen' (15). The game will have 6 levels with a 3x3 field size, as well as 6 other levels with a 4x4 field size. Each level has a different image. The game contains images of twelve cats. Key game features: - 12 different levels - ","{""text_match"": 0.01304216, ""cosine_similarity"": 0.5238273, ""reranker_score"": -7.5040617}"
2026-02-10T20:07:08+00:00,CORTEX_DB.RAW.CAT_GAMES_SVC_1_5,default,"digital board game: rescue cats tiles into a boat, strategy, sailing theme","digital board game: rescue cats tiles into a boat, strategy, sailing theme",[],,False,,,,keyword_focus,0.3,10,100,0,1123,1123,,01c25377-0005-0864-0001-397a0006ba1a,,53,53,,8e-06,8e-06,,8e-06,,,,,[],[],[],[],[],[],,,,,,,True,False,[],[],,,,[],[],,,,6,1001 Jigsaw. Cute Cats 3,0.773454935,2023,English;French;German;Russian,Family Sharing;Single-player,Casual,2D;Casual;Hand-drawn;Puzzle;Realistic;Singleplayer;Tabletop,"Cute and clumsy cats on guard of your good mood! ''1001 Jigsaw. Cute Cats 3'' are ready to help you gain positive emotions! This is an easy to control game, where you can use hints to pass the level, take a short break, while saving the result, or choose a suitable level of difficulty, if the puzzle is not amenable to the first time. The game is thoroughly detailed, so it is suitable for all types of players. We'll be waiting for you in the world of amazing and charming seals! - 500 high quality","{""text_match"": 1.7311137e-07, ""cosine_similarity"": 0.54690987, ""reranker_score"": -9.383161}"
2026-02-10T20:07:08+00:00,CORTEX_DB.RAW.CAT_GAMES_SVC_1_5,default,"digital board game: rescue cats tiles into a boat, strategy, sailing theme","digital board game: rescue cats tiles into a boat, strategy, sailing theme",[],,False,,,,keyword_focus,0.3,10,100,0,1123,1123,,01c25377-0005-0864-0001-397a0006ba1a,,53,53,,8e-06,8e-06,,8e-06,,,,,[],[],[],[],[],[],,,,,,,True,False,[],[],,,,[],[],,,,7,Space Cats Tactics,0.76879257,2023,English;German;Japanese;Russian;Simplified Chinese;Traditional Chinese,Captions available;Family Sharing;Full controller support;Single-player;Steam Achievements,Indie;RPG;Strategy,Base-Building;Cats;Character Customization;Cute;Cyberpunk;Exploration;Funny;Military;RPG;Sci-fi;Space;Space Sim;Story Rich;Strategy;Tactical RPG;Top-Down;Turn-Based;Turn-Based Combat;Turn-Based Strategy;Turn-Based Tactics,"Join my Discord: Made by a solo developer, Space Cats Tactics brings together the nerve-wracking battles of turn-based strategy games and the powerful epic stories of space opera. Combining grid- and turn-based tactical combat (as seen in games like XCOM and Divinity: Original Sin) and inside-ship crew management (like in games such as FTL and Star Command Galaxies), in Space Cats Tactics you will have to be on your toes and think every step very carefully! KEY FEATURES Fight nerve-wracking spac","{""text_match"": 0.0034272668, ""cosine_similarity"": 0.53758514, ""reranker_score"": -8.893279}"
2026-02-10T20:07:08+00:00,CORTEX_DB.RAW.CAT_GAMES_SVC_1_5,default,"digital board game: rescue cats tiles into a boat, strategy, sailing theme","digital board game: rescue cats tiles into a boat, strategy, sailing theme",[],,False,,,,keyword_focus,0.3,10,100,0,1123,1123,,01c25377-0005-0864-0001-397a0006ba1a,,53,53,,8e-06,8e-06,,8e-06,,,,,[],[],[],[],[],[],,,,,,,True,False,[],[],,,,[],[],,,,8,Push The Cat with WASD,0.76397735,2024,English;Japanese;Simplified Chinese;Traditional Chinese,Family Sharing;Partial Controller Support;Single-player;Steam Achievements,Casual;Indie,2D;Casual;Cats;Cute;Difficult;Drama;Emotional;Indie;Interactive Fiction;Logic;Memes;Minimalist;Narration;Narrative;Puzzle;Relaxing;Singleplayer;Sokoban;Text-Based;Word Game,"The 'story' and 'texts' are puzzle! This is a cat puzzle game where you use 'text' to push the cat. If letter WASD appears in the text, you can push it! You need to push the cat to the goal. About the Puzzle Don't worry if you can't solve the puzzle. There are in-game hints and solutions. If you like to solve very difficult puzzles, there are 13 extra challenge levels for you to solve! These levels are intricately crafted with heart and soul. About the Story Do You push cats often? Cat pushing e","{""text_match"": 0.0042977524, ""cosine_similarity"": 0.5279547, ""reranker_score"": -8.7402935}"
2026-02-10T20:07:08+00:00,CORTEX_DB.RAW.CAT_GAMES_SVC_1_5,default,"digital board game: rescue cats tiles into a boat, strategy, sailing theme","digital board game: rescue cats tiles into a boat, strategy, sailing theme",[],,False,,,,keyword_focus,0.3,10,100,0,1123,1123,,01c25377-0005-0864-0001-397a0006ba1a,,53,53,,8e-06,8e-06,,8e-06,,,,,[],[],[],[],[],[],,,,,,,True,False,[],[],,,,[],[],,,,9,Find Cats With Friends,0.7581685,2024,English,Co-op;Family Sharing;LAN Co-op;Multi-player;Online Co-op;Single-player;Steam Achievements,Casual;Indie;Simulation,3D;Casual;Cats;Co-op;Co-op Campaign;Creature Collector;Cute;Family Friendly;First-Person;Indie;Multiplayer;Parkour;Pirates;Simulation;Singleplayer;Third Person;Walking Simulator,"Gather your friends and embark on an exhilarating adventure to a mysterious island where the law is set by the cozy purring creatures – cats ! You are brave pirates who accidentally found yourselves on this enigmatic island, and now your team must collect a very unusual loot: a hundred mischievous kitties. In Find Cats With Friends your main goal is to collect each of the one hundred cats scattered throughout the island and bring them to the specially designated spot – the cat box. However, pira","{""text_match"": 0.0015647906, ""cosine_similarity"": 0.516337, ""reranker_score"": -7.8961706}"
2026-02-10T20:07:08+00:00,CORTEX_DB.RAW.CAT_GAMES_SVC_1_5,default,"digital board game: rescue cats tiles into a boat, strategy, sailing theme","digital board game: rescue cats tiles into a boat, strategy, sailing theme",[],,False,,,,keyword_focus,0.3,10,100,0,1123,1123,,01c25377-0005-0864-0001-397a0006ba1a,,53,53,,8e-06,8e-06,,8e-06,,,,,[],[],[],[],[],[],,,,,,,True,False,[],[],,,,[],[],,,,10,Another Cat in Dungeons,0.76481807,2021,English,Family Sharing;Single-player;Steam Achievements,Casual;Indie;Strategy,3D;Atmospheric;Board Game;Casual;Cats;Cute;Indie;Logic;Minimalist;Mystery Dungeon;Puzzle;Relaxing;Singleplayer;Strategy,"Another Cat in Dungeons is a sequence from A Cat in Dungeons. It's puzzle game where you need to find the best path to the goal, walking trough turnable tabletops. Each level contains different obstacles and puzzles, including teleports and mechanisms. Features Turnable Tabletop : don't you know how to escape? Try to turn the tabletop! Challenge levels Solve riddles to avoid falling grounds Use teleports Use mechanisms to unlock doors and gates","{""text_match"": 0.010785926, ""cosine_similarity"": 0.52963614, ""reranker_score"": -9.138834}"
2026-02-10T20:07:09+00:00,CORTEX_DB.RAW.CAT_GAMES_SVC_1_5,default,"digital board game: rescue cats tiles into a boat, strategy, sailing theme","digital board game: rescue cats tiles into a boat, strategy, sailing theme",[],,False,,,,keyword_focus,0.65,10,100,0,925,925,,01c25377-0005-0864-0001-397a0006ba22,,31,31,,5e-06,5e-06,,5e-06,,,,,[],[],[],[],[],[],,,,,,,True,False,[],[],,,,[],[],,,,1,The Isle of Cats,0.798218965,2025,English;French;Italian;Spanish - Latin America;Spanish - Spain,Family Sharing;Full controller support;Multi-player;Online PvP;PvP;Shared/Split Screen;Shared/Split Screen PvP;Single-player;Steam Achievements;Steam Turn Notifications,Strategy,2.5D;Asynchronous Multiplayer;Board Game;Cartoon;Cats;Colorful;Cute;Family Friendly;Fishing;Hand-drawn;Multiplayer;PvE;PvP;Sailing;Singleplayer;Strategy;Top-Down,"Citizens of Squall’s End! Lookouts have spotted the sails of the evil Lord Vesh on the horizon! We must save the Isle of Cats before he arrives! The Isle of Cats is a competitive board game race to save a colorful collection of cats, scoring points based on how well you settle them into your personal rescue boat. Each cat comes on a unique tile and belongs to a family of cats of its color. You must find an arrangement to fit them in your boat, while keeping families together and managing your re","{""text_match"": 0.08014313, ""cosine_similarity"": 0.59643793, ""reranker_score"": -1.3845835}"
2026-02-10T20:07:09+00:00,CORTEX_DB.RAW.CAT_GAMES_SVC_1_5,default,"digital board game: rescue cats tiles into a boat, strategy, sailing theme","digital board game: rescue cats tiles into a boat, strategy, sailing theme",[],,False,,,,keyword_focus,0.65,10,100,0,925,925,,01c25377-0005-0864-0001-397a0006ba22,,31,31,,5e-06,5e-06,,5e-06,,,,,[],[],[],[],[],[],,,,,,,True,False,[],[],,,,[],[],,,,2,Hex Cats,0.7909579,2023,English,Family Sharing;Single-player;Steam Achievements;Steam Cloud,Casual,Board Game;Cartoon;Cartoony;Casual;Cats;Colorful;Cozy;Cute;Family Friendly;Hand-drawn;Hex Grid;Logic;Puzzle;Relaxing;Singleplayer;Tabletop,😸 A portion of the profit from this game will be allocated to street cat rescue and support initiatives. 😻 Features: 🐾 50 handcrafted levels. ​🎵​ Original soundtrack. 🧶 5 different scenarios. 🐈 Cute cats. 🧩 Game experience designed for both think and relax.,"{""text_match"": 0.041998062, ""cosine_similarity"": 0.5819158, ""reranker_score"": -7.227361}"
2026-02-10T20:07:09+00:00,CORTEX_DB.RAW.CAT_GAMES_SVC_1_5,default,"digital board game: rescue cats tiles into a boat, strategy, sailing theme","digital board game: rescue cats tiles into a boat, strategy, sailing theme",[],,False,,,,keyword_focus,0.65,10,100,0,925,925,,01c25377-0005-0864-0001-397a0006ba22,,31,31,,5e-06,5e-06,,5e-06,,,,,[],[],[],[],[],[],,,,,,,True,False,[],[],,,,[],[],,,,3,The Zwuggels - A Beach Holiday Adventure for Kids,0.7762065,2017,English;French;German;Italian;Polish;Portuguese - Brazil;Russian;Spanish - Spain,Family Sharing;Single-player;Steam Achievements,Adventure;Casual;Indie,Adventure;Cartoon;Cartoony;Casual;Colorful;Cute;Family Friendly;Female Protagonist;Fishing;Indie;Linear;Mouse only;Pirates;Point & Click;Relaxing;Singleplayer,"Let your kid ( 4 years and older ) join the Zwuggels on an amazing trip in this interactive Summer adventure. The children help the Zwuggels prepare for their trip to the beach for their summer vacation. Once landed on the tropical island, they quickly learn about the mysterious pirate cats and soon take part in an exciting treasure hunt! Winner of PAEDI 2016 Award for outstanding children's software (Munich, Germany). Concept qualified for funding by the State of Bavaria's Film Fund (FFF). The ","{""text_match"": 0.01625268, ""cosine_similarity"": 0.552413, ""reranker_score"": -8.895882}"
2026-02-10T20:07:09+00:00,CORTEX_DB.RAW.CAT_GAMES_SVC_1_5,default,"digital board game: rescue cats tiles into a boat, strategy, sailing theme","digital board game: rescue cats tiles into a boat, strategy, sailing theme",[],,False,,,,keyword_focus,0.65,10,100,0,925,925,,01c25377-0005-0864-0001-397a0006ba22,,31,31,,5e-06,5e-06,,5e-06,,,,,[],[],[],[],[],[],,,,,,,True,False,[],[],,,,[],[],,,,4,Cat's Life Jigsaw Puzzles,0.76504737,2021,English,Family Sharing;Single-player,Casual;Indie;Strategy,2D;Board Game;Casual;Cats;Colorful;Cute;Education;Family Friendly;Funny;Hidden Object;Indie;Minimalist;Nature;Point & Click;Puzzle;Relaxing;Singleplayer;Strategy;Tabletop,"'Cats Life Jigsaw Puzzles' is a delightful and engaging puzzle game that invites players to immerse themselves in the charming world of cats. This game is not just about solving puzzles; it's about celebrating the whimsical and captivating life of our feline friends. Each puzzle brings to life a unique cat scene, allowing you to explore the diverse and enchanting world of cats in a fun and relaxing way. From playful kittens frolicking in the garden to majestic cats lounging in their elegant home","{""text_match"": 0.011617309, ""cosine_similarity"": 0.53009474, ""reranker_score"": -7.5030603}"
2026-02-10T20:07:09+00:00,CORTEX_DB.RAW.CAT_GAMES_SVC_1_5,default,"digital board game: rescue cats tiles into a boat, strategy, sailing theme","digital board game: rescue cats tiles into a boat, strategy, sailing theme",[],,False,,,,keyword_focus,0.65,10,100,0,925,925,,01c25377-0005-0864-0001-397a0006ba22,,31,31,,5e-06,5e-06,,5e-06,,,,,[],[],[],[],[],[],,,,,,,True,False,[],[],,,,[],[],,,,5,Intelligence: Cats,0.76191365,2018,English,Family Sharing;Single-player;Steam Achievements,Indie,2D;Atmospheric;Card Game;Casual;Cats;Family Friendly;Indie;Logic;Puzzle;Relaxing;Retro;Simulation;Singleplayer;Tabletop,"Intelligence: Cats is a puzzle game in which you want to build an image (with cats) so that the picture was like the original image. Move the tiles of the puzzle wisely to collect the correct order of the pieces of images. The essence of the game as in the old game 'Fifteen' (15). The game will have 6 levels with a 3x3 field size, as well as 6 other levels with a 4x4 field size. Each level has a different image. The game contains images of twelve cats. Key game features: - 12 different levels - ","{""text_match"": 0.01304216, ""cosine_similarity"": 0.5238273, ""reranker_score"": -7.5040617}"
2026-02-10T20:07:09+00:00,CORTEX_DB.RAW.CAT_GAMES_SVC_1_5,default,"digital board game: rescue cats tiles into a boat, strategy, sailing theme","digital board game: rescue cats tiles into a boat, strategy, sailing theme",[],,False,,,,keyword_focus,0.65,10,100,0,925,925,,01c25377-0005-0864-0001-397a0006ba22,,31,31,,5e-06,5e-06,,5e-06,,,,,[],[],[],[],[],[],,,,,,,True,False,[],[],,,,[],[],,,,6,1001 Jigsaw. Cute Cats 3,0.773454935,2023,English;French;German;Russian,Family Sharing;Single-player,Casual,2D;Casual;Hand-drawn;Puzzle;Realistic;Singleplayer;Tabletop,"Cute and clumsy cats on guard of your good mood! ''1001 Jigsaw. Cute Cats 3'' are ready to help you gain positive emotions! This is an easy to control game, where you can use hints to pass the level, take a short break, while saving the result, or choose a suitable level of difficulty, if the puzzle is not amenable to the first time. The game is thoroughly detailed, so it is suitable for all types of players. We'll be waiting for you in the world of amazing and charming seals! - 500 high quality","{""text_match"": 1.7311137e-07, ""cosine_similarity"": 0.54690987, ""reranker_score"": -9.383161}"
2026-02-10T20:07:09+00:00,CORTEX_DB.RAW.CAT_GAMES_SVC_1_5,default,"digital board game: rescue cats tiles into a boat, strategy, sailing theme","digital board game: rescue cats tiles into a boat, strategy, sailing theme",[],,False,,,,keyword_focus,0.65,10,100,0,925,925,,01c25377-0005-0864-0001-397a0006ba22,,31,31,,5e-06,5e-06,,5e-06,,,,,[],[],[],[],[],[],,,,,,,True,False,[],[],,,,[],[],,,,7,Space Cats Tactics,0.76879257,2023,English;German;Japanese;Russian;Simplified Chinese;Traditional Chinese,Captions available;Family Sharing;Full controller support;Single-player;Steam Achievements,Indie;RPG;Strategy,Base-Building;Cats;Character Customization;Cute;Cyberpunk;Exploration;Funny;Military;RPG;Sci-fi;Space;Space Sim;Story Rich;Strategy;Tactical RPG;Top-Down;Turn-Based;Turn-Based Combat;Turn-Based Strategy;Turn-Based Tactics,"Join my Discord: Made by a solo developer, Space Cats Tactics brings together the nerve-wracking battles of turn-based strategy games and the powerful epic stories of space opera. Combining grid- and turn-based tactical combat (as seen in games like XCOM and Divinity: Original Sin) and inside-ship crew management (like in games such as FTL and Star Command Galaxies), in Space Cats Tactics you will have to be on your toes and think every step very carefully! KEY FEATURES Fight nerve-wracking spac","{""text_match"": 0.0034272668, ""cosine_similarity"": 0.53758514, ""reranker_score"": -8.893279}"
2026-02-10T20:07:09+00:00,CORTEX_DB.RAW.CAT_GAMES_SVC_1_5,default,"digital board game: rescue cats tiles into a boat, strategy, sailing theme","digital board game: rescue cats tiles into a boat, strategy, sailing theme",[],,False,,,,keyword_focus,0.65,10,100,0,925,925,,01c25377-0005-0864-0001-397a0006ba22,,31,31,,5e-06,5e-06,,5e-06,,,,,[],[],[],[],[],[],,,,,,,True,False,[],[],,,,[],[],,,,8,Push The Cat with WASD,0.76397735,2024,English;Japanese;Simplified Chinese;Traditional Chinese,Family Sharing;Partial Controller Support;Single-player;Steam Achievements,Casual;Indie,2D;Casual;Cats;Cute;Difficult;Drama;Emotional;Indie;Interactive Fiction;Logic;Memes;Minimalist;Narration;Narrative;Puzzle;Relaxing;Singleplayer;Sokoban;Text-Based;Word Game,"The 'story' and 'texts' are puzzle! This is a cat puzzle game where you use 'text' to push the cat. If letter WASD appears in the text, you can push it! You need to push the cat to the goal. About the Puzzle Don't worry if you can't solve the puzzle. There are in-game hints and solutions. If you like to solve very difficult puzzles, there are 13 extra challenge levels for you to solve! These levels are intricately crafted with heart and soul. About the Story Do You push cats often? Cat pushing e","{""text_match"": 0.0042977524, ""cosine_similarity"": 0.5279547, ""reranker_score"": -8.7402935}"
2026-02-10T20:07:09+00:00,CORTEX_DB.RAW.CAT_GAMES_SVC_1_5,default,"digital board game: rescue cats tiles into a boat, strategy, sailing theme","digital board game: rescue cats tiles into a boat, strategy, sailing theme",[],,False,,,,keyword_focus,0.65,10,100,0,925,925,,01c25377-0005-0864-0001-397a0006ba22,,31,31,,5e-06,5e-06,,5e-06,,,,,[],[],[],[],[],[],,,,,,,True,False,[],[],,,,[],[],,,,9,Find Cats With Friends,0.7581685,2024,English,Co-op;Family Sharing;LAN Co-op;Multi-player;Online Co-op;Single-player;Steam Achievements,Casual;Indie;Simulation,3D;Casual;Cats;Co-op;Co-op Campaign;Creature Collector;Cute;Family Friendly;First-Person;Indie;Multiplayer;Parkour;Pirates;Simulation;Singleplayer;Third Person;Walking Simulator,"Gather your friends and embark on an exhilarating adventure to a mysterious island where the law is set by the cozy purring creatures – cats ! You are brave pirates who accidentally found yourselves on this enigmatic island, and now your team must collect a very unusual loot: a hundred mischievous kitties. In Find Cats With Friends your main goal is to collect each of the one hundred cats scattered throughout the island and bring them to the specially designated spot – the cat box. However, pira","{""text_match"": 0.0015647906, ""cosine_similarity"": 0.516337, ""reranker_score"": -7.8961706}"
2026-02-10T20:07:09+00:00,CORTEX_DB.RAW.CAT_GAMES_SVC_1_5,default,"digital board game: rescue cats tiles into a boat, strategy, sailing theme","digital board game: rescue cats tiles into a boat, strategy, sailing theme",[],,False,,,,keyword_focus,0.65,10,100,0,925,925,,01c25377-0005-0864-0001-397a0006ba22,,31,31,,5e-06,5e-06,,5e-06,,,,,[],[],[],[],[],[],,,,,,,True,False,[],[],,,,[],[],,,,10,Another Cat in Dungeons,0.76481807,2021,English,Family Sharing;Single-player;Steam Achievements,Casual;Indie;Strategy,3D;Atmospheric;Board Game;Casual;Cats;Cute;Indie;Logic;Minimalist;Mystery Dungeon;Puzzle;Relaxing;Singleplayer;Strategy,"Another Cat in Dungeons is a sequence from A Cat in Dungeons. It's puzzle game where you need to find the best path to the goal, walking trough turnable tabletops. Each level contains different obstacles and puzzles, including teleports and mechanisms. Features Turnable Tabletop : don't you know how to escape? Try to turn the tabletop! Challenge levels Solve riddles to avoid falling grounds Use teleports Use mechanisms to unlock doors and gates","{""text_match"": 0.010785926, ""cosine_similarity"": 0.52963614, ""reranker_score"": -9.138834}"
2026-02-10T20:07:10+00:00,CORTEX_DB.RAW.CAT_GAMES_SVC_1_5,default,"digital board game: rescue cats tiles into a boat, strategy, sailing theme","digital board game: rescue cats tiles into a boat, strategy, sailing theme",[],,False,,,,keyword_focus,0.75,10,100,0,1022,1022,,01c25377-0005-0846-0001-397a0006e822,,61,61,,9e-06,9e-06,,9e-06,,,,,[],[],[],[],[],[],,,,,,,True,False,[],[],,,,[],[],,,,1,The Isle of Cats,0.798218965,2025,English;French;Italian;Spanish - Latin America;Spanish - Spain,Family Sharing;Full controller support;Multi-player;Online PvP;PvP;Shared/Split Screen;Shared/Split Screen PvP;Single-player;Steam Achievements;Steam Turn Notifications,Strategy,2.5D;Asynchronous Multiplayer;Board Game;Cartoon;Cats;Colorful;Cute;Family Friendly;Fishing;Hand-drawn;Multiplayer;PvE;PvP;Sailing;Singleplayer;Strategy;Top-Down,"Citizens of Squall’s End! Lookouts have spotted the sails of the evil Lord Vesh on the horizon! We must save the Isle of Cats before he arrives! The Isle of Cats is a competitive board game race to save a colorful collection of cats, scoring points based on how well you settle them into your personal rescue boat. Each cat comes on a unique tile and belongs to a family of cats of its color. You must find an arrangement to fit them in your boat, while keeping families together and managing your re","{""text_match"": 0.08014313, ""cosine_similarity"": 0.59643793, ""reranker_score"": -1.3845835}"
2026-02-10T20:07:10+00:00,CORTEX_DB.RAW.CAT_GAMES_SVC_1_5,default,"digital board game: rescue cats tiles into a boat, strategy, sailing theme","digital board game: rescue cats tiles into a boat, strategy, sailing theme",[],,False,,,,keyword_focus,0.75,10,100,0,1022,1022,,01c25377-0005-0846-0001-397a0006e822,,61,61,,9e-06,9e-06,,9e-06,,,,,[],[],[],[],[],[],,,,,,,True,False,[],[],,,,[],[],,,,2,Hex Cats,0.7909579,2023,English,Family Sharing;Single-player;Steam Achievements;Steam Cloud,Casual,Board Game;Cartoon;Cartoony;Casual;Cats;Colorful;Cozy;Cute;Family Friendly;Hand-drawn;Hex Grid;Logic;Puzzle;Relaxing;Singleplayer;Tabletop,😸 A portion of the profit from this game will be allocated to street cat rescue and support initiatives. 😻 Features: 🐾 50 handcrafted levels. ​🎵​ Original soundtrack. 🧶 5 different scenarios. 🐈 Cute cats. 🧩 Game experience designed for both think and relax.,"{""text_match"": 0.041998062, ""cosine_similarity"": 0.5819158, ""reranker_score"": -7.227361}"
2026-02-10T20:07:10+00:00,CORTEX_DB.RAW.CAT_GAMES_SVC_1_5,default,"digital board game: rescue cats tiles into a boat, strategy, sailing theme","digital board game: rescue cats tiles into a boat, strategy, sailing theme",[],,False,,,,keyword_focus,0.75,10,100,0,1022,1022,,01c25377-0005-0846-0001-397a0006e822,,61,61,,9e-06,9e-06,,9e-06,,,,,[],[],[],[],[],[],,,,,,,True,False,[],[],,,,[],[],,,,3,The Zwuggels - A Beach Holiday Adventure for Kids,0.7762065,2017,English;French;German;Italian;Polish;Portuguese - Brazil;Russian;Spanish - Spain,Family Sharing;Single-player;Steam Achievements,Adventure;Casual;Indie,Adventure;Cartoon;Cartoony;Casual;Colorful;Cute;Family Friendly;Female Protagonist;Fishing;Indie;Linear;Mouse only;Pirates;Point & Click;Relaxing;Singleplayer,"Let your kid ( 4 years and older ) join the Zwuggels on an amazing trip in this interactive Summer adventure. The children help the Zwuggels prepare for their trip to the beach for their summer vacation. Once landed on the tropical island, they quickly learn about the mysterious pirate cats and soon take part in an exciting treasure hunt! Winner of PAEDI 2016 Award for outstanding children's software (Munich, Germany). Concept qualified for funding by the State of Bavaria's Film Fund (FFF). The ","{""text_match"": 0.01625268, ""cosine_similarity"": 0.552413, ""reranker_score"": -8.895882}"
2026-02-10T20:07:10+00:00,CORTEX_DB.RAW.CAT_GAMES_SVC_1_5,default,"digital board game: rescue cats tiles into a boat, strategy, sailing theme","digital board game: rescue cats tiles into a boat, strategy, sailing theme",[],,False,,,,keyword_focus,0.75,10,100,0,1022,1022,,01c25377-0005-0846-0001-397a0006e822,,61,61,,9e-06,9e-06,,9e-06,,,,,[],[],[],[],[],[],,,,,,,True,False,[],[],,,,[],[],,,,4,Cat's Life Jigsaw Puzzles,0.76504737,2021,English,Family Sharing;Single-player,Casual;Indie;Strategy,2D;Board Game;Casual;Cats;Colorful;Cute;Education;Family Friendly;Funny;Hidden Object;Indie;Minimalist;Nature;Point & Click;Puzzle;Relaxing;Singleplayer;Strategy;Tabletop,"'Cats Life Jigsaw Puzzles' is a delightful and engaging puzzle game that invites players to immerse themselves in the charming world of cats. This game is not just about solving puzzles; it's about celebrating the whimsical and captivating life of our feline friends. Each puzzle brings to life a unique cat scene, allowing you to explore the diverse and enchanting world of cats in a fun and relaxing way. From playful kittens frolicking in the garden to majestic cats lounging in their elegant home","{""text_match"": 0.011617309, ""cosine_similarity"": 0.53009474, ""reranker_score"": -7.5030603}"
2026-02-10T20:07:10+00:00,CORTEX_DB.RAW.CAT_GAMES_SVC_1_5,default,"digital board game: rescue cats tiles into a boat, strategy, sailing theme","digital board game: rescue cats tiles into a boat, strategy, sailing theme",[],,False,,,,keyword_focus,0.75,10,100,0,1022,1022,,01c25377-0005-0846-0001-397a0006e822,,61,61,,9e-06,9e-06,,9e-06,,,,,[],[],[],[],[],[],,,,,,,True,False,[],[],,,,[],[],,,,5,Intelligence: Cats,0.76191365,2018,English,Family Sharing;Single-player;Steam Achievements,Indie,2D;Atmospheric;Card Game;Casual;Cats;Family Friendly;Indie;Logic;Puzzle;Relaxing;Retro;Simulation;Singleplayer;Tabletop,"Intelligence: Cats is a puzzle game in which you want to build an image (with cats) so that the picture was like the original image. Move the tiles of the puzzle wisely to collect the correct order of the pieces of images. The essence of the game as in the old game 'Fifteen' (15). The game will have 6 levels with a 3x3 field size, as well as 6 other levels with a 4x4 field size. Each level has a different image. The game contains images of twelve cats. Key game features: - 12 different levels - ","{""text_match"": 0.01304216, ""cosine_similarity"": 0.5238273, ""reranker_score"": -7.5040617}"
2026-02-10T20:07:10+00:00,CORTEX_DB.RAW.CAT_GAMES_SVC_1_5,default,"digital board game: rescue cats tiles into a boat, strategy, sailing theme","digital board game: rescue cats tiles into a boat, strategy, sailing theme",[],,False,,,,keyword_focus,0.75,10,100,0,1022,1022,,01c25377-0005-0846-0001-397a0006e822,,61,61,,9e-06,9e-06,,9e-06,,,,,[],[],[],[],[],[],,,,,,,True,False,[],[],,,,[],[],,,,6,1001 Jigsaw. Cute Cats 3,0.773454935,2023,English;French;German;Russian,Family Sharing;Single-player,Casual,2D;Casual;Hand-drawn;Puzzle;Realistic;Singleplayer;Tabletop,"Cute and clumsy cats on guard of your good mood! ''1001 Jigsaw. Cute Cats 3'' are ready to help you gain positive emotions! This is an easy to control game, where you can use hints to pass the level, take a short break, while saving the result, or choose a suitable level of difficulty, if the puzzle is not amenable to the first time. The game is thoroughly detailed, so it is suitable for all types of players. We'll be waiting for you in the world of amazing and charming seals! - 500 high quality","{""text_match"": 1.7311137e-07, ""cosine_similarity"": 0.54690987, ""reranker_score"": -9.383161}"
2026-02-10T20:07:10+00:00,CORTEX_DB.RAW.CAT_GAMES_SVC_1_5,default,"digital board game: rescue cats tiles into a boat, strategy, sailing theme","digital board game: rescue cats tiles into a boat, strategy, sailing theme",[],,False,,,,keyword_focus,0.75,10,100,0,1022,1022,,01c25377-0005-0846-0001-397a0006e822,,61,61,,9e-06,9e-06,,9e-06,,,,,[],[],[],[],[],[],,,,,,,True,False,[],[],,,,[],[],,,,7,Space Cats Tactics,0.76879257,2023,English;German;Japanese;Russian;Simplified Chinese;Traditional Chinese,Captions available;Family Sharing;Full controller support;Single-player;Steam Achievements,Indie;RPG;Strategy,Base-Building;Cats;Character Customization;Cute;Cyberpunk;Exploration;Funny;Military;RPG;Sci-fi;Space;Space Sim;Story Rich;Strategy;Tactical RPG;Top-Down;Turn-Based;Turn-Based Combat;Turn-Based Strategy;Turn-Based Tactics,"Join my Discord: Made by a solo developer, Space Cats Tactics brings together the nerve-wracking battles of turn-based strategy games and the powerful epic stories of space opera. Combining grid- and turn-based tactical combat (as seen in games like XCOM and Divinity: Original Sin) and inside-ship crew management (like in games such as FTL and Star Command Galaxies), in Space Cats Tactics you will have to be on your toes and think every step very carefully! KEY FEATURES Fight nerve-wracking spac","{""text_match"": 0.0034272668, ""cosine_similarity"": 0.53758514, ""reranker_score"": -8.893279}"
2026-02-10T20:07:10+00:00,CORTEX_DB.RAW.CAT_GAMES_SVC_1_5,default,"digital board game: rescue cats tiles into a boat, strategy, sailing theme","digital board game: rescue cats tiles into a boat, strategy, sailing theme",[],,False,,,,keyword_focus,0.75,10,100,0,1022,1022,,01c25377-0005-0846-0001-397a0006e822,,61,61,,9e-06,9e-06,,9e-06,,,,,[],[],[],[],[],[],,,,,,,True,False,[],[],,,,[],[],,,,8,Push The Cat with WASD,0.76397735,2024,English;Japanese;Simplified Chinese;Traditional Chinese,Family Sharing;Partial Controller Support;Single-player;Steam Achievements,Casual;Indie,2D;Casual;Cats;Cute;Difficult;Drama;Emotional;Indie;Interactive Fiction;Logic;Memes;Minimalist;Narration;Narrative;Puzzle;Relaxing;Singleplayer;Sokoban;Text-Based;Word Game,"The 'story' and 'texts' are puzzle! This is a cat puzzle game where you use 'text' to push the cat. If letter WASD appears in the text, you can push it! You need to push the cat to the goal. About the Puzzle Don't worry if you can't solve the puzzle. There are in-game hints and solutions. If you like to solve very difficult puzzles, there are 13 extra challenge levels for you to solve! These levels are intricately crafted with heart and soul. About the Story Do You push cats often? Cat pushing e","{""text_match"": 0.0042977524, ""cosine_similarity"": 0.5279547, ""reranker_score"": -8.7402935}"
2026-02-10T20:07:10+00:00,CORTEX_DB.RAW.CAT_GAMES_SVC_1_5,default,"digital board game: rescue cats tiles into a boat, strategy, sailing theme","digital board game: rescue cats tiles into a boat, strategy, sailing theme",[],,False,,,,keyword_focus,0.75,10,100,0,1022,1022,,01c25377-0005-0846-0001-397a0006e822,,61,61,,9e-06,9e-06,,9e-06,,,,,[],[],[],[],[],[],,,,,,,True,False,[],[],,,,[],[],,,,9,Find Cats With Friends,0.7581685,2024,English,Co-op;Family Sharing;LAN Co-op;Multi-player;Online Co-op;Single-player;Steam Achievements,Casual;Indie;Simulation,3D;Casual;Cats;Co-op;Co-op Campaign;Creature Collector;Cute;Family Friendly;First-Person;Indie;Multiplayer;Parkour;Pirates;Simulation;Singleplayer;Third Person;Walking Simulator,"Gather your friends and embark on an exhilarating adventure to a mysterious island where the law is set by the cozy purring creatures – cats ! You are brave pirates who accidentally found yourselves on this enigmatic island, and now your team must collect a very unusual loot: a hundred mischievous kitties. In Find Cats With Friends your main goal is to collect each of the one hundred cats scattered throughout the island and bring them to the specially designated spot – the cat box. However, pira","{""text_match"": 0.0015647906, ""cosine_similarity"": 0.516337, ""reranker_score"": -7.8961706}"
2026-02-10T20:07:10+00:00,CORTEX_DB.RAW.CAT_GAMES_SVC_1_5,default,"digital board game: rescue cats tiles into a boat, strategy, sailing theme","digital board game: rescue cats tiles into a boat, strategy, sailing theme",[],,False,,,,keyword_focus,0.75,10,100,0,1022,1022,,01c25377-0005-0846-0001-397a0006e822,,61,61,,9e-06,9e-06,,9e-06,,,,,[],[],[],[],[],[],,,,,,,True,False,[],[],,,,[],[],,,,10,Another Cat in Dungeons,0.76481807,2021,English,Family Sharing;Single-player;Steam Achievements,Casual;Indie;Strategy,3D;Atmospheric;Board Game;Casual;Cats;Cute;Indie;Logic;Minimalist;Mystery Dungeon;Puzzle;Relaxing;Singleplayer;Strategy,"Another Cat in Dungeons is a sequence from A Cat in Dungeons. It's puzzle game where you need to find the best path to the goal, walking trough turnable tabletops. Each level contains different obstacles and puzzles, including teleports and mechanisms. Features Turnable Tabletop : don't you know how to escape? Try to turn the tabletop! Challenge levels Solve riddles to avoid falling grounds Use teleports Use mechanisms to unlock doors and gates","{""text_match"": 0.010785926, ""cosine_similarity"": 0.52963614, ""reranker_score"": -9.138834}"
2026-02-10T20:07:12+00:00,CORTEX_DB.RAW.CAT_GAMES_SVC_1_5,default,"digital board game: rescue cats tiles into a boat, strategy, sailing theme","digital board game: rescue cats tiles into a boat, strategy, sailing theme",[],,False,,,,semantic_focus,0.3,10,100,0,1126,1126,,01c25377-0005-0847-0001-397a0006cae6,,56,56,,8e-06,8e-06,,8e-06,,,,,[],[],[],[],[],[],,,,,,,True,False,[],[],,,,[],[],,,,1,The Isle of Cats,0.798218965,2025,English;French;Italian;Spanish - Latin America;Spanish - Spain,Family Sharing;Full controller support;Multi-player;Online PvP;PvP;Shared/Split Screen;Shared/Split Screen PvP;Single-player;Steam Achievements;Steam Turn Notifications,Strategy,2.5D;Asynchronous Multiplayer;Board Game;Cartoon;Cats;Colorful;Cute;Family Friendly;Fishing;Hand-drawn;Multiplayer;PvE;PvP;Sailing;Singleplayer;Strategy;Top-Down,"Citizens of Squall’s End! Lookouts have spotted the sails of the evil Lord Vesh on the horizon! We must save the Isle of Cats before he arrives! The Isle of Cats is a competitive board game race to save a colorful collection of cats, scoring points based on how well you settle them into your personal rescue boat. Each cat comes on a unique tile and belongs to a family of cats of its color. You must find an arrangement to fit them in your boat, while keeping families together and managing your re","{""text_match"": 0.08014313, ""cosine_similarity"": 0.59643793, ""reranker_score"": -1.3845835}"
2026-02-10T20:07:12+00:00,CORTEX_DB.RAW.CAT_GAMES_SVC_1_5,default,"digital board game: rescue cats tiles into a boat, strategy, sailing theme","digital board game: rescue cats tiles into a boat, strategy, sailing theme",[],,False,,,,semantic_focus,0.3,10,100,0,1126,1126,,01c25377-0005-0847-0001-397a0006cae6,,56,56,,8e-06,8e-06,,8e-06,,,,,[],[],[],[],[],[],,,,,,,True,False,[],[],,,,[],[],,,,2,Hex Cats,0.7909579,2023,English,Family Sharing;Single-player;Steam Achievements;Steam Cloud,Casual,Board Game;Cartoon;Cartoony;Casual;Cats;Colorful;Cozy;Cute;Family Friendly;Hand-drawn;Hex Grid;Logic;Puzzle;Relaxing;Singleplayer;Tabletop,😸 A portion of the profit from this game will be allocated to street cat rescue and support initiatives. 😻 Features: 🐾 50 handcrafted levels. ​🎵​ Original soundtrack. 🧶 5 different scenarios. 🐈 Cute cats. 🧩 Game experience designed for both think and relax.,"{""text_match"": 0.041998062, ""cosine_similarity"": 0.5819158, ""reranker_score"": -7.227361}"
2026-02-10T20:07:12+00:00,CORTEX_DB.RAW.CAT_GAMES_SVC_1_5,default,"digital board game: rescue cats tiles into a boat, strategy, sailing theme","digital board game: rescue cats tiles into a boat, strategy, sailing theme",[],,False,,,,semantic_focus,0.3,10,100,0,1126,1126,,01c25377-0005-0847-0001-397a0006cae6,,56,56,,8e-06,8e-06,,8e-06,,,,,[],[],[],[],[],[],,,,,,,True,False,[],[],,,,[],[],,,,3,The Zwuggels - A Beach Holiday Adventure for Kids,0.7762065,2017,English;French;German;Italian;Polish;Portuguese - Brazil;Russian;Spanish - Spain,Family Sharing;Single-player;Steam Achievements,Adventure;Casual;Indie,Adventure;Cartoon;Cartoony;Casual;Colorful;Cute;Family Friendly;Female Protagonist;Fishing;Indie;Linear;Mouse only;Pirates;Point & Click;Relaxing;Singleplayer,"Let your kid ( 4 years and older ) join the Zwuggels on an amazing trip in this interactive Summer adventure. The children help the Zwuggels prepare for their trip to the beach for their summer vacation. Once landed on the tropical island, they quickly learn about the mysterious pirate cats and soon take part in an exciting treasure hunt! Winner of PAEDI 2016 Award for outstanding children's software (Munich, Germany). Concept qualified for funding by the State of Bavaria's Film Fund (FFF). The ","{""text_match"": 0.01625268, ""cosine_similarity"": 0.552413, ""reranker_score"": -8.895882}"
2026-02-10T20:07:12+00:00,CORTEX_DB.RAW.CAT_GAMES_SVC_1_5,default,"digital board game: rescue cats tiles into a boat, strategy, sailing theme","digital board game: rescue cats tiles into a boat, strategy, sailing theme",[],,False,,,,semantic_focus,0.3,10,100,0,1126,1126,,01c25377-0005-0847-0001-397a0006cae6,,56,56,,8e-06,8e-06,,8e-06,,,,,[],[],[],[],[],[],,,,,,,True,False,[],[],,,,[],[],,,,4,Cat's Life Jigsaw Puzzles,0.76504737,2021,English,Family Sharing;Single-player,Casual;Indie;Strategy,2D;Board Game;Casual;Cats;Colorful;Cute;Education;Family Friendly;Funny;Hidden Object;Indie;Minimalist;Nature;Point & Click;Puzzle;Relaxing;Singleplayer;Strategy;Tabletop,"'Cats Life Jigsaw Puzzles' is a delightful and engaging puzzle game that invites players to immerse themselves in the charming world of cats. This game is not just about solving puzzles; it's about celebrating the whimsical and captivating life of our feline friends. Each puzzle brings to life a unique cat scene, allowing you to explore the diverse and enchanting world of cats in a fun and relaxing way. From playful kittens frolicking in the garden to majestic cats lounging in their elegant home","{""text_match"": 0.011617309, ""cosine_similarity"": 0.53009474, ""reranker_score"": -7.5030603}"
2026-02-10T20:07:12+00:00,CORTEX_DB.RAW.CAT_GAMES_SVC_1_5,default,"digital board game: rescue cats tiles into a boat, strategy, sailing theme","digital board game: rescue cats tiles into a boat, strategy, sailing theme",[],,False,,,,semantic_focus,0.3,10,100,0,1126,1126,,01c25377-0005-0847-0001-397a0006cae6,,56,56,,8e-06,8e-06,,8e-06,,,,,[],[],[],[],[],[],,,,,,,True,False,[],[],,,,[],[],,,,5,Intelligence: Cats,0.76191365,2018,English,Family Sharing;Single-player;Steam Achievements,Indie,2D;Atmospheric;Card Game;Casual;Cats;Family Friendly;Indie;Logic;Puzzle;Relaxing;Retro;Simulation;Singleplayer;Tabletop,"Intelligence: Cats is a puzzle game in which you want to build an image (with cats) so that the picture was like the original image. Move the tiles of the puzzle wisely to collect the correct order of the pieces of images. The essence of the game as in the old game 'Fifteen' (15). The game will have 6 levels with a 3x3 field size, as well as 6 other levels with a 4x4 field size. Each level has a different image. The game contains images of twelve cats. Key game features: - 12 different levels - ","{""text_match"": 0.01304216, ""cosine_similarity"": 0.5238273, ""reranker_score"": -7.5040617}"
2026-02-10T20:07:12+00:00,CORTEX_DB.RAW.CAT_GAMES_SVC_1_5,default,"digital board game: rescue cats tiles into a boat, strategy, sailing theme","digital board game: rescue cats tiles into a boat, strategy, sailing theme",[],,False,,,,semantic_focus,0.3,10,100,0,1126,1126,,01c25377-0005-0847-0001-397a0006cae6,,56,56,,8e-06,8e-06,,8e-06,,,,,[],[],[],[],[],[],,,,,,,True,False,[],[],,,,[],[],,,,6,1001 Jigsaw. Cute Cats 3,0.773454935,2023,English;French;German;Russian,Family Sharing;Single-player,Casual,2D;Casual;Hand-drawn;Puzzle;Realistic;Singleplayer;Tabletop,"Cute and clumsy cats on guard of your good mood! ''1001 Jigsaw. Cute Cats 3'' are ready to help you gain positive emotions! This is an easy to control game, where you can use hints to pass the level, take a short break, while saving the result, or choose a suitable level of difficulty, if the puzzle is not amenable to the first time. The game is thoroughly detailed, so it is suitable for all types of players. We'll be waiting for you in the world of amazing and charming seals! - 500 high quality","{""text_match"": 1.7311137e-07, ""cosine_similarity"": 0.54690987, ""reranker_score"": -9.383161}"
2026-02-10T20:07:12+00:00,CORTEX_DB.RAW.CAT_GAMES_SVC_1_5,default,"digital board game: rescue cats tiles into a boat, strategy, sailing theme","digital board game: rescue cats tiles into a boat, strategy, sailing theme",[],,False,,,,semantic_focus,0.3,10,100,0,1126,1126,,01c25377-0005-0847-0001-397a0006cae6,,56,56,,8e-06,8e-06,,8e-06,,,,,[],[],[],[],[],[],,,,,,,True,False,[],[],,,,[],[],,,,7,Space Cats Tactics,0.76879257,2023,English;German;Japanese;Russian;Simplified Chinese;Traditional Chinese,Captions available;Family Sharing;Full controller support;Single-player;Steam Achievements,Indie;RPG;Strategy,Base-Building;Cats;Character Customization;Cute;Cyberpunk;Exploration;Funny;Military;RPG;Sci-fi;Space;Space Sim;Story Rich;Strategy;Tactical RPG;Top-Down;Turn-Based;Turn-Based Combat;Turn-Based Strategy;Turn-Based Tactics,"Join my Discord: Made by a solo developer, Space Cats Tactics brings together the nerve-wracking battles of turn-based strategy games and the powerful epic stories of space opera. Combining grid- and turn-based tactical combat (as seen in games like XCOM and Divinity: Original Sin) and inside-ship crew management (like in games such as FTL and Star Command Galaxies), in Space Cats Tactics you will have to be on your toes and think every step very carefully! KEY FEATURES Fight nerve-wracking spac","{""text_match"": 0.0034272668, ""cosine_similarity"": 0.53758514, ""reranker_score"": -8.893279}"
2026-02-10T20:07:12+00:00,CORTEX_DB.RAW.CAT_GAMES_SVC_1_5,default,"digital board game: rescue cats tiles into a boat, strategy, sailing theme","digital board game: rescue cats tiles into a boat, strategy, sailing theme",[],,False,,,,semantic_focus,0.3,10,100,0,1126,1126,,01c25377-0005-0847-0001-397a0006cae6,,56,56,,8e-06,8e-06,,8e-06,,,,,[],[],[],[],[],[],,,,,,,True,False,[],[],,,,[],[],,,,8,Push The Cat with WASD,0.76397735,2024,English;Japanese;Simplified Chinese;Traditional Chinese,Family Sharing;Partial Controller Support;Single-player;Steam Achievements,Casual;Indie,2D;Casual;Cats;Cute;Difficult;Drama;Emotional;Indie;Interactive Fiction;Logic;Memes;Minimalist;Narration;Narrative;Puzzle;Relaxing;Singleplayer;Sokoban;Text-Based;Word Game,"The 'story' and 'texts' are puzzle! This is a cat puzzle game where you use 'text' to push the cat. If letter WASD appears in the text, you can push it! You need to push the cat to the goal. About the Puzzle Don't worry if you can't solve the puzzle. There are in-game hints and solutions. If you like to solve very difficult puzzles, there are 13 extra challenge levels for you to solve! These levels are intricately crafted with heart and soul. About the Story Do You push cats often? Cat pushing e","{""text_match"": 0.0042977524, ""cosine_similarity"": 0.5279547, ""reranker_score"": -8.7402935}"
2026-02-10T20:07:12+00:00,CORTEX_DB.RAW.CAT_GAMES_SVC_1_5,default,"digital board game: rescue cats tiles into a boat, strategy, sailing theme","digital board game: rescue cats tiles into a boat, strategy, sailing theme",[],,False,,,,semantic_focus,0.3,10,100,0,1126,1126,,01c25377-0005-0847-0001-397a0006cae6,,56,56,,8e-06,8e-06,,8e-06,,,,,[],[],[],[],[],[],,,,,,,True,False,[],[],,,,[],[],,,,9,Find Cats With Friends,0.7581685,2024,English,Co-op;Family Sharing;LAN Co-op;Multi-player;Online Co-op;Single-player;Steam Achievements,Casual;Indie;Simulation,3D;Casual;Cats;Co-op;Co-op Campaign;Creature Collector;Cute;Family Friendly;First-Person;Indie;Multiplayer;Parkour;Pirates;Simulation;Singleplayer;Third Person;Walking Simulator,"Gather your friends and embark on an exhilarating adventure to a mysterious island where the law is set by the cozy purring creatures – cats ! You are brave pirates who accidentally found yourselves on this enigmatic island, and now your team must collect a very unusual loot: a hundred mischievous kitties. In Find Cats With Friends your main goal is to collect each of the one hundred cats scattered throughout the island and bring them to the specially designated spot – the cat box. However, pira","{""text_match"": 0.0015647906, ""cosine_similarity"": 0.516337, ""reranker_score"": -7.8961706}"
2026-02-10T20:07:12+00:00,CORTEX_DB.RAW.CAT_GAMES_SVC_1_5,default,"digital board game: rescue cats tiles into a boat, strategy, sailing theme","digital board game: rescue cats tiles into a boat, strategy, sailing theme",[],,False,,,,semantic_focus,0.3,10,100,0,1126,1126,,01c25377-0005-0847-0001-397a0006cae6,,56,56,,8e-06,8e-06,,8e-06,,,,,[],[],[],[],[],[],,,,,,,True,False,[],[],,,,[],[],,,,10,Another Cat in Dungeons,0.76481807,2021,English,Family Sharing;Single-player;Steam Achievements,Casual;Indie;Strategy,3D;Atmospheric;Board Game;Casual;Cats;Cute;Indie;Logic;Minimalist;Mystery Dungeon;Puzzle;Relaxing;Singleplayer;Strategy,"Another Cat in Dungeons is a sequence from A Cat in Dungeons. It's puzzle game where you need to find the best path to the goal, walking trough turnable tabletops. Each level contains different obstacles and puzzles, including teleports and mechanisms. Features Turnable Tabletop : don't you know how to escape? Try to turn the tabletop! Challenge levels Solve riddles to avoid falling grounds Use teleports Use mechanisms to unlock doors and gates","{""text_match"": 0.010785926, ""cosine_similarity"": 0.52963614, ""reranker_score"": -9.138834}"
2026-02-10T20:07:13+00:00,CORTEX_DB.RAW.CAT_GAMES_SVC_1_5,default,"digital board game: rescue cats tiles into a boat, strategy, sailing theme","digital board game: rescue cats tiles into a boat, strategy, sailing theme",[],,False,,,,semantic_focus,0.65,10,100,0,1078,1078,,01c25377-0005-0843-0001-397a0006d502,,62,62,,9e-06,9e-06,,9e-06,,,,,[],[],[],[],[],[],,,,,,,True,False,[],[],,,,[],[],,,,1,The Isle of Cats,0.798218965,2025,English;French;Italian;Spanish - Latin America;Spanish - Spain,Family Sharing;Full controller support;Multi-player;Online PvP;PvP;Shared/Split Screen;Shared/Split Screen PvP;Single-player;Steam Achievements;Steam Turn Notifications,Strategy,2.5D;Asynchronous Multiplayer;Board Game;Cartoon;Cats;Colorful;Cute;Family Friendly;Fishing;Hand-drawn;Multiplayer;PvE;PvP;Sailing;Singleplayer;Strategy;Top-Down,"Citizens of Squall’s End! Lookouts have spotted the sails of the evil Lord Vesh on the horizon! We must save the Isle of Cats before he arrives! The Isle of Cats is a competitive board game race to save a colorful collection of cats, scoring points based on how well you settle them into your personal rescue boat. Each cat comes on a unique tile and belongs to a family of cats of its color. You must find an arrangement to fit them in your boat, while keeping families together and managing your re","{""text_match"": 0.08014313, ""cosine_similarity"": 0.59643793, ""reranker_score"": -1.3845835}"
2026-02-10T20:07:13+00:00,CORTEX_DB.RAW.CAT_GAMES_SVC_1_5,default,"digital board game: rescue cats tiles into a boat, strategy, sailing theme","digital board game: rescue cats tiles into a boat, strategy, sailing theme",[],,False,,,,semantic_focus,0.65,10,100,0,1078,1078,,01c25377-0005-0843-0001-397a0006d502,,62,62,,9e-06,9e-06,,9e-06,,,,,[],[],[],[],[],[],,,,,,,True,False,[],[],,,,[],[],,,,2,Hex Cats,0.7909579,2023,English,Family Sharing;Single-player;Steam Achievements;Steam Cloud,Casual,Board Game;Cartoon;Cartoony;Casual;Cats;Colorful;Cozy;Cute;Family Friendly;Hand-drawn;Hex Grid;Logic;Puzzle;Relaxing;Singleplayer;Tabletop,😸 A portion of the profit from this game will be allocated to street cat rescue and support initiatives. 😻 Features: 🐾 50 handcrafted levels. ​🎵​ Original soundtrack. 🧶 5 different scenarios. 🐈 Cute cats. 🧩 Game experience designed for both think and relax.,"{""text_match"": 0.041998062, ""cosine_similarity"": 0.5819158, ""reranker_score"": -7.227361}"
2026-02-10T20:07:13+00:00,CORTEX_DB.RAW.CAT_GAMES_SVC_1_5,default,"digital board game: rescue cats tiles into a boat, strategy, sailing theme","digital board game: rescue cats tiles into a boat, strategy, sailing theme",[],,False,,,,semantic_focus,0.65,10,100,0,1078,1078,,01c25377-0005-0843-0001-397a0006d502,,62,62,,9e-06,9e-06,,9e-06,,,,,[],[],[],[],[],[],,,,,,,True,False,[],[],,,,[],[],,,,3,The Zwuggels - A Beach Holiday Adventure for Kids,0.7762065,2017,English;French;German;Italian;Polish;Portuguese - Brazil;Russian;Spanish - Spain,Family Sharing;Single-player;Steam Achievements,Adventure;Casual;Indie,Adventure;Cartoon;Cartoony;Casual;Colorful;Cute;Family Friendly;Female Protagonist;Fishing;Indie;Linear;Mouse only;Pirates;Point & Click;Relaxing;Singleplayer,"Let your kid ( 4 years and older ) join the Zwuggels on an amazing trip in this interactive Summer adventure. The children help the Zwuggels prepare for their trip to the beach for their summer vacation. Once landed on the tropical island, they quickly learn about the mysterious pirate cats and soon take part in an exciting treasure hunt! Winner of PAEDI 2016 Award for outstanding children's software (Munich, Germany). Concept qualified for funding by the State of Bavaria's Film Fund (FFF). The ","{""text_match"": 0.01625268, ""cosine_similarity"": 0.552413, ""reranker_score"": -8.895882}"
2026-02-10T20:07:13+00:00,CORTEX_DB.RAW.CAT_GAMES_SVC_1_5,default,"digital board game: rescue cats tiles into a boat, strategy, sailing theme","digital board game: rescue cats tiles into a boat, strategy, sailing theme",[],,False,,,,semantic_focus,0.65,10,100,0,1078,1078,,01c25377-0005-0843-0001-397a0006d502,,62,62,,9e-06,9e-06,,9e-06,,,,,[],[],[],[],[],[],,,,,,,True,False,[],[],,,,[],[],,,,4,Cat's Life Jigsaw Puzzles,0.76504737,2021,English,Family Sharing;Single-player,Casual;Indie;Strategy,2D;Board Game;Casual;Cats;Colorful;Cute;Education;Family Friendly;Funny;Hidden Object;Indie;Minimalist;Nature;Point & Click;Puzzle;Relaxing;Singleplayer;Strategy;Tabletop,"'Cats Life Jigsaw Puzzles' is a delightful and engaging puzzle game that invites players to immerse themselves in the charming world of cats. This game is not just about solving puzzles; it's about celebrating the whimsical and captivating life of our feline friends. Each puzzle brings to life a unique cat scene, allowing you to explore the diverse and enchanting world of cats in a fun and relaxing way. From playful kittens frolicking in the garden to majestic cats lounging in their elegant home","{""text_match"": 0.011617309, ""cosine_similarity"": 0.53009474, ""reranker_score"": -7.5030603}"
2026-02-10T20:07:13+00:00,CORTEX_DB.RAW.CAT_GAMES_SVC_1_5,default,"digital board game: rescue cats tiles into a boat, strategy, sailing theme","digital board game: rescue cats tiles into a boat, strategy, sailing theme",[],,False,,,,semantic_focus,0.65,10,100,0,1078,1078,,01c25377-0005-0843-0001-397a0006d502,,62,62,,9e-06,9e-06,,9e-06,,,,,[],[],[],[],[],[],,,,,,,True,False,[],[],,,,[],[],,,,5,Intelligence: Cats,0.76191365,2018,English,Family Sharing;Single-player;Steam Achievements,Indie,2D;Atmospheric;Card Game;Casual;Cats;Family Friendly;Indie;Logic;Puzzle;Relaxing;Retro;Simulation;Singleplayer;Tabletop,"Intelligence: Cats is a puzzle game in which you want to build an image (with cats) so that the picture was like the original image. Move the tiles of the puzzle wisely to collect the correct order of the pieces of images. The essence of the game as in the old game 'Fifteen' (15). The game will have 6 levels with a 3x3 field size, as well as 6 other levels with a 4x4 field size. Each level has a different image. The game contains images of twelve cats. Key game features: - 12 different levels - ","{""text_match"": 0.01304216, ""cosine_similarity"": 0.5238273, ""reranker_score"": -7.5040617}"
2026-02-10T20:07:13+00:00,CORTEX_DB.RAW.CAT_GAMES_SVC_1_5,default,"digital board game: rescue cats tiles into a boat, strategy, sailing theme","digital board game: rescue cats tiles into a boat, strategy, sailing theme",[],,False,,,,semantic_focus,0.65,10,100,0,1078,1078,,01c25377-0005-0843-0001-397a0006d502,,62,62,,9e-06,9e-06,,9e-06,,,,,[],[],[],[],[],[],,,,,,,True,False,[],[],,,,[],[],,,,6,1001 Jigsaw. Cute Cats 3,0.773454935,2023,English;French;German;Russian,Family Sharing;Single-player,Casual,2D;Casual;Hand-drawn;Puzzle;Realistic;Singleplayer;Tabletop,"Cute and clumsy cats on guard of your good mood! ''1001 Jigsaw. Cute Cats 3'' are ready to help you gain positive emotions! This is an easy to control game, where you can use hints to pass the level, take a short break, while saving the result, or choose a suitable level of difficulty, if the puzzle is not amenable to the first time. The game is thoroughly detailed, so it is suitable for all types of players. We'll be waiting for you in the world of amazing and charming seals! - 500 high quality","{""text_match"": 1.7311137e-07, ""cosine_similarity"": 0.54690987, ""reranker_score"": -9.383161}"
2026-02-10T20:07:13+00:00,CORTEX_DB.RAW.CAT_GAMES_SVC_1_5,default,"digital board game: rescue cats tiles into a boat, strategy, sailing theme","digital board game: rescue cats tiles into a boat, strategy, sailing theme",[],,False,,,,semantic_focus,0.65,10,100,0,1078,1078,,01c25377-0005-0843-0001-397a0006d502,,62,62,,9e-06,9e-06,,9e-06,,,,,[],[],[],[],[],[],,,,,,,True,False,[],[],,,,[],[],,,,7,Space Cats Tactics,0.76879257,2023,English;German;Japanese;Russian;Simplified Chinese;Traditional Chinese,Captions available;Family Sharing;Full controller support;Single-player;Steam Achievements,Indie;RPG;Strategy,Base-Building;Cats;Character Customization;Cute;Cyberpunk;Exploration;Funny;Military;RPG;Sci-fi;Space;Space Sim;Story Rich;Strategy;Tactical RPG;Top-Down;Turn-Based;Turn-Based Combat;Turn-Based Strategy;Turn-Based Tactics,"Join my Discord: Made by a solo developer, Space Cats Tactics brings together the nerve-wracking battles of turn-based strategy games and the powerful epic stories of space opera. Combining grid- and turn-based tactical combat (as seen in games like XCOM and Divinity: Original Sin) and inside-ship crew management (like in games such as FTL and Star Command Galaxies), in Space Cats Tactics you will have to be on your toes and think every step very carefully! KEY FEATURES Fight nerve-wracking spac","{""text_match"": 0.0034272668, ""cosine_similarity"": 0.53758514, ""reranker_score"": -8.893279}"
2026-02-10T20:07:13+00:00,CORTEX_DB.RAW.CAT_GAMES_SVC_1_5,default,"digital board game: rescue cats tiles into a boat, strategy, sailing theme","digital board game: rescue cats tiles into a boat, strategy, sailing theme",[],,False,,,,semantic_focus,0.65,10,100,0,1078,1078,,01c25377-0005-0843-0001-397a0006d502,,62,62,,9e-06,9e-06,,9e-06,,,,,[],[],[],[],[],[],,,,,,,True,False,[],[],,,,[],[],,,,8,Push The Cat with WASD,0.76397735,2024,English;Japanese;Simplified Chinese;Traditional Chinese,Family Sharing;Partial Controller Support;Single-player;Steam Achievements,Casual;Indie,2D;Casual;Cats;Cute;Difficult;Drama;Emotional;Indie;Interactive Fiction;Logic;Memes;Minimalist;Narration;Narrative;Puzzle;Relaxing;Singleplayer;Sokoban;Text-Based;Word Game,"The 'story' and 'texts' are puzzle! This is a cat puzzle game where you use 'text' to push the cat. If letter WASD appears in the text, you can push it! You need to push the cat to the goal. About the Puzzle Don't worry if you can't solve the puzzle. There are in-game hints and solutions. If you like to solve very difficult puzzles, there are 13 extra challenge levels for you to solve! These levels are intricately crafted with heart and soul. About the Story Do You push cats often? Cat pushing e","{""text_match"": 0.0042977524, ""cosine_similarity"": 0.5279547, ""reranker_score"": -8.7402935}"
2026-02-10T20:07:13+00:00,CORTEX_DB.RAW.CAT_GAMES_SVC_1_5,default,"digital board game: rescue cats tiles into a boat, strategy, sailing theme","digital board game: rescue cats tiles into a boat, strategy, sailing theme",[],,False,,,,semantic_focus,0.65,10,100,0,1078,1078,,01c25377-0005-0843-0001-397a0006d502,,62,62,,9e-06,9e-06,,9e-06,,,,,[],[],[],[],[],[],,,,,,,True,False,[],[],,,,[],[],,,,9,Find Cats With Friends,0.7581685,2024,English,Co-op;Family Sharing;LAN Co-op;Multi-player;Online Co-op;Single-player;Steam Achievements,Casual;Indie;Simulation,3D;Casual;Cats;Co-op;Co-op Campaign;Creature Collector;Cute;Family Friendly;First-Person;Indie;Multiplayer;Parkour;Pirates;Simulation;Singleplayer;Third Person;Walking Simulator,"Gather your friends and embark on an exhilarating adventure to a mysterious island where the law is set by the cozy purring creatures – cats ! You are brave pirates who accidentally found yourselves on this enigmatic island, and now your team must collect a very unusual loot: a hundred mischievous kitties. In Find Cats With Friends your main goal is to collect each of the one hundred cats scattered throughout the island and bring them to the specially designated spot – the cat box. However, pira","{""text_match"": 0.0015647906, ""cosine_similarity"": 0.516337, ""reranker_score"": -7.8961706}"
2026-02-10T20:07:13+00:00,CORTEX_DB.RAW.CAT_GAMES_SVC_1_5,default,"digital board game: rescue cats tiles into a boat, strategy, sailing theme","digital board game: rescue cats tiles into a boat, strategy, sailing theme",[],,False,,,,semantic_focus,0.65,10,100,0,1078,1078,,01c25377-0005-0843-0001-397a0006d502,,62,62,,9e-06,9e-06,,9e-06,,,,,[],[],[],[],[],[],,,,,,,True,False,[],[],,,,[],[],,,,10,Another Cat in Dungeons,0.76481807,2021,English,Family Sharing;Single-player;Steam Achievements,Casual;Indie;Strategy,3D;Atmospheric;Board Game;Casual;Cats;Cute;Indie;Logic;Minimalist;Mystery Dungeon;Puzzle;Relaxing;Singleplayer;Strategy,"Another Cat in Dungeons is a sequence from A Cat in Dungeons. It's puzzle game where you need to find the best path to the goal, walking trough turnable tabletops. Each level contains different obstacles and puzzles, including teleports and mechanisms. Features Turnable Tabletop : don't you know how to escape? Try to turn the tabletop! Challenge levels Solve riddles to avoid falling grounds Use teleports Use mechanisms to unlock doors and gates","{""text_match"": 0.010785926, ""cosine_similarity"": 0.52963614, ""reranker_score"": -9.138834}"
2026-02-10T20:07:14+00:00,CORTEX_DB.RAW.CAT_GAMES_SVC_1_5,default,"digital board game: rescue cats tiles into a boat, strategy, sailing theme","digital board game: rescue cats tiles into a boat, strategy, sailing theme",[],,False,,,,semantic_focus,0.75,10,100,0,1072,1072,,01c25377-0005-0864-0001-397a0006ba2e,,41,41,,6e-06,6e-06,,6e-06,,,,,[],[],[],[],[],[],,,,,,,True,False,[],[],,,,[],[],,,,1,The Isle of Cats,0.798218965,2025,English;French;Italian;Spanish - Latin America;Spanish - Spain,Family Sharing;Full controller support;Multi-player;Online PvP;PvP;Shared/Split Screen;Shared/Split Screen PvP;Single-player;Steam Achievements;Steam Turn Notifications,Strategy,2.5D;Asynchronous Multiplayer;Board Game;Cartoon;Cats;Colorful;Cute;Family Friendly;Fishing;Hand-drawn;Multiplayer;PvE;PvP;Sailing;Singleplayer;Strategy;Top-Down,"Citizens of Squall’s End! Lookouts have spotted the sails of the evil Lord Vesh on the horizon! We must save the Isle of Cats before he arrives! The Isle of Cats is a competitive board game race to save a colorful collection of cats, scoring points based on how well you settle them into your personal rescue boat. Each cat comes on a unique tile and belongs to a family of cats of its color. You must find an arrangement to fit them in your boat, while keeping families together and managing your re","{""text_match"": 0.08014313, ""cosine_similarity"": 0.59643793, ""reranker_score"": -1.3845835}"
2026-02-10T20:07:14+00:00,CORTEX_DB.RAW.CAT_GAMES_SVC_1_5,default,"digital board game: rescue cats tiles into a boat, strategy, sailing theme","digital board game: rescue cats tiles into a boat, strategy, sailing theme",[],,False,,,,semantic_focus,0.75,10,100,0,1072,1072,,01c25377-0005-0864-0001-397a0006ba2e,,41,41,,6e-06,6e-06,,6e-06,,,,,[],[],[],[],[],[],,,,,,,True,False,[],[],,,,[],[],,,,2,Hex Cats,0.7909579,2023,English,Family Sharing;Single-player;Steam Achievements;Steam Cloud,Casual,Board Game;Cartoon;Cartoony;Casual;Cats;Colorful;Cozy;Cute;Family Friendly;Hand-drawn;Hex Grid;Logic;Puzzle;Relaxing;Singleplayer;Tabletop,😸 A portion of the profit from this game will be allocated to street cat rescue and support initiatives. 😻 Features: 🐾 50 handcrafted levels. ​🎵​ Original soundtrack. 🧶 5 different scenarios. 🐈 Cute cats. 🧩 Game experience designed for both think and relax.,"{""text_match"": 0.041998062, ""cosine_similarity"": 0.5819158, ""reranker_score"": -7.227361}"
2026-02-10T20:07:14+00:00,CORTEX_DB.RAW.CAT_GAMES_SVC_1_5,default,"digital board game: rescue cats tiles into a boat, strategy, sailing theme","digital board game: rescue cats tiles into a boat, strategy, sailing theme",[],,False,,,,semantic_focus,0.75,10,100,0,1072,1072,,01c25377-0005-0864-0001-397a0006ba2e,,41,41,,6e-06,6e-06,,6e-06,,,,,[],[],[],[],[],[],,,,,,,True,False,[],[],,,,[],[],,,,3,The Zwuggels - A Beach Holiday Adventure for Kids,0.7762065,2017,English;French;German;Italian;Polish;Portuguese - Brazil;Russian;Spanish - Spain,Family Sharing;Single-player;Steam Achievements,Adventure;Casual;Indie,Adventure;Cartoon;Cartoony;Casual;Colorful;Cute;Family Friendly;Female Protagonist;Fishing;Indie;Linear;Mouse only;Pirates;Point & Click;Relaxing;Singleplayer,"Let your kid ( 4 years and older ) join the Zwuggels on an amazing trip in this interactive Summer adventure. The children help the Zwuggels prepare for their trip to the beach for their summer vacation. Once landed on the tropical island, they quickly learn about the mysterious pirate cats and soon take part in an exciting treasure hunt! Winner of PAEDI 2016 Award for outstanding children's software (Munich, Germany). Concept qualified for funding by the State of Bavaria's Film Fund (FFF). The ","{""text_match"": 0.01625268, ""cosine_similarity"": 0.552413, ""reranker_score"": -8.895882}"
2026-02-10T20:07:14+00:00,CORTEX_DB.RAW.CAT_GAMES_SVC_1_5,default,"digital board game: rescue cats tiles into a boat, strategy, sailing theme","digital board game: rescue cats tiles into a boat, strategy, sailing theme",[],,False,,,,semantic_focus,0.75,10,100,0,1072,1072,,01c25377-0005-0864-0001-397a0006ba2e,,41,41,,6e-06,6e-06,,6e-06,,,,,[],[],[],[],[],[],,,,,,,True,False,[],[],,,,[],[],,,,4,Cat's Life Jigsaw Puzzles,0.76504737,2021,English,Family Sharing;Single-player,Casual;Indie;Strategy,2D;Board Game;Casual;Cats;Colorful;Cute;Education;Family Friendly;Funny;Hidden Object;Indie;Minimalist;Nature;Point & Click;Puzzle;Relaxing;Singleplayer;Strategy;Tabletop,"'Cats Life Jigsaw Puzzles' is a delightful and engaging puzzle game that invites players to immerse themselves in the charming world of cats. This game is not just about solving puzzles; it's about celebrating the whimsical and captivating life of our feline friends. Each puzzle brings to life a unique cat scene, allowing you to explore the diverse and enchanting world of cats in a fun and relaxing way. From playful kittens frolicking in the garden to majestic cats lounging in their elegant home","{""text_match"": 0.011617309, ""cosine_similarity"": 0.53009474, ""reranker_score"": -7.5030603}"
2026-02-10T20:07:14+00:00,CORTEX_DB.RAW.CAT_GAMES_SVC_1_5,default,"digital board game: rescue cats tiles into a boat, strategy, sailing theme","digital board game: rescue cats tiles into a boat, strategy, sailing theme",[],,False,,,,semantic_focus,0.75,10,100,0,1072,1072,,01c25377-0005-0864-0001-397a0006ba2e,,41,41,,6e-06,6e-06,,6e-06,,,,,[],[],[],[],[],[],,,,,,,True,False,[],[],,,,[],[],,,,5,Intelligence: Cats,0.76191365,2018,English,Family Sharing;Single-player;Steam Achievements,Indie,2D;Atmospheric;Card Game;Casual;Cats;Family Friendly;Indie;Logic;Puzzle;Relaxing;Retro;Simulation;Singleplayer;Tabletop,"Intelligence: Cats is a puzzle game in which you want to build an image (with cats) so that the picture was like the original image. Move the tiles of the puzzle wisely to collect the correct order of the pieces of images. The essence of the game as in the old game 'Fifteen' (15). The game will have 6 levels with a 3x3 field size, as well as 6 other levels with a 4x4 field size. Each level has a different image. The game contains images of twelve cats. Key game features: - 12 different levels - ","{""text_match"": 0.01304216, ""cosine_similarity"": 0.5238273, ""reranker_score"": -7.5040617}"
2026-02-10T20:07:14+00:00,CORTEX_DB.RAW.CAT_GAMES_SVC_1_5,default,"digital board game: rescue cats tiles into a boat, strategy, sailing theme","digital board game: rescue cats tiles into a boat, strategy, sailing theme",[],,False,,,,semantic_focus,0.75,10,100,0,1072,1072,,01c25377-0005-0864-0001-397a0006ba2e,,41,41,,6e-06,6e-06,,6e-06,,,,,[],[],[],[],[],[],,,,,,,True,False,[],[],,,,[],[],,,,6,1001 Jigsaw. Cute Cats 3,0.773454935,2023,English;French;German;Russian,Family Sharing;Single-player,Casual,2D;Casual;Hand-drawn;Puzzle;Realistic;Singleplayer;Tabletop,"Cute and clumsy cats on guard of your good mood! ''1001 Jigsaw. Cute Cats 3'' are ready to help you gain positive emotions! This is an easy to control game, where you can use hints to pass the level, take a short break, while saving the result, or choose a suitable level of difficulty, if the puzzle is not amenable to the first time. The game is thoroughly detailed, so it is suitable for all types of players. We'll be waiting for you in the world of amazing and charming seals! - 500 high quality","{""text_match"": 1.7311137e-07, ""cosine_similarity"": 0.54690987, ""reranker_score"": -9.383161}"
2026-02-10T20:07:14+00:00,CORTEX_DB.RAW.CAT_GAMES_SVC_1_5,default,"digital board game: rescue cats tiles into a boat, strategy, sailing theme","digital board game: rescue cats tiles into a boat, strategy, sailing theme",[],,False,,,,semantic_focus,0.75,10,100,0,1072,1072,,01c25377-0005-0864-0001-397a0006ba2e,,41,41,,6e-06,6e-06,,6e-06,,,,,[],[],[],[],[],[],,,,,,,True,False,[],[],,,,[],[],,,,7,Space Cats Tactics,0.76879257,2023,English;German;Japanese;Russian;Simplified Chinese;Traditional Chinese,Captions available;Family Sharing;Full controller support;Single-player;Steam Achievements,Indie;RPG;Strategy,Base-Building;Cats;Character Customization;Cute;Cyberpunk;Exploration;Funny;Military;RPG;Sci-fi;Space;Space Sim;Story Rich;Strategy;Tactical RPG;Top-Down;Turn-Based;Turn-Based Combat;Turn-Based Strategy;Turn-Based Tactics,"Join my Discord: Made by a solo developer, Space Cats Tactics brings together the nerve-wracking battles of turn-based strategy games and the powerful epic stories of space opera. Combining grid- and turn-based tactical combat (as seen in games like XCOM and Divinity: Original Sin) and inside-ship crew management (like in games such as FTL and Star Command Galaxies), in Space Cats Tactics you will have to be on your toes and think every step very carefully! KEY FEATURES Fight nerve-wracking spac","{""text_match"": 0.0034272668, ""cosine_similarity"": 0.53758514, ""reranker_score"": -8.893279}"
2026-02-10T20:07:14+00:00,CORTEX_DB.RAW.CAT_GAMES_SVC_1_5,default,"digital board game: rescue cats tiles into a boat, strategy, sailing theme","digital board game: rescue cats tiles into a boat, strategy, sailing theme",[],,False,,,,semantic_focus,0.75,10,100,0,1072,1072,,01c25377-0005-0864-0001-397a0006ba2e,,41,41,,6e-06,6e-06,,6e-06,,,,,[],[],[],[],[],[],,,,,,,True,False,[],[],,,,[],[],,,,8,Push The Cat with WASD,0.76397735,2024,English;Japanese;Simplified Chinese;Traditional Chinese,Family Sharing;Partial Controller Support;Single-player;Steam Achievements,Casual;Indie,2D;Casual;Cats;Cute;Difficult;Drama;Emotional;Indie;Interactive Fiction;Logic;Memes;Minimalist;Narration;Narrative;Puzzle;Relaxing;Singleplayer;Sokoban;Text-Based;Word Game,"The 'story' and 'texts' are puzzle! This is a cat puzzle game where you use 'text' to push the cat. If letter WASD appears in the text, you can push it! You need to push the cat to the goal. About the Puzzle Don't worry if you can't solve the puzzle. There are in-game hints and solutions. If you like to solve very difficult puzzles, there are 13 extra challenge levels for you to solve! These levels are intricately crafted with heart and soul. About the Story Do You push cats often? Cat pushing e","{""text_match"": 0.0042977524, ""cosine_similarity"": 0.5279547, ""reranker_score"": -8.7402935}"
2026-02-10T20:07:14+00:00,CORTEX_DB.RAW.CAT_GAMES_SVC_1_5,default,"digital board game: rescue cats tiles into a boat, strategy, sailing theme","digital board game: rescue cats tiles into a boat, strategy, sailing theme",[],,False,,,,semantic_focus,0.75,10,100,0,1072,1072,,01c25377-0005-0864-0001-397a0006ba2e,,41,41,,6e-06,6e-06,,6e-06,,,,,[],[],[],[],[],[],,,,,,,True,False,[],[],,,,[],[],,,,9,Find Cats With Friends,0.7581685,2024,English,Co-op;Family Sharing;LAN Co-op;Multi-player;Online Co-op;Single-player;Steam Achievements,Casual;Indie;Simulation,3D;Casual;Cats;Co-op;Co-op Campaign;Creature Collector;Cute;Family Friendly;First-Person;Indie;Multiplayer;Parkour;Pirates;Simulation;Singleplayer;Third Person;Walking Simulator,"Gather your friends and embark on an exhilarating adventure to a mysterious island where the law is set by the cozy purring creatures – cats ! You are brave pirates who accidentally found yourselves on this enigmatic island, and now your team must collect a very unusual loot: a hundred mischievous kitties. In Find Cats With Friends your main goal is to collect each of the one hundred cats scattered throughout the island and bring them to the specially designated spot – the cat box. However, pira","{""text_match"": 0.0015647906, ""cosine_similarity"": 0.516337, ""reranker_score"": -7.8961706}"
2026-02-10T20:07:14+00:00,CORTEX_DB.RAW.CAT_GAMES_SVC_1_5,default,"digital board game: rescue cats tiles into a boat, strategy, sailing theme","digital board game: rescue cats tiles into a boat, strategy, sailing theme",[],,False,,,,semantic_focus,0.75,10,100,0,1072,1072,,01c25377-0005-0864-0001-397a0006ba2e,,41,41,,6e-06,6e-06,,6e-06,,,,,[],[],[],[],[],[],,,,,,,True,False,[],[],,,,[],[],,,,10,Another Cat in Dungeons,0.76481807,2021,English,Family Sharing;Single-player;Steam Achievements,Casual;Indie;Strategy,3D;Atmospheric;Board Game;Casual;Cats;Cute;Indie;Logic;Minimalist;Mystery Dungeon;Puzzle;Relaxing;Singleplayer;Strategy,"Another Cat in Dungeons is a sequence from A Cat in Dungeons. It's puzzle game where you need to find the best path to the goal, walking trough turnable tabletops. Each level contains different obstacles and puzzles, including teleports and mechanisms. Features Turnable Tabletop : don't you know how to escape? Try to turn the tabletop! Challenge levels Solve riddles to avoid falling grounds Use teleports Use mechanisms to unlock doors and gates","{""text_match"": 0.010785926, ""cosine_similarity"": 0.52963614, ""reranker_score"": -9.138834}"
2026-02-10T20:07:17+00:00,CORTEX_DB.RAW.CAT_GAMES_SVC_1_5,default,"digital board game: rescue cats tiles into a boat, strategy, sailing theme","digital board game: rescue cats tiles into a boat, strategy, sailing theme",[],,False,,,,keyword_extreme,0.3,10,100,0,1129,1129,,01c25377-0005-0847-0001-397a0006caee,,39,39,,6e-06,6e-06,,6e-06,,,,,[],[],[],[],[],[],,,,,,,True,False,[],[],,,,[],[],,,,1,The Isle of Cats,0.798218965,2025,English;French;Italian;Spanish - Latin America;Spanish - Spain,Family Sharing;Full controller support;Multi-player;Online PvP;PvP;Shared/Split Screen;Shared/Split Screen PvP;Single-player;Steam Achievements;Steam Turn Notifications,Strategy,2.5D;Asynchronous Multiplayer;Board Game;Cartoon;Cats;Colorful;Cute;Family Friendly;Fishing;Hand-drawn;Multiplayer;PvE;PvP;Sailing;Singleplayer;Strategy;Top-Down,"Citizens of Squall’s End! Lookouts have spotted the sails of the evil Lord Vesh on the horizon! We must save the Isle of Cats before he arrives! The Isle of Cats is a competitive board game race to save a colorful collection of cats, scoring points based on how well you settle them into your personal rescue boat. Each cat comes on a unique tile and belongs to a family of cats of its color. You must find an arrangement to fit them in your boat, while keeping families together and managing your re","{""text_match"": 0.08014313, ""cosine_similarity"": 0.59643793, ""reranker_score"": -1.3845835}"
2026-02-10T20:07:17+00:00,CORTEX_DB.RAW.CAT_GAMES_SVC_1_5,default,"digital board game: rescue cats tiles into a boat, strategy, sailing theme","digital board game: rescue cats tiles into a boat, strategy, sailing theme",[],,False,,,,keyword_extreme,0.3,10,100,0,1129,1129,,01c25377-0005-0847-0001-397a0006caee,,39,39,,6e-06,6e-06,,6e-06,,,,,[],[],[],[],[],[],,,,,,,True,False,[],[],,,,[],[],,,,2,Hex Cats,0.7909579,2023,English,Family Sharing;Single-player;Steam Achievements;Steam Cloud,Casual,Board Game;Cartoon;Cartoony;Casual;Cats;Colorful;Cozy;Cute;Family Friendly;Hand-drawn;Hex Grid;Logic;Puzzle;Relaxing;Singleplayer;Tabletop,😸 A portion of the profit from this game will be allocated to street cat rescue and support initiatives. 😻 Features: 🐾 50 handcrafted levels. ​🎵​ Original soundtrack. 🧶 5 different scenarios. 🐈 Cute cats. 🧩 Game experience designed for both think and relax.,"{""text_match"": 0.041998062, ""cosine_similarity"": 0.5819158, ""reranker_score"": -7.227361}"
2026-02-10T20:07:17+00:00,CORTEX_DB.RAW.CAT_GAMES_SVC_1_5,default,"digital board game: rescue cats tiles into a boat, strategy, sailing theme","digital board game: rescue cats tiles into a boat, strategy, sailing theme",[],,False,,,,keyword_extreme,0.3,10,100,0,1129,1129,,01c25377-0005-0847-0001-397a0006caee,,39,39,,6e-06,6e-06,,6e-06,,,,,[],[],[],[],[],[],,,,,,,True,False,[],[],,,,[],[],,,,3,The Zwuggels - A Beach Holiday Adventure for Kids,0.7762065,2017,English;French;German;Italian;Polish;Portuguese - Brazil;Russian;Spanish - Spain,Family Sharing;Single-player;Steam Achievements,Adventure;Casual;Indie,Adventure;Cartoon;Cartoony;Casual;Colorful;Cute;Family Friendly;Female Protagonist;Fishing;Indie;Linear;Mouse only;Pirates;Point & Click;Relaxing;Singleplayer,"Let your kid ( 4 years and older ) join the Zwuggels on an amazing trip in this interactive Summer adventure. The children help the Zwuggels prepare for their trip to the beach for their summer vacation. Once landed on the tropical island, they quickly learn about the mysterious pirate cats and soon take part in an exciting treasure hunt! Winner of PAEDI 2016 Award for outstanding children's software (Munich, Germany). Concept qualified for funding by the State of Bavaria's Film Fund (FFF). The ","{""text_match"": 0.01625268, ""cosine_similarity"": 0.552413, ""reranker_score"": -8.895882}"
2026-02-10T20:07:17+00:00,CORTEX_DB.RAW.CAT_GAMES_SVC_1_5,default,"digital board game: rescue cats tiles into a boat, strategy, sailing theme","digital board game: rescue cats tiles into a boat, strategy, sailing theme",[],,False,,,,keyword_extreme,0.3,10,100,0,1129,1129,,01c25377-0005-0847-0001-397a0006caee,,39,39,,6e-06,6e-06,,6e-06,,,,,[],[],[],[],[],[],,,,,,,True,False,[],[],,,,[],[],,,,4,Cat's Life Jigsaw Puzzles,0.76504737,2021,English,Family Sharing;Single-player,Casual;Indie;Strategy,2D;Board Game;Casual;Cats;Colorful;Cute;Education;Family Friendly;Funny;Hidden Object;Indie;Minimalist;Nature;Point & Click;Puzzle;Relaxing;Singleplayer;Strategy;Tabletop,"'Cats Life Jigsaw Puzzles' is a delightful and engaging puzzle game that invites players to immerse themselves in the charming world of cats. This game is not just about solving puzzles; it's about celebrating the whimsical and captivating life of our feline friends. Each puzzle brings to life a unique cat scene, allowing you to explore the diverse and enchanting world of cats in a fun and relaxing way. From playful kittens frolicking in the garden to majestic cats lounging in their elegant home","{""text_match"": 0.011617309, ""cosine_similarity"": 0.53009474, ""reranker_score"": -7.5030603}"
2026-02-10T20:07:17+00:00,CORTEX_DB.RAW.CAT_GAMES_SVC_1_5,default,"digital board game: rescue cats tiles into a boat, strategy, sailing theme","digital board game: rescue cats tiles into a boat, strategy, sailing theme",[],,False,,,,keyword_extreme,0.3,10,100,0,1129,1129,,01c25377-0005-0847-0001-397a0006caee,,39,39,,6e-06,6e-06,,6e-06,,,,,[],[],[],[],[],[],,,,,,,True,False,[],[],,,,[],[],,,,5,Intelligence: Cats,0.76191365,2018,English,Family Sharing;Single-player;Steam Achievements,Indie,2D;Atmospheric;Card Game;Casual;Cats;Family Friendly;Indie;Logic;Puzzle;Relaxing;Retro;Simulation;Singleplayer;Tabletop,"Intelligence: Cats is a puzzle game in which you want to build an image (with cats) so that the picture was like the original image. Move the tiles of the puzzle wisely to collect the correct order of the pieces of images. The essence of the game as in the old game 'Fifteen' (15). The game will have 6 levels with a 3x3 field size, as well as 6 other levels with a 4x4 field size. Each level has a different image. The game contains images of twelve cats. Key game features: - 12 different levels - ","{""text_match"": 0.01304216, ""cosine_similarity"": 0.5238273, ""reranker_score"": -7.5040617}"
2026-02-10T20:07:17+00:00,CORTEX_DB.RAW.CAT_GAMES_SVC_1_5,default,"digital board game: rescue cats tiles into a boat, strategy, sailing theme","digital board game: rescue cats tiles into a boat, strategy, sailing theme",[],,False,,,,keyword_extreme,0.3,10,100,0,1129,1129,,01c25377-0005-0847-0001-397a0006caee,,39,39,,6e-06,6e-06,,6e-06,,,,,[],[],[],[],[],[],,,,,,,True,False,[],[],,,,[],[],,,,6,1001 Jigsaw. Cute Cats 3,0.773454935,2023,English;French;German;Russian,Family Sharing;Single-player,Casual,2D;Casual;Hand-drawn;Puzzle;Realistic;Singleplayer;Tabletop,"Cute and clumsy cats on guard of your good mood! ''1001 Jigsaw. Cute Cats 3'' are ready to help you gain positive emotions! This is an easy to control game, where you can use hints to pass the level, take a short break, while saving the result, or choose a suitable level of difficulty, if the puzzle is not amenable to the first time. The game is thoroughly detailed, so it is suitable for all types of players. We'll be waiting for you in the world of amazing and charming seals! - 500 high quality","{""text_match"": 1.7311137e-07, ""cosine_similarity"": 0.54690987, ""reranker_score"": -9.383161}"
2026-02-10T20:07:17+00:00,CORTEX_DB.RAW.CAT_GAMES_SVC_1_5,default,"digital board game: rescue cats tiles into a boat, strategy, sailing theme","digital board game: rescue cats tiles into a boat, strategy, sailing theme",[],,False,,,,keyword_extreme,0.3,10,100,0,1129,1129,,01c25377-0005-0847-0001-397a0006caee,,39,39,,6e-06,6e-06,,6e-06,,,,,[],[],[],[],[],[],,,,,,,True,False,[],[],,,,[],[],,,,7,Space Cats Tactics,0.76879257,2023,English;German;Japanese;Russian;Simplified Chinese;Traditional Chinese,Captions available;Family Sharing;Full controller support;Single-player;Steam Achievements,Indie;RPG;Strategy,Base-Building;Cats;Character Customization;Cute;Cyberpunk;Exploration;Funny;Military;RPG;Sci-fi;Space;Space Sim;Story Rich;Strategy;Tactical RPG;Top-Down;Turn-Based;Turn-Based Combat;Turn-Based Strategy;Turn-Based Tactics,"Join my Discord: Made by a solo developer, Space Cats Tactics brings together the nerve-wracking battles of turn-based strategy games and the powerful epic stories of space opera. Combining grid- and turn-based tactical combat (as seen in games like XCOM and Divinity: Original Sin) and inside-ship crew management (like in games such as FTL and Star Command Galaxies), in Space Cats Tactics you will have to be on your toes and think every step very carefully! KEY FEATURES Fight nerve-wracking spac","{""text_match"": 0.0034272668, ""cosine_similarity"": 0.53758514, ""reranker_score"": -8.893279}"
2026-02-10T20:07:17+00:00,CORTEX_DB.RAW.CAT_GAMES_SVC_1_5,default,"digital board game: rescue cats tiles into a boat, strategy, sailing theme","digital board game: rescue cats tiles into a boat, strategy, sailing theme",[],,False,,,,keyword_extreme,0.3,10,100,0,1129,1129,,01c25377-0005-0847-0001-397a0006caee,,39,39,,6e-06,6e-06,,6e-06,,,,,[],[],[],[],[],[],,,,,,,True,False,[],[],,,,[],[],,,,8,Push The Cat with WASD,0.76397735,2024,English;Japanese;Simplified Chinese;Traditional Chinese,Family Sharing;Partial Controller Support;Single-player;Steam Achievements,Casual;Indie,2D;Casual;Cats;Cute;Difficult;Drama;Emotional;Indie;Interactive Fiction;Logic;Memes;Minimalist;Narration;Narrative;Puzzle;Relaxing;Singleplayer;Sokoban;Text-Based;Word Game,"The 'story' and 'texts' are puzzle! This is a cat puzzle game where you use 'text' to push the cat. If letter WASD appears in the text, you can push it! You need to push the cat to the goal. About the Puzzle Don't worry if you can't solve the puzzle. There are in-game hints and solutions. If you like to solve very difficult puzzles, there are 13 extra challenge levels for you to solve! These levels are intricately crafted with heart and soul. About the Story Do You push cats often? Cat pushing e","{""text_match"": 0.0042977524, ""cosine_similarity"": 0.5279547, ""reranker_score"": -8.7402935}"
2026-02-10T20:07:17+00:00,CORTEX_DB.RAW.CAT_GAMES_SVC_1_5,default,"digital board game: rescue cats tiles into a boat, strategy, sailing theme","digital board game: rescue cats tiles into a boat, strategy, sailing theme",[],,False,,,,keyword_extreme,0.3,10,100,0,1129,1129,,01c25377-0005-0847-0001-397a0006caee,,39,39,,6e-06,6e-06,,6e-06,,,,,[],[],[],[],[],[],,,,,,,True,False,[],[],,,,[],[],,,,9,Find Cats With Friends,0.7581685,2024,English,Co-op;Family Sharing;LAN Co-op;Multi-player;Online Co-op;Single-player;Steam Achievements,Casual;Indie;Simulation,3D;Casual;Cats;Co-op;Co-op Campaign;Creature Collector;Cute;Family Friendly;First-Person;Indie;Multiplayer;Parkour;Pirates;Simulation;Singleplayer;Third Person;Walking Simulator,"Gather your friends and embark on an exhilarating adventure to a mysterious island where the law is set by the cozy purring creatures – cats ! You are brave pirates who accidentally found yourselves on this enigmatic island, and now your team must collect a very unusual loot: a hundred mischievous kitties. In Find Cats With Friends your main goal is to collect each of the one hundred cats scattered throughout the island and bring them to the specially designated spot – the cat box. However, pira","{""text_match"": 0.0015647906, ""cosine_similarity"": 0.516337, ""reranker_score"": -7.8961706}"
2026-02-10T20:07:17+00:00,CORTEX_DB.RAW.CAT_GAMES_SVC_1_5,default,"digital board game: rescue cats tiles into a boat, strategy, sailing theme","digital board game: rescue cats tiles into a boat, strategy, sailing theme",[],,False,,,,keyword_extreme,0.3,10,100,0,1129,1129,,01c25377-0005-0847-0001-397a0006caee,,39,39,,6e-06,6e-06,,6e-06,,,,,[],[],[],[],[],[],,,,,,,True,False,[],[],,,,[],[],,,,10,Another Cat in Dungeons,0.76481807,2021,English,Family Sharing;Single-player;Steam Achievements,Casual;Indie;Strategy,3D;Atmospheric;Board Game;Casual;Cats;Cute;Indie;Logic;Minimalist;Mystery Dungeon;Puzzle;Relaxing;Singleplayer;Strategy,"Another Cat in Dungeons is a sequence from A Cat in Dungeons. It's puzzle game where you need to find the best path to the goal, walking trough turnable tabletops. Each level contains different obstacles and puzzles, including teleports and mechanisms. Features Turnable Tabletop : don't you know how to escape? Try to turn the tabletop! Challenge levels Solve riddles to avoid falling grounds Use teleports Use mechanisms to unlock doors and gates","{""text_match"": 0.010785926, ""cosine_similarity"": 0.52963614, ""reranker_score"": -9.138834}"
2026-02-10T20:07:18+00:00,CORTEX_DB.RAW.CAT_GAMES_SVC_1_5,default,"digital board game: rescue cats tiles into a boat, strategy, sailing theme","digital board game: rescue cats tiles into a boat, strategy, sailing theme",[],,False,,,,keyword_extreme,0.65,10,100,0,1123,1123,,01c25377-0005-0843-0001-397a0006d512,,35,35,,5e-06,5e-06,,5e-06,,,,,[],[],[],[],[],[],,,,,,,True,False,[],[],,,,[],[],,,,1,The Isle of Cats,0.798218965,2025,English;French;Italian;Spanish - Latin America;Spanish - Spain,Family Sharing;Full controller support;Multi-player;Online PvP;PvP;Shared/Split Screen;Shared/Split Screen PvP;Single-player;Steam Achievements;Steam Turn Notifications,Strategy,2.5D;Asynchronous Multiplayer;Board Game;Cartoon;Cats;Colorful;Cute;Family Friendly;Fishing;Hand-drawn;Multiplayer;PvE;PvP;Sailing;Singleplayer;Strategy;Top-Down,"Citizens of Squall’s End! Lookouts have spotted the sails of the evil Lord Vesh on the horizon! We must save the Isle of Cats before he arrives! The Isle of Cats is a competitive board game race to save a colorful collection of cats, scoring points based on how well you settle them into your personal rescue boat. Each cat comes on a unique tile and belongs to a family of cats of its color. You must find an arrangement to fit them in your boat, while keeping families together and managing your re","{""text_match"": 0.08014313, ""cosine_similarity"": 0.59643793, ""reranker_score"": -1.3845835}"
2026-02-10T20:07:18+00:00,CORTEX_DB.RAW.CAT_GAMES_SVC_1_5,default,"digital board game: rescue cats tiles into a boat, strategy, sailing theme","digital board game: rescue cats tiles into a boat, strategy, sailing theme",[],,False,,,,keyword_extreme,0.65,10,100,0,1123,1123,,01c25377-0005-0843-0001-397a0006d512,,35,35,,5e-06,5e-06,,5e-06,,,,,[],[],[],[],[],[],,,,,,,True,False,[],[],,,,[],[],,,,2,Hex Cats,0.7909579,2023,English,Family Sharing;Single-player;Steam Achievements;Steam Cloud,Casual,Board Game;Cartoon;Cartoony;Casual;Cats;Colorful;Cozy;Cute;Family Friendly;Hand-drawn;Hex Grid;Logic;Puzzle;Relaxing;Singleplayer;Tabletop,😸 A portion of the profit from this game will be allocated to street cat rescue and support initiatives. 😻 Features: 🐾 50 handcrafted levels. ​🎵​ Original soundtrack. 🧶 5 different scenarios. 🐈 Cute cats. 🧩 Game experience designed for both think and relax.,"{""text_match"": 0.041998062, ""cosine_similarity"": 0.5819158, ""reranker_score"": -7.227361}"
2026-02-10T20:07:18+00:00,CORTEX_DB.RAW.CAT_GAMES_SVC_1_5,default,"digital board game: rescue cats tiles into a boat, strategy, sailing theme","digital board game: rescue cats tiles into a boat, strategy, sailing theme",[],,False,,,,keyword_extreme,0.65,10,100,0,1123,1123,,01c25377-0005-0843-0001-397a0006d512,,35,35,,5e-06,5e-06,,5e-06,,,,,[],[],[],[],[],[],,,,,,,True,False,[],[],,,,[],[],,,,3,The Zwuggels - A Beach Holiday Adventure for Kids,0.7762065,2017,English;French;German;Italian;Polish;Portuguese - Brazil;Russian;Spanish - Spain,Family Sharing;Single-player;Steam Achievements,Adventure;Casual;Indie,Adventure;Cartoon;Cartoony;Casual;Colorful;Cute;Family Friendly;Female Protagonist;Fishing;Indie;Linear;Mouse only;Pirates;Point & Click;Relaxing;Singleplayer,"Let your kid ( 4 years and older ) join the Zwuggels on an amazing trip in this interactive Summer adventure. The children help the Zwuggels prepare for their trip to the beach for their summer vacation. Once landed on the tropical island, they quickly learn about the mysterious pirate cats and soon take part in an exciting treasure hunt! Winner of PAEDI 2016 Award for outstanding children's software (Munich, Germany). Concept qualified for funding by the State of Bavaria's Film Fund (FFF). The ","{""text_match"": 0.01625268, ""cosine_similarity"": 0.552413, ""reranker_score"": -8.895882}"
2026-02-10T20:07:18+00:00,CORTEX_DB.RAW.CAT_GAMES_SVC_1_5,default,"digital board game: rescue cats tiles into a boat, strategy, sailing theme","digital board game: rescue cats tiles into a boat, strategy, sailing theme",[],,False,,,,keyword_extreme,0.65,10,100,0,1123,1123,,01c25377-0005-0843-0001-397a0006d512,,35,35,,5e-06,5e-06,,5e-06,,,,,[],[],[],[],[],[],,,,,,,True,False,[],[],,,,[],[],,,,4,Cat's Life Jigsaw Puzzles,0.76504737,2021,English,Family Sharing;Single-player,Casual;Indie;Strategy,2D;Board Game;Casual;Cats;Colorful;Cute;Education;Family Friendly;Funny;Hidden Object;Indie;Minimalist;Nature;Point & Click;Puzzle;Relaxing;Singleplayer;Strategy;Tabletop,"'Cats Life Jigsaw Puzzles' is a delightful and engaging puzzle game that invites players to immerse themselves in the charming world of cats. This game is not just about solving puzzles; it's about celebrating the whimsical and captivating life of our feline friends. Each puzzle brings to life a unique cat scene, allowing you to explore the diverse and enchanting world of cats in a fun and relaxing way. From playful kittens frolicking in the garden to majestic cats lounging in their elegant home","{""text_match"": 0.011617309, ""cosine_similarity"": 0.53009474, ""reranker_score"": -7.5030603}"
2026-02-10T20:07:18+00:00,CORTEX_DB.RAW.CAT_GAMES_SVC_1_5,default,"digital board game: rescue cats tiles into a boat, strategy, sailing theme","digital board game: rescue cats tiles into a boat, strategy, sailing theme",[],,False,,,,keyword_extreme,0.65,10,100,0,1123,1123,,01c25377-0005-0843-0001-397a0006d512,,35,35,,5e-06,5e-06,,5e-06,,,,,[],[],[],[],[],[],,,,,,,True,False,[],[],,,,[],[],,,,5,Intelligence: Cats,0.76191365,2018,English,Family Sharing;Single-player;Steam Achievements,Indie,2D;Atmospheric;Card Game;Casual;Cats;Family Friendly;Indie;Logic;Puzzle;Relaxing;Retro;Simulation;Singleplayer;Tabletop,"Intelligence: Cats is a puzzle game in which you want to build an image (with cats) so that the picture was like the original image. Move the tiles of the puzzle wisely to collect the correct order of the pieces of images. The essence of the game as in the old game 'Fifteen' (15). The game will have 6 levels with a 3x3 field size, as well as 6 other levels with a 4x4 field size. Each level has a different image. The game contains images of twelve cats. Key game features: - 12 different levels - ","{""text_match"": 0.01304216, ""cosine_similarity"": 0.5238273, ""reranker_score"": -7.5040617}"
2026-02-10T20:07:18+00:00,CORTEX_DB.RAW.CAT_GAMES_SVC_1_5,default,"digital board game: rescue cats tiles into a boat, strategy, sailing theme","digital board game: rescue cats tiles into a boat, strategy, sailing theme",[],,False,,,,keyword_extreme,0.65,10,100,0,1123,1123,,01c25377-0005-0843-0001-397a0006d512,,35,35,,5e-06,5e-06,,5e-06,,,,,[],[],[],[],[],[],,,,,,,True,False,[],[],,,,[],[],,,,6,1001 Jigsaw. Cute Cats 3,0.773454935,2023,English;French;German;Russian,Family Sharing;Single-player,Casual,2D;Casual;Hand-drawn;Puzzle;Realistic;Singleplayer;Tabletop,"Cute and clumsy cats on guard of your good mood! ''1001 Jigsaw. Cute Cats 3'' are ready to help you gain positive emotions! This is an easy to control game, where you can use hints to pass the level, take a short break, while saving the result, or choose a suitable level of difficulty, if the puzzle is not amenable to the first time. The game is thoroughly detailed, so it is suitable for all types of players. We'll be waiting for you in the world of amazing and charming seals! - 500 high quality","{""text_match"": 1.7311137e-07, ""cosine_similarity"": 0.54690987, ""reranker_score"": -9.383161}"
2026-02-10T20:07:18+00:00,CORTEX_DB.RAW.CAT_GAMES_SVC_1_5,default,"digital board game: rescue cats tiles into a boat, strategy, sailing theme","digital board game: rescue cats tiles into a boat, strategy, sailing theme",[],,False,,,,keyword_extreme,0.65,10,100,0,1123,1123,,01c25377-0005-0843-0001-397a0006d512,,35,35,,5e-06,5e-06,,5e-06,,,,,[],[],[],[],[],[],,,,,,,True,False,[],[],,,,[],[],,,,7,Space Cats Tactics,0.76879257,2023,English;German;Japanese;Russian;Simplified Chinese;Traditional Chinese,Captions available;Family Sharing;Full controller support;Single-player;Steam Achievements,Indie;RPG;Strategy,Base-Building;Cats;Character Customization;Cute;Cyberpunk;Exploration;Funny;Military;RPG;Sci-fi;Space;Space Sim;Story Rich;Strategy;Tactical RPG;Top-Down;Turn-Based;Turn-Based Combat;Turn-Based Strategy;Turn-Based Tactics,"Join my Discord: Made by a solo developer, Space Cats Tactics brings together the nerve-wracking battles of turn-based strategy games and the powerful epic stories of space opera. Combining grid- and turn-based tactical combat (as seen in games like XCOM and Divinity: Original Sin) and inside-ship crew management (like in games such as FTL and Star Command Galaxies), in Space Cats Tactics you will have to be on your toes and think every step very carefully! KEY FEATURES Fight nerve-wracking spac","{""text_match"": 0.0034272668, ""cosine_similarity"": 0.53758514, ""reranker_score"": -8.893279}"
2026-02-10T20:07:18+00:00,CORTEX_DB.RAW.CAT_GAMES_SVC_1_5,default,"digital board game: rescue cats tiles into a boat, strategy, sailing theme","digital board game: rescue cats tiles into a boat, strategy, sailing theme",[],,False,,,,keyword_extreme,0.65,10,100,0,1123,1123,,01c25377-0005-0843-0001-397a0006d512,,35,35,,5e-06,5e-06,,5e-06,,,,,[],[],[],[],[],[],,,,,,,True,False,[],[],,,,[],[],,,,8,Push The Cat with WASD,0.76397735,2024,English;Japanese;Simplified Chinese;Traditional Chinese,Family Sharing;Partial Controller Support;Single-player;Steam Achievements,Casual;Indie,2D;Casual;Cats;Cute;Difficult;Drama;Emotional;Indie;Interactive Fiction;Logic;Memes;Minimalist;Narration;Narrative;Puzzle;Relaxing;Singleplayer;Sokoban;Text-Based;Word Game,"The 'story' and 'texts' are puzzle! This is a cat puzzle game where you use 'text' to push the cat. If letter WASD appears in the text, you can push it! You need to push the cat to the goal. About the Puzzle Don't worry if you can't solve the puzzle. There are in-game hints and solutions. If you like to solve very difficult puzzles, there are 13 extra challenge levels for you to solve! These levels are intricately crafted with heart and soul. About the Story Do You push cats often? Cat pushing e","{""text_match"": 0.0042977524, ""cosine_similarity"": 0.5279547, ""reranker_score"": -8.7402935}"
2026-02-10T20:07:18+00:00,CORTEX_DB.RAW.CAT_GAMES_SVC_1_5,default,"digital board game: rescue cats tiles into a boat, strategy, sailing theme","digital board game: rescue cats tiles into a boat, strategy, sailing theme",[],,False,,,,keyword_extreme,0.65,10,100,0,1123,1123,,01c25377-0005-0843-0001-397a0006d512,,35,35,,5e-06,5e-06,,5e-06,,,,,[],[],[],[],[],[],,,,,,,True,False,[],[],,,,[],[],,,,9,Find Cats With Friends,0.7581685,2024,English,Co-op;Family Sharing;LAN Co-op;Multi-player;Online Co-op;Single-player;Steam Achievements,Casual;Indie;Simulation,3D;Casual;Cats;Co-op;Co-op Campaign;Creature Collector;Cute;Family Friendly;First-Person;Indie;Multiplayer;Parkour;Pirates;Simulation;Singleplayer;Third Person;Walking Simulator,"Gather your friends and embark on an exhilarating adventure to a mysterious island where the law is set by the cozy purring creatures – cats ! You are brave pirates who accidentally found yourselves on this enigmatic island, and now your team must collect a very unusual loot: a hundred mischievous kitties. In Find Cats With Friends your main goal is to collect each of the one hundred cats scattered throughout the island and bring them to the specially designated spot – the cat box. However, pira","{""text_match"": 0.0015647906, ""cosine_similarity"": 0.516337, ""reranker_score"": -7.8961706}"
2026-02-10T20:07:18+00:00,CORTEX_DB.RAW.CAT_GAMES_SVC_1_5,default,"digital board game: rescue cats tiles into a boat, strategy, sailing theme","digital board game: rescue cats tiles into a boat, strategy, sailing theme",[],,False,,,,keyword_extreme,0.65,10,100,0,1123,1123,,01c25377-0005-0843-0001-397a0006d512,,35,35,,5e-06,5e-06,,5e-06,,,,,[],[],[],[],[],[],,,,,,,True,False,[],[],,,,[],[],,,,10,Another Cat in Dungeons,0.76481807,2021,English,Family Sharing;Single-player;Steam Achievements,Casual;Indie;Strategy,3D;Atmospheric;Board Game;Casual;Cats;Cute;Indie;Logic;Minimalist;Mystery Dungeon;Puzzle;Relaxing;Singleplayer;Strategy,"Another Cat in Dungeons is a sequence from A Cat in Dungeons. It's puzzle game where you need to find the best path to the goal, walking trough turnable tabletops. Each level contains different obstacles and puzzles, including teleports and mechanisms. Features Turnable Tabletop : don't you know how to escape? Try to turn the tabletop! Challenge levels Solve riddles to avoid falling grounds Use teleports Use mechanisms to unlock doors and gates","{""text_match"": 0.010785926, ""cosine_similarity"": 0.52963614, ""reranker_score"": -9.138834}"
2026-02-10T20:07:19+00:00,CORTEX_DB.RAW.CAT_GAMES_SVC_1_5,default,"digital board game: rescue cats tiles into a boat, strategy, sailing theme","digital board game: rescue cats tiles into a boat, strategy, sailing theme",[],,False,,,,keyword_extreme,0.75,10,100,0,1537,1537,,01c25377-0005-0846-0001-397a0006e83e,,45,45,,7e-06,7e-06,,7e-06,,,,,[],[],[],[],[],[],,,,,,,True,False,[],[],,,,[],[],,,,1,The Isle of Cats,0.798218965,2025,English;French;Italian;Spanish - Latin America;Spanish - Spain,Family Sharing;Full controller support;Multi-player;Online PvP;PvP;Shared/Split Screen;Shared/Split Screen PvP;Single-player;Steam Achievements;Steam Turn Notifications,Strategy,2.5D;Asynchronous Multiplayer;Board Game;Cartoon;Cats;Colorful;Cute;Family Friendly;Fishing;Hand-drawn;Multiplayer;PvE;PvP;Sailing;Singleplayer;Strategy;Top-Down,"Citizens of Squall’s End! Lookouts have spotted the sails of the evil Lord Vesh on the horizon! We must save the Isle of Cats before he arrives! The Isle of Cats is a competitive board game race to save a colorful collection of cats, scoring points based on how well you settle them into your personal rescue boat. Each cat comes on a unique tile and belongs to a family of cats of its color. You must find an arrangement to fit them in your boat, while keeping families together and managing your re","{""text_match"": 0.08014313, ""cosine_similarity"": 0.59643793, ""reranker_score"": -1.3845835}"
2026-02-10T20:07:19+00:00,CORTEX_DB.RAW.CAT_GAMES_SVC_1_5,default,"digital board game: rescue cats tiles into a boat, strategy, sailing theme","digital board game: rescue cats tiles into a boat, strategy, sailing theme",[],,False,,,,keyword_extreme,0.75,10,100,0,1537,1537,,01c25377-0005-0846-0001-397a0006e83e,,45,45,,7e-06,7e-06,,7e-06,,,,,[],[],[],[],[],[],,,,,,,True,False,[],[],,,,[],[],,,,2,Hex Cats,0.7909579,2023,English,Family Sharing;Single-player;Steam Achievements;Steam Cloud,Casual,Board Game;Cartoon;Cartoony;Casual;Cats;Colorful;Cozy;Cute;Family Friendly;Hand-drawn;Hex Grid;Logic;Puzzle;Relaxing;Singleplayer;Tabletop,😸 A portion of the profit from this game will be allocated to street cat rescue and support initiatives. 😻 Features: 🐾 50 handcrafted levels. ​🎵​ Original soundtrack. 🧶 5 different scenarios. 🐈 Cute cats. 🧩 Game experience designed for both think and relax.,"{""text_match"": 0.041998062, ""cosine_similarity"": 0.5819158, ""reranker_score"": -7.227361}"
2026-02-10T20:07:19+00:00,CORTEX_DB.RAW.CAT_GAMES_SVC_1_5,default,"digital board game: rescue cats tiles into a boat, strategy, sailing theme","digital board game: rescue cats tiles into a boat, strategy, sailing theme",[],,False,,,,keyword_extreme,0.75,10,100,0,1537,1537,,01c25377-0005-0846-0001-397a0006e83e,,45,45,,7e-06,7e-06,,7e-06,,,,,[],[],[],[],[],[],,,,,,,True,False,[],[],,,,[],[],,,,3,The Zwuggels - A Beach Holiday Adventure for Kids,0.7762065,2017,English;French;German;Italian;Polish;Portuguese - Brazil;Russian;Spanish - Spain,Family Sharing;Single-player;Steam Achievements,Adventure;Casual;Indie,Adventure;Cartoon;Cartoony;Casual;Colorful;Cute;Family Friendly;Female Protagonist;Fishing;Indie;Linear;Mouse only;Pirates;Point & Click;Relaxing;Singleplayer,"Let your kid ( 4 years and older ) join the Zwuggels on an amazing trip in this interactive Summer adventure. The children help the Zwuggels prepare for their trip to the beach for their summer vacation. Once landed on the tropical island, they quickly learn about the mysterious pirate cats and soon take part in an exciting treasure hunt! Winner of PAEDI 2016 Award for outstanding children's software (Munich, Germany). Concept qualified for funding by the State of Bavaria's Film Fund (FFF). The ","{""text_match"": 0.01625268, ""cosine_similarity"": 0.552413, ""reranker_score"": -8.895882}"
2026-02-10T20:07:19+00:00,CORTEX_DB.RAW.CAT_GAMES_SVC_1_5,default,"digital board game: rescue cats tiles into a boat, strategy, sailing theme","digital board game: rescue cats tiles into a boat, strategy, sailing theme",[],,False,,,,keyword_extreme,0.75,10,100,0,1537,1537,,01c25377-0005-0846-0001-397a0006e83e,,45,45,,7e-06,7e-06,,7e-06,,,,,[],[],[],[],[],[],,,,,,,True,False,[],[],,,,[],[],,,,4,Cat's Life Jigsaw Puzzles,0.76504737,2021,English,Family Sharing;Single-player,Casual;Indie;Strategy,2D;Board Game;Casual;Cats;Colorful;Cute;Education;Family Friendly;Funny;Hidden Object;Indie;Minimalist;Nature;Point & Click;Puzzle;Relaxing;Singleplayer;Strategy;Tabletop,"'Cats Life Jigsaw Puzzles' is a delightful and engaging puzzle game that invites players to immerse themselves in the charming world of cats. This game is not just about solving puzzles; it's about celebrating the whimsical and captivating life of our feline friends. Each puzzle brings to life a unique cat scene, allowing you to explore the diverse and enchanting world of cats in a fun and relaxing way. From playful kittens frolicking in the garden to majestic cats lounging in their elegant home","{""text_match"": 0.011617309, ""cosine_similarity"": 0.53009474, ""reranker_score"": -7.5030603}"
2026-02-10T20:07:19+00:00,CORTEX_DB.RAW.CAT_GAMES_SVC_1_5,default,"digital board game: rescue cats tiles into a boat, strategy, sailing theme","digital board game: rescue cats tiles into a boat, strategy, sailing theme",[],,False,,,,keyword_extreme,0.75,10,100,0,1537,1537,,01c25377-0005-0846-0001-397a0006e83e,,45,45,,7e-06,7e-06,,7e-06,,,,,[],[],[],[],[],[],,,,,,,True,False,[],[],,,,[],[],,,,5,Intelligence: Cats,0.76191365,2018,English,Family Sharing;Single-player;Steam Achievements,Indie,2D;Atmospheric;Card Game;Casual;Cats;Family Friendly;Indie;Logic;Puzzle;Relaxing;Retro;Simulation;Singleplayer;Tabletop,"Intelligence: Cats is a puzzle game in which you want to build an image (with cats) so that the picture was like the original image. Move the tiles of the puzzle wisely to collect the correct order of the pieces of images. The essence of the game as in the old game 'Fifteen' (15). The game will have 6 levels with a 3x3 field size, as well as 6 other levels with a 4x4 field size. Each level has a different image. The game contains images of twelve cats. Key game features: - 12 different levels - ","{""text_match"": 0.01304216, ""cosine_similarity"": 0.5238273, ""reranker_score"": -7.5040617}"
2026-02-10T20:07:19+00:00,CORTEX_DB.RAW.CAT_GAMES_SVC_1_5,default,"digital board game: rescue cats tiles into a boat, strategy, sailing theme","digital board game: rescue cats tiles into a boat, strategy, sailing theme",[],,False,,,,keyword_extreme,0.75,10,100,0,1537,1537,,01c25377-0005-0846-0001-397a0006e83e,,45,45,,7e-06,7e-06,,7e-06,,,,,[],[],[],[],[],[],,,,,,,True,False,[],[],,,,[],[],,,,6,1001 Jigsaw. Cute Cats 3,0.773454935,2023,English;French;German;Russian,Family Sharing;Single-player,Casual,2D;Casual;Hand-drawn;Puzzle;Realistic;Singleplayer;Tabletop,"Cute and clumsy cats on guard of your good mood! ''1001 Jigsaw. Cute Cats 3'' are ready to help you gain positive emotions! This is an easy to control game, where you can use hints to pass the level, take a short break, while saving the result, or choose a suitable level of difficulty, if the puzzle is not amenable to the first time. The game is thoroughly detailed, so it is suitable for all types of players. We'll be waiting for you in the world of amazing and charming seals! - 500 high quality","{""text_match"": 1.7311137e-07, ""cosine_similarity"": 0.54690987, ""reranker_score"": -9.383161}"
2026-02-10T20:07:19+00:00,CORTEX_DB.RAW.CAT_GAMES_SVC_1_5,default,"digital board game: rescue cats tiles into a boat, strategy, sailing theme","digital board game: rescue cats tiles into a boat, strategy, sailing theme",[],,False,,,,keyword_extreme,0.75,10,100,0,1537,1537,,01c25377-0005-0846-0001-397a0006e83e,,45,45,,7e-06,7e-06,,7e-06,,,,,[],[],[],[],[],[],,,,,,,True,False,[],[],,,,[],[],,,,7,Space Cats Tactics,0.76879257,2023,English;German;Japanese;Russian;Simplified Chinese;Traditional Chinese,Captions available;Family Sharing;Full controller support;Single-player;Steam Achievements,Indie;RPG;Strategy,Base-Building;Cats;Character Customization;Cute;Cyberpunk;Exploration;Funny;Military;RPG;Sci-fi;Space;Space Sim;Story Rich;Strategy;Tactical RPG;Top-Down;Turn-Based;Turn-Based Combat;Turn-Based Strategy;Turn-Based Tactics,"Join my Discord: Made by a solo developer, Space Cats Tactics brings together the nerve-wracking battles of turn-based strategy games and the powerful epic stories of space opera. Combining grid- and turn-based tactical combat (as seen in games like XCOM and Divinity: Original Sin) and inside-ship crew management (like in games such as FTL and Star Command Galaxies), in Space Cats Tactics you will have to be on your toes and think every step very carefully! KEY FEATURES Fight nerve-wracking spac","{""text_match"": 0.0034272668, ""cosine_similarity"": 0.53758514, ""reranker_score"": -8.893279}"
2026-02-10T20:07:19+00:00,CORTEX_DB.RAW.CAT_GAMES_SVC_1_5,default,"digital board game: rescue cats tiles into a boat, strategy, sailing theme","digital board game: rescue cats tiles into a boat, strategy, sailing theme",[],,False,,,,keyword_extreme,0.75,10,100,0,1537,1537,,01c25377-0005-0846-0001-397a0006e83e,,45,45,,7e-06,7e-06,,7e-06,,,,,[],[],[],[],[],[],,,,,,,True,False,[],[],,,,[],[],,,,8,Push The Cat with WASD,0.76397735,2024,English;Japanese;Simplified Chinese;Traditional Chinese,Family Sharing;Partial Controller Support;Single-player;Steam Achievements,Casual;Indie,2D;Casual;Cats;Cute;Difficult;Drama;Emotional;Indie;Interactive Fiction;Logic;Memes;Minimalist;Narration;Narrative;Puzzle;Relaxing;Singleplayer;Sokoban;Text-Based;Word Game,"The 'story' and 'texts' are puzzle! This is a cat puzzle game where you use 'text' to push the cat. If letter WASD appears in the text, you can push it! You need to push the cat to the goal. About the Puzzle Don't worry if you can't solve the puzzle. There are in-game hints and solutions. If you like to solve very difficult puzzles, there are 13 extra challenge levels for you to solve! These levels are intricately crafted with heart and soul. About the Story Do You push cats often? Cat pushing e","{""text_match"": 0.0042977524, ""cosine_similarity"": 0.5279547, ""reranker_score"": -8.7402935}"
2026-02-10T20:07:19+00:00,CORTEX_DB.RAW.CAT_GAMES_SVC_1_5,default,"digital board game: rescue cats tiles into a boat, strategy, sailing theme","digital board game: rescue cats tiles into a boat, strategy, sailing theme",[],,False,,,,keyword_extreme,0.75,10,100,0,1537,1537,,01c25377-0005-0846-0001-397a0006e83e,,45,45,,7e-06,7e-06,,7e-06,,,,,[],[],[],[],[],[],,,,,,,True,False,[],[],,,,[],[],,,,9,Find Cats With Friends,0.7581685,2024,English,Co-op;Family Sharing;LAN Co-op;Multi-player;Online Co-op;Single-player;Steam Achievements,Casual;Indie;Simulation,3D;Casual;Cats;Co-op;Co-op Campaign;Creature Collector;Cute;Family Friendly;First-Person;Indie;Multiplayer;Parkour;Pirates;Simulation;Singleplayer;Third Person;Walking Simulator,"Gather your friends and embark on an exhilarating adventure to a mysterious island where the law is set by the cozy purring creatures – cats ! You are brave pirates who accidentally found yourselves on this enigmatic island, and now your team must collect a very unusual loot: a hundred mischievous kitties. In Find Cats With Friends your main goal is to collect each of the one hundred cats scattered throughout the island and bring them to the specially designated spot – the cat box. However, pira","{""text_match"": 0.0015647906, ""cosine_similarity"": 0.516337, ""reranker_score"": -7.8961706}"
2026-02-10T20:07:19+00:00,CORTEX_DB.RAW.CAT_GAMES_SVC_1_5,default,"digital board game: rescue cats tiles into a boat, strategy, sailing theme","digital board game: rescue cats tiles into a boat, strategy, sailing theme",[],,False,,,,keyword_extreme,0.75,10,100,0,1537,1537,,01c25377-0005-0846-0001-397a0006e83e,,45,45,,7e-06,7e-06,,7e-06,,,,,[],[],[],[],[],[],,,,,,,True,False,[],[],,,,[],[],,,,10,Another Cat in Dungeons,0.76481807,2021,English,Family Sharing;Single-player;Steam Achievements,Casual;Indie;Strategy,3D;Atmospheric;Board Game;Casual;Cats;Cute;Indie;Logic;Minimalist;Mystery Dungeon;Puzzle;Relaxing;Singleplayer;Strategy,"Another Cat in Dungeons is a sequence from A Cat in Dungeons. It's puzzle game where you need to find the best path to the goal, walking trough turnable tabletops. Each level contains different obstacles and puzzles, including teleports and mechanisms. Features Turnable Tabletop : don't you know how to escape? Try to turn the tabletop! Challenge levels Solve riddles to avoid falling grounds Use teleports Use mechanisms to unlock doors and gates","{""text_match"": 0.010785926, ""cosine_similarity"": 0.52963614, ""reranker_score"": -9.138834}"
2026-02-10T20:07:21+00:00,CORTEX_DB.RAW.CAT_GAMES_SVC_1_5,default,"digital board game: rescue cats tiles into a boat, strategy, sailing theme","digital board game: rescue cats tiles into a boat, strategy, sailing theme",[],,False,,,,no_reranker_balanced,0.3,10,100,0,819,819,,01c25377-0005-0846-0001-397a0006e84a,,42,42,,6e-06,6e-06,,6e-06,,,,,[],[],[],[],[],[],,,,,,,True,False,[],[],,,,[],[],,,,1,The Isle of Cats,0.798218965,2025,English;French;Italian;Spanish - Latin America;Spanish - Spain,Family Sharing;Full controller support;Multi-player;Online PvP;PvP;Shared/Split Screen;Shared/Split Screen PvP;Single-player;Steam Achievements;Steam Turn Notifications,Strategy,2.5D;Asynchronous Multiplayer;Board Game;Cartoon;Cats;Colorful;Cute;Family Friendly;Fishing;Hand-drawn;Multiplayer;PvE;PvP;Sailing;Singleplayer;Strategy;Top-Down,"Citizens of Squall’s End! Lookouts have spotted the sails of the evil Lord Vesh on the horizon! We must save the Isle of Cats before he arrives! The Isle of Cats is a competitive board game race to save a colorful collection of cats, scoring points based on how well you settle them into your personal rescue boat. Each cat comes on a unique tile and belongs to a family of cats of its color. You must find an arrangement to fit them in your boat, while keeping families together and managing your re","{""text_match"": 0.08014313, ""cosine_similarity"": 0.59643793}"
2026-02-10T20:07:21+00:00,CORTEX_DB.RAW.CAT_GAMES_SVC_1_5,default,"digital board game: rescue cats tiles into a boat, strategy, sailing theme","digital board game: rescue cats tiles into a boat, strategy, sailing theme",[],,False,,,,no_reranker_balanced,0.3,10,100,0,819,819,,01c25377-0005-0846-0001-397a0006e84a,,42,42,,6e-06,6e-06,,6e-06,,,,,[],[],[],[],[],[],,,,,,,True,False,[],[],,,,[],[],,,,2,Hex Cats,0.7909579,2023,English,Family Sharing;Single-player;Steam Achievements;Steam Cloud,Casual,Board Game;Cartoon;Cartoony;Casual;Cats;Colorful;Cozy;Cute;Family Friendly;Hand-drawn;Hex Grid;Logic;Puzzle;Relaxing;Singleplayer;Tabletop,😸 A portion of the profit from this game will be allocated to street cat rescue and support initiatives. 😻 Features: 🐾 50 handcrafted levels. ​🎵​ Original soundtrack. 🧶 5 different scenarios. 🐈 Cute cats. 🧩 Game experience designed for both think and relax.,"{""text_match"": 0.041998062, ""cosine_similarity"": 0.5819158}"
2026-02-10T20:07:21+00:00,CORTEX_DB.RAW.CAT_GAMES_SVC_1_5,default,"digital board game: rescue cats tiles into a boat, strategy, sailing theme","digital board game: rescue cats tiles into a boat, strategy, sailing theme",[],,False,,,,no_reranker_balanced,0.3,10,100,0,819,819,,01c25377-0005-0846-0001-397a0006e84a,,42,42,,6e-06,6e-06,,6e-06,,,,,[],[],[],[],[],[],,,,,,,True,False,[],[],,,,[],[],,,,3,The Zwuggels - A Beach Holiday Adventure for Kids,0.7762065,2017,English;French;German;Italian;Polish;Portuguese - Brazil;Russian;Spanish - Spain,Family Sharing;Single-player;Steam Achievements,Adventure;Casual;Indie,Adventure;Cartoon;Cartoony;Casual;Colorful;Cute;Family Friendly;Female Protagonist;Fishing;Indie;Linear;Mouse only;Pirates;Point & Click;Relaxing;Singleplayer,"Let your kid ( 4 years and older ) join the Zwuggels on an amazing trip in this interactive Summer adventure. The children help the Zwuggels prepare for their trip to the beach for their summer vacation. Once landed on the tropical island, they quickly learn about the mysterious pirate cats and soon take part in an exciting treasure hunt! Winner of PAEDI 2016 Award for outstanding children's software (Munich, Germany). Concept qualified for funding by the State of Bavaria's Film Fund (FFF). The ","{""text_match"": 0.01625268, ""cosine_similarity"": 0.552413}"
2026-02-10T20:07:21+00:00,CORTEX_DB.RAW.CAT_GAMES_SVC_1_5,default,"digital board game: rescue cats tiles into a boat, strategy, sailing theme","digital board game: rescue cats tiles into a boat, strategy, sailing theme",[],,False,,,,no_reranker_balanced,0.3,10,100,0,819,819,,01c25377-0005-0846-0001-397a0006e84a,,42,42,,6e-06,6e-06,,6e-06,,,,,[],[],[],[],[],[],,,,,,,True,False,[],[],,,,[],[],,,,4,1001 Jigsaw. Cute Cats 3,0.773454935,2023,English;French;German;Russian,Family Sharing;Single-player,Casual,2D;Casual;Hand-drawn;Puzzle;Realistic;Singleplayer;Tabletop,"Cute and clumsy cats on guard of your good mood! ''1001 Jigsaw. Cute Cats 3'' are ready to help you gain positive emotions! This is an easy to control game, where you can use hints to pass the level, take a short break, while saving the result, or choose a suitable level of difficulty, if the puzzle is not amenable to the first time. The game is thoroughly detailed, so it is suitable for all types of players. We'll be waiting for you in the world of amazing and charming seals! - 500 high quality","{""text_match"": 1.7311137e-07, ""cosine_similarity"": 0.54690987}"
2026-02-10T20:07:21+00:00,CORTEX_DB.RAW.CAT_GAMES_SVC_1_5,default,"digital board game: rescue cats tiles into a boat, strategy, sailing theme","digital board game: rescue cats tiles into a boat, strategy, sailing theme",[],,False,,,,no_reranker_balanced,0.3,10,100,0,819,819,,01c25377-0005-0846-0001-397a0006e84a,,42,42,,6e-06,6e-06,,6e-06,,,,,[],[],[],[],[],[],,,,,,,True,False,[],[],,,,[],[],,,,5,Spelly Cat,0.77001548,2024,English,Family Sharing;Single-player,Adventure;Casual;Early Access;Indie;Strategy,2D;Casual;Cats;Colorful;Cute;Early Access;Education;Fantasy;Grid-Based Movement;Magic;Pixel Graphics;Procedural Generation;Puzzle;Relaxing;Rogue-like;Singleplayer;Spelling;Strategy;Text-Based;Word Game,"CITY WORLD - SPINNY WORD Spin the blocks to unscramble the words! Spelly Cat combines word games, jigsaws, mazes and block puzzles into a fun and challenging game that is perfect for players of all ages. The levels are randomly generated, so each time you play, the challenge is different. Features: Fill your spell book and adventure through the land of Abecedia over 10 different puzzle types 12 worlds - each with their own themed word puzzles DEMO OUT NOW - Click the Download link to check out a","{""text_match"": 0.0008200903, ""cosine_similarity"": 0.54003096}"
2026-02-10T20:07:21+00:00,CORTEX_DB.RAW.CAT_GAMES_SVC_1_5,default,"digital board game: rescue cats tiles into a boat, strategy, sailing theme","digital board game: rescue cats tiles into a boat, strategy, sailing theme",[],,False,,,,no_reranker_balanced,0.3,10,100,0,819,819,,01c25377-0005-0846-0001-397a0006e84a,,42,42,,6e-06,6e-06,,6e-06,,,,,[],[],[],[],[],[],,,,,,,True,False,[],[],,,,[],[],,,,6,Space Cats Tactics,0.76879257,2023,English;German;Japanese;Russian;Simplified Chinese;Traditional Chinese,Captions available;Family Sharing;Full controller support;Single-player;Steam Achievements,Indie;RPG;Strategy,Base-Building;Cats;Character Customization;Cute;Cyberpunk;Exploration;Funny;Military;RPG;Sci-fi;Space;Space Sim;Story Rich;Strategy;Tactical RPG;Top-Down;Turn-Based;Turn-Based Combat;Turn-Based Strategy;Turn-Based Tactics,"Join my Discord: Made by a solo developer, Space Cats Tactics brings together the nerve-wracking battles of turn-based strategy games and the powerful epic stories of space opera. Combining grid- and turn-based tactical combat (as seen in games like XCOM and Divinity: Original Sin) and inside-ship crew management (like in games such as FTL and Star Command Galaxies), in Space Cats Tactics you will have to be on your toes and think every step very carefully! KEY FEATURES Fight nerve-wracking spac","{""text_match"": 0.0034272668, ""cosine_similarity"": 0.53758514}"
2026-02-10T20:07:21+00:00,CORTEX_DB.RAW.CAT_GAMES_SVC_1_5,default,"digital board game: rescue cats tiles into a boat, strategy, sailing theme","digital board game: rescue cats tiles into a boat, strategy, sailing theme",[],,False,,,,no_reranker_balanced,0.3,10,100,0,819,819,,01c25377-0005-0846-0001-397a0006e84a,,42,42,,6e-06,6e-06,,6e-06,,,,,[],[],[],[],[],[],,,,,,,True,False,[],[],,,,[],[],,,,7,Cat's Life Jigsaw Puzzles,0.76504737,2021,English,Family Sharing;Single-player,Casual;Indie;Strategy,2D;Board Game;Casual;Cats;Colorful;Cute;Education;Family Friendly;Funny;Hidden Object;Indie;Minimalist;Nature;Point & Click;Puzzle;Relaxing;Singleplayer;Strategy;Tabletop,"'Cats Life Jigsaw Puzzles' is a delightful and engaging puzzle game that invites players to immerse themselves in the charming world of cats. This game is not just about solving puzzles; it's about celebrating the whimsical and captivating life of our feline friends. Each puzzle brings to life a unique cat scene, allowing you to explore the diverse and enchanting world of cats in a fun and relaxing way. From playful kittens frolicking in the garden to majestic cats lounging in their elegant home","{""text_match"": 0.011617309, ""cosine_similarity"": 0.53009474}"
2026-02-10T20:07:21+00:00,CORTEX_DB.RAW.CAT_GAMES_SVC_1_5,default,"digital board game: rescue cats tiles into a boat, strategy, sailing theme","digital board game: rescue cats tiles into a boat, strategy, sailing theme",[],,False,,,,no_reranker_balanced,0.3,10,100,0,819,819,,01c25377-0005-0846-0001-397a0006e84a,,42,42,,6e-06,6e-06,,6e-06,,,,,[],[],[],[],[],[],,,,,,,True,False,[],[],,,,[],[],,,,8,Another Cat in Dungeons,0.76481807,2021,English,Family Sharing;Single-player;Steam Achievements,Casual;Indie;Strategy,3D;Atmospheric;Board Game;Casual;Cats;Cute;Indie;Logic;Minimalist;Mystery Dungeon;Puzzle;Relaxing;Singleplayer;Strategy,"Another Cat in Dungeons is a sequence from A Cat in Dungeons. It's puzzle game where you need to find the best path to the goal, walking trough turnable tabletops. Each level contains different obstacles and puzzles, including teleports and mechanisms. Features Turnable Tabletop : don't you know how to escape? Try to turn the tabletop! Challenge levels Solve riddles to avoid falling grounds Use teleports Use mechanisms to unlock doors and gates","{""text_match"": 0.010785926, ""cosine_similarity"": 0.52963614}"
2026-02-10T20:07:21+00:00,CORTEX_DB.RAW.CAT_GAMES_SVC_1_5,default,"digital board game: rescue cats tiles into a boat, strategy, sailing theme","digital board game: rescue cats tiles into a boat, strategy, sailing theme",[],,False,,,,no_reranker_balanced,0.3,10,100,0,819,819,,01c25377-0005-0846-0001-397a0006e84a,,42,42,,6e-06,6e-06,,6e-06,,,,,[],[],[],[],[],[],,,,,,,True,False,[],[],,,,[],[],,,,9,Push The Cat with WASD,0.76397735,2024,English;Japanese;Simplified Chinese;Traditional Chinese,Family Sharing;Partial Controller Support;Single-player;Steam Achievements,Casual;Indie,2D;Casual;Cats;Cute;Difficult;Drama;Emotional;Indie;Interactive Fiction;Logic;Memes;Minimalist;Narration;Narrative;Puzzle;Relaxing;Singleplayer;Sokoban;Text-Based;Word Game,"The 'story' and 'texts' are puzzle! This is a cat puzzle game where you use 'text' to push the cat. If letter WASD appears in the text, you can push it! You need to push the cat to the goal. About the Puzzle Don't worry if you can't solve the puzzle. There are in-game hints and solutions. If you like to solve very difficult puzzles, there are 13 extra challenge levels for you to solve! These levels are intricately crafted with heart and soul. About the Story Do You push cats often? Cat pushing e","{""text_match"": 0.0042977524, ""cosine_similarity"": 0.5279547}"
2026-02-10T20:07:21+00:00,CORTEX_DB.RAW.CAT_GAMES_SVC_1_5,default,"digital board game: rescue cats tiles into a boat, strategy, sailing theme","digital board game: rescue cats tiles into a boat, strategy, sailing theme",[],,False,,,,no_reranker_balanced,0.3,10,100,0,819,819,,01c25377-0005-0846-0001-397a0006e84a,,42,42,,6e-06,6e-06,,6e-06,,,,,[],[],[],[],[],[],,,,,,,True,False,[],[],,,,[],[],,,,10,Intelligence: Cats,0.76191365,2018,English,Family Sharing;Single-player;Steam Achievements,Indie,2D;Atmospheric;Card Game;Casual;Cats;Family Friendly;Indie;Logic;Puzzle;Relaxing;Retro;Simulation;Singleplayer;Tabletop,"Intelligence: Cats is a puzzle game in which you want to build an image (with cats) so that the picture was like the original image. Move the tiles of the puzzle wisely to collect the correct order of the pieces of images. The essence of the game as in the old game 'Fifteen' (15). The game will have 6 levels with a 3x3 field size, as well as 6 other levels with a 4x4 field size. Each level has a different image. The game contains images of twelve cats. Key game features: - 12 different levels - ","{""text_match"": 0.01304216, ""cosine_similarity"": 0.5238273}"
2026-02-10T20:07:22+00:00,CORTEX_DB.RAW.CAT_GAMES_SVC_1_5,default,"digital board game: rescue cats tiles into a boat, strategy, sailing theme","digital board game: rescue cats tiles into a boat, strategy, sailing theme",[],,False,,,,no_reranker_balanced,0.65,10,100,0,819,819,,01c25377-0005-0864-0001-397a0006ba46,,41,41,,6e-06,6e-06,,6e-06,,,,,[],[],[],[],[],[],,,,,,,True,False,[],[],,,,[],[],,,,1,The Isle of Cats,0.798218965,2025,English;French;Italian;Spanish - Latin America;Spanish - Spain,Family Sharing;Full controller support;Multi-player;Online PvP;PvP;Shared/Split Screen;Shared/Split Screen PvP;Single-player;Steam Achievements;Steam Turn Notifications,Strategy,2.5D;Asynchronous Multiplayer;Board Game;Cartoon;Cats;Colorful;Cute;Family Friendly;Fishing;Hand-drawn;Multiplayer;PvE;PvP;Sailing;Singleplayer;Strategy;Top-Down,"Citizens of Squall’s End! Lookouts have spotted the sails of the evil Lord Vesh on the horizon! We must save the Isle of Cats before he arrives! The Isle of Cats is a competitive board game race to save a colorful collection of cats, scoring points based on how well you settle them into your personal rescue boat. Each cat comes on a unique tile and belongs to a family of cats of its color. You must find an arrangement to fit them in your boat, while keeping families together and managing your re","{""text_match"": 0.08014313, ""cosine_similarity"": 0.59643793}"
2026-02-10T20:07:22+00:00,CORTEX_DB.RAW.CAT_GAMES_SVC_1_5,default,"digital board game: rescue cats tiles into a boat, strategy, sailing theme","digital board game: rescue cats tiles into a boat, strategy, sailing theme",[],,False,,,,no_reranker_balanced,0.65,10,100,0,819,819,,01c25377-0005-0864-0001-397a0006ba46,,41,41,,6e-06,6e-06,,6e-06,,,,,[],[],[],[],[],[],,,,,,,True,False,[],[],,,,[],[],,,,2,Hex Cats,0.7909579,2023,English,Family Sharing;Single-player;Steam Achievements;Steam Cloud,Casual,Board Game;Cartoon;Cartoony;Casual;Cats;Colorful;Cozy;Cute;Family Friendly;Hand-drawn;Hex Grid;Logic;Puzzle;Relaxing;Singleplayer;Tabletop,😸 A portion of the profit from this game will be allocated to street cat rescue and support initiatives. 😻 Features: 🐾 50 handcrafted levels. ​🎵​ Original soundtrack. 🧶 5 different scenarios. 🐈 Cute cats. 🧩 Game experience designed for both think and relax.,"{""text_match"": 0.041998062, ""cosine_similarity"": 0.5819158}"
2026-02-10T20:07:22+00:00,CORTEX_DB.RAW.CAT_GAMES_SVC_1_5,default,"digital board game: rescue cats tiles into a boat, strategy, sailing theme","digital board game: rescue cats tiles into a boat, strategy, sailing theme",[],,False,,,,no_reranker_balanced,0.65,10,100,0,819,819,,01c25377-0005-0864-0001-397a0006ba46,,41,41,,6e-06,6e-06,,6e-06,,,,,[],[],[],[],[],[],,,,,,,True,False,[],[],,,,[],[],,,,3,The Zwuggels - A Beach Holiday Adventure for Kids,0.7762065,2017,English;French;German;Italian;Polish;Portuguese - Brazil;Russian;Spanish - Spain,Family Sharing;Single-player;Steam Achievements,Adventure;Casual;Indie,Adventure;Cartoon;Cartoony;Casual;Colorful;Cute;Family Friendly;Female Protagonist;Fishing;Indie;Linear;Mouse only;Pirates;Point & Click;Relaxing;Singleplayer,"Let your kid ( 4 years and older ) join the Zwuggels on an amazing trip in this interactive Summer adventure. The children help the Zwuggels prepare for their trip to the beach for their summer vacation. Once landed on the tropical island, they quickly learn about the mysterious pirate cats and soon take part in an exciting treasure hunt! Winner of PAEDI 2016 Award for outstanding children's software (Munich, Germany). Concept qualified for funding by the State of Bavaria's Film Fund (FFF). The ","{""text_match"": 0.01625268, ""cosine_similarity"": 0.552413}"
2026-02-10T20:07:22+00:00,CORTEX_DB.RAW.CAT_GAMES_SVC_1_5,default,"digital board game: rescue cats tiles into a boat, strategy, sailing theme","digital board game: rescue cats tiles into a boat, strategy, sailing theme",[],,False,,,,no_reranker_balanced,0.65,10,100,0,819,819,,01c25377-0005-0864-0001-397a0006ba46,,41,41,,6e-06,6e-06,,6e-06,,,,,[],[],[],[],[],[],,,,,,,True,False,[],[],,,,[],[],,,,4,1001 Jigsaw. Cute Cats 3,0.773454935,2023,English;French;German;Russian,Family Sharing;Single-player,Casual,2D;Casual;Hand-drawn;Puzzle;Realistic;Singleplayer;Tabletop,"Cute and clumsy cats on guard of your good mood! ''1001 Jigsaw. Cute Cats 3'' are ready to help you gain positive emotions! This is an easy to control game, where you can use hints to pass the level, take a short break, while saving the result, or choose a suitable level of difficulty, if the puzzle is not amenable to the first time. The game is thoroughly detailed, so it is suitable for all types of players. We'll be waiting for you in the world of amazing and charming seals! - 500 high quality","{""text_match"": 1.7311137e-07, ""cosine_similarity"": 0.54690987}"
2026-02-10T20:07:22+00:00,CORTEX_DB.RAW.CAT_GAMES_SVC_1_5,default,"digital board game: rescue cats tiles into a boat, strategy, sailing theme","digital board game: rescue cats tiles into a boat, strategy, sailing theme",[],,False,,,,no_reranker_balanced,0.65,10,100,0,819,819,,01c25377-0005-0864-0001-397a0006ba46,,41,41,,6e-06,6e-06,,6e-06,,,,,[],[],[],[],[],[],,,,,,,True,False,[],[],,,,[],[],,,,5,Spelly Cat,0.77001548,2024,English,Family Sharing;Single-player,Adventure;Casual;Early Access;Indie;Strategy,2D;Casual;Cats;Colorful;Cute;Early Access;Education;Fantasy;Grid-Based Movement;Magic;Pixel Graphics;Procedural Generation;Puzzle;Relaxing;Rogue-like;Singleplayer;Spelling;Strategy;Text-Based;Word Game,"CITY WORLD - SPINNY WORD Spin the blocks to unscramble the words! Spelly Cat combines word games, jigsaws, mazes and block puzzles into a fun and challenging game that is perfect for players of all ages. The levels are randomly generated, so each time you play, the challenge is different. Features: Fill your spell book and adventure through the land of Abecedia over 10 different puzzle types 12 worlds - each with their own themed word puzzles DEMO OUT NOW - Click the Download link to check out a","{""text_match"": 0.0008200903, ""cosine_similarity"": 0.54003096}"
2026-02-10T20:07:22+00:00,CORTEX_DB.RAW.CAT_GAMES_SVC_1_5,default,"digital board game: rescue cats tiles into a boat, strategy, sailing theme","digital board game: rescue cats tiles into a boat, strategy, sailing theme",[],,False,,,,no_reranker_balanced,0.65,10,100,0,819,819,,01c25377-0005-0864-0001-397a0006ba46,,41,41,,6e-06,6e-06,,6e-06,,,,,[],[],[],[],[],[],,,,,,,True,False,[],[],,,,[],[],,,,6,Space Cats Tactics,0.76879257,2023,English;German;Japanese;Russian;Simplified Chinese;Traditional Chinese,Captions available;Family Sharing;Full controller support;Single-player;Steam Achievements,Indie;RPG;Strategy,Base-Building;Cats;Character Customization;Cute;Cyberpunk;Exploration;Funny;Military;RPG;Sci-fi;Space;Space Sim;Story Rich;Strategy;Tactical RPG;Top-Down;Turn-Based;Turn-Based Combat;Turn-Based Strategy;Turn-Based Tactics,"Join my Discord: Made by a solo developer, Space Cats Tactics brings together the nerve-wracking battles of turn-based strategy games and the powerful epic stories of space opera. Combining grid- and turn-based tactical combat (as seen in games like XCOM and Divinity: Original Sin) and inside-ship crew management (like in games such as FTL and Star Command Galaxies), in Space Cats Tactics you will have to be on your toes and think every step very carefully! KEY FEATURES Fight nerve-wracking spac","{""text_match"": 0.0034272668, ""cosine_similarity"": 0.53758514}"
2026-02-10T20:07:22+00:00,CORTEX_DB.RAW.CAT_GAMES_SVC_1_5,default,"digital board game: rescue cats tiles into a boat, strategy, sailing theme","digital board game: rescue cats tiles into a boat, strategy, sailing theme",[],,False,,,,no_reranker_balanced,0.65,10,100,0,819,819,,01c25377-0005-0864-0001-397a0006ba46,,41,41,,6e-06,6e-06,,6e-06,,,,,[],[],[],[],[],[],,,,,,,True,False,[],[],,,,[],[],,,,7,Cat's Life Jigsaw Puzzles,0.76504737,2021,English,Family Sharing;Single-player,Casual;Indie;Strategy,2D;Board Game;Casual;Cats;Colorful;Cute;Education;Family Friendly;Funny;Hidden Object;Indie;Minimalist;Nature;Point & Click;Puzzle;Relaxing;Singleplayer;Strategy;Tabletop,"'Cats Life Jigsaw Puzzles' is a delightful and engaging puzzle game that invites players to immerse themselves in the charming world of cats. This game is not just about solving puzzles; it's about celebrating the whimsical and captivating life of our feline friends. Each puzzle brings to life a unique cat scene, allowing you to explore the diverse and enchanting world of cats in a fun and relaxing way. From playful kittens frolicking in the garden to majestic cats lounging in their elegant home","{""text_match"": 0.011617309, ""cosine_similarity"": 0.53009474}"
2026-02-10T20:07:22+00:00,CORTEX_DB.RAW.CAT_GAMES_SVC_1_5,default,"digital board game: rescue cats tiles into a boat, strategy, sailing theme","digital board game: rescue cats tiles into a boat, strategy, sailing theme",[],,False,,,,no_reranker_balanced,0.65,10,100,0,819,819,,01c25377-0005-0864-0001-397a0006ba46,,41,41,,6e-06,6e-06,,6e-06,,,,,[],[],[],[],[],[],,,,,,,True,False,[],[],,,,[],[],,,,8,Another Cat in Dungeons,0.76481807,2021,English,Family Sharing;Single-player;Steam Achievements,Casual;Indie;Strategy,3D;Atmospheric;Board Game;Casual;Cats;Cute;Indie;Logic;Minimalist;Mystery Dungeon;Puzzle;Relaxing;Singleplayer;Strategy,"Another Cat in Dungeons is a sequence from A Cat in Dungeons. It's puzzle game where you need to find the best path to the goal, walking trough turnable tabletops. Each level contains different obstacles and puzzles, including teleports and mechanisms. Features Turnable Tabletop : don't you know how to escape? Try to turn the tabletop! Challenge levels Solve riddles to avoid falling grounds Use teleports Use mechanisms to unlock doors and gates","{""text_match"": 0.010785926, ""cosine_similarity"": 0.52963614}"
2026-02-10T20:07:22+00:00,CORTEX_DB.RAW.CAT_GAMES_SVC_1_5,default,"digital board game: rescue cats tiles into a boat, strategy, sailing theme","digital board game: rescue cats tiles into a boat, strategy, sailing theme",[],,False,,,,no_reranker_balanced,0.65,10,100,0,819,819,,01c25377-0005-0864-0001-397a0006ba46,,41,41,,6e-06,6e-06,,6e-06,,,,,[],[],[],[],[],[],,,,,,,True,False,[],[],,,,[],[],,,,9,Push The Cat with WASD,0.76397735,2024,English;Japanese;Simplified Chinese;Traditional Chinese,Family Sharing;Partial Controller Support;Single-player;Steam Achievements,Casual;Indie,2D;Casual;Cats;Cute;Difficult;Drama;Emotional;Indie;Interactive Fiction;Logic;Memes;Minimalist;Narration;Narrative;Puzzle;Relaxing;Singleplayer;Sokoban;Text-Based;Word Game,"The 'story' and 'texts' are puzzle! This is a cat puzzle game where you use 'text' to push the cat. If letter WASD appears in the text, you can push it! You need to push the cat to the goal. About the Puzzle Don't worry if you can't solve the puzzle. There are in-game hints and solutions. If you like to solve very difficult puzzles, there are 13 extra challenge levels for you to solve! These levels are intricately crafted with heart and soul. About the Story Do You push cats often? Cat pushing e","{""text_match"": 0.0042977524, ""cosine_similarity"": 0.5279547}"
2026-02-10T20:07:22+00:00,CORTEX_DB.RAW.CAT_GAMES_SVC_1_5,default,"digital board game: rescue cats tiles into a boat, strategy, sailing theme","digital board game: rescue cats tiles into a boat, strategy, sailing theme",[],,False,,,,no_reranker_balanced,0.65,10,100,0,819,819,,01c25377-0005-0864-0001-397a0006ba46,,41,41,,6e-06,6e-06,,6e-06,,,,,[],[],[],[],[],[],,,,,,,True,False,[],[],,,,[],[],,,,10,Intelligence: Cats,0.76191365,2018,English,Family Sharing;Single-player;Steam Achievements,Indie,2D;Atmospheric;Card Game;Casual;Cats;Family Friendly;Indie;Logic;Puzzle;Relaxing;Retro;Simulation;Singleplayer;Tabletop,"Intelligence: Cats is a puzzle game in which you want to build an image (with cats) so that the picture was like the original image. Move the tiles of the puzzle wisely to collect the correct order of the pieces of images. The essence of the game as in the old game 'Fifteen' (15). The game will have 6 levels with a 3x3 field size, as well as 6 other levels with a 4x4 field size. Each level has a different image. The game contains images of twelve cats. Key game features: - 12 different levels - ","{""text_match"": 0.01304216, ""cosine_similarity"": 0.5238273}"
2026-02-10T20:07:23+00:00,CORTEX_DB.RAW.CAT_GAMES_SVC_1_5,default,"digital board game: rescue cats tiles into a boat, strategy, sailing theme","digital board game: rescue cats tiles into a boat, strategy, sailing theme",[],,False,,,,no_reranker_balanced,0.75,10,100,0,822,822,,01c25377-0005-0864-0001-397a0006ba4e,,30,30,,4e-06,4e-06,,4e-06,,,,,[],[],[],[],[],[],,,,,,,True,False,[],[],,,,[],[],,,,1,The Isle of Cats,0.798218965,2025,English;French;Italian;Spanish - Latin America;Spanish - Spain,Family Sharing;Full controller support;Multi-player;Online PvP;PvP;Shared/Split Screen;Shared/Split Screen PvP;Single-player;Steam Achievements;Steam Turn Notifications,Strategy,2.5D;Asynchronous Multiplayer;Board Game;Cartoon;Cats;Colorful;Cute;Family Friendly;Fishing;Hand-drawn;Multiplayer;PvE;PvP;Sailing;Singleplayer;Strategy;Top-Down,"Citizens of Squall’s End! Lookouts have spotted the sails of the evil Lord Vesh on the horizon! We must save the Isle of Cats before he arrives! The Isle of Cats is a competitive board game race to save a colorful collection of cats, scoring points based on how well you settle them into your personal rescue boat. Each cat comes on a unique tile and belongs to a family of cats of its color. You must find an arrangement to fit them in your boat, while keeping families together and managing your re","{""text_match"": 0.08014313, ""cosine_similarity"": 0.59643793}"
2026-02-10T20:07:23+00:00,CORTEX_DB.RAW.CAT_GAMES_SVC_1_5,default,"digital board game: rescue cats tiles into a boat, strategy, sailing theme","digital board game: rescue cats tiles into a boat, strategy, sailing theme",[],,False,,,,no_reranker_balanced,0.75,10,100,0,822,822,,01c25377-0005-0864-0001-397a0006ba4e,,30,30,,4e-06,4e-06,,4e-06,,,,,[],[],[],[],[],[],,,,,,,True,False,[],[],,,,[],[],,,,2,Hex Cats,0.7909579,2023,English,Family Sharing;Single-player;Steam Achievements;Steam Cloud,Casual,Board Game;Cartoon;Cartoony;Casual;Cats;Colorful;Cozy;Cute;Family Friendly;Hand-drawn;Hex Grid;Logic;Puzzle;Relaxing;Singleplayer;Tabletop,😸 A portion of the profit from this game will be allocated to street cat rescue and support initiatives. 😻 Features: 🐾 50 handcrafted levels. ​🎵​ Original soundtrack. 🧶 5 different scenarios. 🐈 Cute cats. 🧩 Game experience designed for both think and relax.,"{""text_match"": 0.041998062, ""cosine_similarity"": 0.5819158}"
2026-02-10T20:07:23+00:00,CORTEX_DB.RAW.CAT_GAMES_SVC_1_5,default,"digital board game: rescue cats tiles into a boat, strategy, sailing theme","digital board game: rescue cats tiles into a boat, strategy, sailing theme",[],,False,,,,no_reranker_balanced,0.75,10,100,0,822,822,,01c25377-0005-0864-0001-397a0006ba4e,,30,30,,4e-06,4e-06,,4e-06,,,,,[],[],[],[],[],[],,,,,,,True,False,[],[],,,,[],[],,,,3,The Zwuggels - A Beach Holiday Adventure for Kids,0.7762065,2017,English;French;German;Italian;Polish;Portuguese - Brazil;Russian;Spanish - Spain,Family Sharing;Single-player;Steam Achievements,Adventure;Casual;Indie,Adventure;Cartoon;Cartoony;Casual;Colorful;Cute;Family Friendly;Female Protagonist;Fishing;Indie;Linear;Mouse only;Pirates;Point & Click;Relaxing;Singleplayer,"Let your kid ( 4 years and older ) join the Zwuggels on an amazing trip in this interactive Summer adventure. The children help the Zwuggels prepare for their trip to the beach for their summer vacation. Once landed on the tropical island, they quickly learn about the mysterious pirate cats and soon take part in an exciting treasure hunt! Winner of PAEDI 2016 Award for outstanding children's software (Munich, Germany). Concept qualified for funding by the State of Bavaria's Film Fund (FFF). The ","{""text_match"": 0.01625268, ""cosine_similarity"": 0.552413}"
2026-02-10T20:07:23+00:00,CORTEX_DB.RAW.CAT_GAMES_SVC_1_5,default,"digital board game: rescue cats tiles into a boat, strategy, sailing theme","digital board game: rescue cats tiles into a boat, strategy, sailing theme",[],,False,,,,no_reranker_balanced,0.75,10,100,0,822,822,,01c25377-0005-0864-0001-397a0006ba4e,,30,30,,4e-06,4e-06,,4e-06,,,,,[],[],[],[],[],[],,,,,,,True,False,[],[],,,,[],[],,,,4,1001 Jigsaw. Cute Cats 3,0.773454935,2023,English;French;German;Russian,Family Sharing;Single-player,Casual,2D;Casual;Hand-drawn;Puzzle;Realistic;Singleplayer;Tabletop,"Cute and clumsy cats on guard of your good mood! ''1001 Jigsaw. Cute Cats 3'' are ready to help you gain positive emotions! This is an easy to control game, where you can use hints to pass the level, take a short break, while saving the result, or choose a suitable level of difficulty, if the puzzle is not amenable to the first time. The game is thoroughly detailed, so it is suitable for all types of players. We'll be waiting for you in the world of amazing and charming seals! - 500 high quality","{""text_match"": 1.7311137e-07, ""cosine_similarity"": 0.54690987}"
2026-02-10T20:07:23+00:00,CORTEX_DB.RAW.CAT_GAMES_SVC_1_5,default,"digital board game: rescue cats tiles into a boat, strategy, sailing theme","digital board game: rescue cats tiles into a boat, strategy, sailing theme",[],,False,,,,no_reranker_balanced,0.75,10,100,0,822,822,,01c25377-0005-0864-0001-397a0006ba4e,,30,30,,4e-06,4e-06,,4e-06,,,,,[],[],[],[],[],[],,,,,,,True,False,[],[],,,,[],[],,,,5,Spelly Cat,0.77001548,2024,English,Family Sharing;Single-player,Adventure;Casual;Early Access;Indie;Strategy,2D;Casual;Cats;Colorful;Cute;Early Access;Education;Fantasy;Grid-Based Movement;Magic;Pixel Graphics;Procedural Generation;Puzzle;Relaxing;Rogue-like;Singleplayer;Spelling;Strategy;Text-Based;Word Game,"CITY WORLD - SPINNY WORD Spin the blocks to unscramble the words! Spelly Cat combines word games, jigsaws, mazes and block puzzles into a fun and challenging game that is perfect for players of all ages. The levels are randomly generated, so each time you play, the challenge is different. Features: Fill your spell book and adventure through the land of Abecedia over 10 different puzzle types 12 worlds - each with their own themed word puzzles DEMO OUT NOW - Click the Download link to check out a","{""text_match"": 0.0008200903, ""cosine_similarity"": 0.54003096}"
2026-02-10T20:07:23+00:00,CORTEX_DB.RAW.CAT_GAMES_SVC_1_5,default,"digital board game: rescue cats tiles into a boat, strategy, sailing theme","digital board game: rescue cats tiles into a boat, strategy, sailing theme",[],,False,,,,no_reranker_balanced,0.75,10,100,0,822,822,,01c25377-0005-0864-0001-397a0006ba4e,,30,30,,4e-06,4e-06,,4e-06,,,,,[],[],[],[],[],[],,,,,,,True,False,[],[],,,,[],[],,,,6,Space Cats Tactics,0.76879257,2023,English;German;Japanese;Russian;Simplified Chinese;Traditional Chinese,Captions available;Family Sharing;Full controller support;Single-player;Steam Achievements,Indie;RPG;Strategy,Base-Building;Cats;Character Customization;Cute;Cyberpunk;Exploration;Funny;Military;RPG;Sci-fi;Space;Space Sim;Story Rich;Strategy;Tactical RPG;Top-Down;Turn-Based;Turn-Based Combat;Turn-Based Strategy;Turn-Based Tactics,"Join my Discord: Made by a solo developer, Space Cats Tactics brings together the nerve-wracking battles of turn-based strategy games and the powerful epic stories of space opera. Combining grid- and turn-based tactical combat (as seen in games like XCOM and Divinity: Original Sin) and inside-ship crew management (like in games such as FTL and Star Command Galaxies), in Space Cats Tactics you will have to be on your toes and think every step very carefully! KEY FEATURES Fight nerve-wracking spac","{""text_match"": 0.0034272668, ""cosine_similarity"": 0.53758514}"
2026-02-10T20:07:23+00:00,CORTEX_DB.RAW.CAT_GAMES_SVC_1_5,default,"digital board game: rescue cats tiles into a boat, strategy, sailing theme","digital board game: rescue cats tiles into a boat, strategy, sailing theme",[],,False,,,,no_reranker_balanced,0.75,10,100,0,822,822,,01c25377-0005-0864-0001-397a0006ba4e,,30,30,,4e-06,4e-06,,4e-06,,,,,[],[],[],[],[],[],,,,,,,True,False,[],[],,,,[],[],,,,7,Cat's Life Jigsaw Puzzles,0.76504737,2021,English,Family Sharing;Single-player,Casual;Indie;Strategy,2D;Board Game;Casual;Cats;Colorful;Cute;Education;Family Friendly;Funny;Hidden Object;Indie;Minimalist;Nature;Point & Click;Puzzle;Relaxing;Singleplayer;Strategy;Tabletop,"'Cats Life Jigsaw Puzzles' is a delightful and engaging puzzle game that invites players to immerse themselves in the charming world of cats. This game is not just about solving puzzles; it's about celebrating the whimsical and captivating life of our feline friends. Each puzzle brings to life a unique cat scene, allowing you to explore the diverse and enchanting world of cats in a fun and relaxing way. From playful kittens frolicking in the garden to majestic cats lounging in their elegant home","{""text_match"": 0.011617309, ""cosine_similarity"": 0.53009474}"
2026-02-10T20:07:23+00:00,CORTEX_DB.RAW.CAT_GAMES_SVC_1_5,default,"digital board game: rescue cats tiles into a boat, strategy, sailing theme","digital board game: rescue cats tiles into a boat, strategy, sailing theme",[],,False,,,,no_reranker_balanced,0.75,10,100,0,822,822,,01c25377-0005-0864-0001-397a0006ba4e,,30,30,,4e-06,4e-06,,4e-06,,,,,[],[],[],[],[],[],,,,,,,True,False,[],[],,,,[],[],,,,8,Another Cat in Dungeons,0.76481807,2021,English,Family Sharing;Single-player;Steam Achievements,Casual;Indie;Strategy,3D;Atmospheric;Board Game;Casual;Cats;Cute;Indie;Logic;Minimalist;Mystery Dungeon;Puzzle;Relaxing;Singleplayer;Strategy,"Another Cat in Dungeons is a sequence from A Cat in Dungeons. It's puzzle game where you need to find the best path to the goal, walking trough turnable tabletops. Each level contains different obstacles and puzzles, including teleports and mechanisms. Features Turnable Tabletop : don't you know how to escape? Try to turn the tabletop! Challenge levels Solve riddles to avoid falling grounds Use teleports Use mechanisms to unlock doors and gates","{""text_match"": 0.010785926, ""cosine_similarity"": 0.52963614}"
2026-02-10T20:07:23+00:00,CORTEX_DB.RAW.CAT_GAMES_SVC_1_5,default,"digital board game: rescue cats tiles into a boat, strategy, sailing theme","digital board game: rescue cats tiles into a boat, strategy, sailing theme",[],,False,,,,no_reranker_balanced,0.75,10,100,0,822,822,,01c25377-0005-0864-0001-397a0006ba4e,,30,30,,4e-06,4e-06,,4e-06,,,,,[],[],[],[],[],[],,,,,,,True,False,[],[],,,,[],[],,,,9,Push The Cat with WASD,0.76397735,2024,English;Japanese;Simplified Chinese;Traditional Chinese,Family Sharing;Partial Controller Support;Single-player;Steam Achievements,Casual;Indie,2D;Casual;Cats;Cute;Difficult;Drama;Emotional;Indie;Interactive Fiction;Logic;Memes;Minimalist;Narration;Narrative;Puzzle;Relaxing;Singleplayer;Sokoban;Text-Based;Word Game,"The 'story' and 'texts' are puzzle! This is a cat puzzle game where you use 'text' to push the cat. If letter WASD appears in the text, you can push it! You need to push the cat to the goal. About the Puzzle Don't worry if you can't solve the puzzle. There are in-game hints and solutions. If you like to solve very difficult puzzles, there are 13 extra challenge levels for you to solve! These levels are intricately crafted with heart and soul. About the Story Do You push cats often? Cat pushing e","{""text_match"": 0.0042977524, ""cosine_similarity"": 0.5279547}"
2026-02-10T20:07:23+00:00,CORTEX_DB.RAW.CAT_GAMES_SVC_1_5,default,"digital board game: rescue cats tiles into a boat, strategy, sailing theme","digital board game: rescue cats tiles into a boat, strategy, sailing theme",[],,False,,,,no_reranker_balanced,0.75,10,100,0,822,822,,01c25377-0005-0864-0001-397a0006ba4e,,30,30,,4e-06,4e-06,,4e-06,,,,,[],[],[],[],[],[],,,,,,,True,False,[],[],,,,[],[],,,,10,Intelligence: Cats,0.76191365,2018,English,Family Sharing;Single-player;Steam Achievements,Indie,2D;Atmospheric;Card Game;Casual;Cats;Family Friendly;Indie;Logic;Puzzle;Relaxing;Retro;Simulation;Singleplayer;Tabletop,"Intelligence: Cats is a puzzle game in which you want to build an image (with cats) so that the picture was like the original image. Move the tiles of the puzzle wisely to collect the correct order of the pieces of images. The essence of the game as in the old game 'Fifteen' (15). The game will have 6 levels with a 3x3 field size, as well as 6 other levels with a 4x4 field size. Each level has a different image. The game contains images of twelve cats. Key game features: - 12 different levels - ","{""text_match"": 0.01304216, ""cosine_similarity"": 0.5238273}"
2026-02-10T20:07:25+00:00,CORTEX_DB.RAW.CAT_GAMES_SVC_1_5,default,"digital board game: rescue cats tiles into a boat, strategy, sailing theme","digital board game: rescue cats tiles into a boat, strategy, sailing theme",[],,False,,,,low_latency,0.3,10,100,0,966,966,,01c25377-0005-0843-0001-397a0006d526,,56,56,,8e-06,8e-06,,8e-06,,,,,[],[],[],[],[],[],,,,,,,True,False,[],[],,,,[],[],,,,1,The Isle of Cats,0.798218965,2025,English;French;Italian;Spanish - Latin America;Spanish - Spain,Family Sharing;Full controller support;Multi-player;Online PvP;PvP;Shared/Split Screen;Shared/Split Screen PvP;Single-player;Steam Achievements;Steam Turn Notifications,Strategy,2.5D;Asynchronous Multiplayer;Board Game;Cartoon;Cats;Colorful;Cute;Family Friendly;Fishing;Hand-drawn;Multiplayer;PvE;PvP;Sailing;Singleplayer;Strategy;Top-Down,"Citizens of Squall’s End! Lookouts have spotted the sails of the evil Lord Vesh on the horizon! We must save the Isle of Cats before he arrives! The Isle of Cats is a competitive board game race to save a colorful collection of cats, scoring points based on how well you settle them into your personal rescue boat. Each cat comes on a unique tile and belongs to a family of cats of its color. You must find an arrangement to fit them in your boat, while keeping families together and managing your re","{""text_match"": 0.08014313, ""cosine_similarity"": 0.59643793}"
2026-02-10T20:07:25+00:00,CORTEX_DB.RAW.CAT_GAMES_SVC_1_5,default,"digital board game: rescue cats tiles into a boat, strategy, sailing theme","digital board game: rescue cats tiles into a boat, strategy, sailing theme",[],,False,,,,low_latency,0.3,10,100,0,966,966,,01c25377-0005-0843-0001-397a0006d526,,56,56,,8e-06,8e-06,,8e-06,,,,,[],[],[],[],[],[],,,,,,,True,False,[],[],,,,[],[],,,,2,Hex Cats,0.7909579,2023,English,Family Sharing;Single-player;Steam Achievements;Steam Cloud,Casual,Board Game;Cartoon;Cartoony;Casual;Cats;Colorful;Cozy;Cute;Family Friendly;Hand-drawn;Hex Grid;Logic;Puzzle;Relaxing;Singleplayer;Tabletop,😸 A portion of the profit from this game will be allocated to street cat rescue and support initiatives. 😻 Features: 🐾 50 handcrafted levels. ​🎵​ Original soundtrack. 🧶 5 different scenarios. 🐈 Cute cats. 🧩 Game experience designed for both think and relax.,"{""text_match"": 0.041998062, ""cosine_similarity"": 0.5819158}"
2026-02-10T20:07:25+00:00,CORTEX_DB.RAW.CAT_GAMES_SVC_1_5,default,"digital board game: rescue cats tiles into a boat, strategy, sailing theme","digital board game: rescue cats tiles into a boat, strategy, sailing theme",[],,False,,,,low_latency,0.3,10,100,0,966,966,,01c25377-0005-0843-0001-397a0006d526,,56,56,,8e-06,8e-06,,8e-06,,,,,[],[],[],[],[],[],,,,,,,True,False,[],[],,,,[],[],,,,3,The Zwuggels - A Beach Holiday Adventure for Kids,0.7762065,2017,English;French;German;Italian;Polish;Portuguese - Brazil;Russian;Spanish - Spain,Family Sharing;Single-player;Steam Achievements,Adventure;Casual;Indie,Adventure;Cartoon;Cartoony;Casual;Colorful;Cute;Family Friendly;Female Protagonist;Fishing;Indie;Linear;Mouse only;Pirates;Point & Click;Relaxing;Singleplayer,"Let your kid ( 4 years and older ) join the Zwuggels on an amazing trip in this interactive Summer adventure. The children help the Zwuggels prepare for their trip to the beach for their summer vacation. Once landed on the tropical island, they quickly learn about the mysterious pirate cats and soon take part in an exciting treasure hunt! Winner of PAEDI 2016 Award for outstanding children's software (Munich, Germany). Concept qualified for funding by the State of Bavaria's Film Fund (FFF). The ","{""text_match"": 0.01625268, ""cosine_similarity"": 0.552413}"
2026-02-10T20:07:25+00:00,CORTEX_DB.RAW.CAT_GAMES_SVC_1_5,default,"digital board game: rescue cats tiles into a boat, strategy, sailing theme","digital board game: rescue cats tiles into a boat, strategy, sailing theme",[],,False,,,,low_latency,0.3,10,100,0,966,966,,01c25377-0005-0843-0001-397a0006d526,,56,56,,8e-06,8e-06,,8e-06,,,,,[],[],[],[],[],[],,,,,,,True,False,[],[],,,,[],[],,,,4,1001 Jigsaw. Cute Cats 3,0.773454935,2023,English;French;German;Russian,Family Sharing;Single-player,Casual,2D;Casual;Hand-drawn;Puzzle;Realistic;Singleplayer;Tabletop,"Cute and clumsy cats on guard of your good mood! ''1001 Jigsaw. Cute Cats 3'' are ready to help you gain positive emotions! This is an easy to control game, where you can use hints to pass the level, take a short break, while saving the result, or choose a suitable level of difficulty, if the puzzle is not amenable to the first time. The game is thoroughly detailed, so it is suitable for all types of players. We'll be waiting for you in the world of amazing and charming seals! - 500 high quality","{""text_match"": 1.7311137e-07, ""cosine_similarity"": 0.54690987}"
2026-02-10T20:07:25+00:00,CORTEX_DB.RAW.CAT_GAMES_SVC_1_5,default,"digital board game: rescue cats tiles into a boat, strategy, sailing theme","digital board game: rescue cats tiles into a boat, strategy, sailing theme",[],,False,,,,low_latency,0.3,10,100,0,966,966,,01c25377-0005-0843-0001-397a0006d526,,56,56,,8e-06,8e-06,,8e-06,,,,,[],[],[],[],[],[],,,,,,,True,False,[],[],,,,[],[],,,,5,Spelly Cat,0.77001548,2024,English,Family Sharing;Single-player,Adventure;Casual;Early Access;Indie;Strategy,2D;Casual;Cats;Colorful;Cute;Early Access;Education;Fantasy;Grid-Based Movement;Magic;Pixel Graphics;Procedural Generation;Puzzle;Relaxing;Rogue-like;Singleplayer;Spelling;Strategy;Text-Based;Word Game,"CITY WORLD - SPINNY WORD Spin the blocks to unscramble the words! Spelly Cat combines word games, jigsaws, mazes and block puzzles into a fun and challenging game that is perfect for players of all ages. The levels are randomly generated, so each time you play, the challenge is different. Features: Fill your spell book and adventure through the land of Abecedia over 10 different puzzle types 12 worlds - each with their own themed word puzzles DEMO OUT NOW - Click the Download link to check out a","{""text_match"": 0.0008200903, ""cosine_similarity"": 0.54003096}"
2026-02-10T20:07:25+00:00,CORTEX_DB.RAW.CAT_GAMES_SVC_1_5,default,"digital board game: rescue cats tiles into a boat, strategy, sailing theme","digital board game: rescue cats tiles into a boat, strategy, sailing theme",[],,False,,,,low_latency,0.3,10,100,0,966,966,,01c25377-0005-0843-0001-397a0006d526,,56,56,,8e-06,8e-06,,8e-06,,,,,[],[],[],[],[],[],,,,,,,True,False,[],[],,,,[],[],,,,6,Space Cats Tactics,0.76879257,2023,English;German;Japanese;Russian;Simplified Chinese;Traditional Chinese,Captions available;Family Sharing;Full controller support;Single-player;Steam Achievements,Indie;RPG;Strategy,Base-Building;Cats;Character Customization;Cute;Cyberpunk;Exploration;Funny;Military;RPG;Sci-fi;Space;Space Sim;Story Rich;Strategy;Tactical RPG;Top-Down;Turn-Based;Turn-Based Combat;Turn-Based Strategy;Turn-Based Tactics,"Join my Discord: Made by a solo developer, Space Cats Tactics brings together the nerve-wracking battles of turn-based strategy games and the powerful epic stories of space opera. Combining grid- and turn-based tactical combat (as seen in games like XCOM and Divinity: Original Sin) and inside-ship crew management (like in games such as FTL and Star Command Galaxies), in Space Cats Tactics you will have to be on your toes and think every step very carefully! KEY FEATURES Fight nerve-wracking spac","{""text_match"": 0.0034272668, ""cosine_similarity"": 0.53758514}"
2026-02-10T20:07:25+00:00,CORTEX_DB.RAW.CAT_GAMES_SVC_1_5,default,"digital board game: rescue cats tiles into a boat, strategy, sailing theme","digital board game: rescue cats tiles into a boat, strategy, sailing theme",[],,False,,,,low_latency,0.3,10,100,0,966,966,,01c25377-0005-0843-0001-397a0006d526,,56,56,,8e-06,8e-06,,8e-06,,,,,[],[],[],[],[],[],,,,,,,True,False,[],[],,,,[],[],,,,7,Cat's Life Jigsaw Puzzles,0.76504737,2021,English,Family Sharing;Single-player,Casual;Indie;Strategy,2D;Board Game;Casual;Cats;Colorful;Cute;Education;Family Friendly;Funny;Hidden Object;Indie;Minimalist;Nature;Point & Click;Puzzle;Relaxing;Singleplayer;Strategy;Tabletop,"'Cats Life Jigsaw Puzzles' is a delightful and engaging puzzle game that invites players to immerse themselves in the charming world of cats. This game is not just about solving puzzles; it's about celebrating the whimsical and captivating life of our feline friends. Each puzzle brings to life a unique cat scene, allowing you to explore the diverse and enchanting world of cats in a fun and relaxing way. From playful kittens frolicking in the garden to majestic cats lounging in their elegant home","{""text_match"": 0.011617309, ""cosine_similarity"": 0.53009474}"
2026-02-10T20:07:25+00:00,CORTEX_DB.RAW.CAT_GAMES_SVC_1_5,default,"digital board game: rescue cats tiles into a boat, strategy, sailing theme","digital board game: rescue cats tiles into a boat, strategy, sailing theme",[],,False,,,,low_latency,0.3,10,100,0,966,966,,01c25377-0005-0843-0001-397a0006d526,,56,56,,8e-06,8e-06,,8e-06,,,,,[],[],[],[],[],[],,,,,,,True,False,[],[],,,,[],[],,,,8,Another Cat in Dungeons,0.76481807,2021,English,Family Sharing;Single-player;Steam Achievements,Casual;Indie;Strategy,3D;Atmospheric;Board Game;Casual;Cats;Cute;Indie;Logic;Minimalist;Mystery Dungeon;Puzzle;Relaxing;Singleplayer;Strategy,"Another Cat in Dungeons is a sequence from A Cat in Dungeons. It's puzzle game where you need to find the best path to the goal, walking trough turnable tabletops. Each level contains different obstacles and puzzles, including teleports and mechanisms. Features Turnable Tabletop : don't you know how to escape? Try to turn the tabletop! Challenge levels Solve riddles to avoid falling grounds Use teleports Use mechanisms to unlock doors and gates","{""text_match"": 0.010785926, ""cosine_similarity"": 0.52963614}"
2026-02-10T20:07:25+00:00,CORTEX_DB.RAW.CAT_GAMES_SVC_1_5,default,"digital board game: rescue cats tiles into a boat, strategy, sailing theme","digital board game: rescue cats tiles into a boat, strategy, sailing theme",[],,False,,,,low_latency,0.3,10,100,0,966,966,,01c25377-0005-0843-0001-397a0006d526,,56,56,,8e-06,8e-06,,8e-06,,,,,[],[],[],[],[],[],,,,,,,True,False,[],[],,,,[],[],,,,9,Push The Cat with WASD,0.76397735,2024,English;Japanese;Simplified Chinese;Traditional Chinese,Family Sharing;Partial Controller Support;Single-player;Steam Achievements,Casual;Indie,2D;Casual;Cats;Cute;Difficult;Drama;Emotional;Indie;Interactive Fiction;Logic;Memes;Minimalist;Narration;Narrative;Puzzle;Relaxing;Singleplayer;Sokoban;Text-Based;Word Game,"The 'story' and 'texts' are puzzle! This is a cat puzzle game where you use 'text' to push the cat. If letter WASD appears in the text, you can push it! You need to push the cat to the goal. About the Puzzle Don't worry if you can't solve the puzzle. There are in-game hints and solutions. If you like to solve very difficult puzzles, there are 13 extra challenge levels for you to solve! These levels are intricately crafted with heart and soul. About the Story Do You push cats often? Cat pushing e","{""text_match"": 0.0042977524, ""cosine_similarity"": 0.5279547}"
2026-02-10T20:07:25+00:00,CORTEX_DB.RAW.CAT_GAMES_SVC_1_5,default,"digital board game: rescue cats tiles into a boat, strategy, sailing theme","digital board game: rescue cats tiles into a boat, strategy, sailing theme",[],,False,,,,low_latency,0.3,10,100,0,966,966,,01c25377-0005-0843-0001-397a0006d526,,56,56,,8e-06,8e-06,,8e-06,,,,,[],[],[],[],[],[],,,,,,,True,False,[],[],,,,[],[],,,,10,Intelligence: Cats,0.76191365,2018,English,Family Sharing;Single-player;Steam Achievements,Indie,2D;Atmospheric;Card Game;Casual;Cats;Family Friendly;Indie;Logic;Puzzle;Relaxing;Retro;Simulation;Singleplayer;Tabletop,"Intelligence: Cats is a puzzle game in which you want to build an image (with cats) so that the picture was like the original image. Move the tiles of the puzzle wisely to collect the correct order of the pieces of images. The essence of the game as in the old game 'Fifteen' (15). The game will have 6 levels with a 3x3 field size, as well as 6 other levels with a 4x4 field size. Each level has a different image. The game contains images of twelve cats. Key game features: - 12 different levels - ","{""text_match"": 0.01304216, ""cosine_similarity"": 0.5238273}"
2026-02-10T20:07:25+00:00,CORTEX_DB.RAW.CAT_GAMES_SVC_1_5,default,"digital board game: rescue cats tiles into a boat, strategy, sailing theme","digital board game: rescue cats tiles into a boat, strategy, sailing theme",[],,False,,,,low_latency,0.65,10,100,0,819,819,,01c25377-0005-0864-0001-397a0006ba56,,33,33,,5e-06,5e-06,,5e-06,,,,,[],[],[],[],[],[],,,,,,,True,False,[],[],,,,[],[],,,,1,The Isle of Cats,0.798218965,2025,English;French;Italian;Spanish - Latin America;Spanish - Spain,Family Sharing;Full controller support;Multi-player;Online PvP;PvP;Shared/Split Screen;Shared/Split Screen PvP;Single-player;Steam Achievements;Steam Turn Notifications,Strategy,2.5D;Asynchronous Multiplayer;Board Game;Cartoon;Cats;Colorful;Cute;Family Friendly;Fishing;Hand-drawn;Multiplayer;PvE;PvP;Sailing;Singleplayer;Strategy;Top-Down,"Citizens of Squall’s End! Lookouts have spotted the sails of the evil Lord Vesh on the horizon! We must save the Isle of Cats before he arrives! The Isle of Cats is a competitive board game race to save a colorful collection of cats, scoring points based on how well you settle them into your personal rescue boat. Each cat comes on a unique tile and belongs to a family of cats of its color. You must find an arrangement to fit them in your boat, while keeping families together and managing your re","{""text_match"": 0.08014313, ""cosine_similarity"": 0.59643793}"
2026-02-10T20:07:25+00:00,CORTEX_DB.RAW.CAT_GAMES_SVC_1_5,default,"digital board game: rescue cats tiles into a boat, strategy, sailing theme","digital board game: rescue cats tiles into a boat, strategy, sailing theme",[],,False,,,,low_latency,0.65,10,100,0,819,819,,01c25377-0005-0864-0001-397a0006ba56,,33,33,,5e-06,5e-06,,5e-06,,,,,[],[],[],[],[],[],,,,,,,True,False,[],[],,,,[],[],,,,2,Hex Cats,0.7909579,2023,English,Family Sharing;Single-player;Steam Achievements;Steam Cloud,Casual,Board Game;Cartoon;Cartoony;Casual;Cats;Colorful;Cozy;Cute;Family Friendly;Hand-drawn;Hex Grid;Logic;Puzzle;Relaxing;Singleplayer;Tabletop,😸 A portion of the profit from this game will be allocated to street cat rescue and support initiatives. 😻 Features: 🐾 50 handcrafted levels. ​🎵​ Original soundtrack. 🧶 5 different scenarios. 🐈 Cute cats. 🧩 Game experience designed for both think and relax.,"{""text_match"": 0.041998062, ""cosine_similarity"": 0.5819158}"
2026-02-10T20:07:25+00:00,CORTEX_DB.RAW.CAT_GAMES_SVC_1_5,default,"digital board game: rescue cats tiles into a boat, strategy, sailing theme","digital board game: rescue cats tiles into a boat, strategy, sailing theme",[],,False,,,,low_latency,0.65,10,100,0,819,819,,01c25377-0005-0864-0001-397a0006ba56,,33,33,,5e-06,5e-06,,5e-06,,,,,[],[],[],[],[],[],,,,,,,True,False,[],[],,,,[],[],,,,3,The Zwuggels - A Beach Holiday Adventure for Kids,0.7762065,2017,English;French;German;Italian;Polish;Portuguese - Brazil;Russian;Spanish - Spain,Family Sharing;Single-player;Steam Achievements,Adventure;Casual;Indie,Adventure;Cartoon;Cartoony;Casual;Colorful;Cute;Family Friendly;Female Protagonist;Fishing;Indie;Linear;Mouse only;Pirates;Point & Click;Relaxing;Singleplayer,"Let your kid ( 4 years and older ) join the Zwuggels on an amazing trip in this interactive Summer adventure. The children help the Zwuggels prepare for their trip to the beach for their summer vacation. Once landed on the tropical island, they quickly learn about the mysterious pirate cats and soon take part in an exciting treasure hunt! Winner of PAEDI 2016 Award for outstanding children's software (Munich, Germany). Concept qualified for funding by the State of Bavaria's Film Fund (FFF). The ","{""text_match"": 0.01625268, ""cosine_similarity"": 0.552413}"
2026-02-10T20:07:25+00:00,CORTEX_DB.RAW.CAT_GAMES_SVC_1_5,default,"digital board game: rescue cats tiles into a boat, strategy, sailing theme","digital board game: rescue cats tiles into a boat, strategy, sailing theme",[],,False,,,,low_latency,0.65,10,100,0,819,819,,01c25377-0005-0864-0001-397a0006ba56,,33,33,,5e-06,5e-06,,5e-06,,,,,[],[],[],[],[],[],,,,,,,True,False,[],[],,,,[],[],,,,4,1001 Jigsaw. Cute Cats 3,0.773454935,2023,English;French;German;Russian,Family Sharing;Single-player,Casual,2D;Casual;Hand-drawn;Puzzle;Realistic;Singleplayer;Tabletop,"Cute and clumsy cats on guard of your good mood! ''1001 Jigsaw. Cute Cats 3'' are ready to help you gain positive emotions! This is an easy to control game, where you can use hints to pass the level, take a short break, while saving the result, or choose a suitable level of difficulty, if the puzzle is not amenable to the first time. The game is thoroughly detailed, so it is suitable for all types of players. We'll be waiting for you in the world of amazing and charming seals! - 500 high quality","{""text_match"": 1.7311137e-07, ""cosine_similarity"": 0.54690987}"
2026-02-10T20:07:25+00:00,CORTEX_DB.RAW.CAT_GAMES_SVC_1_5,default,"digital board game: rescue cats tiles into a boat, strategy, sailing theme","digital board game: rescue cats tiles into a boat, strategy, sailing theme",[],,False,,,,low_latency,0.65,10,100,0,819,819,,01c25377-0005-0864-0001-397a0006ba56,,33,33,,5e-06,5e-06,,5e-06,,,,,[],[],[],[],[],[],,,,,,,True,False,[],[],,,,[],[],,,,5,Spelly Cat,0.77001548,2024,English,Family Sharing;Single-player,Adventure;Casual;Early Access;Indie;Strategy,2D;Casual;Cats;Colorful;Cute;Early Access;Education;Fantasy;Grid-Based Movement;Magic;Pixel Graphics;Procedural Generation;Puzzle;Relaxing;Rogue-like;Singleplayer;Spelling;Strategy;Text-Based;Word Game,"CITY WORLD - SPINNY WORD Spin the blocks to unscramble the words! Spelly Cat combines word games, jigsaws, mazes and block puzzles into a fun and challenging game that is perfect for players of all ages. The levels are randomly generated, so each time you play, the challenge is different. Features: Fill your spell book and adventure through the land of Abecedia over 10 different puzzle types 12 worlds - each with their own themed word puzzles DEMO OUT NOW - Click the Download link to check out a","{""text_match"": 0.0008200903, ""cosine_similarity"": 0.54003096}"
2026-02-10T20:07:25+00:00,CORTEX_DB.RAW.CAT_GAMES_SVC_1_5,default,"digital board game: rescue cats tiles into a boat, strategy, sailing theme","digital board game: rescue cats tiles into a boat, strategy, sailing theme",[],,False,,,,low_latency,0.65,10,100,0,819,819,,01c25377-0005-0864-0001-397a0006ba56,,33,33,,5e-06,5e-06,,5e-06,,,,,[],[],[],[],[],[],,,,,,,True,False,[],[],,,,[],[],,,,6,Space Cats Tactics,0.76879257,2023,English;German;Japanese;Russian;Simplified Chinese;Traditional Chinese,Captions available;Family Sharing;Full controller support;Single-player;Steam Achievements,Indie;RPG;Strategy,Base-Building;Cats;Character Customization;Cute;Cyberpunk;Exploration;Funny;Military;RPG;Sci-fi;Space;Space Sim;Story Rich;Strategy;Tactical RPG;Top-Down;Turn-Based;Turn-Based Combat;Turn-Based Strategy;Turn-Based Tactics,"Join my Discord: Made by a solo developer, Space Cats Tactics brings together the nerve-wracking battles of turn-based strategy games and the powerful epic stories of space opera. Combining grid- and turn-based tactical combat (as seen in games like XCOM and Divinity: Original Sin) and inside-ship crew management (like in games such as FTL and Star Command Galaxies), in Space Cats Tactics you will have to be on your toes and think every step very carefully! KEY FEATURES Fight nerve-wracking spac","{""text_match"": 0.0034272668, ""cosine_similarity"": 0.53758514}"
2026-02-10T20:07:25+00:00,CORTEX_DB.RAW.CAT_GAMES_SVC_1_5,default,"digital board game: rescue cats tiles into a boat, strategy, sailing theme","digital board game: rescue cats tiles into a boat, strategy, sailing theme",[],,False,,,,low_latency,0.65,10,100,0,819,819,,01c25377-0005-0864-0001-397a0006ba56,,33,33,,5e-06,5e-06,,5e-06,,,,,[],[],[],[],[],[],,,,,,,True,False,[],[],,,,[],[],,,,7,Cat's Life Jigsaw Puzzles,0.76504737,2021,English,Family Sharing;Single-player,Casual;Indie;Strategy,2D;Board Game;Casual;Cats;Colorful;Cute;Education;Family Friendly;Funny;Hidden Object;Indie;Minimalist;Nature;Point & Click;Puzzle;Relaxing;Singleplayer;Strategy;Tabletop,"'Cats Life Jigsaw Puzzles' is a delightful and engaging puzzle game that invites players to immerse themselves in the charming world of cats. This game is not just about solving puzzles; it's about celebrating the whimsical and captivating life of our feline friends. Each puzzle brings to life a unique cat scene, allowing you to explore the diverse and enchanting world of cats in a fun and relaxing way. From playful kittens frolicking in the garden to majestic cats lounging in their elegant home","{""text_match"": 0.011617309, ""cosine_similarity"": 0.53009474}"
2026-02-10T20:07:25+00:00,CORTEX_DB.RAW.CAT_GAMES_SVC_1_5,default,"digital board game: rescue cats tiles into a boat, strategy, sailing theme","digital board game: rescue cats tiles into a boat, strategy, sailing theme",[],,False,,,,low_latency,0.65,10,100,0,819,819,,01c25377-0005-0864-0001-397a0006ba56,,33,33,,5e-06,5e-06,,5e-06,,,,,[],[],[],[],[],[],,,,,,,True,False,[],[],,,,[],[],,,,8,Another Cat in Dungeons,0.76481807,2021,English,Family Sharing;Single-player;Steam Achievements,Casual;Indie;Strategy,3D;Atmospheric;Board Game;Casual;Cats;Cute;Indie;Logic;Minimalist;Mystery Dungeon;Puzzle;Relaxing;Singleplayer;Strategy,"Another Cat in Dungeons is a sequence from A Cat in Dungeons. It's puzzle game where you need to find the best path to the goal, walking trough turnable tabletops. Each level contains different obstacles and puzzles, including teleports and mechanisms. Features Turnable Tabletop : don't you know how to escape? Try to turn the tabletop! Challenge levels Solve riddles to avoid falling grounds Use teleports Use mechanisms to unlock doors and gates","{""text_match"": 0.010785926, ""cosine_similarity"": 0.52963614}"
2026-02-10T20:07:25+00:00,CORTEX_DB.RAW.CAT_GAMES_SVC_1_5,default,"digital board game: rescue cats tiles into a boat, strategy, sailing theme","digital board game: rescue cats tiles into a boat, strategy, sailing theme",[],,False,,,,low_latency,0.65,10,100,0,819,819,,01c25377-0005-0864-0001-397a0006ba56,,33,33,,5e-06,5e-06,,5e-06,,,,,[],[],[],[],[],[],,,,,,,True,False,[],[],,,,[],[],,,,9,Push The Cat with WASD,0.76397735,2024,English;Japanese;Simplified Chinese;Traditional Chinese,Family Sharing;Partial Controller Support;Single-player;Steam Achievements,Casual;Indie,2D;Casual;Cats;Cute;Difficult;Drama;Emotional;Indie;Interactive Fiction;Logic;Memes;Minimalist;Narration;Narrative;Puzzle;Relaxing;Singleplayer;Sokoban;Text-Based;Word Game,"The 'story' and 'texts' are puzzle! This is a cat puzzle game where you use 'text' to push the cat. If letter WASD appears in the text, you can push it! You need to push the cat to the goal. About the Puzzle Don't worry if you can't solve the puzzle. There are in-game hints and solutions. If you like to solve very difficult puzzles, there are 13 extra challenge levels for you to solve! These levels are intricately crafted with heart and soul. About the Story Do You push cats often? Cat pushing e","{""text_match"": 0.0042977524, ""cosine_similarity"": 0.5279547}"
2026-02-10T20:07:25+00:00,CORTEX_DB.RAW.CAT_GAMES_SVC_1_5,default,"digital board game: rescue cats tiles into a boat, strategy, sailing theme","digital board game: rescue cats tiles into a boat, strategy, sailing theme",[],,False,,,,low_latency,0.65,10,100,0,819,819,,01c25377-0005-0864-0001-397a0006ba56,,33,33,,5e-06,5e-06,,5e-06,,,,,[],[],[],[],[],[],,,,,,,True,False,[],[],,,,[],[],,,,10,Intelligence: Cats,0.76191365,2018,English,Family Sharing;Single-player;Steam Achievements,Indie,2D;Atmospheric;Card Game;Casual;Cats;Family Friendly;Indie;Logic;Puzzle;Relaxing;Retro;Simulation;Singleplayer;Tabletop,"Intelligence: Cats is a puzzle game in which you want to build an image (with cats) so that the picture was like the original image. Move the tiles of the puzzle wisely to collect the correct order of the pieces of images. The essence of the game as in the old game 'Fifteen' (15). The game will have 6 levels with a 3x3 field size, as well as 6 other levels with a 4x4 field size. Each level has a different image. The game contains images of twelve cats. Key game features: - 12 different levels - ","{""text_match"": 0.01304216, ""cosine_similarity"": 0.5238273}"
2026-02-10T20:07:26+00:00,CORTEX_DB.RAW.CAT_GAMES_SVC_1_5,default,"digital board game: rescue cats tiles into a boat, strategy, sailing theme","digital board game: rescue cats tiles into a boat, strategy, sailing theme",[],,False,,,,low_latency,0.75,10,100,0,921,921,,01c25377-0005-0843-0001-397a0006d52a,,39,39,,6e-06,6e-06,,6e-06,,,,,[],[],[],[],[],[],,,,,,,True,False,[],[],,,,[],[],,,,1,The Isle of Cats,0.798218965,2025,English;French;Italian;Spanish - Latin America;Spanish - Spain,Family Sharing;Full controller support;Multi-player;Online PvP;PvP;Shared/Split Screen;Shared/Split Screen PvP;Single-player;Steam Achievements;Steam Turn Notifications,Strategy,2.5D;Asynchronous Multiplayer;Board Game;Cartoon;Cats;Colorful;Cute;Family Friendly;Fishing;Hand-drawn;Multiplayer;PvE;PvP;Sailing;Singleplayer;Strategy;Top-Down,"Citizens of Squall’s End! Lookouts have spotted the sails of the evil Lord Vesh on the horizon! We must save the Isle of Cats before he arrives! The Isle of Cats is a competitive board game race to save a colorful collection of cats, scoring points based on how well you settle them into your personal rescue boat. Each cat comes on a unique tile and belongs to a family of cats of its color. You must find an arrangement to fit them in your boat, while keeping families together and managing your re","{""text_match"": 0.08014313, ""cosine_similarity"": 0.59643793}"
2026-02-10T20:07:26+00:00,CORTEX_DB.RAW.CAT_GAMES_SVC_1_5,default,"digital board game: rescue cats tiles into a boat, strategy, sailing theme","digital board game: rescue cats tiles into a boat, strategy, sailing theme",[],,False,,,,low_latency,0.75,10,100,0,921,921,,01c25377-0005-0843-0001-397a0006d52a,,39,39,,6e-06,6e-06,,6e-06,,,,,[],[],[],[],[],[],,,,,,,True,False,[],[],,,,[],[],,,,2,Hex Cats,0.7909579,2023,English,Family Sharing;Single-player;Steam Achievements;Steam Cloud,Casual,Board Game;Cartoon;Cartoony;Casual;Cats;Colorful;Cozy;Cute;Family Friendly;Hand-drawn;Hex Grid;Logic;Puzzle;Relaxing;Singleplayer;Tabletop,😸 A portion of the profit from this game will be allocated to street cat rescue and support initiatives. 😻 Features: 🐾 50 handcrafted levels. ​🎵​ Original soundtrack. 🧶 5 different scenarios. 🐈 Cute cats. 🧩 Game experience designed for both think and relax.,"{""text_match"": 0.041998062, ""cosine_similarity"": 0.5819158}"
2026-02-10T20:07:26+00:00,CORTEX_DB.RAW.CAT_GAMES_SVC_1_5,default,"digital board game: rescue cats tiles into a boat, strategy, sailing theme","digital board game: rescue cats tiles into a boat, strategy, sailing theme",[],,False,,,,low_latency,0.75,10,100,0,921,921,,01c25377-0005-0843-0001-397a0006d52a,,39,39,,6e-06,6e-06,,6e-06,,,,,[],[],[],[],[],[],,,,,,,True,False,[],[],,,,[],[],,,,3,The Zwuggels - A Beach Holiday Adventure for Kids,0.7762065,2017,English;French;German;Italian;Polish;Portuguese - Brazil;Russian;Spanish - Spain,Family Sharing;Single-player;Steam Achievements,Adventure;Casual;Indie,Adventure;Cartoon;Cartoony;Casual;Colorful;Cute;Family Friendly;Female Protagonist;Fishing;Indie;Linear;Mouse only;Pirates;Point & Click;Relaxing;Singleplayer,"Let your kid ( 4 years and older ) join the Zwuggels on an amazing trip in this interactive Summer adventure. The children help the Zwuggels prepare for their trip to the beach for their summer vacation. Once landed on the tropical island, they quickly learn about the mysterious pirate cats and soon take part in an exciting treasure hunt! Winner of PAEDI 2016 Award for outstanding children's software (Munich, Germany). Concept qualified for funding by the State of Bavaria's Film Fund (FFF). The ","{""text_match"": 0.01625268, ""cosine_similarity"": 0.552413}"
2026-02-10T20:07:26+00:00,CORTEX_DB.RAW.CAT_GAMES_SVC_1_5,default,"digital board game: rescue cats tiles into a boat, strategy, sailing theme","digital board game: rescue cats tiles into a boat, strategy, sailing theme",[],,False,,,,low_latency,0.75,10,100,0,921,921,,01c25377-0005-0843-0001-397a0006d52a,,39,39,,6e-06,6e-06,,6e-06,,,,,[],[],[],[],[],[],,,,,,,True,False,[],[],,,,[],[],,,,4,1001 Jigsaw. Cute Cats 3,0.773454935,2023,English;French;German;Russian,Family Sharing;Single-player,Casual,2D;Casual;Hand-drawn;Puzzle;Realistic;Singleplayer;Tabletop,"Cute and clumsy cats on guard of your good mood! ''1001 Jigsaw. Cute Cats 3'' are ready to help you gain positive emotions! This is an easy to control game, where you can use hints to pass the level, take a short break, while saving the result, or choose a suitable level of difficulty, if the puzzle is not amenable to the first time. The game is thoroughly detailed, so it is suitable for all types of players. We'll be waiting for you in the world of amazing and charming seals! - 500 high quality","{""text_match"": 1.7311137e-07, ""cosine_similarity"": 0.54690987}"
2026-02-10T20:07:26+00:00,CORTEX_DB.RAW.CAT_GAMES_SVC_1_5,default,"digital board game: rescue cats tiles into a boat, strategy, sailing theme","digital board game: rescue cats tiles into a boat, strategy, sailing theme",[],,False,,,,low_latency,0.75,10,100,0,921,921,,01c25377-0005-0843-0001-397a0006d52a,,39,39,,6e-06,6e-06,,6e-06,,,,,[],[],[],[],[],[],,,,,,,True,False,[],[],,,,[],[],,,,5,Spelly Cat,0.77001548,2024,English,Family Sharing;Single-player,Adventure;Casual;Early Access;Indie;Strategy,2D;Casual;Cats;Colorful;Cute;Early Access;Education;Fantasy;Grid-Based Movement;Magic;Pixel Graphics;Procedural Generation;Puzzle;Relaxing;Rogue-like;Singleplayer;Spelling;Strategy;Text-Based;Word Game,"CITY WORLD - SPINNY WORD Spin the blocks to unscramble the words! Spelly Cat combines word games, jigsaws, mazes and block puzzles into a fun and challenging game that is perfect for players of all ages. The levels are randomly generated, so each time you play, the challenge is different. Features: Fill your spell book and adventure through the land of Abecedia over 10 different puzzle types 12 worlds - each with their own themed word puzzles DEMO OUT NOW - Click the Download link to check out a","{""text_match"": 0.0008200903, ""cosine_similarity"": 0.54003096}"
2026-02-10T20:07:26+00:00,CORTEX_DB.RAW.CAT_GAMES_SVC_1_5,default,"digital board game: rescue cats tiles into a boat, strategy, sailing theme","digital board game: rescue cats tiles into a boat, strategy, sailing theme",[],,False,,,,low_latency,0.75,10,100,0,921,921,,01c25377-0005-0843-0001-397a0006d52a,,39,39,,6e-06,6e-06,,6e-06,,,,,[],[],[],[],[],[],,,,,,,True,False,[],[],,,,[],[],,,,6,Space Cats Tactics,0.76879257,2023,English;German;Japanese;Russian;Simplified Chinese;Traditional Chinese,Captions available;Family Sharing;Full controller support;Single-player;Steam Achievements,Indie;RPG;Strategy,Base-Building;Cats;Character Customization;Cute;Cyberpunk;Exploration;Funny;Military;RPG;Sci-fi;Space;Space Sim;Story Rich;Strategy;Tactical RPG;Top-Down;Turn-Based;Turn-Based Combat;Turn-Based Strategy;Turn-Based Tactics,"Join my Discord: Made by a solo developer, Space Cats Tactics brings together the nerve-wracking battles of turn-based strategy games and the powerful epic stories of space opera. Combining grid- and turn-based tactical combat (as seen in games like XCOM and Divinity: Original Sin) and inside-ship crew management (like in games such as FTL and Star Command Galaxies), in Space Cats Tactics you will have to be on your toes and think every step very carefully! KEY FEATURES Fight nerve-wracking spac","{""text_match"": 0.0034272668, ""cosine_similarity"": 0.53758514}"
2026-02-10T20:07:26+00:00,CORTEX_DB.RAW.CAT_GAMES_SVC_1_5,default,"digital board game: rescue cats tiles into a boat, strategy, sailing theme","digital board game: rescue cats tiles into a boat, strategy, sailing theme",[],,False,,,,low_latency,0.75,10,100,0,921,921,,01c25377-0005-0843-0001-397a0006d52a,,39,39,,6e-06,6e-06,,6e-06,,,,,[],[],[],[],[],[],,,,,,,True,False,[],[],,,,[],[],,,,7,Cat's Life Jigsaw Puzzles,0.76504737,2021,English,Family Sharing;Single-player,Casual;Indie;Strategy,2D;Board Game;Casual;Cats;Colorful;Cute;Education;Family Friendly;Funny;Hidden Object;Indie;Minimalist;Nature;Point & Click;Puzzle;Relaxing;Singleplayer;Strategy;Tabletop,"'Cats Life Jigsaw Puzzles' is a delightful and engaging puzzle game that invites players to immerse themselves in the charming world of cats. This game is not just about solving puzzles; it's about celebrating the whimsical and captivating life of our feline friends. Each puzzle brings to life a unique cat scene, allowing you to explore the diverse and enchanting world of cats in a fun and relaxing way. From playful kittens frolicking in the garden to majestic cats lounging in their elegant home","{""text_match"": 0.011617309, ""cosine_similarity"": 0.53009474}"
2026-02-10T20:07:26+00:00,CORTEX_DB.RAW.CAT_GAMES_SVC_1_5,default,"digital board game: rescue cats tiles into a boat, strategy, sailing theme","digital board game: rescue cats tiles into a boat, strategy, sailing theme",[],,False,,,,low_latency,0.75,10,100,0,921,921,,01c25377-0005-0843-0001-397a0006d52a,,39,39,,6e-06,6e-06,,6e-06,,,,,[],[],[],[],[],[],,,,,,,True,False,[],[],,,,[],[],,,,8,Another Cat in Dungeons,0.76481807,2021,English,Family Sharing;Single-player;Steam Achievements,Casual;Indie;Strategy,3D;Atmospheric;Board Game;Casual;Cats;Cute;Indie;Logic;Minimalist;Mystery Dungeon;Puzzle;Relaxing;Singleplayer;Strategy,"Another Cat in Dungeons is a sequence from A Cat in Dungeons. It's puzzle game where you need to find the best path to the goal, walking trough turnable tabletops. Each level contains different obstacles and puzzles, including teleports and mechanisms. Features Turnable Tabletop : don't you know how to escape? Try to turn the tabletop! Challenge levels Solve riddles to avoid falling grounds Use teleports Use mechanisms to unlock doors and gates","{""text_match"": 0.010785926, ""cosine_similarity"": 0.52963614}"
2026-02-10T20:07:26+00:00,CORTEX_DB.RAW.CAT_GAMES_SVC_1_5,default,"digital board game: rescue cats tiles into a boat, strategy, sailing theme","digital board game: rescue cats tiles into a boat, strategy, sailing theme",[],,False,,,,low_latency,0.75,10,100,0,921,921,,01c25377-0005-0843-0001-397a0006d52a,,39,39,,6e-06,6e-06,,6e-06,,,,,[],[],[],[],[],[],,,,,,,True,False,[],[],,,,[],[],,,,9,Push The Cat with WASD,0.76397735,2024,English;Japanese;Simplified Chinese;Traditional Chinese,Family Sharing;Partial Controller Support;Single-player;Steam Achievements,Casual;Indie,2D;Casual;Cats;Cute;Difficult;Drama;Emotional;Indie;Interactive Fiction;Logic;Memes;Minimalist;Narration;Narrative;Puzzle;Relaxing;Singleplayer;Sokoban;Text-Based;Word Game,"The 'story' and 'texts' are puzzle! This is a cat puzzle game where you use 'text' to push the cat. If letter WASD appears in the text, you can push it! You need to push the cat to the goal. About the Puzzle Don't worry if you can't solve the puzzle. There are in-game hints and solutions. If you like to solve very difficult puzzles, there are 13 extra challenge levels for you to solve! These levels are intricately crafted with heart and soul. About the Story Do You push cats often? Cat pushing e","{""text_match"": 0.0042977524, ""cosine_similarity"": 0.5279547}"
2026-02-10T20:07:26+00:00,CORTEX_DB.RAW.CAT_GAMES_SVC_1_5,default,"digital board game: rescue cats tiles into a boat, strategy, sailing theme","digital board game: rescue cats tiles into a boat, strategy, sailing theme",[],,False,,,,low_latency,0.75,10,100,0,921,921,,01c25377-0005-0843-0001-397a0006d52a,,39,39,,6e-06,6e-06,,6e-06,,,,,[],[],[],[],[],[],,,,,,,True,False,[],[],,,,[],[],,,,10,Intelligence: Cats,0.76191365,2018,English,Family Sharing;Single-player;Steam Achievements,Indie,2D;Atmospheric;Card Game;Casual;Cats;Family Friendly;Indie;Logic;Puzzle;Relaxing;Retro;Simulation;Singleplayer;Tabletop,"Intelligence: Cats is a puzzle game in which you want to build an image (with cats) so that the picture was like the original image. Move the tiles of the puzzle wisely to collect the correct order of the pieces of images. The essence of the game as in the old game 'Fifteen' (15). The game will have 6 levels with a 3x3 field size, as well as 6 other levels with a 4x4 field size. Each level has a different image. The game contains images of twelve cats. Key game features: - 12 different levels - ","{""text_match"": 0.01304216, ""cosine_similarity"": 0.5238273}"
2026-02-10T20:07:28+00:00,CORTEX_DB.RAW.CAT_GAMES_SVC_1_5,default,"digital board game: rescue cats tiles into a boat, strategy, sailing theme","digital board game: rescue cats tiles into a boat, strategy, sailing theme",[],,False,,,,reranker_heavy,0.3,10,100,0,1079,1079,,01c25377-0005-0846-0001-397a0006e862,,36,36,,5e-06,5e-06,,5e-06,,,,,[],[],[],[],[],[],,,,,,,True,False,[],[],,,,[],[],,,,1,The Isle of Cats,0.798218965,2025,English;French;Italian;Spanish - Latin America;Spanish - Spain,Family Sharing;Full controller support;Multi-player;Online PvP;PvP;Shared/Split Screen;Shared/Split Screen PvP;Single-player;Steam Achievements;Steam Turn Notifications,Strategy,2.5D;Asynchronous Multiplayer;Board Game;Cartoon;Cats;Colorful;Cute;Family Friendly;Fishing;Hand-drawn;Multiplayer;PvE;PvP;Sailing;Singleplayer;Strategy;Top-Down,"Citizens of Squall’s End! Lookouts have spotted the sails of the evil Lord Vesh on the horizon! We must save the Isle of Cats before he arrives! The Isle of Cats is a competitive board game race to save a colorful collection of cats, scoring points based on how well you settle them into your personal rescue boat. Each cat comes on a unique tile and belongs to a family of cats of its color. You must find an arrangement to fit them in your boat, while keeping families together and managing your re","{""text_match"": 0.08014313, ""cosine_similarity"": 0.59643793, ""reranker_score"": -1.3845835}"
2026-02-10T20:07:28+00:00,CORTEX_DB.RAW.CAT_GAMES_SVC_1_5,default,"digital board game: rescue cats tiles into a boat, strategy, sailing theme","digital board game: rescue cats tiles into a boat, strategy, sailing theme",[],,False,,,,reranker_heavy,0.3,10,100,0,1079,1079,,01c25377-0005-0846-0001-397a0006e862,,36,36,,5e-06,5e-06,,5e-06,,,,,[],[],[],[],[],[],,,,,,,True,False,[],[],,,,[],[],,,,2,Hex Cats,0.7909579,2023,English,Family Sharing;Single-player;Steam Achievements;Steam Cloud,Casual,Board Game;Cartoon;Cartoony;Casual;Cats;Colorful;Cozy;Cute;Family Friendly;Hand-drawn;Hex Grid;Logic;Puzzle;Relaxing;Singleplayer;Tabletop,😸 A portion of the profit from this game will be allocated to street cat rescue and support initiatives. 😻 Features: 🐾 50 handcrafted levels. ​🎵​ Original soundtrack. 🧶 5 different scenarios. 🐈 Cute cats. 🧩 Game experience designed for both think and relax.,"{""text_match"": 0.041998062, ""cosine_similarity"": 0.5819158, ""reranker_score"": -7.227361}"
2026-02-10T20:07:28+00:00,CORTEX_DB.RAW.CAT_GAMES_SVC_1_5,default,"digital board game: rescue cats tiles into a boat, strategy, sailing theme","digital board game: rescue cats tiles into a boat, strategy, sailing theme",[],,False,,,,reranker_heavy,0.3,10,100,0,1079,1079,,01c25377-0005-0846-0001-397a0006e862,,36,36,,5e-06,5e-06,,5e-06,,,,,[],[],[],[],[],[],,,,,,,True,False,[],[],,,,[],[],,,,3,The Zwuggels - A Beach Holiday Adventure for Kids,0.7762065,2017,English;French;German;Italian;Polish;Portuguese - Brazil;Russian;Spanish - Spain,Family Sharing;Single-player;Steam Achievements,Adventure;Casual;Indie,Adventure;Cartoon;Cartoony;Casual;Colorful;Cute;Family Friendly;Female Protagonist;Fishing;Indie;Linear;Mouse only;Pirates;Point & Click;Relaxing;Singleplayer,"Let your kid ( 4 years and older ) join the Zwuggels on an amazing trip in this interactive Summer adventure. The children help the Zwuggels prepare for their trip to the beach for their summer vacation. Once landed on the tropical island, they quickly learn about the mysterious pirate cats and soon take part in an exciting treasure hunt! Winner of PAEDI 2016 Award for outstanding children's software (Munich, Germany). Concept qualified for funding by the State of Bavaria's Film Fund (FFF). The ","{""text_match"": 0.01625268, ""cosine_similarity"": 0.552413, ""reranker_score"": -8.895882}"
2026-02-10T20:07:28+00:00,CORTEX_DB.RAW.CAT_GAMES_SVC_1_5,default,"digital board game: rescue cats tiles into a boat, strategy, sailing theme","digital board game: rescue cats tiles into a boat, strategy, sailing theme",[],,False,,,,reranker_heavy,0.3,10,100,0,1079,1079,,01c25377-0005-0846-0001-397a0006e862,,36,36,,5e-06,5e-06,,5e-06,,,,,[],[],[],[],[],[],,,,,,,True,False,[],[],,,,[],[],,,,4,Cat's Life Jigsaw Puzzles,0.76504737,2021,English,Family Sharing;Single-player,Casual;Indie;Strategy,2D;Board Game;Casual;Cats;Colorful;Cute;Education;Family Friendly;Funny;Hidden Object;Indie;Minimalist;Nature;Point & Click;Puzzle;Relaxing;Singleplayer;Strategy;Tabletop,"'Cats Life Jigsaw Puzzles' is a delightful and engaging puzzle game that invites players to immerse themselves in the charming world of cats. This game is not just about solving puzzles; it's about celebrating the whimsical and captivating life of our feline friends. Each puzzle brings to life a unique cat scene, allowing you to explore the diverse and enchanting world of cats in a fun and relaxing way. From playful kittens frolicking in the garden to majestic cats lounging in their elegant home","{""text_match"": 0.011617309, ""cosine_similarity"": 0.53009474, ""reranker_score"": -7.5030603}"
2026-02-10T20:07:28+00:00,CORTEX_DB.RAW.CAT_GAMES_SVC_1_5,default,"digital board game: rescue cats tiles into a boat, strategy, sailing theme","digital board game: rescue cats tiles into a boat, strategy, sailing theme",[],,False,,,,reranker_heavy,0.3,10,100,0,1079,1079,,01c25377-0005-0846-0001-397a0006e862,,36,36,,5e-06,5e-06,,5e-06,,,,,[],[],[],[],[],[],,,,,,,True,False,[],[],,,,[],[],,,,5,Intelligence: Cats,0.76191365,2018,English,Family Sharing;Single-player;Steam Achievements,Indie,2D;Atmospheric;Card Game;Casual;Cats;Family Friendly;Indie;Logic;Puzzle;Relaxing;Retro;Simulation;Singleplayer;Tabletop,"Intelligence: Cats is a puzzle game in which you want to build an image (with cats) so that the picture was like the original image. Move the tiles of the puzzle wisely to collect the correct order of the pieces of images. The essence of the game as in the old game 'Fifteen' (15). The game will have 6 levels with a 3x3 field size, as well as 6 other levels with a 4x4 field size. Each level has a different image. The game contains images of twelve cats. Key game features: - 12 different levels - ","{""text_match"": 0.01304216, ""cosine_similarity"": 0.5238273, ""reranker_score"": -7.5040617}"
2026-02-10T20:07:28+00:00,CORTEX_DB.RAW.CAT_GAMES_SVC_1_5,default,"digital board game: rescue cats tiles into a boat, strategy, sailing theme","digital board game: rescue cats tiles into a boat, strategy, sailing theme",[],,False,,,,reranker_heavy,0.3,10,100,0,1079,1079,,01c25377-0005-0846-0001-397a0006e862,,36,36,,5e-06,5e-06,,5e-06,,,,,[],[],[],[],[],[],,,,,,,True,False,[],[],,,,[],[],,,,6,1001 Jigsaw. Cute Cats 3,0.773454935,2023,English;French;German;Russian,Family Sharing;Single-player,Casual,2D;Casual;Hand-drawn;Puzzle;Realistic;Singleplayer;Tabletop,"Cute and clumsy cats on guard of your good mood! ''1001 Jigsaw. Cute Cats 3'' are ready to help you gain positive emotions! This is an easy to control game, where you can use hints to pass the level, take a short break, while saving the result, or choose a suitable level of difficulty, if the puzzle is not amenable to the first time. The game is thoroughly detailed, so it is suitable for all types of players. We'll be waiting for you in the world of amazing and charming seals! - 500 high quality","{""text_match"": 1.7311137e-07, ""cosine_similarity"": 0.54690987, ""reranker_score"": -9.383161}"
2026-02-10T20:07:28+00:00,CORTEX_DB.RAW.CAT_GAMES_SVC_1_5,default,"digital board game: rescue cats tiles into a boat, strategy, sailing theme","digital board game: rescue cats tiles into a boat, strategy, sailing theme",[],,False,,,,reranker_heavy,0.3,10,100,0,1079,1079,,01c25377-0005-0846-0001-397a0006e862,,36,36,,5e-06,5e-06,,5e-06,,,,,[],[],[],[],[],[],,,,,,,True,False,[],[],,,,[],[],,,,7,Space Cats Tactics,0.76879257,2023,English;German;Japanese;Russian;Simplified Chinese;Traditional Chinese,Captions available;Family Sharing;Full controller support;Single-player;Steam Achievements,Indie;RPG;Strategy,Base-Building;Cats;Character Customization;Cute;Cyberpunk;Exploration;Funny;Military;RPG;Sci-fi;Space;Space Sim;Story Rich;Strategy;Tactical RPG;Top-Down;Turn-Based;Turn-Based Combat;Turn-Based Strategy;Turn-Based Tactics,"Join my Discord: Made by a solo developer, Space Cats Tactics brings together the nerve-wracking battles of turn-based strategy games and the powerful epic stories of space opera. Combining grid- and turn-based tactical combat (as seen in games like XCOM and Divinity: Original Sin) and inside-ship crew management (like in games such as FTL and Star Command Galaxies), in Space Cats Tactics you will have to be on your toes and think every step very carefully! KEY FEATURES Fight nerve-wracking spac","{""text_match"": 0.0034272668, ""cosine_similarity"": 0.53758514, ""reranker_score"": -8.893279}"
2026-02-10T20:07:28+00:00,CORTEX_DB.RAW.CAT_GAMES_SVC_1_5,default,"digital board game: rescue cats tiles into a boat, strategy, sailing theme","digital board game: rescue cats tiles into a boat, strategy, sailing theme",[],,False,,,,reranker_heavy,0.3,10,100,0,1079,1079,,01c25377-0005-0846-0001-397a0006e862,,36,36,,5e-06,5e-06,,5e-06,,,,,[],[],[],[],[],[],,,,,,,True,False,[],[],,,,[],[],,,,8,Push The Cat with WASD,0.76397735,2024,English;Japanese;Simplified Chinese;Traditional Chinese,Family Sharing;Partial Controller Support;Single-player;Steam Achievements,Casual;Indie,2D;Casual;Cats;Cute;Difficult;Drama;Emotional;Indie;Interactive Fiction;Logic;Memes;Minimalist;Narration;Narrative;Puzzle;Relaxing;Singleplayer;Sokoban;Text-Based;Word Game,"The 'story' and 'texts' are puzzle! This is a cat puzzle game where you use 'text' to push the cat. If letter WASD appears in the text, you can push it! You need to push the cat to the goal. About the Puzzle Don't worry if you can't solve the puzzle. There are in-game hints and solutions. If you like to solve very difficult puzzles, there are 13 extra challenge levels for you to solve! These levels are intricately crafted with heart and soul. About the Story Do You push cats often? Cat pushing e","{""text_match"": 0.0042977524, ""cosine_similarity"": 0.5279547, ""reranker_score"": -8.7402935}"
2026-02-10T20:07:28+00:00,CORTEX_DB.RAW.CAT_GAMES_SVC_1_5,default,"digital board game: rescue cats tiles into a boat, strategy, sailing theme","digital board game: rescue cats tiles into a boat, strategy, sailing theme",[],,False,,,,reranker_heavy,0.3,10,100,0,1079,1079,,01c25377-0005-0846-0001-397a0006e862,,36,36,,5e-06,5e-06,,5e-06,,,,,[],[],[],[],[],[],,,,,,,True,False,[],[],,,,[],[],,,,9,Find Cats With Friends,0.7581685,2024,English,Co-op;Family Sharing;LAN Co-op;Multi-player;Online Co-op;Single-player;Steam Achievements,Casual;Indie;Simulation,3D;Casual;Cats;Co-op;Co-op Campaign;Creature Collector;Cute;Family Friendly;First-Person;Indie;Multiplayer;Parkour;Pirates;Simulation;Singleplayer;Third Person;Walking Simulator,"Gather your friends and embark on an exhilarating adventure to a mysterious island where the law is set by the cozy purring creatures – cats ! You are brave pirates who accidentally found yourselves on this enigmatic island, and now your team must collect a very unusual loot: a hundred mischievous kitties. In Find Cats With Friends your main goal is to collect each of the one hundred cats scattered throughout the island and bring them to the specially designated spot – the cat box. However, pira","{""text_match"": 0.0015647906, ""cosine_similarity"": 0.516337, ""reranker_score"": -7.8961706}"
2026-02-10T20:07:28+00:00,CORTEX_DB.RAW.CAT_GAMES_SVC_1_5,default,"digital board game: rescue cats tiles into a boat, strategy, sailing theme","digital board game: rescue cats tiles into a boat, strategy, sailing theme",[],,False,,,,reranker_heavy,0.3,10,100,0,1079,1079,,01c25377-0005-0846-0001-397a0006e862,,36,36,,5e-06,5e-06,,5e-06,,,,,[],[],[],[],[],[],,,,,,,True,False,[],[],,,,[],[],,,,10,Another Cat in Dungeons,0.76481807,2021,English,Family Sharing;Single-player;Steam Achievements,Casual;Indie;Strategy,3D;Atmospheric;Board Game;Casual;Cats;Cute;Indie;Logic;Minimalist;Mystery Dungeon;Puzzle;Relaxing;Singleplayer;Strategy,"Another Cat in Dungeons is a sequence from A Cat in Dungeons. It's puzzle game where you need to find the best path to the goal, walking trough turnable tabletops. Each level contains different obstacles and puzzles, including teleports and mechanisms. Features Turnable Tabletop : don't you know how to escape? Try to turn the tabletop! Challenge levels Solve riddles to avoid falling grounds Use teleports Use mechanisms to unlock doors and gates","{""text_match"": 0.010785926, ""cosine_similarity"": 0.52963614, ""reranker_score"": -9.138834}"
2026-02-10T20:07:29+00:00,CORTEX_DB.RAW.CAT_GAMES_SVC_1_5,default,"digital board game: rescue cats tiles into a boat, strategy, sailing theme","digital board game: rescue cats tiles into a boat, strategy, sailing theme",[],,False,,,,reranker_heavy,0.65,10,100,0,970,970,,01c25377-0005-0846-0001-397a0006e86a,,37,37,,6e-06,6e-06,,6e-06,,,,,[],[],[],[],[],[],,,,,,,True,False,[],[],,,,[],[],,,,1,The Isle of Cats,0.798218965,2025,English;French;Italian;Spanish - Latin America;Spanish - Spain,Family Sharing;Full controller support;Multi-player;Online PvP;PvP;Shared/Split Screen;Shared/Split Screen PvP;Single-player;Steam Achievements;Steam Turn Notifications,Strategy,2.5D;Asynchronous Multiplayer;Board Game;Cartoon;Cats;Colorful;Cute;Family Friendly;Fishing;Hand-drawn;Multiplayer;PvE;PvP;Sailing;Singleplayer;Strategy;Top-Down,"Citizens of Squall’s End! Lookouts have spotted the sails of the evil Lord Vesh on the horizon! We must save the Isle of Cats before he arrives! The Isle of Cats is a competitive board game race to save a colorful collection of cats, scoring points based on how well you settle them into your personal rescue boat. Each cat comes on a unique tile and belongs to a family of cats of its color. You must find an arrangement to fit them in your boat, while keeping families together and managing your re","{""text_match"": 0.08014313, ""cosine_similarity"": 0.59643793, ""reranker_score"": -1.3845835}"
2026-02-10T20:07:29+00:00,CORTEX_DB.RAW.CAT_GAMES_SVC_1_5,default,"digital board game: rescue cats tiles into a boat, strategy, sailing theme","digital board game: rescue cats tiles into a boat, strategy, sailing theme",[],,False,,,,reranker_heavy,0.65,10,100,0,970,970,,01c25377-0005-0846-0001-397a0006e86a,,37,37,,6e-06,6e-06,,6e-06,,,,,[],[],[],[],[],[],,,,,,,True,False,[],[],,,,[],[],,,,2,Hex Cats,0.7909579,2023,English,Family Sharing;Single-player;Steam Achievements;Steam Cloud,Casual,Board Game;Cartoon;Cartoony;Casual;Cats;Colorful;Cozy;Cute;Family Friendly;Hand-drawn;Hex Grid;Logic;Puzzle;Relaxing;Singleplayer;Tabletop,😸 A portion of the profit from this game will be allocated to street cat rescue and support initiatives. 😻 Features: 🐾 50 handcrafted levels. ​🎵​ Original soundtrack. 🧶 5 different scenarios. 🐈 Cute cats. 🧩 Game experience designed for both think and relax.,"{""text_match"": 0.041998062, ""cosine_similarity"": 0.5819158, ""reranker_score"": -7.227361}"
2026-02-10T20:07:29+00:00,CORTEX_DB.RAW.CAT_GAMES_SVC_1_5,default,"digital board game: rescue cats tiles into a boat, strategy, sailing theme","digital board game: rescue cats tiles into a boat, strategy, sailing theme",[],,False,,,,reranker_heavy,0.65,10,100,0,970,970,,01c25377-0005-0846-0001-397a0006e86a,,37,37,,6e-06,6e-06,,6e-06,,,,,[],[],[],[],[],[],,,,,,,True,False,[],[],,,,[],[],,,,3,The Zwuggels - A Beach Holiday Adventure for Kids,0.7762065,2017,English;French;German;Italian;Polish;Portuguese - Brazil;Russian;Spanish - Spain,Family Sharing;Single-player;Steam Achievements,Adventure;Casual;Indie,Adventure;Cartoon;Cartoony;Casual;Colorful;Cute;Family Friendly;Female Protagonist;Fishing;Indie;Linear;Mouse only;Pirates;Point & Click;Relaxing;Singleplayer,"Let your kid ( 4 years and older ) join the Zwuggels on an amazing trip in this interactive Summer adventure. The children help the Zwuggels prepare for their trip to the beach for their summer vacation. Once landed on the tropical island, they quickly learn about the mysterious pirate cats and soon take part in an exciting treasure hunt! Winner of PAEDI 2016 Award for outstanding children's software (Munich, Germany). Concept qualified for funding by the State of Bavaria's Film Fund (FFF). The ","{""text_match"": 0.01625268, ""cosine_similarity"": 0.552413, ""reranker_score"": -8.895882}"
2026-02-10T20:07:29+00:00,CORTEX_DB.RAW.CAT_GAMES_SVC_1_5,default,"digital board game: rescue cats tiles into a boat, strategy, sailing theme","digital board game: rescue cats tiles into a boat, strategy, sailing theme",[],,False,,,,reranker_heavy,0.65,10,100,0,970,970,,01c25377-0005-0846-0001-397a0006e86a,,37,37,,6e-06,6e-06,,6e-06,,,,,[],[],[],[],[],[],,,,,,,True,False,[],[],,,,[],[],,,,4,Cat's Life Jigsaw Puzzles,0.76504737,2021,English,Family Sharing;Single-player,Casual;Indie;Strategy,2D;Board Game;Casual;Cats;Colorful;Cute;Education;Family Friendly;Funny;Hidden Object;Indie;Minimalist;Nature;Point & Click;Puzzle;Relaxing;Singleplayer;Strategy;Tabletop,"'Cats Life Jigsaw Puzzles' is a delightful and engaging puzzle game that invites players to immerse themselves in the charming world of cats. This game is not just about solving puzzles; it's about celebrating the whimsical and captivating life of our feline friends. Each puzzle brings to life a unique cat scene, allowing you to explore the diverse and enchanting world of cats in a fun and relaxing way. From playful kittens frolicking in the garden to majestic cats lounging in their elegant home","{""text_match"": 0.011617309, ""cosine_similarity"": 0.53009474, ""reranker_score"": -7.5030603}"
2026-02-10T20:07:29+00:00,CORTEX_DB.RAW.CAT_GAMES_SVC_1_5,default,"digital board game: rescue cats tiles into a boat, strategy, sailing theme","digital board game: rescue cats tiles into a boat, strategy, sailing theme",[],,False,,,,reranker_heavy,0.65,10,100,0,970,970,,01c25377-0005-0846-0001-397a0006e86a,,37,37,,6e-06,6e-06,,6e-06,,,,,[],[],[],[],[],[],,,,,,,True,False,[],[],,,,[],[],,,,5,Intelligence: Cats,0.76191365,2018,English,Family Sharing;Single-player;Steam Achievements,Indie,2D;Atmospheric;Card Game;Casual;Cats;Family Friendly;Indie;Logic;Puzzle;Relaxing;Retro;Simulation;Singleplayer;Tabletop,"Intelligence: Cats is a puzzle game in which you want to build an image (with cats) so that the picture was like the original image. Move the tiles of the puzzle wisely to collect the correct order of the pieces of images. The essence of the game as in the old game 'Fifteen' (15). The game will have 6 levels with a 3x3 field size, as well as 6 other levels with a 4x4 field size. Each level has a different image. The game contains images of twelve cats. Key game features: - 12 different levels - ","{""text_match"": 0.01304216, ""cosine_similarity"": 0.5238273, ""reranker_score"": -7.5040617}"
2026-02-10T20:07:29+00:00,CORTEX_DB.RAW.CAT_GAMES_SVC_1_5,default,"digital board game: rescue cats tiles into a boat, strategy, sailing theme","digital board game: rescue cats tiles into a boat, strategy, sailing theme",[],,False,,,,reranker_heavy,0.65,10,100,0,970,970,,01c25377-0005-0846-0001-397a0006e86a,,37,37,,6e-06,6e-06,,6e-06,,,,,[],[],[],[],[],[],,,,,,,True,False,[],[],,,,[],[],,,,6,1001 Jigsaw. Cute Cats 3,0.773454935,2023,English;French;German;Russian,Family Sharing;Single-player,Casual,2D;Casual;Hand-drawn;Puzzle;Realistic;Singleplayer;Tabletop,"Cute and clumsy cats on guard of your good mood! ''1001 Jigsaw. Cute Cats 3'' are ready to help you gain positive emotions! This is an easy to control game, where you can use hints to pass the level, take a short break, while saving the result, or choose a suitable level of difficulty, if the puzzle is not amenable to the first time. The game is thoroughly detailed, so it is suitable for all types of players. We'll be waiting for you in the world of amazing and charming seals! - 500 high quality","{""text_match"": 1.7311137e-07, ""cosine_similarity"": 0.54690987, ""reranker_score"": -9.383161}"
2026-02-10T20:07:29+00:00,CORTEX_DB.RAW.CAT_GAMES_SVC_1_5,default,"digital board game: rescue cats tiles into a boat, strategy, sailing theme","digital board game: rescue cats tiles into a boat, strategy, sailing theme",[],,False,,,,reranker_heavy,0.65,10,100,0,970,970,,01c25377-0005-0846-0001-397a0006e86a,,37,37,,6e-06,6e-06,,6e-06,,,,,[],[],[],[],[],[],,,,,,,True,False,[],[],,,,[],[],,,,7,Space Cats Tactics,0.76879257,2023,English;German;Japanese;Russian;Simplified Chinese;Traditional Chinese,Captions available;Family Sharing;Full controller support;Single-player;Steam Achievements,Indie;RPG;Strategy,Base-Building;Cats;Character Customization;Cute;Cyberpunk;Exploration;Funny;Military;RPG;Sci-fi;Space;Space Sim;Story Rich;Strategy;Tactical RPG;Top-Down;Turn-Based;Turn-Based Combat;Turn-Based Strategy;Turn-Based Tactics,"Join my Discord: Made by a solo developer, Space Cats Tactics brings together the nerve-wracking battles of turn-based strategy games and the powerful epic stories of space opera. Combining grid- and turn-based tactical combat (as seen in games like XCOM and Divinity: Original Sin) and inside-ship crew management (like in games such as FTL and Star Command Galaxies), in Space Cats Tactics you will have to be on your toes and think every step very carefully! KEY FEATURES Fight nerve-wracking spac","{""text_match"": 0.0034272668, ""cosine_similarity"": 0.53758514, ""reranker_score"": -8.893279}"
2026-02-10T20:07:29+00:00,CORTEX_DB.RAW.CAT_GAMES_SVC_1_5,default,"digital board game: rescue cats tiles into a boat, strategy, sailing theme","digital board game: rescue cats tiles into a boat, strategy, sailing theme",[],,False,,,,reranker_heavy,0.65,10,100,0,970,970,,01c25377-0005-0846-0001-397a0006e86a,,37,37,,6e-06,6e-06,,6e-06,,,,,[],[],[],[],[],[],,,,,,,True,False,[],[],,,,[],[],,,,8,Push The Cat with WASD,0.76397735,2024,English;Japanese;Simplified Chinese;Traditional Chinese,Family Sharing;Partial Controller Support;Single-player;Steam Achievements,Casual;Indie,2D;Casual;Cats;Cute;Difficult;Drama;Emotional;Indie;Interactive Fiction;Logic;Memes;Minimalist;Narration;Narrative;Puzzle;Relaxing;Singleplayer;Sokoban;Text-Based;Word Game,"The 'story' and 'texts' are puzzle! This is a cat puzzle game where you use 'text' to push the cat. If letter WASD appears in the text, you can push it! You need to push the cat to the goal. About the Puzzle Don't worry if you can't solve the puzzle. There are in-game hints and solutions. If you like to solve very difficult puzzles, there are 13 extra challenge levels for you to solve! These levels are intricately crafted with heart and soul. About the Story Do You push cats often? Cat pushing e","{""text_match"": 0.0042977524, ""cosine_similarity"": 0.5279547, ""reranker_score"": -8.7402935}"
2026-02-10T20:07:29+00:00,CORTEX_DB.RAW.CAT_GAMES_SVC_1_5,default,"digital board game: rescue cats tiles into a boat, strategy, sailing theme","digital board game: rescue cats tiles into a boat, strategy, sailing theme",[],,False,,,,reranker_heavy,0.65,10,100,0,970,970,,01c25377-0005-0846-0001-397a0006e86a,,37,37,,6e-06,6e-06,,6e-06,,,,,[],[],[],[],[],[],,,,,,,True,False,[],[],,,,[],[],,,,9,Find Cats With Friends,0.7581685,2024,English,Co-op;Family Sharing;LAN Co-op;Multi-player;Online Co-op;Single-player;Steam Achievements,Casual;Indie;Simulation,3D;Casual;Cats;Co-op;Co-op Campaign;Creature Collector;Cute;Family Friendly;First-Person;Indie;Multiplayer;Parkour;Pirates;Simulation;Singleplayer;Third Person;Walking Simulator,"Gather your friends and embark on an exhilarating adventure to a mysterious island where the law is set by the cozy purring creatures – cats ! You are brave pirates who accidentally found yourselves on this enigmatic island, and now your team must collect a very unusual loot: a hundred mischievous kitties. In Find Cats With Friends your main goal is to collect each of the one hundred cats scattered throughout the island and bring them to the specially designated spot – the cat box. However, pira","{""text_match"": 0.0015647906, ""cosine_similarity"": 0.516337, ""reranker_score"": -7.8961706}"
2026-02-10T20:07:29+00:00,CORTEX_DB.RAW.CAT_GAMES_SVC_1_5,default,"digital board game: rescue cats tiles into a boat, strategy, sailing theme","digital board game: rescue cats tiles into a boat, strategy, sailing theme",[],,False,,,,reranker_heavy,0.65,10,100,0,970,970,,01c25377-0005-0846-0001-397a0006e86a,,37,37,,6e-06,6e-06,,6e-06,,,,,[],[],[],[],[],[],,,,,,,True,False,[],[],,,,[],[],,,,10,Another Cat in Dungeons,0.76481807,2021,English,Family Sharing;Single-player;Steam Achievements,Casual;Indie;Strategy,3D;Atmospheric;Board Game;Casual;Cats;Cute;Indie;Logic;Minimalist;Mystery Dungeon;Puzzle;Relaxing;Singleplayer;Strategy,"Another Cat in Dungeons is a sequence from A Cat in Dungeons. It's puzzle game where you need to find the best path to the goal, walking trough turnable tabletops. Each level contains different obstacles and puzzles, including teleports and mechanisms. Features Turnable Tabletop : don't you know how to escape? Try to turn the tabletop! Challenge levels Solve riddles to avoid falling grounds Use teleports Use mechanisms to unlock doors and gates","{""text_match"": 0.010785926, ""cosine_similarity"": 0.52963614, ""reranker_score"": -9.138834}"
2026-02-10T20:07:30+00:00,CORTEX_DB.RAW.CAT_GAMES_SVC_1_5,default,"digital board game: rescue cats tiles into a boat, strategy, sailing theme","digital board game: rescue cats tiles into a boat, strategy, sailing theme",[],,False,,,,reranker_heavy,0.75,10,100,0,1023,1023,,01c25377-0005-0843-0001-397a0006d532,,34,34,,5e-06,5e-06,,5e-06,,,,,[],[],[],[],[],[],,,,,,,True,False,[],[],,,,[],[],,,,1,The Isle of Cats,0.798218965,2025,English;French;Italian;Spanish - Latin America;Spanish - Spain,Family Sharing;Full controller support;Multi-player;Online PvP;PvP;Shared/Split Screen;Shared/Split Screen PvP;Single-player;Steam Achievements;Steam Turn Notifications,Strategy,2.5D;Asynchronous Multiplayer;Board Game;Cartoon;Cats;Colorful;Cute;Family Friendly;Fishing;Hand-drawn;Multiplayer;PvE;PvP;Sailing;Singleplayer;Strategy;Top-Down,"Citizens of Squall’s End! Lookouts have spotted the sails of the evil Lord Vesh on the horizon! We must save the Isle of Cats before he arrives! The Isle of Cats is a competitive board game race to save a colorful collection of cats, scoring points based on how well you settle them into your personal rescue boat. Each cat comes on a unique tile and belongs to a family of cats of its color. You must find an arrangement to fit them in your boat, while keeping families together and managing your re","{""text_match"": 0.08014313, ""cosine_similarity"": 0.59643793, ""reranker_score"": -1.3845835}"
2026-02-10T20:07:30+00:00,CORTEX_DB.RAW.CAT_GAMES_SVC_1_5,default,"digital board game: rescue cats tiles into a boat, strategy, sailing theme","digital board game: rescue cats tiles into a boat, strategy, sailing theme",[],,False,,,,reranker_heavy,0.75,10,100,0,1023,1023,,01c25377-0005-0843-0001-397a0006d532,,34,34,,5e-06,5e-06,,5e-06,,,,,[],[],[],[],[],[],,,,,,,True,False,[],[],,,,[],[],,,,2,Hex Cats,0.7909579,2023,English,Family Sharing;Single-player;Steam Achievements;Steam Cloud,Casual,Board Game;Cartoon;Cartoony;Casual;Cats;Colorful;Cozy;Cute;Family Friendly;Hand-drawn;Hex Grid;Logic;Puzzle;Relaxing;Singleplayer;Tabletop,😸 A portion of the profit from this game will be allocated to street cat rescue and support initiatives. 😻 Features: 🐾 50 handcrafted levels. ​🎵​ Original soundtrack. 🧶 5 different scenarios. 🐈 Cute cats. 🧩 Game experience designed for both think and relax.,"{""text_match"": 0.041998062, ""cosine_similarity"": 0.5819158, ""reranker_score"": -7.227361}"
2026-02-10T20:07:30+00:00,CORTEX_DB.RAW.CAT_GAMES_SVC_1_5,default,"digital board game: rescue cats tiles into a boat, strategy, sailing theme","digital board game: rescue cats tiles into a boat, strategy, sailing theme",[],,False,,,,reranker_heavy,0.75,10,100,0,1023,1023,,01c25377-0005-0843-0001-397a0006d532,,34,34,,5e-06,5e-06,,5e-06,,,,,[],[],[],[],[],[],,,,,,,True,False,[],[],,,,[],[],,,,3,The Zwuggels - A Beach Holiday Adventure for Kids,0.7762065,2017,English;French;German;Italian;Polish;Portuguese - Brazil;Russian;Spanish - Spain,Family Sharing;Single-player;Steam Achievements,Adventure;Casual;Indie,Adventure;Cartoon;Cartoony;Casual;Colorful;Cute;Family Friendly;Female Protagonist;Fishing;Indie;Linear;Mouse only;Pirates;Point & Click;Relaxing;Singleplayer,"Let your kid ( 4 years and older ) join the Zwuggels on an amazing trip in this interactive Summer adventure. The children help the Zwuggels prepare for their trip to the beach for their summer vacation. Once landed on the tropical island, they quickly learn about the mysterious pirate cats and soon take part in an exciting treasure hunt! Winner of PAEDI 2016 Award for outstanding children's software (Munich, Germany). Concept qualified for funding by the State of Bavaria's Film Fund (FFF). The ","{""text_match"": 0.01625268, ""cosine_similarity"": 0.552413, ""reranker_score"": -8.895882}"
2026-02-10T20:07:30+00:00,CORTEX_DB.RAW.CAT_GAMES_SVC_1_5,default,"digital board game: rescue cats tiles into a boat, strategy, sailing theme","digital board game: rescue cats tiles into a boat, strategy, sailing theme",[],,False,,,,reranker_heavy,0.75,10,100,0,1023,1023,,01c25377-0005-0843-0001-397a0006d532,,34,34,,5e-06,5e-06,,5e-06,,,,,[],[],[],[],[],[],,,,,,,True,False,[],[],,,,[],[],,,,4,Cat's Life Jigsaw Puzzles,0.76504737,2021,English,Family Sharing;Single-player,Casual;Indie;Strategy,2D;Board Game;Casual;Cats;Colorful;Cute;Education;Family Friendly;Funny;Hidden Object;Indie;Minimalist;Nature;Point & Click;Puzzle;Relaxing;Singleplayer;Strategy;Tabletop,"'Cats Life Jigsaw Puzzles' is a delightful and engaging puzzle game that invites players to immerse themselves in the charming world of cats. This game is not just about solving puzzles; it's about celebrating the whimsical and captivating life of our feline friends. Each puzzle brings to life a unique cat scene, allowing you to explore the diverse and enchanting world of cats in a fun and relaxing way. From playful kittens frolicking in the garden to majestic cats lounging in their elegant home","{""text_match"": 0.011617309, ""cosine_similarity"": 0.53009474, ""reranker_score"": -7.5030603}"
2026-02-10T20:07:30+00:00,CORTEX_DB.RAW.CAT_GAMES_SVC_1_5,default,"digital board game: rescue cats tiles into a boat, strategy, sailing theme","digital board game: rescue cats tiles into a boat, strategy, sailing theme",[],,False,,,,reranker_heavy,0.75,10,100,0,1023,1023,,01c25377-0005-0843-0001-397a0006d532,,34,34,,5e-06,5e-06,,5e-06,,,,,[],[],[],[],[],[],,,,,,,True,False,[],[],,,,[],[],,,,5,Intelligence: Cats,0.76191365,2018,English,Family Sharing;Single-player;Steam Achievements,Indie,2D;Atmospheric;Card Game;Casual;Cats;Family Friendly;Indie;Logic;Puzzle;Relaxing;Retro;Simulation;Singleplayer;Tabletop,"Intelligence: Cats is a puzzle game in which you want to build an image (with cats) so that the picture was like the original image. Move the tiles of the puzzle wisely to collect the correct order of the pieces of images. The essence of the game as in the old game 'Fifteen' (15). The game will have 6 levels with a 3x3 field size, as well as 6 other levels with a 4x4 field size. Each level has a different image. The game contains images of twelve cats. Key game features: - 12 different levels - ","{""text_match"": 0.01304216, ""cosine_similarity"": 0.5238273, ""reranker_score"": -7.5040617}"
2026-02-10T20:07:30+00:00,CORTEX_DB.RAW.CAT_GAMES_SVC_1_5,default,"digital board game: rescue cats tiles into a boat, strategy, sailing theme","digital board game: rescue cats tiles into a boat, strategy, sailing theme",[],,False,,,,reranker_heavy,0.75,10,100,0,1023,1023,,01c25377-0005-0843-0001-397a0006d532,,34,34,,5e-06,5e-06,,5e-06,,,,,[],[],[],[],[],[],,,,,,,True,False,[],[],,,,[],[],,,,6,1001 Jigsaw. Cute Cats 3,0.773454935,2023,English;French;German;Russian,Family Sharing;Single-player,Casual,2D;Casual;Hand-drawn;Puzzle;Realistic;Singleplayer;Tabletop,"Cute and clumsy cats on guard of your good mood! ''1001 Jigsaw. Cute Cats 3'' are ready to help you gain positive emotions! This is an easy to control game, where you can use hints to pass the level, take a short break, while saving the result, or choose a suitable level of difficulty, if the puzzle is not amenable to the first time. The game is thoroughly detailed, so it is suitable for all types of players. We'll be waiting for you in the world of amazing and charming seals! - 500 high quality","{""text_match"": 1.7311137e-07, ""cosine_similarity"": 0.54690987, ""reranker_score"": -9.383161}"
2026-02-10T20:07:30+00:00,CORTEX_DB.RAW.CAT_GAMES_SVC_1_5,default,"digital board game: rescue cats tiles into a boat, strategy, sailing theme","digital board game: rescue cats tiles into a boat, strategy, sailing theme",[],,False,,,,reranker_heavy,0.75,10,100,0,1023,1023,,01c25377-0005-0843-0001-397a0006d532,,34,34,,5e-06,5e-06,,5e-06,,,,,[],[],[],[],[],[],,,,,,,True,False,[],[],,,,[],[],,,,7,Space Cats Tactics,0.76879257,2023,English;German;Japanese;Russian;Simplified Chinese;Traditional Chinese,Captions available;Family Sharing;Full controller support;Single-player;Steam Achievements,Indie;RPG;Strategy,Base-Building;Cats;Character Customization;Cute;Cyberpunk;Exploration;Funny;Military;RPG;Sci-fi;Space;Space Sim;Story Rich;Strategy;Tactical RPG;Top-Down;Turn-Based;Turn-Based Combat;Turn-Based Strategy;Turn-Based Tactics,"Join my Discord: Made by a solo developer, Space Cats Tactics brings together the nerve-wracking battles of turn-based strategy games and the powerful epic stories of space opera. Combining grid- and turn-based tactical combat (as seen in games like XCOM and Divinity: Original Sin) and inside-ship crew management (like in games such as FTL and Star Command Galaxies), in Space Cats Tactics you will have to be on your toes and think every step very carefully! KEY FEATURES Fight nerve-wracking spac","{""text_match"": 0.0034272668, ""cosine_similarity"": 0.53758514, ""reranker_score"": -8.893279}"
2026-02-10T20:07:30+00:00,CORTEX_DB.RAW.CAT_GAMES_SVC_1_5,default,"digital board game: rescue cats tiles into a boat, strategy, sailing theme","digital board game: rescue cats tiles into a boat, strategy, sailing theme",[],,False,,,,reranker_heavy,0.75,10,100,0,1023,1023,,01c25377-0005-0843-0001-397a0006d532,,34,34,,5e-06,5e-06,,5e-06,,,,,[],[],[],[],[],[],,,,,,,True,False,[],[],,,,[],[],,,,8,Push The Cat with WASD,0.76397735,2024,English;Japanese;Simplified Chinese;Traditional Chinese,Family Sharing;Partial Controller Support;Single-player;Steam Achievements,Casual;Indie,2D;Casual;Cats;Cute;Difficult;Drama;Emotional;Indie;Interactive Fiction;Logic;Memes;Minimalist;Narration;Narrative;Puzzle;Relaxing;Singleplayer;Sokoban;Text-Based;Word Game,"The 'story' and 'texts' are puzzle! This is a cat puzzle game where you use 'text' to push the cat. If letter WASD appears in the text, you can push it! You need to push the cat to the goal. About the Puzzle Don't worry if you can't solve the puzzle. There are in-game hints and solutions. If you like to solve very difficult puzzles, there are 13 extra challenge levels for you to solve! These levels are intricately crafted with heart and soul. About the Story Do You push cats often? Cat pushing e","{""text_match"": 0.0042977524, ""cosine_similarity"": 0.5279547, ""reranker_score"": -8.7402935}"
2026-02-10T20:07:30+00:00,CORTEX_DB.RAW.CAT_GAMES_SVC_1_5,default,"digital board game: rescue cats tiles into a boat, strategy, sailing theme","digital board game: rescue cats tiles into a boat, strategy, sailing theme",[],,False,,,,reranker_heavy,0.75,10,100,0,1023,1023,,01c25377-0005-0843-0001-397a0006d532,,34,34,,5e-06,5e-06,,5e-06,,,,,[],[],[],[],[],[],,,,,,,True,False,[],[],,,,[],[],,,,9,Find Cats With Friends,0.7581685,2024,English,Co-op;Family Sharing;LAN Co-op;Multi-player;Online Co-op;Single-player;Steam Achievements,Casual;Indie;Simulation,3D;Casual;Cats;Co-op;Co-op Campaign;Creature Collector;Cute;Family Friendly;First-Person;Indie;Multiplayer;Parkour;Pirates;Simulation;Singleplayer;Third Person;Walking Simulator,"Gather your friends and embark on an exhilarating adventure to a mysterious island where the law is set by the cozy purring creatures – cats ! You are brave pirates who accidentally found yourselves on this enigmatic island, and now your team must collect a very unusual loot: a hundred mischievous kitties. In Find Cats With Friends your main goal is to collect each of the one hundred cats scattered throughout the island and bring them to the specially designated spot – the cat box. However, pira","{""text_match"": 0.0015647906, ""cosine_similarity"": 0.516337, ""reranker_score"": -7.8961706}"
2026-02-10T20:07:30+00:00,CORTEX_DB.RAW.CAT_GAMES_SVC_1_5,default,"digital board game: rescue cats tiles into a boat, strategy, sailing theme","digital board game: rescue cats tiles into a boat, strategy, sailing theme",[],,False,,,,reranker_heavy,0.75,10,100,0,1023,1023,,01c25377-0005-0843-0001-397a0006d532,,34,34,,5e-06,5e-06,,5e-06,,,,,[],[],[],[],[],[],,,,,,,True,False,[],[],,,,[],[],,,,10,Another Cat in Dungeons,0.76481807,2021,English,Family Sharing;Single-player;Steam Achievements,Casual;Indie;Strategy,3D;Atmospheric;Board Game;Casual;Cats;Cute;Indie;Logic;Minimalist;Mystery Dungeon;Puzzle;Relaxing;Singleplayer;Strategy,"Another Cat in Dungeons is a sequence from A Cat in Dungeons. It's puzzle game where you need to find the best path to the goal, walking trough turnable tabletops. Each level contains different obstacles and puzzles, including teleports and mechanisms. Features Turnable Tabletop : don't you know how to escape? Try to turn the tabletop! Challenge levels Solve riddles to avoid falling grounds Use teleports Use mechanisms to unlock doors and gates","{""text_match"": 0.010785926, ""cosine_similarity"": 0.52963614, ""reranker_score"": -9.138834}"
2026-02-10T20:07:33+00:00,CORTEX_DB.RAW.CAT_GAMES_SVC_1_5,default,"early access tile-building worldbuilder, time traveler, far-future cats rule the galaxy","early access tile-building worldbuilder, time traveler, far-future cats rule the galaxy",[],,False,,,,balanced_default,0.3,10,100,0,1125,1125,,01c25377-0005-0846-0001-397a0006e872,,35,35,,5e-06,5e-06,,5e-06,,,,,[],[],[],[],[],[],,,,,,,True,False,[],[],,,,[],[],,,,1,Nekokami - The Human Restoration Project,0.80188948,2024,English;Japanese;Simplified Chinese,Adjustable Difficulty;Adjustable Text Size;Camera Comfort;Co-op;Custom Volume Controls;Family Sharing;Full controller support;Mouse Only Option;Multi-player;Playable without Timed Input;Shared/Split Screen;Shared/Split Screen Co-op;Single-player;Steam Achievements;Steam Cloud,Adventure;Casual;Early Access;Indie;RPG,3D;Building;Casual;Cats;Colorful;Cozy;Cute;Early Access;Family Friendly;Funny;Hand-drawn;Immersive Sim;Indie;Life Sim;Local Co-Op;Nature;Puzzle;RPG;Relaxing;Story Rich,"✨ Nekokami is a meditative, calming tile building game where you play as a time-traveler to a far future Milky Way managed by... benevolent Future Cats with super advanced technologies. Why it has to be the Cats? And where are the Humans?     In Nekokami, you will: 🌏 Create beautiful worlds of natural habitats and human settlements with strategic, or spontaneous, placement of tiles in a unique hand-drawn-like art style. 🌌 Follow an epic, whimsical yet heartwarming story of Human-Cat friendship, ","{""text_match"": 0.123294316, ""cosine_similarity"": 0.60377896, ""reranker_score"": -1.9542317}"
2026-02-10T20:07:33+00:00,CORTEX_DB.RAW.CAT_GAMES_SVC_1_5,default,"early access tile-building worldbuilder, time traveler, far-future cats rule the galaxy","early access tile-building worldbuilder, time traveler, far-future cats rule the galaxy",[],,False,,,,balanced_default,0.3,10,100,0,1125,1125,,01c25377-0005-0846-0001-397a0006e872,,35,35,,5e-06,5e-06,,5e-06,,,,,[],[],[],[],[],[],,,,,,,True,False,[],[],,,,[],[],,,,2,Whiskers on Time's Corner,0.75369853,2024,English;Japanese;Simplified Chinese;Spanish - Spain;Traditional Chinese,Family Sharing;Single-player;Steam Achievements;Steam Cloud,Casual;Early Access;Indie,Action RPG;Action-Adventure;Atmospheric;Cartoon;Cartoony;Casual;Cats;Choices Matter;Cute;Dating Sim;Early Access;Emotional;Exploration;Funny;Indie;Multiple Endings;Relaxing;Singleplayer;Survival;Walking Simulator,"In a beautiful little town, you take on the role of a cat and experience life from its perspective. [Life as a Cat] You need to rummage through trash cans and recycling bins to find food. Remember the locations where food can be found and try your luck when hunger strikes. Always keep an eye on the weather—rain will quickly drain the cat's stamina, so make sure to find shelter under roofs to stay dry and maintain your energy. [Cat Stories] At the Rice Ball House, Mrs. Rice Ball occasionally give","{""text_match"": 0.0051822537, ""cosine_similarity"": 0.50739706, ""reranker_score"": -8.195908}"
2026-02-10T20:07:33+00:00,CORTEX_DB.RAW.CAT_GAMES_SVC_1_5,default,"early access tile-building worldbuilder, time traveler, far-future cats rule the galaxy","early access tile-building worldbuilder, time traveler, far-future cats rule the galaxy",[],,False,,,,balanced_default,0.3,10,100,0,1125,1125,,01c25377-0005-0846-0001-397a0006e872,,35,35,,5e-06,5e-06,,5e-06,,,,,[],[],[],[],[],[],,,,,,,True,False,[],[],,,,[],[],,,,3,Space Cats Tactics,0.744879725,2023,English;German;Japanese;Russian;Simplified Chinese;Traditional Chinese,Captions available;Family Sharing;Full controller support;Single-player;Steam Achievements,Indie;RPG;Strategy,Base-Building;Cats;Character Customization;Cute;Cyberpunk;Exploration;Funny;Military;RPG;Sci-fi;Space;Space Sim;Story Rich;Strategy;Tactical RPG;Top-Down;Turn-Based;Turn-Based Combat;Turn-Based Strategy;Turn-Based Tactics,"Join my Discord: Made by a solo developer, Space Cats Tactics brings together the nerve-wracking battles of turn-based strategy games and the powerful epic stories of space opera. Combining grid- and turn-based tactical combat (as seen in games like XCOM and Divinity: Original Sin) and inside-ship crew management (like in games such as FTL and Star Command Galaxies), in Space Cats Tactics you will have to be on your toes and think every step very carefully! KEY FEATURES Fight nerve-wracking spac","{""text_match"": 0.0072519043, ""cosine_similarity"": 0.48975945, ""reranker_score"": -7.6419044}"
2026-02-10T20:07:33+00:00,CORTEX_DB.RAW.CAT_GAMES_SVC_1_5,default,"early access tile-building worldbuilder, time traveler, far-future cats rule the galaxy","early access tile-building worldbuilder, time traveler, far-future cats rule the galaxy",[],,False,,,,balanced_default,0.3,10,100,0,1125,1125,,01c25377-0005-0846-0001-397a0006e872,,35,35,,5e-06,5e-06,,5e-06,,,,,[],[],[],[],[],[],,,,,,,True,False,[],[],,,,[],[],,,,4,Laser Battle Cats - travel & destroy!,0.75918425,2025,English;German;Japanese;Polish;Simplified Chinese,Family Sharing;Single-player;Steam Achievements,Action;Casual,2D;Action;Arcade;Building;Casual;Cats;Colorful;Combat;Crafting;Early Access;Gun Customization;Mechs;Pixel Graphics;Puzzle-Platformer;Shoot 'Em Up;Shooter;Side Scroller;Singleplayer,"Wouldn't everyone want to have a giant laser battle cat to overcome life's challenges with a devastating beam? Collect Kittens! The game offers 5 kittens, each with different stats and appearances. Unlock them by completing levels and give them names. Feed them radioactive milk to make them bigger and stronger. Conquer Five Continents! Your cat is equipped with a vest—build a laser mechanism on it. Generate power, store it in batteries, and fire away. Use rotating and sliding parts to reach all ","{""text_match"": 0.010430452, ""cosine_similarity"": 0.5183685, ""reranker_score"": -9.087628}"
2026-02-10T20:07:33+00:00,CORTEX_DB.RAW.CAT_GAMES_SVC_1_5,default,"early access tile-building worldbuilder, time traveler, far-future cats rule the galaxy","early access tile-building worldbuilder, time traveler, far-future cats rule the galaxy",[],,False,,,,balanced_default,0.3,10,100,0,1125,1125,,01c25377-0005-0846-0001-397a0006e872,,35,35,,5e-06,5e-06,,5e-06,,,,,[],[],[],[],[],[],,,,,,,True,False,[],[],,,,[],[],,,,5,Bazooka Cat: First Episode,0.745574115,2023,English;Russian;Simplified Chinese,Family Sharing;Partial Controller Support;Single-player;Steam Achievements,Action;Adventure;Indie,2D;2D Platformer;Action;Arcade;Atmospheric;Colorful;Controller;Cute;Exploration;Family Friendly;Hero Shooter;Linear;Metroidvania;Pixel Graphics;Platformer;Robots;Shooter;Side Scroller;Space;Story Rich,"What kind of game is this? Bazooka Cat is a platformer made with love inspired by old-school games of the 90s with the use of new technologies and game logic, but what if you add something like tactics to the platformer? How are tactics implemented in the game? Bazooka Cat is a tactical platformer with elements of arcade games. Our cat has special features, he is a fluffy plump cat, his movement speed is reduced, cats are in no hurry! The bazooka is bulky, but it's his favorite weapon. The bazoo","{""text_match"": 0.03836368, ""cosine_similarity"": 0.49114823, ""reranker_score"": -7.8480864}"
2026-02-10T20:07:33+00:00,CORTEX_DB.RAW.CAT_GAMES_SVC_1_5,default,"early access tile-building worldbuilder, time traveler, far-future cats rule the galaxy","early access tile-building worldbuilder, time traveler, far-future cats rule the galaxy",[],,False,,,,balanced_default,0.3,10,100,0,1125,1125,,01c25377-0005-0846-0001-397a0006e872,,35,35,,5e-06,5e-06,,5e-06,,,,,[],[],[],[],[],[],,,,,,,True,False,[],[],,,,[],[],,,,6,Cats & Dice,0.742449375,2025,English;Simplified Chinese;Traditional Chinese,Family Sharing;Partial Controller Support;Single-player;Steam Achievements;Steam Cloud,Early Access;Indie;Strategy,2D;Card Battler;Card Game;Cats;Colorful;Cute;Deckbuilding;Early Access;Indie;Pixel Graphics;Procedural Generation;Replay Value;Rogue-like;Rogue-lite;Roguelike Deckbuilder;Singleplayer;Strategy;Turn-Based Strategy,Cats &amp; Dice is a dice-building roguelike all about getting the right synergies to pull off crazy combos and attain as high a score as you possibly can.   The Cats (maneki-neko) are the mainstay of the game. Every Cat has its own passive ability that can affect how you approach a run. All Cats generate a dice unique to them at the start of each round (for instance there's a Cat that will create a dice with only four on all sides). There is no additional drawing of dice from your deck or the l,"{""text_match"": 0.008370771, ""cosine_similarity"": 0.48489875, ""reranker_score"": -7.757739}"
2026-02-10T20:07:33+00:00,CORTEX_DB.RAW.CAT_GAMES_SVC_1_5,default,"early access tile-building worldbuilder, time traveler, far-future cats rule the galaxy","early access tile-building worldbuilder, time traveler, far-future cats rule the galaxy",[],,False,,,,balanced_default,0.3,10,100,0,1125,1125,,01c25377-0005-0846-0001-397a0006e872,,35,35,,5e-06,5e-06,,5e-06,,,,,[],[],[],[],[],[],,,,,,,True,False,[],[],,,,[],[],,,,7,Cats in Time,0.75092095,2021,Arabic;Bosnian;Croatian;English;French;German;Italian;Japanese;Korean;Portuguese - Portugal;Russian;Serbian;Simplified Chinese;Spanish - Spain;Traditional Chinese,Family Sharing;Full controller support;Remote Play on Phone;Remote Play on Tablet;Single-player;Steam Achievements;Steam Cloud;Steam Trading Cards,Adventure;Casual;Indie,3D;Adventure;Cartoony;Casual;Cats;Collectathon;Cute;Family Friendly;Hidden Object;Indie;Multiplayer;Point & Click;Puzzle;Relaxing;Singleplayer;Time Travel,"Hello explorers! My name is Professor Tim Edger, and I'm the inventor of the time machine and an avid cat lover! Sadly, I have a problem, and maybe YOU can help me. You see, my beloved cats are missing. While playing in the lab, they've activated my time machine and ⚡ ZAP ⚡, now they are lost in space and time! You have to travel from ancient Egypt, all the way to the streets of late 20. century New York, and even beyond the present - to future Tokyo. Your goal is to find all the cats! Please be","{""text_match"": 0.016390158, ""cosine_similarity"": 0.5018419, ""reranker_score"": -8.976228}"
2026-02-10T20:07:33+00:00,CORTEX_DB.RAW.CAT_GAMES_SVC_1_5,default,"early access tile-building worldbuilder, time traveler, far-future cats rule the galaxy","early access tile-building worldbuilder, time traveler, far-future cats rule the galaxy",[],,False,,,,balanced_default,0.3,10,100,0,1125,1125,,01c25377-0005-0846-0001-397a0006e872,,35,35,,5e-06,5e-06,,5e-06,,,,,[],[],[],[],[],[],,,,,,,True,False,[],[],,,,[],[],,,,8,"Cats, Guns & Robots",0.7406439499999999,2024,English;French;German;Italian;Japanese;Portuguese - Brazil;Russian;Simplified Chinese;Spanish - Spain;Traditional Chinese;Turkish,Family Sharing;Single-player,Action;Casual;Early Access;Indie;RPG,Action;Action RPG;Action Roguelike;Arena Shooter;Bullet Hell;Dark Fantasy;Difficult;Dungeon Crawler;Early Access;Hack and Slash;Isometric;Perma Death;RPG;Replay Value;Rogue-like;Rogue-lite;Sci-fi;Shooter;Singleplayer;Survival,"In this action rogue-like game, survive evil robot attacks, gain XP by killing them and upgrade your weapons and character for the next room. It's all about strategy, reflexes, and smart choices. Exciting Action-Packed Roguelike Gameplay! Buy and upgrade your weapons and equipment! Gain XP by killing evil robots and upgrade your character! Careful choice of weapons and character abilities will be the key to winning! THE STORY Humans and advanced robots have been living in peace and harmony for c","{""text_match"": 0.004478933, ""cosine_similarity"": 0.4812879, ""reranker_score"": -8.030291}"
2026-02-10T20:07:33+00:00,CORTEX_DB.RAW.CAT_GAMES_SVC_1_5,default,"early access tile-building worldbuilder, time traveler, far-future cats rule the galaxy","early access tile-building worldbuilder, time traveler, far-future cats rule the galaxy",[],,False,,,,balanced_default,0.3,10,100,0,1125,1125,,01c25377-0005-0846-0001-397a0006e872,,35,35,,5e-06,5e-06,,5e-06,,,,,[],[],[],[],[],[],,,,,,,True,False,[],[],,,,[],[],,,,9,Starcats,0.747171225,2018,English,Family Sharing;Full controller support;Multi-player;PvP;Remote Play Together;Shared/Split Screen;Shared/Split Screen PvP,Action;Casual;Indie,Action;Casual;Indie;Local Co-Op;Procedural Generation,"Four cats have broken out of prison on a distant alien planet. They must steal a ship and escape before their suits run out of power. If only they could decide who should be captain. Work with and against your cohorts to become the captain, commandeer a new ship, and escape. Key Features Cooperation is a strategy, not a requirement. Make temporary allies, break promises, and watch out for backstabbers. 2-4 player local multiplayer Procedurally generated maps Cats! (in both corporeal and spectral","{""text_match"": 1.5035945e-07, ""cosine_similarity"": 0.49434245, ""reranker_score"": -8.733501}"
2026-02-10T20:07:33+00:00,CORTEX_DB.RAW.CAT_GAMES_SVC_1_5,default,"early access tile-building worldbuilder, time traveler, far-future cats rule the galaxy","early access tile-building worldbuilder, time traveler, far-future cats rule the galaxy",[],,False,,,,balanced_default,0.3,10,100,0,1125,1125,,01c25377-0005-0846-0001-397a0006e872,,35,35,,5e-06,5e-06,,5e-06,,,,,[],[],[],[],[],[],,,,,,,True,False,[],[],,,,[],[],,,,10,时间之神的猫,0.73960235,2021,English;Simplified Chinese,Family Sharing;Single-player,Casual;Indie;Strategy,2D;Cartoon;Casual;Cats;Colorful;Cute;Difficult;Fantasy;Indie;Logic;Pixel Graphics;Puzzle;Singleplayer;Strategy;Time Management;Time Manipulation;Time Travel,"A holy cat came to the mortal world to eat fish. It has no frontal combat capability, nor can it sneak in stealth. But it has its own unique skill-time travel. When the mortal guards followed the timeline to track the cat's figure, they had fallen into a trap. By rationally planning when to appear, the cat will play around with the guard. After eating countless fish, the cat discovered that the most powerful force is not time travel, but wisdom. Cat just want to eat fish There is no complicated ","{""text_match"": 0.027771892, ""cosine_similarity"": 0.4792047, ""reranker_score"": -8.321358}"
2026-02-10T20:07:34+00:00,CORTEX_DB.RAW.CAT_GAMES_SVC_1_5,default,"early access tile-building worldbuilder, time traveler, far-future cats rule the galaxy","early access tile-building worldbuilder, time traveler, far-future cats rule the galaxy",[],,False,,,,balanced_default,0.65,10,100,0,1181,1181,,01c25377-0005-0864-0001-397a0006ba6e,,50,50,,8e-06,8e-06,,8e-06,,,,,[],[],[],[],[],[],,,,,,,True,False,[],[],,,,[],[],,,,1,Nekokami - The Human Restoration Project,0.80188948,2024,English;Japanese;Simplified Chinese,Adjustable Difficulty;Adjustable Text Size;Camera Comfort;Co-op;Custom Volume Controls;Family Sharing;Full controller support;Mouse Only Option;Multi-player;Playable without Timed Input;Shared/Split Screen;Shared/Split Screen Co-op;Single-player;Steam Achievements;Steam Cloud,Adventure;Casual;Early Access;Indie;RPG,3D;Building;Casual;Cats;Colorful;Cozy;Cute;Early Access;Family Friendly;Funny;Hand-drawn;Immersive Sim;Indie;Life Sim;Local Co-Op;Nature;Puzzle;RPG;Relaxing;Story Rich,"✨ Nekokami is a meditative, calming tile building game where you play as a time-traveler to a far future Milky Way managed by... benevolent Future Cats with super advanced technologies. Why it has to be the Cats? And where are the Humans?     In Nekokami, you will: 🌏 Create beautiful worlds of natural habitats and human settlements with strategic, or spontaneous, placement of tiles in a unique hand-drawn-like art style. 🌌 Follow an epic, whimsical yet heartwarming story of Human-Cat friendship, ","{""text_match"": 0.123294316, ""cosine_similarity"": 0.60377896, ""reranker_score"": -1.9542317}"
2026-02-10T20:07:34+00:00,CORTEX_DB.RAW.CAT_GAMES_SVC_1_5,default,"early access tile-building worldbuilder, time traveler, far-future cats rule the galaxy","early access tile-building worldbuilder, time traveler, far-future cats rule the galaxy",[],,False,,,,balanced_default,0.65,10,100,0,1181,1181,,01c25377-0005-0864-0001-397a0006ba6e,,50,50,,8e-06,8e-06,,8e-06,,,,,[],[],[],[],[],[],,,,,,,True,False,[],[],,,,[],[],,,,2,Whiskers on Time's Corner,0.75369853,2024,English;Japanese;Simplified Chinese;Spanish - Spain;Traditional Chinese,Family Sharing;Single-player;Steam Achievements;Steam Cloud,Casual;Early Access;Indie,Action RPG;Action-Adventure;Atmospheric;Cartoon;Cartoony;Casual;Cats;Choices Matter;Cute;Dating Sim;Early Access;Emotional;Exploration;Funny;Indie;Multiple Endings;Relaxing;Singleplayer;Survival;Walking Simulator,"In a beautiful little town, you take on the role of a cat and experience life from its perspective. [Life as a Cat] You need to rummage through trash cans and recycling bins to find food. Remember the locations where food can be found and try your luck when hunger strikes. Always keep an eye on the weather—rain will quickly drain the cat's stamina, so make sure to find shelter under roofs to stay dry and maintain your energy. [Cat Stories] At the Rice Ball House, Mrs. Rice Ball occasionally give","{""text_match"": 0.0051822537, ""cosine_similarity"": 0.50739706, ""reranker_score"": -8.195908}"
2026-02-10T20:07:34+00:00,CORTEX_DB.RAW.CAT_GAMES_SVC_1_5,default,"early access tile-building worldbuilder, time traveler, far-future cats rule the galaxy","early access tile-building worldbuilder, time traveler, far-future cats rule the galaxy",[],,False,,,,balanced_default,0.65,10,100,0,1181,1181,,01c25377-0005-0864-0001-397a0006ba6e,,50,50,,8e-06,8e-06,,8e-06,,,,,[],[],[],[],[],[],,,,,,,True,False,[],[],,,,[],[],,,,3,Space Cats Tactics,0.744879725,2023,English;German;Japanese;Russian;Simplified Chinese;Traditional Chinese,Captions available;Family Sharing;Full controller support;Single-player;Steam Achievements,Indie;RPG;Strategy,Base-Building;Cats;Character Customization;Cute;Cyberpunk;Exploration;Funny;Military;RPG;Sci-fi;Space;Space Sim;Story Rich;Strategy;Tactical RPG;Top-Down;Turn-Based;Turn-Based Combat;Turn-Based Strategy;Turn-Based Tactics,"Join my Discord: Made by a solo developer, Space Cats Tactics brings together the nerve-wracking battles of turn-based strategy games and the powerful epic stories of space opera. Combining grid- and turn-based tactical combat (as seen in games like XCOM and Divinity: Original Sin) and inside-ship crew management (like in games such as FTL and Star Command Galaxies), in Space Cats Tactics you will have to be on your toes and think every step very carefully! KEY FEATURES Fight nerve-wracking spac","{""text_match"": 0.0072519043, ""cosine_similarity"": 0.48975945, ""reranker_score"": -7.6419044}"
2026-02-10T20:07:34+00:00,CORTEX_DB.RAW.CAT_GAMES_SVC_1_5,default,"early access tile-building worldbuilder, time traveler, far-future cats rule the galaxy","early access tile-building worldbuilder, time traveler, far-future cats rule the galaxy",[],,False,,,,balanced_default,0.65,10,100,0,1181,1181,,01c25377-0005-0864-0001-397a0006ba6e,,50,50,,8e-06,8e-06,,8e-06,,,,,[],[],[],[],[],[],,,,,,,True,False,[],[],,,,[],[],,,,4,Laser Battle Cats - travel & destroy!,0.75918425,2025,English;German;Japanese;Polish;Simplified Chinese,Family Sharing;Single-player;Steam Achievements,Action;Casual,2D;Action;Arcade;Building;Casual;Cats;Colorful;Combat;Crafting;Early Access;Gun Customization;Mechs;Pixel Graphics;Puzzle-Platformer;Shoot 'Em Up;Shooter;Side Scroller;Singleplayer,"Wouldn't everyone want to have a giant laser battle cat to overcome life's challenges with a devastating beam? Collect Kittens! The game offers 5 kittens, each with different stats and appearances. Unlock them by completing levels and give them names. Feed them radioactive milk to make them bigger and stronger. Conquer Five Continents! Your cat is equipped with a vest—build a laser mechanism on it. Generate power, store it in batteries, and fire away. Use rotating and sliding parts to reach all ","{""text_match"": 0.010430452, ""cosine_similarity"": 0.5183685, ""reranker_score"": -9.087628}"
2026-02-10T20:07:34+00:00,CORTEX_DB.RAW.CAT_GAMES_SVC_1_5,default,"early access tile-building worldbuilder, time traveler, far-future cats rule the galaxy","early access tile-building worldbuilder, time traveler, far-future cats rule the galaxy",[],,False,,,,balanced_default,0.65,10,100,0,1181,1181,,01c25377-0005-0864-0001-397a0006ba6e,,50,50,,8e-06,8e-06,,8e-06,,,,,[],[],[],[],[],[],,,,,,,True,False,[],[],,,,[],[],,,,5,Bazooka Cat: First Episode,0.745574115,2023,English;Russian;Simplified Chinese,Family Sharing;Partial Controller Support;Single-player;Steam Achievements,Action;Adventure;Indie,2D;2D Platformer;Action;Arcade;Atmospheric;Colorful;Controller;Cute;Exploration;Family Friendly;Hero Shooter;Linear;Metroidvania;Pixel Graphics;Platformer;Robots;Shooter;Side Scroller;Space;Story Rich,"What kind of game is this? Bazooka Cat is a platformer made with love inspired by old-school games of the 90s with the use of new technologies and game logic, but what if you add something like tactics to the platformer? How are tactics implemented in the game? Bazooka Cat is a tactical platformer with elements of arcade games. Our cat has special features, he is a fluffy plump cat, his movement speed is reduced, cats are in no hurry! The bazooka is bulky, but it's his favorite weapon. The bazoo","{""text_match"": 0.03836368, ""cosine_similarity"": 0.49114823, ""reranker_score"": -7.8480864}"
2026-02-10T20:07:34+00:00,CORTEX_DB.RAW.CAT_GAMES_SVC_1_5,default,"early access tile-building worldbuilder, time traveler, far-future cats rule the galaxy","early access tile-building worldbuilder, time traveler, far-future cats rule the galaxy",[],,False,,,,balanced_default,0.65,10,100,0,1181,1181,,01c25377-0005-0864-0001-397a0006ba6e,,50,50,,8e-06,8e-06,,8e-06,,,,,[],[],[],[],[],[],,,,,,,True,False,[],[],,,,[],[],,,,6,Cats & Dice,0.742449375,2025,English;Simplified Chinese;Traditional Chinese,Family Sharing;Partial Controller Support;Single-player;Steam Achievements;Steam Cloud,Early Access;Indie;Strategy,2D;Card Battler;Card Game;Cats;Colorful;Cute;Deckbuilding;Early Access;Indie;Pixel Graphics;Procedural Generation;Replay Value;Rogue-like;Rogue-lite;Roguelike Deckbuilder;Singleplayer;Strategy;Turn-Based Strategy,Cats &amp; Dice is a dice-building roguelike all about getting the right synergies to pull off crazy combos and attain as high a score as you possibly can.   The Cats (maneki-neko) are the mainstay of the game. Every Cat has its own passive ability that can affect how you approach a run. All Cats generate a dice unique to them at the start of each round (for instance there's a Cat that will create a dice with only four on all sides). There is no additional drawing of dice from your deck or the l,"{""text_match"": 0.008370771, ""cosine_similarity"": 0.48489875, ""reranker_score"": -7.757739}"
2026-02-10T20:07:34+00:00,CORTEX_DB.RAW.CAT_GAMES_SVC_1_5,default,"early access tile-building worldbuilder, time traveler, far-future cats rule the galaxy","early access tile-building worldbuilder, time traveler, far-future cats rule the galaxy",[],,False,,,,balanced_default,0.65,10,100,0,1181,1181,,01c25377-0005-0864-0001-397a0006ba6e,,50,50,,8e-06,8e-06,,8e-06,,,,,[],[],[],[],[],[],,,,,,,True,False,[],[],,,,[],[],,,,7,Cats in Time,0.75092095,2021,Arabic;Bosnian;Croatian;English;French;German;Italian;Japanese;Korean;Portuguese - Portugal;Russian;Serbian;Simplified Chinese;Spanish - Spain;Traditional Chinese,Family Sharing;Full controller support;Remote Play on Phone;Remote Play on Tablet;Single-player;Steam Achievements;Steam Cloud;Steam Trading Cards,Adventure;Casual;Indie,3D;Adventure;Cartoony;Casual;Cats;Collectathon;Cute;Family Friendly;Hidden Object;Indie;Multiplayer;Point & Click;Puzzle;Relaxing;Singleplayer;Time Travel,"Hello explorers! My name is Professor Tim Edger, and I'm the inventor of the time machine and an avid cat lover! Sadly, I have a problem, and maybe YOU can help me. You see, my beloved cats are missing. While playing in the lab, they've activated my time machine and ⚡ ZAP ⚡, now they are lost in space and time! You have to travel from ancient Egypt, all the way to the streets of late 20. century New York, and even beyond the present - to future Tokyo. Your goal is to find all the cats! Please be","{""text_match"": 0.016390158, ""cosine_similarity"": 0.5018419, ""reranker_score"": -8.976228}"
2026-02-10T20:07:34+00:00,CORTEX_DB.RAW.CAT_GAMES_SVC_1_5,default,"early access tile-building worldbuilder, time traveler, far-future cats rule the galaxy","early access tile-building worldbuilder, time traveler, far-future cats rule the galaxy",[],,False,,,,balanced_default,0.65,10,100,0,1181,1181,,01c25377-0005-0864-0001-397a0006ba6e,,50,50,,8e-06,8e-06,,8e-06,,,,,[],[],[],[],[],[],,,,,,,True,False,[],[],,,,[],[],,,,8,"Cats, Guns & Robots",0.7406439499999999,2024,English;French;German;Italian;Japanese;Portuguese - Brazil;Russian;Simplified Chinese;Spanish - Spain;Traditional Chinese;Turkish,Family Sharing;Single-player,Action;Casual;Early Access;Indie;RPG,Action;Action RPG;Action Roguelike;Arena Shooter;Bullet Hell;Dark Fantasy;Difficult;Dungeon Crawler;Early Access;Hack and Slash;Isometric;Perma Death;RPG;Replay Value;Rogue-like;Rogue-lite;Sci-fi;Shooter;Singleplayer;Survival,"In this action rogue-like game, survive evil robot attacks, gain XP by killing them and upgrade your weapons and character for the next room. It's all about strategy, reflexes, and smart choices. Exciting Action-Packed Roguelike Gameplay! Buy and upgrade your weapons and equipment! Gain XP by killing evil robots and upgrade your character! Careful choice of weapons and character abilities will be the key to winning! THE STORY Humans and advanced robots have been living in peace and harmony for c","{""text_match"": 0.004478933, ""cosine_similarity"": 0.4812879, ""reranker_score"": -8.030291}"
2026-02-10T20:07:34+00:00,CORTEX_DB.RAW.CAT_GAMES_SVC_1_5,default,"early access tile-building worldbuilder, time traveler, far-future cats rule the galaxy","early access tile-building worldbuilder, time traveler, far-future cats rule the galaxy",[],,False,,,,balanced_default,0.65,10,100,0,1181,1181,,01c25377-0005-0864-0001-397a0006ba6e,,50,50,,8e-06,8e-06,,8e-06,,,,,[],[],[],[],[],[],,,,,,,True,False,[],[],,,,[],[],,,,9,Starcats,0.747171225,2018,English,Family Sharing;Full controller support;Multi-player;PvP;Remote Play Together;Shared/Split Screen;Shared/Split Screen PvP,Action;Casual;Indie,Action;Casual;Indie;Local Co-Op;Procedural Generation,"Four cats have broken out of prison on a distant alien planet. They must steal a ship and escape before their suits run out of power. If only they could decide who should be captain. Work with and against your cohorts to become the captain, commandeer a new ship, and escape. Key Features Cooperation is a strategy, not a requirement. Make temporary allies, break promises, and watch out for backstabbers. 2-4 player local multiplayer Procedurally generated maps Cats! (in both corporeal and spectral","{""text_match"": 1.5035945e-07, ""cosine_similarity"": 0.49434245, ""reranker_score"": -8.733501}"
2026-02-10T20:07:34+00:00,CORTEX_DB.RAW.CAT_GAMES_SVC_1_5,default,"early access tile-building worldbuilder, time traveler, far-future cats rule the galaxy","early access tile-building worldbuilder, time traveler, far-future cats rule the galaxy",[],,False,,,,balanced_default,0.65,10,100,0,1181,1181,,01c25377-0005-0864-0001-397a0006ba6e,,50,50,,8e-06,8e-06,,8e-06,,,,,[],[],[],[],[],[],,,,,,,True,False,[],[],,,,[],[],,,,10,时间之神的猫,0.73960235,2021,English;Simplified Chinese,Family Sharing;Single-player,Casual;Indie;Strategy,2D;Cartoon;Casual;Cats;Colorful;Cute;Difficult;Fantasy;Indie;Logic;Pixel Graphics;Puzzle;Singleplayer;Strategy;Time Management;Time Manipulation;Time Travel,"A holy cat came to the mortal world to eat fish. It has no frontal combat capability, nor can it sneak in stealth. But it has its own unique skill-time travel. When the mortal guards followed the timeline to track the cat's figure, they had fallen into a trap. By rationally planning when to appear, the cat will play around with the guard. After eating countless fish, the cat discovered that the most powerful force is not time travel, but wisdom. Cat just want to eat fish There is no complicated ","{""text_match"": 0.027771892, ""cosine_similarity"": 0.4792047, ""reranker_score"": -8.321358}"
2026-02-10T20:07:35+00:00,CORTEX_DB.RAW.CAT_GAMES_SVC_1_5,default,"early access tile-building worldbuilder, time traveler, far-future cats rule the galaxy","early access tile-building worldbuilder, time traveler, far-future cats rule the galaxy",[],,False,,,,balanced_default,0.75,10,100,0,1177,1177,,01c25377-0005-0843-0001-397a0006d53e,,37,37,,6e-06,6e-06,,6e-06,,,,,[],[],[],[],[],[],,,,,,,True,False,[],[],,,,[],[],,,,1,Nekokami - The Human Restoration Project,0.80188948,2024,English;Japanese;Simplified Chinese,Adjustable Difficulty;Adjustable Text Size;Camera Comfort;Co-op;Custom Volume Controls;Family Sharing;Full controller support;Mouse Only Option;Multi-player;Playable without Timed Input;Shared/Split Screen;Shared/Split Screen Co-op;Single-player;Steam Achievements;Steam Cloud,Adventure;Casual;Early Access;Indie;RPG,3D;Building;Casual;Cats;Colorful;Cozy;Cute;Early Access;Family Friendly;Funny;Hand-drawn;Immersive Sim;Indie;Life Sim;Local Co-Op;Nature;Puzzle;RPG;Relaxing;Story Rich,"✨ Nekokami is a meditative, calming tile building game where you play as a time-traveler to a far future Milky Way managed by... benevolent Future Cats with super advanced technologies. Why it has to be the Cats? And where are the Humans?     In Nekokami, you will: 🌏 Create beautiful worlds of natural habitats and human settlements with strategic, or spontaneous, placement of tiles in a unique hand-drawn-like art style. 🌌 Follow an epic, whimsical yet heartwarming story of Human-Cat friendship, ","{""text_match"": 0.123294316, ""cosine_similarity"": 0.60377896, ""reranker_score"": -1.9542317}"
2026-02-10T20:07:35+00:00,CORTEX_DB.RAW.CAT_GAMES_SVC_1_5,default,"early access tile-building worldbuilder, time traveler, far-future cats rule the galaxy","early access tile-building worldbuilder, time traveler, far-future cats rule the galaxy",[],,False,,,,balanced_default,0.75,10,100,0,1177,1177,,01c25377-0005-0843-0001-397a0006d53e,,37,37,,6e-06,6e-06,,6e-06,,,,,[],[],[],[],[],[],,,,,,,True,False,[],[],,,,[],[],,,,2,Whiskers on Time's Corner,0.75369853,2024,English;Japanese;Simplified Chinese;Spanish - Spain;Traditional Chinese,Family Sharing;Single-player;Steam Achievements;Steam Cloud,Casual;Early Access;Indie,Action RPG;Action-Adventure;Atmospheric;Cartoon;Cartoony;Casual;Cats;Choices Matter;Cute;Dating Sim;Early Access;Emotional;Exploration;Funny;Indie;Multiple Endings;Relaxing;Singleplayer;Survival;Walking Simulator,"In a beautiful little town, you take on the role of a cat and experience life from its perspective. [Life as a Cat] You need to rummage through trash cans and recycling bins to find food. Remember the locations where food can be found and try your luck when hunger strikes. Always keep an eye on the weather—rain will quickly drain the cat's stamina, so make sure to find shelter under roofs to stay dry and maintain your energy. [Cat Stories] At the Rice Ball House, Mrs. Rice Ball occasionally give","{""text_match"": 0.0051822537, ""cosine_similarity"": 0.50739706, ""reranker_score"": -8.195908}"
2026-02-10T20:07:35+00:00,CORTEX_DB.RAW.CAT_GAMES_SVC_1_5,default,"early access tile-building worldbuilder, time traveler, far-future cats rule the galaxy","early access tile-building worldbuilder, time traveler, far-future cats rule the galaxy",[],,False,,,,balanced_default,0.75,10,100,0,1177,1177,,01c25377-0005-0843-0001-397a0006d53e,,37,37,,6e-06,6e-06,,6e-06,,,,,[],[],[],[],[],[],,,,,,,True,False,[],[],,,,[],[],,,,3,Laser Battle Cats - travel & destroy!,0.75918425,2025,English;German;Japanese;Polish;Simplified Chinese,Family Sharing;Single-player;Steam Achievements,Action;Casual,2D;Action;Arcade;Building;Casual;Cats;Colorful;Combat;Crafting;Early Access;Gun Customization;Mechs;Pixel Graphics;Puzzle-Platformer;Shoot 'Em Up;Shooter;Side Scroller;Singleplayer,"Wouldn't everyone want to have a giant laser battle cat to overcome life's challenges with a devastating beam? Collect Kittens! The game offers 5 kittens, each with different stats and appearances. Unlock them by completing levels and give them names. Feed them radioactive milk to make them bigger and stronger. Conquer Five Continents! Your cat is equipped with a vest—build a laser mechanism on it. Generate power, store it in batteries, and fire away. Use rotating and sliding parts to reach all ","{""text_match"": 0.010430452, ""cosine_similarity"": 0.5183685, ""reranker_score"": -9.087628}"
2026-02-10T20:07:35+00:00,CORTEX_DB.RAW.CAT_GAMES_SVC_1_5,default,"early access tile-building worldbuilder, time traveler, far-future cats rule the galaxy","early access tile-building worldbuilder, time traveler, far-future cats rule the galaxy",[],,False,,,,balanced_default,0.75,10,100,0,1177,1177,,01c25377-0005-0843-0001-397a0006d53e,,37,37,,6e-06,6e-06,,6e-06,,,,,[],[],[],[],[],[],,,,,,,True,False,[],[],,,,[],[],,,,4,Cats in Time,0.75092095,2021,Arabic;Bosnian;Croatian;English;French;German;Italian;Japanese;Korean;Portuguese - Portugal;Russian;Serbian;Simplified Chinese;Spanish - Spain;Traditional Chinese,Family Sharing;Full controller support;Remote Play on Phone;Remote Play on Tablet;Single-player;Steam Achievements;Steam Cloud;Steam Trading Cards,Adventure;Casual;Indie,3D;Adventure;Cartoony;Casual;Cats;Collectathon;Cute;Family Friendly;Hidden Object;Indie;Multiplayer;Point & Click;Puzzle;Relaxing;Singleplayer;Time Travel,"Hello explorers! My name is Professor Tim Edger, and I'm the inventor of the time machine and an avid cat lover! Sadly, I have a problem, and maybe YOU can help me. You see, my beloved cats are missing. While playing in the lab, they've activated my time machine and ⚡ ZAP ⚡, now they are lost in space and time! You have to travel from ancient Egypt, all the way to the streets of late 20. century New York, and even beyond the present - to future Tokyo. Your goal is to find all the cats! Please be","{""text_match"": 0.016390158, ""cosine_similarity"": 0.5018419, ""reranker_score"": -8.976228}"
2026-02-10T20:07:37+00:00,CORTEX_DB.RAW.CAT_GAMES_SVC_1_5,default,"early access tile-building worldbuilder, time traveler, far-future cats rule the galaxy","early access tile-building worldbuilder, time traveler, far-future cats rule the galaxy",[],,False,,,,keyword_focus,0.3,10,100,0,1125,1125,,01c25377-0005-0846-0001-397a0006e882,,35,35,,5e-06,5e-06,,5e-06,,,,,[],[],[],[],[],[],,,,,,,True,False,[],[],,,,[],[],,,,1,Nekokami - The Human Restoration Project,0.80188948,2024,English;Japanese;Simplified Chinese,Adjustable Difficulty;Adjustable Text Size;Camera Comfort;Co-op;Custom Volume Controls;Family Sharing;Full controller support;Mouse Only Option;Multi-player;Playable without Timed Input;Shared/Split Screen;Shared/Split Screen Co-op;Single-player;Steam Achievements;Steam Cloud,Adventure;Casual;Early Access;Indie;RPG,3D;Building;Casual;Cats;Colorful;Cozy;Cute;Early Access;Family Friendly;Funny;Hand-drawn;Immersive Sim;Indie;Life Sim;Local Co-Op;Nature;Puzzle;RPG;Relaxing;Story Rich,"✨ Nekokami is a meditative, calming tile building game where you play as a time-traveler to a far future Milky Way managed by... benevolent Future Cats with super advanced technologies. Why it has to be the Cats? And where are the Humans?     In Nekokami, you will: 🌏 Create beautiful worlds of natural habitats and human settlements with strategic, or spontaneous, placement of tiles in a unique hand-drawn-like art style. 🌌 Follow an epic, whimsical yet heartwarming story of Human-Cat friendship, ","{""text_match"": 0.123294316, ""cosine_similarity"": 0.60377896, ""reranker_score"": -1.9542317}"
2026-02-10T20:07:37+00:00,CORTEX_DB.RAW.CAT_GAMES_SVC_1_5,default,"early access tile-building worldbuilder, time traveler, far-future cats rule the galaxy","early access tile-building worldbuilder, time traveler, far-future cats rule the galaxy",[],,False,,,,keyword_focus,0.3,10,100,0,1125,1125,,01c25377-0005-0846-0001-397a0006e882,,35,35,,5e-06,5e-06,,5e-06,,,,,[],[],[],[],[],[],,,,,,,True,False,[],[],,,,[],[],,,,2,Whiskers on Time's Corner,0.75369853,2024,English;Japanese;Simplified Chinese;Spanish - Spain;Traditional Chinese,Family Sharing;Single-player;Steam Achievements;Steam Cloud,Casual;Early Access;Indie,Action RPG;Action-Adventure;Atmospheric;Cartoon;Cartoony;Casual;Cats;Choices Matter;Cute;Dating Sim;Early Access;Emotional;Exploration;Funny;Indie;Multiple Endings;Relaxing;Singleplayer;Survival;Walking Simulator,"In a beautiful little town, you take on the role of a cat and experience life from its perspective. [Life as a Cat] You need to rummage through trash cans and recycling bins to find food. Remember the locations where food can be found and try your luck when hunger strikes. Always keep an eye on the weather—rain will quickly drain the cat's stamina, so make sure to find shelter under roofs to stay dry and maintain your energy. [Cat Stories] At the Rice Ball House, Mrs. Rice Ball occasionally give","{""text_match"": 0.0051822537, ""cosine_similarity"": 0.50739706, ""reranker_score"": -8.195908}"
2026-02-10T20:07:37+00:00,CORTEX_DB.RAW.CAT_GAMES_SVC_1_5,default,"early access tile-building worldbuilder, time traveler, far-future cats rule the galaxy","early access tile-building worldbuilder, time traveler, far-future cats rule the galaxy",[],,False,,,,keyword_focus,0.3,10,100,0,1125,1125,,01c25377-0005-0846-0001-397a0006e882,,35,35,,5e-06,5e-06,,5e-06,,,,,[],[],[],[],[],[],,,,,,,True,False,[],[],,,,[],[],,,,3,Space Cats Tactics,0.744879725,2023,English;German;Japanese;Russian;Simplified Chinese;Traditional Chinese,Captions available;Family Sharing;Full controller support;Single-player;Steam Achievements,Indie;RPG;Strategy,Base-Building;Cats;Character Customization;Cute;Cyberpunk;Exploration;Funny;Military;RPG;Sci-fi;Space;Space Sim;Story Rich;Strategy;Tactical RPG;Top-Down;Turn-Based;Turn-Based Combat;Turn-Based Strategy;Turn-Based Tactics,"Join my Discord: Made by a solo developer, Space Cats Tactics brings together the nerve-wracking battles of turn-based strategy games and the powerful epic stories of space opera. Combining grid- and turn-based tactical combat (as seen in games like XCOM and Divinity: Original Sin) and inside-ship crew management (like in games such as FTL and Star Command Galaxies), in Space Cats Tactics you will have to be on your toes and think every step very carefully! KEY FEATURES Fight nerve-wracking spac","{""text_match"": 0.0072519043, ""cosine_similarity"": 0.48975945, ""reranker_score"": -7.6419044}"
2026-02-10T20:07:37+00:00,CORTEX_DB.RAW.CAT_GAMES_SVC_1_5,default,"early access tile-building worldbuilder, time traveler, far-future cats rule the galaxy","early access tile-building worldbuilder, time traveler, far-future cats rule the galaxy",[],,False,,,,keyword_focus,0.3,10,100,0,1125,1125,,01c25377-0005-0846-0001-397a0006e882,,35,35,,5e-06,5e-06,,5e-06,,,,,[],[],[],[],[],[],,,,,,,True,False,[],[],,,,[],[],,,,4,Laser Battle Cats - travel & destroy!,0.75918425,2025,English;German;Japanese;Polish;Simplified Chinese,Family Sharing;Single-player;Steam Achievements,Action;Casual,2D;Action;Arcade;Building;Casual;Cats;Colorful;Combat;Crafting;Early Access;Gun Customization;Mechs;Pixel Graphics;Puzzle-Platformer;Shoot 'Em Up;Shooter;Side Scroller;Singleplayer,"Wouldn't everyone want to have a giant laser battle cat to overcome life's challenges with a devastating beam? Collect Kittens! The game offers 5 kittens, each with different stats and appearances. Unlock them by completing levels and give them names. Feed them radioactive milk to make them bigger and stronger. Conquer Five Continents! Your cat is equipped with a vest—build a laser mechanism on it. Generate power, store it in batteries, and fire away. Use rotating and sliding parts to reach all ","{""text_match"": 0.010430452, ""cosine_similarity"": 0.5183685, ""reranker_score"": -9.087628}"
2026-02-10T20:07:37+00:00,CORTEX_DB.RAW.CAT_GAMES_SVC_1_5,default,"early access tile-building worldbuilder, time traveler, far-future cats rule the galaxy","early access tile-building worldbuilder, time traveler, far-future cats rule the galaxy",[],,False,,,,keyword_focus,0.3,10,100,0,1125,1125,,01c25377-0005-0846-0001-397a0006e882,,35,35,,5e-06,5e-06,,5e-06,,,,,[],[],[],[],[],[],,,,,,,True,False,[],[],,,,[],[],,,,5,Bazooka Cat: First Episode,0.745574115,2023,English;Russian;Simplified Chinese,Family Sharing;Partial Controller Support;Single-player;Steam Achievements,Action;Adventure;Indie,2D;2D Platformer;Action;Arcade;Atmospheric;Colorful;Controller;Cute;Exploration;Family Friendly;Hero Shooter;Linear;Metroidvania;Pixel Graphics;Platformer;Robots;Shooter;Side Scroller;Space;Story Rich,"What kind of game is this? Bazooka Cat is a platformer made with love inspired by old-school games of the 90s with the use of new technologies and game logic, but what if you add something like tactics to the platformer? How are tactics implemented in the game? Bazooka Cat is a tactical platformer with elements of arcade games. Our cat has special features, he is a fluffy plump cat, his movement speed is reduced, cats are in no hurry! The bazooka is bulky, but it's his favorite weapon. The bazoo","{""text_match"": 0.03836368, ""cosine_similarity"": 0.49114823, ""reranker_score"": -7.8480864}"
2026-02-10T20:07:37+00:00,CORTEX_DB.RAW.CAT_GAMES_SVC_1_5,default,"early access tile-building worldbuilder, time traveler, far-future cats rule the galaxy","early access tile-building worldbuilder, time traveler, far-future cats rule the galaxy",[],,False,,,,keyword_focus,0.3,10,100,0,1125,1125,,01c25377-0005-0846-0001-397a0006e882,,35,35,,5e-06,5e-06,,5e-06,,,,,[],[],[],[],[],[],,,,,,,True,False,[],[],,,,[],[],,,,6,Cats & Dice,0.742449375,2025,English;Simplified Chinese;Traditional Chinese,Family Sharing;Partial Controller Support;Single-player;Steam Achievements;Steam Cloud,Early Access;Indie;Strategy,2D;Card Battler;Card Game;Cats;Colorful;Cute;Deckbuilding;Early Access;Indie;Pixel Graphics;Procedural Generation;Replay Value;Rogue-like;Rogue-lite;Roguelike Deckbuilder;Singleplayer;Strategy;Turn-Based Strategy,Cats &amp; Dice is a dice-building roguelike all about getting the right synergies to pull off crazy combos and attain as high a score as you possibly can.   The Cats (maneki-neko) are the mainstay of the game. Every Cat has its own passive ability that can affect how you approach a run. All Cats generate a dice unique to them at the start of each round (for instance there's a Cat that will create a dice with only four on all sides). There is no additional drawing of dice from your deck or the l,"{""text_match"": 0.008370771, ""cosine_similarity"": 0.48489875, ""reranker_score"": -7.757739}"
2026-02-10T20:07:37+00:00,CORTEX_DB.RAW.CAT_GAMES_SVC_1_5,default,"early access tile-building worldbuilder, time traveler, far-future cats rule the galaxy","early access tile-building worldbuilder, time traveler, far-future cats rule the galaxy",[],,False,,,,keyword_focus,0.3,10,100,0,1125,1125,,01c25377-0005-0846-0001-397a0006e882,,35,35,,5e-06,5e-06,,5e-06,,,,,[],[],[],[],[],[],,,,,,,True,False,[],[],,,,[],[],,,,7,Cats in Time,0.75092095,2021,Arabic;Bosnian;Croatian;English;French;German;Italian;Japanese;Korean;Portuguese - Portugal;Russian;Serbian;Simplified Chinese;Spanish - Spain;Traditional Chinese,Family Sharing;Full controller support;Remote Play on Phone;Remote Play on Tablet;Single-player;Steam Achievements;Steam Cloud;Steam Trading Cards,Adventure;Casual;Indie,3D;Adventure;Cartoony;Casual;Cats;Collectathon;Cute;Family Friendly;Hidden Object;Indie;Multiplayer;Point & Click;Puzzle;Relaxing;Singleplayer;Time Travel,"Hello explorers! My name is Professor Tim Edger, and I'm the inventor of the time machine and an avid cat lover! Sadly, I have a problem, and maybe YOU can help me. You see, my beloved cats are missing. While playing in the lab, they've activated my time machine and ⚡ ZAP ⚡, now they are lost in space and time! You have to travel from ancient Egypt, all the way to the streets of late 20. century New York, and even beyond the present - to future Tokyo. Your goal is to find all the cats! Please be","{""text_match"": 0.016390158, ""cosine_similarity"": 0.5018419, ""reranker_score"": -8.976228}"
2026-02-10T20:07:37+00:00,CORTEX_DB.RAW.CAT_GAMES_SVC_1_5,default,"early access tile-building worldbuilder, time traveler, far-future cats rule the galaxy","early access tile-building worldbuilder, time traveler, far-future cats rule the galaxy",[],,False,,,,keyword_focus,0.3,10,100,0,1125,1125,,01c25377-0005-0846-0001-397a0006e882,,35,35,,5e-06,5e-06,,5e-06,,,,,[],[],[],[],[],[],,,,,,,True,False,[],[],,,,[],[],,,,8,"Cats, Guns & Robots",0.7406439499999999,2024,English;French;German;Italian;Japanese;Portuguese - Brazil;Russian;Simplified Chinese;Spanish - Spain;Traditional Chinese;Turkish,Family Sharing;Single-player,Action;Casual;Early Access;Indie;RPG,Action;Action RPG;Action Roguelike;Arena Shooter;Bullet Hell;Dark Fantasy;Difficult;Dungeon Crawler;Early Access;Hack and Slash;Isometric;Perma Death;RPG;Replay Value;Rogue-like;Rogue-lite;Sci-fi;Shooter;Singleplayer;Survival,"In this action rogue-like game, survive evil robot attacks, gain XP by killing them and upgrade your weapons and character for the next room. It's all about strategy, reflexes, and smart choices. Exciting Action-Packed Roguelike Gameplay! Buy and upgrade your weapons and equipment! Gain XP by killing evil robots and upgrade your character! Careful choice of weapons and character abilities will be the key to winning! THE STORY Humans and advanced robots have been living in peace and harmony for c","{""text_match"": 0.004478933, ""cosine_similarity"": 0.4812879, ""reranker_score"": -8.030291}"
2026-02-10T20:07:37+00:00,CORTEX_DB.RAW.CAT_GAMES_SVC_1_5,default,"early access tile-building worldbuilder, time traveler, far-future cats rule the galaxy","early access tile-building worldbuilder, time traveler, far-future cats rule the galaxy",[],,False,,,,keyword_focus,0.3,10,100,0,1125,1125,,01c25377-0005-0846-0001-397a0006e882,,35,35,,5e-06,5e-06,,5e-06,,,,,[],[],[],[],[],[],,,,,,,True,False,[],[],,,,[],[],,,,9,Starcats,0.747171225,2018,English,Family Sharing;Full controller support;Multi-player;PvP;Remote Play Together;Shared/Split Screen;Shared/Split Screen PvP,Action;Casual;Indie,Action;Casual;Indie;Local Co-Op;Procedural Generation,"Four cats have broken out of prison on a distant alien planet. They must steal a ship and escape before their suits run out of power. If only they could decide who should be captain. Work with and against your cohorts to become the captain, commandeer a new ship, and escape. Key Features Cooperation is a strategy, not a requirement. Make temporary allies, break promises, and watch out for backstabbers. 2-4 player local multiplayer Procedurally generated maps Cats! (in both corporeal and spectral","{""text_match"": 1.5035945e-07, ""cosine_similarity"": 0.49434245, ""reranker_score"": -8.733501}"
2026-02-10T20:07:37+00:00,CORTEX_DB.RAW.CAT_GAMES_SVC_1_5,default,"early access tile-building worldbuilder, time traveler, far-future cats rule the galaxy","early access tile-building worldbuilder, time traveler, far-future cats rule the galaxy",[],,False,,,,keyword_focus,0.3,10,100,0,1125,1125,,01c25377-0005-0846-0001-397a0006e882,,35,35,,5e-06,5e-06,,5e-06,,,,,[],[],[],[],[],[],,,,,,,True,False,[],[],,,,[],[],,,,10,时间之神的猫,0.73960235,2021,English;Simplified Chinese,Family Sharing;Single-player,Casual;Indie;Strategy,2D;Cartoon;Casual;Cats;Colorful;Cute;Difficult;Fantasy;Indie;Logic;Pixel Graphics;Puzzle;Singleplayer;Strategy;Time Management;Time Manipulation;Time Travel,"A holy cat came to the mortal world to eat fish. It has no frontal combat capability, nor can it sneak in stealth. But it has its own unique skill-time travel. When the mortal guards followed the timeline to track the cat's figure, they had fallen into a trap. By rationally planning when to appear, the cat will play around with the guard. After eating countless fish, the cat discovered that the most powerful force is not time travel, but wisdom. Cat just want to eat fish There is no complicated ","{""text_match"": 0.027771892, ""cosine_similarity"": 0.4792047, ""reranker_score"": -8.321358}"
2026-02-10T20:07:38+00:00,CORTEX_DB.RAW.CAT_GAMES_SVC_1_5,default,"early access tile-building worldbuilder, time traveler, far-future cats rule the galaxy","early access tile-building worldbuilder, time traveler, far-future cats rule the galaxy",[],,False,,,,keyword_focus,0.65,10,100,0,1023,1023,,01c25377-0005-0843-0001-397a0006d546,,35,35,,5e-06,5e-06,,5e-06,,,,,[],[],[],[],[],[],,,,,,,True,False,[],[],,,,[],[],,,,1,Nekokami - The Human Restoration Project,0.80188948,2024,English;Japanese;Simplified Chinese,Adjustable Difficulty;Adjustable Text Size;Camera Comfort;Co-op;Custom Volume Controls;Family Sharing;Full controller support;Mouse Only Option;Multi-player;Playable without Timed Input;Shared/Split Screen;Shared/Split Screen Co-op;Single-player;Steam Achievements;Steam Cloud,Adventure;Casual;Early Access;Indie;RPG,3D;Building;Casual;Cats;Colorful;Cozy;Cute;Early Access;Family Friendly;Funny;Hand-drawn;Immersive Sim;Indie;Life Sim;Local Co-Op;Nature;Puzzle;RPG;Relaxing;Story Rich,"✨ Nekokami is a meditative, calming tile building game where you play as a time-traveler to a far future Milky Way managed by... benevolent Future Cats with super advanced technologies. Why it has to be the Cats? And where are the Humans?     In Nekokami, you will: 🌏 Create beautiful worlds of natural habitats and human settlements with strategic, or spontaneous, placement of tiles in a unique hand-drawn-like art style. 🌌 Follow an epic, whimsical yet heartwarming story of Human-Cat friendship, ","{""text_match"": 0.123294316, ""cosine_similarity"": 0.60377896, ""reranker_score"": -1.9542317}"
2026-02-10T20:07:38+00:00,CORTEX_DB.RAW.CAT_GAMES_SVC_1_5,default,"early access tile-building worldbuilder, time traveler, far-future cats rule the galaxy","early access tile-building worldbuilder, time traveler, far-future cats rule the galaxy",[],,False,,,,keyword_focus,0.65,10,100,0,1023,1023,,01c25377-0005-0843-0001-397a0006d546,,35,35,,5e-06,5e-06,,5e-06,,,,,[],[],[],[],[],[],,,,,,,True,False,[],[],,,,[],[],,,,2,Whiskers on Time's Corner,0.75369853,2024,English;Japanese;Simplified Chinese;Spanish - Spain;Traditional Chinese,Family Sharing;Single-player;Steam Achievements;Steam Cloud,Casual;Early Access;Indie,Action RPG;Action-Adventure;Atmospheric;Cartoon;Cartoony;Casual;Cats;Choices Matter;Cute;Dating Sim;Early Access;Emotional;Exploration;Funny;Indie;Multiple Endings;Relaxing;Singleplayer;Survival;Walking Simulator,"In a beautiful little town, you take on the role of a cat and experience life from its perspective. [Life as a Cat] You need to rummage through trash cans and recycling bins to find food. Remember the locations where food can be found and try your luck when hunger strikes. Always keep an eye on the weather—rain will quickly drain the cat's stamina, so make sure to find shelter under roofs to stay dry and maintain your energy. [Cat Stories] At the Rice Ball House, Mrs. Rice Ball occasionally give","{""text_match"": 0.0051822537, ""cosine_similarity"": 0.50739706, ""reranker_score"": -8.195908}"
2026-02-10T20:07:38+00:00,CORTEX_DB.RAW.CAT_GAMES_SVC_1_5,default,"early access tile-building worldbuilder, time traveler, far-future cats rule the galaxy","early access tile-building worldbuilder, time traveler, far-future cats rule the galaxy",[],,False,,,,keyword_focus,0.65,10,100,0,1023,1023,,01c25377-0005-0843-0001-397a0006d546,,35,35,,5e-06,5e-06,,5e-06,,,,,[],[],[],[],[],[],,,,,,,True,False,[],[],,,,[],[],,,,3,Space Cats Tactics,0.744879725,2023,English;German;Japanese;Russian;Simplified Chinese;Traditional Chinese,Captions available;Family Sharing;Full controller support;Single-player;Steam Achievements,Indie;RPG;Strategy,Base-Building;Cats;Character Customization;Cute;Cyberpunk;Exploration;Funny;Military;RPG;Sci-fi;Space;Space Sim;Story Rich;Strategy;Tactical RPG;Top-Down;Turn-Based;Turn-Based Combat;Turn-Based Strategy;Turn-Based Tactics,"Join my Discord: Made by a solo developer, Space Cats Tactics brings together the nerve-wracking battles of turn-based strategy games and the powerful epic stories of space opera. Combining grid- and turn-based tactical combat (as seen in games like XCOM and Divinity: Original Sin) and inside-ship crew management (like in games such as FTL and Star Command Galaxies), in Space Cats Tactics you will have to be on your toes and think every step very carefully! KEY FEATURES Fight nerve-wracking spac","{""text_match"": 0.0072519043, ""cosine_similarity"": 0.48975945, ""reranker_score"": -7.6419044}"
2026-02-10T20:07:38+00:00,CORTEX_DB.RAW.CAT_GAMES_SVC_1_5,default,"early access tile-building worldbuilder, time traveler, far-future cats rule the galaxy","early access tile-building worldbuilder, time traveler, far-future cats rule the galaxy",[],,False,,,,keyword_focus,0.65,10,100,0,1023,1023,,01c25377-0005-0843-0001-397a0006d546,,35,35,,5e-06,5e-06,,5e-06,,,,,[],[],[],[],[],[],,,,,,,True,False,[],[],,,,[],[],,,,4,Laser Battle Cats - travel & destroy!,0.75918425,2025,English;German;Japanese;Polish;Simplified Chinese,Family Sharing;Single-player;Steam Achievements,Action;Casual,2D;Action;Arcade;Building;Casual;Cats;Colorful;Combat;Crafting;Early Access;Gun Customization;Mechs;Pixel Graphics;Puzzle-Platformer;Shoot 'Em Up;Shooter;Side Scroller;Singleplayer,"Wouldn't everyone want to have a giant laser battle cat to overcome life's challenges with a devastating beam? Collect Kittens! The game offers 5 kittens, each with different stats and appearances. Unlock them by completing levels and give them names. Feed them radioactive milk to make them bigger and stronger. Conquer Five Continents! Your cat is equipped with a vest—build a laser mechanism on it. Generate power, store it in batteries, and fire away. Use rotating and sliding parts to reach all ","{""text_match"": 0.010430452, ""cosine_similarity"": 0.5183685, ""reranker_score"": -9.087628}"
2026-02-10T20:07:38+00:00,CORTEX_DB.RAW.CAT_GAMES_SVC_1_5,default,"early access tile-building worldbuilder, time traveler, far-future cats rule the galaxy","early access tile-building worldbuilder, time traveler, far-future cats rule the galaxy",[],,False,,,,keyword_focus,0.65,10,100,0,1023,1023,,01c25377-0005-0843-0001-397a0006d546,,35,35,,5e-06,5e-06,,5e-06,,,,,[],[],[],[],[],[],,,,,,,True,False,[],[],,,,[],[],,,,5,Bazooka Cat: First Episode,0.745574115,2023,English;Russian;Simplified Chinese,Family Sharing;Partial Controller Support;Single-player;Steam Achievements,Action;Adventure;Indie,2D;2D Platformer;Action;Arcade;Atmospheric;Colorful;Controller;Cute;Exploration;Family Friendly;Hero Shooter;Linear;Metroidvania;Pixel Graphics;Platformer;Robots;Shooter;Side Scroller;Space;Story Rich,"What kind of game is this? Bazooka Cat is a platformer made with love inspired by old-school games of the 90s with the use of new technologies and game logic, but what if you add something like tactics to the platformer? How are tactics implemented in the game? Bazooka Cat is a tactical platformer with elements of arcade games. Our cat has special features, he is a fluffy plump cat, his movement speed is reduced, cats are in no hurry! The bazooka is bulky, but it's his favorite weapon. The bazoo","{""text_match"": 0.03836368, ""cosine_similarity"": 0.49114823, ""reranker_score"": -7.8480864}"
2026-02-10T20:07:38+00:00,CORTEX_DB.RAW.CAT_GAMES_SVC_1_5,default,"early access tile-building worldbuilder, time traveler, far-future cats rule the galaxy","early access tile-building worldbuilder, time traveler, far-future cats rule the galaxy",[],,False,,,,keyword_focus,0.65,10,100,0,1023,1023,,01c25377-0005-0843-0001-397a0006d546,,35,35,,5e-06,5e-06,,5e-06,,,,,[],[],[],[],[],[],,,,,,,True,False,[],[],,,,[],[],,,,6,Cats & Dice,0.742449375,2025,English;Simplified Chinese;Traditional Chinese,Family Sharing;Partial Controller Support;Single-player;Steam Achievements;Steam Cloud,Early Access;Indie;Strategy,2D;Card Battler;Card Game;Cats;Colorful;Cute;Deckbuilding;Early Access;Indie;Pixel Graphics;Procedural Generation;Replay Value;Rogue-like;Rogue-lite;Roguelike Deckbuilder;Singleplayer;Strategy;Turn-Based Strategy,Cats &amp; Dice is a dice-building roguelike all about getting the right synergies to pull off crazy combos and attain as high a score as you possibly can.   The Cats (maneki-neko) are the mainstay of the game. Every Cat has its own passive ability that can affect how you approach a run. All Cats generate a dice unique to them at the start of each round (for instance there's a Cat that will create a dice with only four on all sides). There is no additional drawing of dice from your deck or the l,"{""text_match"": 0.008370771, ""cosine_similarity"": 0.48489875, ""reranker_score"": -7.757739}"
2026-02-10T20:07:38+00:00,CORTEX_DB.RAW.CAT_GAMES_SVC_1_5,default,"early access tile-building worldbuilder, time traveler, far-future cats rule the galaxy","early access tile-building worldbuilder, time traveler, far-future cats rule the galaxy",[],,False,,,,keyword_focus,0.65,10,100,0,1023,1023,,01c25377-0005-0843-0001-397a0006d546,,35,35,,5e-06,5e-06,,5e-06,,,,,[],[],[],[],[],[],,,,,,,True,False,[],[],,,,[],[],,,,7,Cats in Time,0.75092095,2021,Arabic;Bosnian;Croatian;English;French;German;Italian;Japanese;Korean;Portuguese - Portugal;Russian;Serbian;Simplified Chinese;Spanish - Spain;Traditional Chinese,Family Sharing;Full controller support;Remote Play on Phone;Remote Play on Tablet;Single-player;Steam Achievements;Steam Cloud;Steam Trading Cards,Adventure;Casual;Indie,3D;Adventure;Cartoony;Casual;Cats;Collectathon;Cute;Family Friendly;Hidden Object;Indie;Multiplayer;Point & Click;Puzzle;Relaxing;Singleplayer;Time Travel,"Hello explorers! My name is Professor Tim Edger, and I'm the inventor of the time machine and an avid cat lover! Sadly, I have a problem, and maybe YOU can help me. You see, my beloved cats are missing. While playing in the lab, they've activated my time machine and ⚡ ZAP ⚡, now they are lost in space and time! You have to travel from ancient Egypt, all the way to the streets of late 20. century New York, and even beyond the present - to future Tokyo. Your goal is to find all the cats! Please be","{""text_match"": 0.016390158, ""cosine_similarity"": 0.5018419, ""reranker_score"": -8.976228}"
2026-02-10T20:07:38+00:00,CORTEX_DB.RAW.CAT_GAMES_SVC_1_5,default,"early access tile-building worldbuilder, time traveler, far-future cats rule the galaxy","early access tile-building worldbuilder, time traveler, far-future cats rule the galaxy",[],,False,,,,keyword_focus,0.65,10,100,0,1023,1023,,01c25377-0005-0843-0001-397a0006d546,,35,35,,5e-06,5e-06,,5e-06,,,,,[],[],[],[],[],[],,,,,,,True,False,[],[],,,,[],[],,,,8,"Cats, Guns & Robots",0.7406439499999999,2024,English;French;German;Italian;Japanese;Portuguese - Brazil;Russian;Simplified Chinese;Spanish - Spain;Traditional Chinese;Turkish,Family Sharing;Single-player,Action;Casual;Early Access;Indie;RPG,Action;Action RPG;Action Roguelike;Arena Shooter;Bullet Hell;Dark Fantasy;Difficult;Dungeon Crawler;Early Access;Hack and Slash;Isometric;Perma Death;RPG;Replay Value;Rogue-like;Rogue-lite;Sci-fi;Shooter;Singleplayer;Survival,"In this action rogue-like game, survive evil robot attacks, gain XP by killing them and upgrade your weapons and character for the next room. It's all about strategy, reflexes, and smart choices. Exciting Action-Packed Roguelike Gameplay! Buy and upgrade your weapons and equipment! Gain XP by killing evil robots and upgrade your character! Careful choice of weapons and character abilities will be the key to winning! THE STORY Humans and advanced robots have been living in peace and harmony for c","{""text_match"": 0.004478933, ""cosine_similarity"": 0.4812879, ""reranker_score"": -8.030291}"
2026-02-10T20:07:38+00:00,CORTEX_DB.RAW.CAT_GAMES_SVC_1_5,default,"early access tile-building worldbuilder, time traveler, far-future cats rule the galaxy","early access tile-building worldbuilder, time traveler, far-future cats rule the galaxy",[],,False,,,,keyword_focus,0.65,10,100,0,1023,1023,,01c25377-0005-0843-0001-397a0006d546,,35,35,,5e-06,5e-06,,5e-06,,,,,[],[],[],[],[],[],,,,,,,True,False,[],[],,,,[],[],,,,9,Starcats,0.747171225,2018,English,Family Sharing;Full controller support;Multi-player;PvP;Remote Play Together;Shared/Split Screen;Shared/Split Screen PvP,Action;Casual;Indie,Action;Casual;Indie;Local Co-Op;Procedural Generation,"Four cats have broken out of prison on a distant alien planet. They must steal a ship and escape before their suits run out of power. If only they could decide who should be captain. Work with and against your cohorts to become the captain, commandeer a new ship, and escape. Key Features Cooperation is a strategy, not a requirement. Make temporary allies, break promises, and watch out for backstabbers. 2-4 player local multiplayer Procedurally generated maps Cats! (in both corporeal and spectral","{""text_match"": 1.5035945e-07, ""cosine_similarity"": 0.49434245, ""reranker_score"": -8.733501}"
2026-02-10T20:07:38+00:00,CORTEX_DB.RAW.CAT_GAMES_SVC_1_5,default,"early access tile-building worldbuilder, time traveler, far-future cats rule the galaxy","early access tile-building worldbuilder, time traveler, far-future cats rule the galaxy",[],,False,,,,keyword_focus,0.65,10,100,0,1023,1023,,01c25377-0005-0843-0001-397a0006d546,,35,35,,5e-06,5e-06,,5e-06,,,,,[],[],[],[],[],[],,,,,,,True,False,[],[],,,,[],[],,,,10,时间之神的猫,0.73960235,2021,English;Simplified Chinese,Family Sharing;Single-player,Casual;Indie;Strategy,2D;Cartoon;Casual;Cats;Colorful;Cute;Difficult;Fantasy;Indie;Logic;Pixel Graphics;Puzzle;Singleplayer;Strategy;Time Management;Time Manipulation;Time Travel,"A holy cat came to the mortal world to eat fish. It has no frontal combat capability, nor can it sneak in stealth. But it has its own unique skill-time travel. When the mortal guards followed the timeline to track the cat's figure, they had fallen into a trap. By rationally planning when to appear, the cat will play around with the guard. After eating countless fish, the cat discovered that the most powerful force is not time travel, but wisdom. Cat just want to eat fish There is no complicated ","{""text_match"": 0.027771892, ""cosine_similarity"": 0.4792047, ""reranker_score"": -8.321358}"
2026-02-10T20:07:40+00:00,CORTEX_DB.RAW.CAT_GAMES_SVC_1_5,default,"early access tile-building worldbuilder, time traveler, far-future cats rule the galaxy","early access tile-building worldbuilder, time traveler, far-future cats rule the galaxy",[],,False,,,,keyword_focus,0.75,10,100,0,1534,1534,,01c25377-0005-0847-0001-397a0006cb2a,,57,57,,9e-06,9e-06,,9e-06,,,,,[],[],[],[],[],[],,,,,,,True,False,[],[],,,,[],[],,,,1,Nekokami - The Human Restoration Project,0.80188948,2024,English;Japanese;Simplified Chinese,Adjustable Difficulty;Adjustable Text Size;Camera Comfort;Co-op;Custom Volume Controls;Family Sharing;Full controller support;Mouse Only Option;Multi-player;Playable without Timed Input;Shared/Split Screen;Shared/Split Screen Co-op;Single-player;Steam Achievements;Steam Cloud,Adventure;Casual;Early Access;Indie;RPG,3D;Building;Casual;Cats;Colorful;Cozy;Cute;Early Access;Family Friendly;Funny;Hand-drawn;Immersive Sim;Indie;Life Sim;Local Co-Op;Nature;Puzzle;RPG;Relaxing;Story Rich,"✨ Nekokami is a meditative, calming tile building game where you play as a time-traveler to a far future Milky Way managed by... benevolent Future Cats with super advanced technologies. Why it has to be the Cats? And where are the Humans?     In Nekokami, you will: 🌏 Create beautiful worlds of natural habitats and human settlements with strategic, or spontaneous, placement of tiles in a unique hand-drawn-like art style. 🌌 Follow an epic, whimsical yet heartwarming story of Human-Cat friendship, ","{""text_match"": 0.123294316, ""cosine_similarity"": 0.60377896, ""reranker_score"": -1.9542317}"
2026-02-10T20:07:40+00:00,CORTEX_DB.RAW.CAT_GAMES_SVC_1_5,default,"early access tile-building worldbuilder, time traveler, far-future cats rule the galaxy","early access tile-building worldbuilder, time traveler, far-future cats rule the galaxy",[],,False,,,,keyword_focus,0.75,10,100,0,1534,1534,,01c25377-0005-0847-0001-397a0006cb2a,,57,57,,9e-06,9e-06,,9e-06,,,,,[],[],[],[],[],[],,,,,,,True,False,[],[],,,,[],[],,,,2,Whiskers on Time's Corner,0.75369853,2024,English;Japanese;Simplified Chinese;Spanish - Spain;Traditional Chinese,Family Sharing;Single-player;Steam Achievements;Steam Cloud,Casual;Early Access;Indie,Action RPG;Action-Adventure;Atmospheric;Cartoon;Cartoony;Casual;Cats;Choices Matter;Cute;Dating Sim;Early Access;Emotional;Exploration;Funny;Indie;Multiple Endings;Relaxing;Singleplayer;Survival;Walking Simulator,"In a beautiful little town, you take on the role of a cat and experience life from its perspective. [Life as a Cat] You need to rummage through trash cans and recycling bins to find food. Remember the locations where food can be found and try your luck when hunger strikes. Always keep an eye on the weather—rain will quickly drain the cat's stamina, so make sure to find shelter under roofs to stay dry and maintain your energy. [Cat Stories] At the Rice Ball House, Mrs. Rice Ball occasionally give","{""text_match"": 0.0051822537, ""cosine_similarity"": 0.50739706, ""reranker_score"": -8.195908}"
2026-02-10T20:07:40+00:00,CORTEX_DB.RAW.CAT_GAMES_SVC_1_5,default,"early access tile-building worldbuilder, time traveler, far-future cats rule the galaxy","early access tile-building worldbuilder, time traveler, far-future cats rule the galaxy",[],,False,,,,keyword_focus,0.75,10,100,0,1534,1534,,01c25377-0005-0847-0001-397a0006cb2a,,57,57,,9e-06,9e-06,,9e-06,,,,,[],[],[],[],[],[],,,,,,,True,False,[],[],,,,[],[],,,,3,Laser Battle Cats - travel & destroy!,0.75918425,2025,English;German;Japanese;Polish;Simplified Chinese,Family Sharing;Single-player;Steam Achievements,Action;Casual,2D;Action;Arcade;Building;Casual;Cats;Colorful;Combat;Crafting;Early Access;Gun Customization;Mechs;Pixel Graphics;Puzzle-Platformer;Shoot 'Em Up;Shooter;Side Scroller;Singleplayer,"Wouldn't everyone want to have a giant laser battle cat to overcome life's challenges with a devastating beam? Collect Kittens! The game offers 5 kittens, each with different stats and appearances. Unlock them by completing levels and give them names. Feed them radioactive milk to make them bigger and stronger. Conquer Five Continents! Your cat is equipped with a vest—build a laser mechanism on it. Generate power, store it in batteries, and fire away. Use rotating and sliding parts to reach all ","{""text_match"": 0.010430452, ""cosine_similarity"": 0.5183685, ""reranker_score"": -9.087628}"
2026-02-10T20:07:40+00:00,CORTEX_DB.RAW.CAT_GAMES_SVC_1_5,default,"early access tile-building worldbuilder, time traveler, far-future cats rule the galaxy","early access tile-building worldbuilder, time traveler, far-future cats rule the galaxy",[],,False,,,,keyword_focus,0.75,10,100,0,1534,1534,,01c25377-0005-0847-0001-397a0006cb2a,,57,57,,9e-06,9e-06,,9e-06,,,,,[],[],[],[],[],[],,,,,,,True,False,[],[],,,,[],[],,,,4,Cats in Time,0.75092095,2021,Arabic;Bosnian;Croatian;English;French;German;Italian;Japanese;Korean;Portuguese - Portugal;Russian;Serbian;Simplified Chinese;Spanish - Spain;Traditional Chinese,Family Sharing;Full controller support;Remote Play on Phone;Remote Play on Tablet;Single-player;Steam Achievements;Steam Cloud;Steam Trading Cards,Adventure;Casual;Indie,3D;Adventure;Cartoony;Casual;Cats;Collectathon;Cute;Family Friendly;Hidden Object;Indie;Multiplayer;Point & Click;Puzzle;Relaxing;Singleplayer;Time Travel,"Hello explorers! My name is Professor Tim Edger, and I'm the inventor of the time machine and an avid cat lover! Sadly, I have a problem, and maybe YOU can help me. You see, my beloved cats are missing. While playing in the lab, they've activated my time machine and ⚡ ZAP ⚡, now they are lost in space and time! You have to travel from ancient Egypt, all the way to the streets of late 20. century New York, and even beyond the present - to future Tokyo. Your goal is to find all the cats! Please be","{""text_match"": 0.016390158, ""cosine_similarity"": 0.5018419, ""reranker_score"": -8.976228}"
2026-02-10T20:07:43+00:00,CORTEX_DB.RAW.CAT_GAMES_SVC_1_5,default,"early access tile-building worldbuilder, time traveler, far-future cats rule the galaxy","early access tile-building worldbuilder, time traveler, far-future cats rule the galaxy",[],,False,,,,semantic_focus,0.3,10,100,0,1537,1537,,01c25377-0005-0847-0001-397a0006cb2e,,46,46,,7e-06,7e-06,,7e-06,,,,,[],[],[],[],[],[],,,,,,,True,False,[],[],,,,[],[],,,,1,Nekokami - The Human Restoration Project,0.80188948,2024,English;Japanese;Simplified Chinese,Adjustable Difficulty;Adjustable Text Size;Camera Comfort;Co-op;Custom Volume Controls;Family Sharing;Full controller support;Mouse Only Option;Multi-player;Playable without Timed Input;Shared/Split Screen;Shared/Split Screen Co-op;Single-player;Steam Achievements;Steam Cloud,Adventure;Casual;Early Access;Indie;RPG,3D;Building;Casual;Cats;Colorful;Cozy;Cute;Early Access;Family Friendly;Funny;Hand-drawn;Immersive Sim;Indie;Life Sim;Local Co-Op;Nature;Puzzle;RPG;Relaxing;Story Rich,"✨ Nekokami is a meditative, calming tile building game where you play as a time-traveler to a far future Milky Way managed by... benevolent Future Cats with super advanced technologies. Why it has to be the Cats? And where are the Humans?     In Nekokami, you will: 🌏 Create beautiful worlds of natural habitats and human settlements with strategic, or spontaneous, placement of tiles in a unique hand-drawn-like art style. 🌌 Follow an epic, whimsical yet heartwarming story of Human-Cat friendship, ","{""text_match"": 0.123294316, ""cosine_similarity"": 0.60377896, ""reranker_score"": -1.9542317}"
2026-02-10T20:07:43+00:00,CORTEX_DB.RAW.CAT_GAMES_SVC_1_5,default,"early access tile-building worldbuilder, time traveler, far-future cats rule the galaxy","early access tile-building worldbuilder, time traveler, far-future cats rule the galaxy",[],,False,,,,semantic_focus,0.3,10,100,0,1537,1537,,01c25377-0005-0847-0001-397a0006cb2e,,46,46,,7e-06,7e-06,,7e-06,,,,,[],[],[],[],[],[],,,,,,,True,False,[],[],,,,[],[],,,,2,Whiskers on Time's Corner,0.75369853,2024,English;Japanese;Simplified Chinese;Spanish - Spain;Traditional Chinese,Family Sharing;Single-player;Steam Achievements;Steam Cloud,Casual;Early Access;Indie,Action RPG;Action-Adventure;Atmospheric;Cartoon;Cartoony;Casual;Cats;Choices Matter;Cute;Dating Sim;Early Access;Emotional;Exploration;Funny;Indie;Multiple Endings;Relaxing;Singleplayer;Survival;Walking Simulator,"In a beautiful little town, you take on the role of a cat and experience life from its perspective. [Life as a Cat] You need to rummage through trash cans and recycling bins to find food. Remember the locations where food can be found and try your luck when hunger strikes. Always keep an eye on the weather—rain will quickly drain the cat's stamina, so make sure to find shelter under roofs to stay dry and maintain your energy. [Cat Stories] At the Rice Ball House, Mrs. Rice Ball occasionally give","{""text_match"": 0.0051822537, ""cosine_similarity"": 0.50739706, ""reranker_score"": -8.195908}"
2026-02-10T20:07:43+00:00,CORTEX_DB.RAW.CAT_GAMES_SVC_1_5,default,"early access tile-building worldbuilder, time traveler, far-future cats rule the galaxy","early access tile-building worldbuilder, time traveler, far-future cats rule the galaxy",[],,False,,,,semantic_focus,0.3,10,100,0,1537,1537,,01c25377-0005-0847-0001-397a0006cb2e,,46,46,,7e-06,7e-06,,7e-06,,,,,[],[],[],[],[],[],,,,,,,True,False,[],[],,,,[],[],,,,3,Space Cats Tactics,0.744879725,2023,English;German;Japanese;Russian;Simplified Chinese;Traditional Chinese,Captions available;Family Sharing;Full controller support;Single-player;Steam Achievements,Indie;RPG;Strategy,Base-Building;Cats;Character Customization;Cute;Cyberpunk;Exploration;Funny;Military;RPG;Sci-fi;Space;Space Sim;Story Rich;Strategy;Tactical RPG;Top-Down;Turn-Based;Turn-Based Combat;Turn-Based Strategy;Turn-Based Tactics,"Join my Discord: Made by a solo developer, Space Cats Tactics brings together the nerve-wracking battles of turn-based strategy games and the powerful epic stories of space opera. Combining grid- and turn-based tactical combat (as seen in games like XCOM and Divinity: Original Sin) and inside-ship crew management (like in games such as FTL and Star Command Galaxies), in Space Cats Tactics you will have to be on your toes and think every step very carefully! KEY FEATURES Fight nerve-wracking spac","{""text_match"": 0.0072519043, ""cosine_similarity"": 0.48975945, ""reranker_score"": -7.6419044}"
2026-02-10T20:07:43+00:00,CORTEX_DB.RAW.CAT_GAMES_SVC_1_5,default,"early access tile-building worldbuilder, time traveler, far-future cats rule the galaxy","early access tile-building worldbuilder, time traveler, far-future cats rule the galaxy",[],,False,,,,semantic_focus,0.3,10,100,0,1537,1537,,01c25377-0005-0847-0001-397a0006cb2e,,46,46,,7e-06,7e-06,,7e-06,,,,,[],[],[],[],[],[],,,,,,,True,False,[],[],,,,[],[],,,,4,Laser Battle Cats - travel & destroy!,0.75918425,2025,English;German;Japanese;Polish;Simplified Chinese,Family Sharing;Single-player;Steam Achievements,Action;Casual,2D;Action;Arcade;Building;Casual;Cats;Colorful;Combat;Crafting;Early Access;Gun Customization;Mechs;Pixel Graphics;Puzzle-Platformer;Shoot 'Em Up;Shooter;Side Scroller;Singleplayer,"Wouldn't everyone want to have a giant laser battle cat to overcome life's challenges with a devastating beam? Collect Kittens! The game offers 5 kittens, each with different stats and appearances. Unlock them by completing levels and give them names. Feed them radioactive milk to make them bigger and stronger. Conquer Five Continents! Your cat is equipped with a vest—build a laser mechanism on it. Generate power, store it in batteries, and fire away. Use rotating and sliding parts to reach all ","{""text_match"": 0.010430452, ""cosine_similarity"": 0.5183685, ""reranker_score"": -9.087628}"
2026-02-10T20:07:43+00:00,CORTEX_DB.RAW.CAT_GAMES_SVC_1_5,default,"early access tile-building worldbuilder, time traveler, far-future cats rule the galaxy","early access tile-building worldbuilder, time traveler, far-future cats rule the galaxy",[],,False,,,,semantic_focus,0.3,10,100,0,1537,1537,,01c25377-0005-0847-0001-397a0006cb2e,,46,46,,7e-06,7e-06,,7e-06,,,,,[],[],[],[],[],[],,,,,,,True,False,[],[],,,,[],[],,,,5,Bazooka Cat: First Episode,0.745574115,2023,English;Russian;Simplified Chinese,Family Sharing;Partial Controller Support;Single-player;Steam Achievements,Action;Adventure;Indie,2D;2D Platformer;Action;Arcade;Atmospheric;Colorful;Controller;Cute;Exploration;Family Friendly;Hero Shooter;Linear;Metroidvania;Pixel Graphics;Platformer;Robots;Shooter;Side Scroller;Space;Story Rich,"What kind of game is this? Bazooka Cat is a platformer made with love inspired by old-school games of the 90s with the use of new technologies and game logic, but what if you add something like tactics to the platformer? How are tactics implemented in the game? Bazooka Cat is a tactical platformer with elements of arcade games. Our cat has special features, he is a fluffy plump cat, his movement speed is reduced, cats are in no hurry! The bazooka is bulky, but it's his favorite weapon. The bazoo","{""text_match"": 0.03836368, ""cosine_similarity"": 0.49114823, ""reranker_score"": -7.8480864}"
2026-02-10T20:07:43+00:00,CORTEX_DB.RAW.CAT_GAMES_SVC_1_5,default,"early access tile-building worldbuilder, time traveler, far-future cats rule the galaxy","early access tile-building worldbuilder, time traveler, far-future cats rule the galaxy",[],,False,,,,semantic_focus,0.3,10,100,0,1537,1537,,01c25377-0005-0847-0001-397a0006cb2e,,46,46,,7e-06,7e-06,,7e-06,,,,,[],[],[],[],[],[],,,,,,,True,False,[],[],,,,[],[],,,,6,Cats & Dice,0.742449375,2025,English;Simplified Chinese;Traditional Chinese,Family Sharing;Partial Controller Support;Single-player;Steam Achievements;Steam Cloud,Early Access;Indie;Strategy,2D;Card Battler;Card Game;Cats;Colorful;Cute;Deckbuilding;Early Access;Indie;Pixel Graphics;Procedural Generation;Replay Value;Rogue-like;Rogue-lite;Roguelike Deckbuilder;Singleplayer;Strategy;Turn-Based Strategy,Cats &amp; Dice is a dice-building roguelike all about getting the right synergies to pull off crazy combos and attain as high a score as you possibly can.   The Cats (maneki-neko) are the mainstay of the game. Every Cat has its own passive ability that can affect how you approach a run. All Cats generate a dice unique to them at the start of each round (for instance there's a Cat that will create a dice with only four on all sides). There is no additional drawing of dice from your deck or the l,"{""text_match"": 0.008370771, ""cosine_similarity"": 0.48489875, ""reranker_score"": -7.757739}"
2026-02-10T20:07:43+00:00,CORTEX_DB.RAW.CAT_GAMES_SVC_1_5,default,"early access tile-building worldbuilder, time traveler, far-future cats rule the galaxy","early access tile-building worldbuilder, time traveler, far-future cats rule the galaxy",[],,False,,,,semantic_focus,0.3,10,100,0,1537,1537,,01c25377-0005-0847-0001-397a0006cb2e,,46,46,,7e-06,7e-06,,7e-06,,,,,[],[],[],[],[],[],,,,,,,True,False,[],[],,,,[],[],,,,7,Cats in Time,0.75092095,2021,Arabic;Bosnian;Croatian;English;French;German;Italian;Japanese;Korean;Portuguese - Portugal;Russian;Serbian;Simplified Chinese;Spanish - Spain;Traditional Chinese,Family Sharing;Full controller support;Remote Play on Phone;Remote Play on Tablet;Single-player;Steam Achievements;Steam Cloud;Steam Trading Cards,Adventure;Casual;Indie,3D;Adventure;Cartoony;Casual;Cats;Collectathon;Cute;Family Friendly;Hidden Object;Indie;Multiplayer;Point & Click;Puzzle;Relaxing;Singleplayer;Time Travel,"Hello explorers! My name is Professor Tim Edger, and I'm the inventor of the time machine and an avid cat lover! Sadly, I have a problem, and maybe YOU can help me. You see, my beloved cats are missing. While playing in the lab, they've activated my time machine and ⚡ ZAP ⚡, now they are lost in space and time! You have to travel from ancient Egypt, all the way to the streets of late 20. century New York, and even beyond the present - to future Tokyo. Your goal is to find all the cats! Please be","{""text_match"": 0.016390158, ""cosine_similarity"": 0.5018419, ""reranker_score"": -8.976228}"
2026-02-10T20:07:43+00:00,CORTEX_DB.RAW.CAT_GAMES_SVC_1_5,default,"early access tile-building worldbuilder, time traveler, far-future cats rule the galaxy","early access tile-building worldbuilder, time traveler, far-future cats rule the galaxy",[],,False,,,,semantic_focus,0.3,10,100,0,1537,1537,,01c25377-0005-0847-0001-397a0006cb2e,,46,46,,7e-06,7e-06,,7e-06,,,,,[],[],[],[],[],[],,,,,,,True,False,[],[],,,,[],[],,,,8,"Cats, Guns & Robots",0.7406439499999999,2024,English;French;German;Italian;Japanese;Portuguese - Brazil;Russian;Simplified Chinese;Spanish - Spain;Traditional Chinese;Turkish,Family Sharing;Single-player,Action;Casual;Early Access;Indie;RPG,Action;Action RPG;Action Roguelike;Arena Shooter;Bullet Hell;Dark Fantasy;Difficult;Dungeon Crawler;Early Access;Hack and Slash;Isometric;Perma Death;RPG;Replay Value;Rogue-like;Rogue-lite;Sci-fi;Shooter;Singleplayer;Survival,"In this action rogue-like game, survive evil robot attacks, gain XP by killing them and upgrade your weapons and character for the next room. It's all about strategy, reflexes, and smart choices. Exciting Action-Packed Roguelike Gameplay! Buy and upgrade your weapons and equipment! Gain XP by killing evil robots and upgrade your character! Careful choice of weapons and character abilities will be the key to winning! THE STORY Humans and advanced robots have been living in peace and harmony for c","{""text_match"": 0.004478933, ""cosine_similarity"": 0.4812879, ""reranker_score"": -8.030291}"
2026-02-10T20:07:43+00:00,CORTEX_DB.RAW.CAT_GAMES_SVC_1_5,default,"early access tile-building worldbuilder, time traveler, far-future cats rule the galaxy","early access tile-building worldbuilder, time traveler, far-future cats rule the galaxy",[],,False,,,,semantic_focus,0.3,10,100,0,1537,1537,,01c25377-0005-0847-0001-397a0006cb2e,,46,46,,7e-06,7e-06,,7e-06,,,,,[],[],[],[],[],[],,,,,,,True,False,[],[],,,,[],[],,,,9,Starcats,0.747171225,2018,English,Family Sharing;Full controller support;Multi-player;PvP;Remote Play Together;Shared/Split Screen;Shared/Split Screen PvP,Action;Casual;Indie,Action;Casual;Indie;Local Co-Op;Procedural Generation,"Four cats have broken out of prison on a distant alien planet. They must steal a ship and escape before their suits run out of power. If only they could decide who should be captain. Work with and against your cohorts to become the captain, commandeer a new ship, and escape. Key Features Cooperation is a strategy, not a requirement. Make temporary allies, break promises, and watch out for backstabbers. 2-4 player local multiplayer Procedurally generated maps Cats! (in both corporeal and spectral","{""text_match"": 1.5035945e-07, ""cosine_similarity"": 0.49434245, ""reranker_score"": -8.733501}"
2026-02-10T20:07:43+00:00,CORTEX_DB.RAW.CAT_GAMES_SVC_1_5,default,"early access tile-building worldbuilder, time traveler, far-future cats rule the galaxy","early access tile-building worldbuilder, time traveler, far-future cats rule the galaxy",[],,False,,,,semantic_focus,0.3,10,100,0,1537,1537,,01c25377-0005-0847-0001-397a0006cb2e,,46,46,,7e-06,7e-06,,7e-06,,,,,[],[],[],[],[],[],,,,,,,True,False,[],[],,,,[],[],,,,10,时间之神的猫,0.73960235,2021,English;Simplified Chinese,Family Sharing;Single-player,Casual;Indie;Strategy,2D;Cartoon;Casual;Cats;Colorful;Cute;Difficult;Fantasy;Indie;Logic;Pixel Graphics;Puzzle;Singleplayer;Strategy;Time Management;Time Manipulation;Time Travel,"A holy cat came to the mortal world to eat fish. It has no frontal combat capability, nor can it sneak in stealth. But it has its own unique skill-time travel. When the mortal guards followed the timeline to track the cat's figure, they had fallen into a trap. By rationally planning when to appear, the cat will play around with the guard. After eating countless fish, the cat discovered that the most powerful force is not time travel, but wisdom. Cat just want to eat fish There is no complicated ","{""text_match"": 0.027771892, ""cosine_similarity"": 0.4792047, ""reranker_score"": -8.321358}"
2026-02-10T20:07:44+00:00,CORTEX_DB.RAW.CAT_GAMES_SVC_1_5,default,"early access tile-building worldbuilder, time traveler, far-future cats rule the galaxy","early access tile-building worldbuilder, time traveler, far-future cats rule the galaxy",[],,False,,,,semantic_focus,0.65,10,100,0,1641,1641,,01c25377-0005-0846-0001-397a0006e88a,,60,60,,9e-06,9e-06,,9e-06,,,,,[],[],[],[],[],[],,,,,,,True,False,[],[],,,,[],[],,,,1,Nekokami - The Human Restoration Project,0.80188948,2024,English;Japanese;Simplified Chinese,Adjustable Difficulty;Adjustable Text Size;Camera Comfort;Co-op;Custom Volume Controls;Family Sharing;Full controller support;Mouse Only Option;Multi-player;Playable without Timed Input;Shared/Split Screen;Shared/Split Screen Co-op;Single-player;Steam Achievements;Steam Cloud,Adventure;Casual;Early Access;Indie;RPG,3D;Building;Casual;Cats;Colorful;Cozy;Cute;Early Access;Family Friendly;Funny;Hand-drawn;Immersive Sim;Indie;Life Sim;Local Co-Op;Nature;Puzzle;RPG;Relaxing;Story Rich,"✨ Nekokami is a meditative, calming tile building game where you play as a time-traveler to a far future Milky Way managed by... benevolent Future Cats with super advanced technologies. Why it has to be the Cats? And where are the Humans?     In Nekokami, you will: 🌏 Create beautiful worlds of natural habitats and human settlements with strategic, or spontaneous, placement of tiles in a unique hand-drawn-like art style. 🌌 Follow an epic, whimsical yet heartwarming story of Human-Cat friendship, ","{""text_match"": 0.123294316, ""cosine_similarity"": 0.60377896, ""reranker_score"": -1.9542317}"
2026-02-10T20:07:44+00:00,CORTEX_DB.RAW.CAT_GAMES_SVC_1_5,default,"early access tile-building worldbuilder, time traveler, far-future cats rule the galaxy","early access tile-building worldbuilder, time traveler, far-future cats rule the galaxy",[],,False,,,,semantic_focus,0.65,10,100,0,1641,1641,,01c25377-0005-0846-0001-397a0006e88a,,60,60,,9e-06,9e-06,,9e-06,,,,,[],[],[],[],[],[],,,,,,,True,False,[],[],,,,[],[],,,,2,Whiskers on Time's Corner,0.75369853,2024,English;Japanese;Simplified Chinese;Spanish - Spain;Traditional Chinese,Family Sharing;Single-player;Steam Achievements;Steam Cloud,Casual;Early Access;Indie,Action RPG;Action-Adventure;Atmospheric;Cartoon;Cartoony;Casual;Cats;Choices Matter;Cute;Dating Sim;Early Access;Emotional;Exploration;Funny;Indie;Multiple Endings;Relaxing;Singleplayer;Survival;Walking Simulator,"In a beautiful little town, you take on the role of a cat and experience life from its perspective. [Life as a Cat] You need to rummage through trash cans and recycling bins to find food. Remember the locations where food can be found and try your luck when hunger strikes. Always keep an eye on the weather—rain will quickly drain the cat's stamina, so make sure to find shelter under roofs to stay dry and maintain your energy. [Cat Stories] At the Rice Ball House, Mrs. Rice Ball occasionally give","{""text_match"": 0.0051822537, ""cosine_similarity"": 0.50739706, ""reranker_score"": -8.195908}"
2026-02-10T20:07:44+00:00,CORTEX_DB.RAW.CAT_GAMES_SVC_1_5,default,"early access tile-building worldbuilder, time traveler, far-future cats rule the galaxy","early access tile-building worldbuilder, time traveler, far-future cats rule the galaxy",[],,False,,,,semantic_focus,0.65,10,100,0,1641,1641,,01c25377-0005-0846-0001-397a0006e88a,,60,60,,9e-06,9e-06,,9e-06,,,,,[],[],[],[],[],[],,,,,,,True,False,[],[],,,,[],[],,,,3,Space Cats Tactics,0.744879725,2023,English;German;Japanese;Russian;Simplified Chinese;Traditional Chinese,Captions available;Family Sharing;Full controller support;Single-player;Steam Achievements,Indie;RPG;Strategy,Base-Building;Cats;Character Customization;Cute;Cyberpunk;Exploration;Funny;Military;RPG;Sci-fi;Space;Space Sim;Story Rich;Strategy;Tactical RPG;Top-Down;Turn-Based;Turn-Based Combat;Turn-Based Strategy;Turn-Based Tactics,"Join my Discord: Made by a solo developer, Space Cats Tactics brings together the nerve-wracking battles of turn-based strategy games and the powerful epic stories of space opera. Combining grid- and turn-based tactical combat (as seen in games like XCOM and Divinity: Original Sin) and inside-ship crew management (like in games such as FTL and Star Command Galaxies), in Space Cats Tactics you will have to be on your toes and think every step very carefully! KEY FEATURES Fight nerve-wracking spac","{""text_match"": 0.0072519043, ""cosine_similarity"": 0.48975945, ""reranker_score"": -7.6419044}"
2026-02-10T20:07:44+00:00,CORTEX_DB.RAW.CAT_GAMES_SVC_1_5,default,"early access tile-building worldbuilder, time traveler, far-future cats rule the galaxy","early access tile-building worldbuilder, time traveler, far-future cats rule the galaxy",[],,False,,,,semantic_focus,0.65,10,100,0,1641,1641,,01c25377-0005-0846-0001-397a0006e88a,,60,60,,9e-06,9e-06,,9e-06,,,,,[],[],[],[],[],[],,,,,,,True,False,[],[],,,,[],[],,,,4,Laser Battle Cats - travel & destroy!,0.75918425,2025,English;German;Japanese;Polish;Simplified Chinese,Family Sharing;Single-player;Steam Achievements,Action;Casual,2D;Action;Arcade;Building;Casual;Cats;Colorful;Combat;Crafting;Early Access;Gun Customization;Mechs;Pixel Graphics;Puzzle-Platformer;Shoot 'Em Up;Shooter;Side Scroller;Singleplayer,"Wouldn't everyone want to have a giant laser battle cat to overcome life's challenges with a devastating beam? Collect Kittens! The game offers 5 kittens, each with different stats and appearances. Unlock them by completing levels and give them names. Feed them radioactive milk to make them bigger and stronger. Conquer Five Continents! Your cat is equipped with a vest—build a laser mechanism on it. Generate power, store it in batteries, and fire away. Use rotating and sliding parts to reach all ","{""text_match"": 0.010430452, ""cosine_similarity"": 0.5183685, ""reranker_score"": -9.087628}"
2026-02-10T20:07:44+00:00,CORTEX_DB.RAW.CAT_GAMES_SVC_1_5,default,"early access tile-building worldbuilder, time traveler, far-future cats rule the galaxy","early access tile-building worldbuilder, time traveler, far-future cats rule the galaxy",[],,False,,,,semantic_focus,0.65,10,100,0,1641,1641,,01c25377-0005-0846-0001-397a0006e88a,,60,60,,9e-06,9e-06,,9e-06,,,,,[],[],[],[],[],[],,,,,,,True,False,[],[],,,,[],[],,,,5,Bazooka Cat: First Episode,0.745574115,2023,English;Russian;Simplified Chinese,Family Sharing;Partial Controller Support;Single-player;Steam Achievements,Action;Adventure;Indie,2D;2D Platformer;Action;Arcade;Atmospheric;Colorful;Controller;Cute;Exploration;Family Friendly;Hero Shooter;Linear;Metroidvania;Pixel Graphics;Platformer;Robots;Shooter;Side Scroller;Space;Story Rich,"What kind of game is this? Bazooka Cat is a platformer made with love inspired by old-school games of the 90s with the use of new technologies and game logic, but what if you add something like tactics to the platformer? How are tactics implemented in the game? Bazooka Cat is a tactical platformer with elements of arcade games. Our cat has special features, he is a fluffy plump cat, his movement speed is reduced, cats are in no hurry! The bazooka is bulky, but it's his favorite weapon. The bazoo","{""text_match"": 0.03836368, ""cosine_similarity"": 0.49114823, ""reranker_score"": -7.8480864}"
2026-02-10T20:07:44+00:00,CORTEX_DB.RAW.CAT_GAMES_SVC_1_5,default,"early access tile-building worldbuilder, time traveler, far-future cats rule the galaxy","early access tile-building worldbuilder, time traveler, far-future cats rule the galaxy",[],,False,,,,semantic_focus,0.65,10,100,0,1641,1641,,01c25377-0005-0846-0001-397a0006e88a,,60,60,,9e-06,9e-06,,9e-06,,,,,[],[],[],[],[],[],,,,,,,True,False,[],[],,,,[],[],,,,6,Cats & Dice,0.742449375,2025,English;Simplified Chinese;Traditional Chinese,Family Sharing;Partial Controller Support;Single-player;Steam Achievements;Steam Cloud,Early Access;Indie;Strategy,2D;Card Battler;Card Game;Cats;Colorful;Cute;Deckbuilding;Early Access;Indie;Pixel Graphics;Procedural Generation;Replay Value;Rogue-like;Rogue-lite;Roguelike Deckbuilder;Singleplayer;Strategy;Turn-Based Strategy,Cats &amp; Dice is a dice-building roguelike all about getting the right synergies to pull off crazy combos and attain as high a score as you possibly can.   The Cats (maneki-neko) are the mainstay of the game. Every Cat has its own passive ability that can affect how you approach a run. All Cats generate a dice unique to them at the start of each round (for instance there's a Cat that will create a dice with only four on all sides). There is no additional drawing of dice from your deck or the l,"{""text_match"": 0.008370771, ""cosine_similarity"": 0.48489875, ""reranker_score"": -7.757739}"
2026-02-10T20:07:44+00:00,CORTEX_DB.RAW.CAT_GAMES_SVC_1_5,default,"early access tile-building worldbuilder, time traveler, far-future cats rule the galaxy","early access tile-building worldbuilder, time traveler, far-future cats rule the galaxy",[],,False,,,,semantic_focus,0.65,10,100,0,1641,1641,,01c25377-0005-0846-0001-397a0006e88a,,60,60,,9e-06,9e-06,,9e-06,,,,,[],[],[],[],[],[],,,,,,,True,False,[],[],,,,[],[],,,,7,Cats in Time,0.75092095,2021,Arabic;Bosnian;Croatian;English;French;German;Italian;Japanese;Korean;Portuguese - Portugal;Russian;Serbian;Simplified Chinese;Spanish - Spain;Traditional Chinese,Family Sharing;Full controller support;Remote Play on Phone;Remote Play on Tablet;Single-player;Steam Achievements;Steam Cloud;Steam Trading Cards,Adventure;Casual;Indie,3D;Adventure;Cartoony;Casual;Cats;Collectathon;Cute;Family Friendly;Hidden Object;Indie;Multiplayer;Point & Click;Puzzle;Relaxing;Singleplayer;Time Travel,"Hello explorers! My name is Professor Tim Edger, and I'm the inventor of the time machine and an avid cat lover! Sadly, I have a problem, and maybe YOU can help me. You see, my beloved cats are missing. While playing in the lab, they've activated my time machine and ⚡ ZAP ⚡, now they are lost in space and time! You have to travel from ancient Egypt, all the way to the streets of late 20. century New York, and even beyond the present - to future Tokyo. Your goal is to find all the cats! Please be","{""text_match"": 0.016390158, ""cosine_similarity"": 0.5018419, ""reranker_score"": -8.976228}"
2026-02-10T20:07:44+00:00,CORTEX_DB.RAW.CAT_GAMES_SVC_1_5,default,"early access tile-building worldbuilder, time traveler, far-future cats rule the galaxy","early access tile-building worldbuilder, time traveler, far-future cats rule the galaxy",[],,False,,,,semantic_focus,0.65,10,100,0,1641,1641,,01c25377-0005-0846-0001-397a0006e88a,,60,60,,9e-06,9e-06,,9e-06,,,,,[],[],[],[],[],[],,,,,,,True,False,[],[],,,,[],[],,,,8,"Cats, Guns & Robots",0.7406439499999999,2024,English;French;German;Italian;Japanese;Portuguese - Brazil;Russian;Simplified Chinese;Spanish - Spain;Traditional Chinese;Turkish,Family Sharing;Single-player,Action;Casual;Early Access;Indie;RPG,Action;Action RPG;Action Roguelike;Arena Shooter;Bullet Hell;Dark Fantasy;Difficult;Dungeon Crawler;Early Access;Hack and Slash;Isometric;Perma Death;RPG;Replay Value;Rogue-like;Rogue-lite;Sci-fi;Shooter;Singleplayer;Survival,"In this action rogue-like game, survive evil robot attacks, gain XP by killing them and upgrade your weapons and character for the next room. It's all about strategy, reflexes, and smart choices. Exciting Action-Packed Roguelike Gameplay! Buy and upgrade your weapons and equipment! Gain XP by killing evil robots and upgrade your character! Careful choice of weapons and character abilities will be the key to winning! THE STORY Humans and advanced robots have been living in peace and harmony for c","{""text_match"": 0.004478933, ""cosine_similarity"": 0.4812879, ""reranker_score"": -8.030291}"
2026-02-10T20:07:44+00:00,CORTEX_DB.RAW.CAT_GAMES_SVC_1_5,default,"early access tile-building worldbuilder, time traveler, far-future cats rule the galaxy","early access tile-building worldbuilder, time traveler, far-future cats rule the galaxy",[],,False,,,,semantic_focus,0.65,10,100,0,1641,1641,,01c25377-0005-0846-0001-397a0006e88a,,60,60,,9e-06,9e-06,,9e-06,,,,,[],[],[],[],[],[],,,,,,,True,False,[],[],,,,[],[],,,,9,Starcats,0.747171225,2018,English,Family Sharing;Full controller support;Multi-player;PvP;Remote Play Together;Shared/Split Screen;Shared/Split Screen PvP,Action;Casual;Indie,Action;Casual;Indie;Local Co-Op;Procedural Generation,"Four cats have broken out of prison on a distant alien planet. They must steal a ship and escape before their suits run out of power. If only they could decide who should be captain. Work with and against your cohorts to become the captain, commandeer a new ship, and escape. Key Features Cooperation is a strategy, not a requirement. Make temporary allies, break promises, and watch out for backstabbers. 2-4 player local multiplayer Procedurally generated maps Cats! (in both corporeal and spectral","{""text_match"": 1.5035945e-07, ""cosine_similarity"": 0.49434245, ""reranker_score"": -8.733501}"
2026-02-10T20:07:44+00:00,CORTEX_DB.RAW.CAT_GAMES_SVC_1_5,default,"early access tile-building worldbuilder, time traveler, far-future cats rule the galaxy","early access tile-building worldbuilder, time traveler, far-future cats rule the galaxy",[],,False,,,,semantic_focus,0.65,10,100,0,1641,1641,,01c25377-0005-0846-0001-397a0006e88a,,60,60,,9e-06,9e-06,,9e-06,,,,,[],[],[],[],[],[],,,,,,,True,False,[],[],,,,[],[],,,,10,时间之神的猫,0.73960235,2021,English;Simplified Chinese,Family Sharing;Single-player,Casual;Indie;Strategy,2D;Cartoon;Casual;Cats;Colorful;Cute;Difficult;Fantasy;Indie;Logic;Pixel Graphics;Puzzle;Singleplayer;Strategy;Time Management;Time Manipulation;Time Travel,"A holy cat came to the mortal world to eat fish. It has no frontal combat capability, nor can it sneak in stealth. But it has its own unique skill-time travel. When the mortal guards followed the timeline to track the cat's figure, they had fallen into a trap. By rationally planning when to appear, the cat will play around with the guard. After eating countless fish, the cat discovered that the most powerful force is not time travel, but wisdom. Cat just want to eat fish There is no complicated ","{""text_match"": 0.027771892, ""cosine_similarity"": 0.4792047, ""reranker_score"": -8.321358}"
2026-02-10T20:07:46+00:00,CORTEX_DB.RAW.CAT_GAMES_SVC_1_5,default,"early access tile-building worldbuilder, time traveler, far-future cats rule the galaxy","early access tile-building worldbuilder, time traveler, far-future cats rule the galaxy",[],,False,,,,semantic_focus,0.75,10,100,0,1635,1635,,01c25377-0005-0843-0001-397a0006d556,,44,44,,7e-06,7e-06,,7e-06,,,,,[],[],[],[],[],[],,,,,,,True,False,[],[],,,,[],[],,,,1,Nekokami - The Human Restoration Project,0.80188948,2024,English;Japanese;Simplified Chinese,Adjustable Difficulty;Adjustable Text Size;Camera Comfort;Co-op;Custom Volume Controls;Family Sharing;Full controller support;Mouse Only Option;Multi-player;Playable without Timed Input;Shared/Split Screen;Shared/Split Screen Co-op;Single-player;Steam Achievements;Steam Cloud,Adventure;Casual;Early Access;Indie;RPG,3D;Building;Casual;Cats;Colorful;Cozy;Cute;Early Access;Family Friendly;Funny;Hand-drawn;Immersive Sim;Indie;Life Sim;Local Co-Op;Nature;Puzzle;RPG;Relaxing;Story Rich,"✨ Nekokami is a meditative, calming tile building game where you play as a time-traveler to a far future Milky Way managed by... benevolent Future Cats with super advanced technologies. Why it has to be the Cats? And where are the Humans?     In Nekokami, you will: 🌏 Create beautiful worlds of natural habitats and human settlements with strategic, or spontaneous, placement of tiles in a unique hand-drawn-like art style. 🌌 Follow an epic, whimsical yet heartwarming story of Human-Cat friendship, ","{""text_match"": 0.123294316, ""cosine_similarity"": 0.60377896, ""reranker_score"": -1.9542317}"
2026-02-10T20:07:46+00:00,CORTEX_DB.RAW.CAT_GAMES_SVC_1_5,default,"early access tile-building worldbuilder, time traveler, far-future cats rule the galaxy","early access tile-building worldbuilder, time traveler, far-future cats rule the galaxy",[],,False,,,,semantic_focus,0.75,10,100,0,1635,1635,,01c25377-0005-0843-0001-397a0006d556,,44,44,,7e-06,7e-06,,7e-06,,,,,[],[],[],[],[],[],,,,,,,True,False,[],[],,,,[],[],,,,2,Whiskers on Time's Corner,0.75369853,2024,English;Japanese;Simplified Chinese;Spanish - Spain;Traditional Chinese,Family Sharing;Single-player;Steam Achievements;Steam Cloud,Casual;Early Access;Indie,Action RPG;Action-Adventure;Atmospheric;Cartoon;Cartoony;Casual;Cats;Choices Matter;Cute;Dating Sim;Early Access;Emotional;Exploration;Funny;Indie;Multiple Endings;Relaxing;Singleplayer;Survival;Walking Simulator,"In a beautiful little town, you take on the role of a cat and experience life from its perspective. [Life as a Cat] You need to rummage through trash cans and recycling bins to find food. Remember the locations where food can be found and try your luck when hunger strikes. Always keep an eye on the weather—rain will quickly drain the cat's stamina, so make sure to find shelter under roofs to stay dry and maintain your energy. [Cat Stories] At the Rice Ball House, Mrs. Rice Ball occasionally give","{""text_match"": 0.0051822537, ""cosine_similarity"": 0.50739706, ""reranker_score"": -8.195908}"
2026-02-10T20:07:46+00:00,CORTEX_DB.RAW.CAT_GAMES_SVC_1_5,default,"early access tile-building worldbuilder, time traveler, far-future cats rule the galaxy","early access tile-building worldbuilder, time traveler, far-future cats rule the galaxy",[],,False,,,,semantic_focus,0.75,10,100,0,1635,1635,,01c25377-0005-0843-0001-397a0006d556,,44,44,,7e-06,7e-06,,7e-06,,,,,[],[],[],[],[],[],,,,,,,True,False,[],[],,,,[],[],,,,3,Laser Battle Cats - travel & destroy!,0.75918425,2025,English;German;Japanese;Polish;Simplified Chinese,Family Sharing;Single-player;Steam Achievements,Action;Casual,2D;Action;Arcade;Building;Casual;Cats;Colorful;Combat;Crafting;Early Access;Gun Customization;Mechs;Pixel Graphics;Puzzle-Platformer;Shoot 'Em Up;Shooter;Side Scroller;Singleplayer,"Wouldn't everyone want to have a giant laser battle cat to overcome life's challenges with a devastating beam? Collect Kittens! The game offers 5 kittens, each with different stats and appearances. Unlock them by completing levels and give them names. Feed them radioactive milk to make them bigger and stronger. Conquer Five Continents! Your cat is equipped with a vest—build a laser mechanism on it. Generate power, store it in batteries, and fire away. Use rotating and sliding parts to reach all ","{""text_match"": 0.010430452, ""cosine_similarity"": 0.5183685, ""reranker_score"": -9.087628}"
2026-02-10T20:07:46+00:00,CORTEX_DB.RAW.CAT_GAMES_SVC_1_5,default,"early access tile-building worldbuilder, time traveler, far-future cats rule the galaxy","early access tile-building worldbuilder, time traveler, far-future cats rule the galaxy",[],,False,,,,semantic_focus,0.75,10,100,0,1635,1635,,01c25377-0005-0843-0001-397a0006d556,,44,44,,7e-06,7e-06,,7e-06,,,,,[],[],[],[],[],[],,,,,,,True,False,[],[],,,,[],[],,,,4,Cats in Time,0.75092095,2021,Arabic;Bosnian;Croatian;English;French;German;Italian;Japanese;Korean;Portuguese - Portugal;Russian;Serbian;Simplified Chinese;Spanish - Spain;Traditional Chinese,Family Sharing;Full controller support;Remote Play on Phone;Remote Play on Tablet;Single-player;Steam Achievements;Steam Cloud;Steam Trading Cards,Adventure;Casual;Indie,3D;Adventure;Cartoony;Casual;Cats;Collectathon;Cute;Family Friendly;Hidden Object;Indie;Multiplayer;Point & Click;Puzzle;Relaxing;Singleplayer;Time Travel,"Hello explorers! My name is Professor Tim Edger, and I'm the inventor of the time machine and an avid cat lover! Sadly, I have a problem, and maybe YOU can help me. You see, my beloved cats are missing. While playing in the lab, they've activated my time machine and ⚡ ZAP ⚡, now they are lost in space and time! You have to travel from ancient Egypt, all the way to the streets of late 20. century New York, and even beyond the present - to future Tokyo. Your goal is to find all the cats! Please be","{""text_match"": 0.016390158, ""cosine_similarity"": 0.5018419, ""reranker_score"": -8.976228}"
2026-02-10T20:07:48+00:00,CORTEX_DB.RAW.CAT_GAMES_SVC_1_5,default,"early access tile-building worldbuilder, time traveler, far-future cats rule the galaxy","early access tile-building worldbuilder, time traveler, far-future cats rule the galaxy",[],,False,,,,keyword_extreme,0.3,10,100,0,1165,1165,,01c25377-0005-0846-0001-397a0006e89a,,35,35,,5e-06,5e-06,,5e-06,,,,,[],[],[],[],[],[],,,,,,,True,False,[],[],,,,[],[],,,,1,Nekokami - The Human Restoration Project,0.80188948,2024,English;Japanese;Simplified Chinese,Adjustable Difficulty;Adjustable Text Size;Camera Comfort;Co-op;Custom Volume Controls;Family Sharing;Full controller support;Mouse Only Option;Multi-player;Playable without Timed Input;Shared/Split Screen;Shared/Split Screen Co-op;Single-player;Steam Achievements;Steam Cloud,Adventure;Casual;Early Access;Indie;RPG,3D;Building;Casual;Cats;Colorful;Cozy;Cute;Early Access;Family Friendly;Funny;Hand-drawn;Immersive Sim;Indie;Life Sim;Local Co-Op;Nature;Puzzle;RPG;Relaxing;Story Rich,"✨ Nekokami is a meditative, calming tile building game where you play as a time-traveler to a far future Milky Way managed by... benevolent Future Cats with super advanced technologies. Why it has to be the Cats? And where are the Humans?     In Nekokami, you will: 🌏 Create beautiful worlds of natural habitats and human settlements with strategic, or spontaneous, placement of tiles in a unique hand-drawn-like art style. 🌌 Follow an epic, whimsical yet heartwarming story of Human-Cat friendship, ","{""text_match"": 0.123294316, ""cosine_similarity"": 0.60377896, ""reranker_score"": -1.9542317}"
2026-02-10T20:07:48+00:00,CORTEX_DB.RAW.CAT_GAMES_SVC_1_5,default,"early access tile-building worldbuilder, time traveler, far-future cats rule the galaxy","early access tile-building worldbuilder, time traveler, far-future cats rule the galaxy",[],,False,,,,keyword_extreme,0.3,10,100,0,1165,1165,,01c25377-0005-0846-0001-397a0006e89a,,35,35,,5e-06,5e-06,,5e-06,,,,,[],[],[],[],[],[],,,,,,,True,False,[],[],,,,[],[],,,,2,Whiskers on Time's Corner,0.75369853,2024,English;Japanese;Simplified Chinese;Spanish - Spain;Traditional Chinese,Family Sharing;Single-player;Steam Achievements;Steam Cloud,Casual;Early Access;Indie,Action RPG;Action-Adventure;Atmospheric;Cartoon;Cartoony;Casual;Cats;Choices Matter;Cute;Dating Sim;Early Access;Emotional;Exploration;Funny;Indie;Multiple Endings;Relaxing;Singleplayer;Survival;Walking Simulator,"In a beautiful little town, you take on the role of a cat and experience life from its perspective. [Life as a Cat] You need to rummage through trash cans and recycling bins to find food. Remember the locations where food can be found and try your luck when hunger strikes. Always keep an eye on the weather—rain will quickly drain the cat's stamina, so make sure to find shelter under roofs to stay dry and maintain your energy. [Cat Stories] At the Rice Ball House, Mrs. Rice Ball occasionally give","{""text_match"": 0.0051822537, ""cosine_similarity"": 0.50739706, ""reranker_score"": -8.195908}"
2026-02-10T20:07:48+00:00,CORTEX_DB.RAW.CAT_GAMES_SVC_1_5,default,"early access tile-building worldbuilder, time traveler, far-future cats rule the galaxy","early access tile-building worldbuilder, time traveler, far-future cats rule the galaxy",[],,False,,,,keyword_extreme,0.3,10,100,0,1165,1165,,01c25377-0005-0846-0001-397a0006e89a,,35,35,,5e-06,5e-06,,5e-06,,,,,[],[],[],[],[],[],,,,,,,True,False,[],[],,,,[],[],,,,3,Space Cats Tactics,0.744879725,2023,English;German;Japanese;Russian;Simplified Chinese;Traditional Chinese,Captions available;Family Sharing;Full controller support;Single-player;Steam Achievements,Indie;RPG;Strategy,Base-Building;Cats;Character Customization;Cute;Cyberpunk;Exploration;Funny;Military;RPG;Sci-fi;Space;Space Sim;Story Rich;Strategy;Tactical RPG;Top-Down;Turn-Based;Turn-Based Combat;Turn-Based Strategy;Turn-Based Tactics,"Join my Discord: Made by a solo developer, Space Cats Tactics brings together the nerve-wracking battles of turn-based strategy games and the powerful epic stories of space opera. Combining grid- and turn-based tactical combat (as seen in games like XCOM and Divinity: Original Sin) and inside-ship crew management (like in games such as FTL and Star Command Galaxies), in Space Cats Tactics you will have to be on your toes and think every step very carefully! KEY FEATURES Fight nerve-wracking spac","{""text_match"": 0.0072519043, ""cosine_similarity"": 0.48975945, ""reranker_score"": -7.6419044}"
2026-02-10T20:07:48+00:00,CORTEX_DB.RAW.CAT_GAMES_SVC_1_5,default,"early access tile-building worldbuilder, time traveler, far-future cats rule the galaxy","early access tile-building worldbuilder, time traveler, far-future cats rule the galaxy",[],,False,,,,keyword_extreme,0.3,10,100,0,1165,1165,,01c25377-0005-0846-0001-397a0006e89a,,35,35,,5e-06,5e-06,,5e-06,,,,,[],[],[],[],[],[],,,,,,,True,False,[],[],,,,[],[],,,,4,Laser Battle Cats - travel & destroy!,0.75918425,2025,English;German;Japanese;Polish;Simplified Chinese,Family Sharing;Single-player;Steam Achievements,Action;Casual,2D;Action;Arcade;Building;Casual;Cats;Colorful;Combat;Crafting;Early Access;Gun Customization;Mechs;Pixel Graphics;Puzzle-Platformer;Shoot 'Em Up;Shooter;Side Scroller;Singleplayer,"Wouldn't everyone want to have a giant laser battle cat to overcome life's challenges with a devastating beam? Collect Kittens! The game offers 5 kittens, each with different stats and appearances. Unlock them by completing levels and give them names. Feed them radioactive milk to make them bigger and stronger. Conquer Five Continents! Your cat is equipped with a vest—build a laser mechanism on it. Generate power, store it in batteries, and fire away. Use rotating and sliding parts to reach all ","{""text_match"": 0.010430452, ""cosine_similarity"": 0.5183685, ""reranker_score"": -9.087628}"
2026-02-10T20:07:48+00:00,CORTEX_DB.RAW.CAT_GAMES_SVC_1_5,default,"early access tile-building worldbuilder, time traveler, far-future cats rule the galaxy","early access tile-building worldbuilder, time traveler, far-future cats rule the galaxy",[],,False,,,,keyword_extreme,0.3,10,100,0,1165,1165,,01c25377-0005-0846-0001-397a0006e89a,,35,35,,5e-06,5e-06,,5e-06,,,,,[],[],[],[],[],[],,,,,,,True,False,[],[],,,,[],[],,,,5,Bazooka Cat: First Episode,0.745574115,2023,English;Russian;Simplified Chinese,Family Sharing;Partial Controller Support;Single-player;Steam Achievements,Action;Adventure;Indie,2D;2D Platformer;Action;Arcade;Atmospheric;Colorful;Controller;Cute;Exploration;Family Friendly;Hero Shooter;Linear;Metroidvania;Pixel Graphics;Platformer;Robots;Shooter;Side Scroller;Space;Story Rich,"What kind of game is this? Bazooka Cat is a platformer made with love inspired by old-school games of the 90s with the use of new technologies and game logic, but what if you add something like tactics to the platformer? How are tactics implemented in the game? Bazooka Cat is a tactical platformer with elements of arcade games. Our cat has special features, he is a fluffy plump cat, his movement speed is reduced, cats are in no hurry! The bazooka is bulky, but it's his favorite weapon. The bazoo","{""text_match"": 0.03836368, ""cosine_similarity"": 0.49114823, ""reranker_score"": -7.8480864}"
2026-02-10T20:07:48+00:00,CORTEX_DB.RAW.CAT_GAMES_SVC_1_5,default,"early access tile-building worldbuilder, time traveler, far-future cats rule the galaxy","early access tile-building worldbuilder, time traveler, far-future cats rule the galaxy",[],,False,,,,keyword_extreme,0.3,10,100,0,1165,1165,,01c25377-0005-0846-0001-397a0006e89a,,35,35,,5e-06,5e-06,,5e-06,,,,,[],[],[],[],[],[],,,,,,,True,False,[],[],,,,[],[],,,,6,Cats & Dice,0.742449375,2025,English;Simplified Chinese;Traditional Chinese,Family Sharing;Partial Controller Support;Single-player;Steam Achievements;Steam Cloud,Early Access;Indie;Strategy,2D;Card Battler;Card Game;Cats;Colorful;Cute;Deckbuilding;Early Access;Indie;Pixel Graphics;Procedural Generation;Replay Value;Rogue-like;Rogue-lite;Roguelike Deckbuilder;Singleplayer;Strategy;Turn-Based Strategy,Cats &amp; Dice is a dice-building roguelike all about getting the right synergies to pull off crazy combos and attain as high a score as you possibly can.   The Cats (maneki-neko) are the mainstay of the game. Every Cat has its own passive ability that can affect how you approach a run. All Cats generate a dice unique to them at the start of each round (for instance there's a Cat that will create a dice with only four on all sides). There is no additional drawing of dice from your deck or the l,"{""text_match"": 0.008370771, ""cosine_similarity"": 0.48489875, ""reranker_score"": -7.757739}"
2026-02-10T20:07:48+00:00,CORTEX_DB.RAW.CAT_GAMES_SVC_1_5,default,"early access tile-building worldbuilder, time traveler, far-future cats rule the galaxy","early access tile-building worldbuilder, time traveler, far-future cats rule the galaxy",[],,False,,,,keyword_extreme,0.3,10,100,0,1165,1165,,01c25377-0005-0846-0001-397a0006e89a,,35,35,,5e-06,5e-06,,5e-06,,,,,[],[],[],[],[],[],,,,,,,True,False,[],[],,,,[],[],,,,7,Cats in Time,0.75092095,2021,Arabic;Bosnian;Croatian;English;French;German;Italian;Japanese;Korean;Portuguese - Portugal;Russian;Serbian;Simplified Chinese;Spanish - Spain;Traditional Chinese,Family Sharing;Full controller support;Remote Play on Phone;Remote Play on Tablet;Single-player;Steam Achievements;Steam Cloud;Steam Trading Cards,Adventure;Casual;Indie,3D;Adventure;Cartoony;Casual;Cats;Collectathon;Cute;Family Friendly;Hidden Object;Indie;Multiplayer;Point & Click;Puzzle;Relaxing;Singleplayer;Time Travel,"Hello explorers! My name is Professor Tim Edger, and I'm the inventor of the time machine and an avid cat lover! Sadly, I have a problem, and maybe YOU can help me. You see, my beloved cats are missing. While playing in the lab, they've activated my time machine and ⚡ ZAP ⚡, now they are lost in space and time! You have to travel from ancient Egypt, all the way to the streets of late 20. century New York, and even beyond the present - to future Tokyo. Your goal is to find all the cats! Please be","{""text_match"": 0.016390158, ""cosine_similarity"": 0.5018419, ""reranker_score"": -8.976228}"
2026-02-10T20:07:48+00:00,CORTEX_DB.RAW.CAT_GAMES_SVC_1_5,default,"early access tile-building worldbuilder, time traveler, far-future cats rule the galaxy","early access tile-building worldbuilder, time traveler, far-future cats rule the galaxy",[],,False,,,,keyword_extreme,0.3,10,100,0,1165,1165,,01c25377-0005-0846-0001-397a0006e89a,,35,35,,5e-06,5e-06,,5e-06,,,,,[],[],[],[],[],[],,,,,,,True,False,[],[],,,,[],[],,,,8,"Cats, Guns & Robots",0.7406439499999999,2024,English;French;German;Italian;Japanese;Portuguese - Brazil;Russian;Simplified Chinese;Spanish - Spain;Traditional Chinese;Turkish,Family Sharing;Single-player,Action;Casual;Early Access;Indie;RPG,Action;Action RPG;Action Roguelike;Arena Shooter;Bullet Hell;Dark Fantasy;Difficult;Dungeon Crawler;Early Access;Hack and Slash;Isometric;Perma Death;RPG;Replay Value;Rogue-like;Rogue-lite;Sci-fi;Shooter;Singleplayer;Survival,"In this action rogue-like game, survive evil robot attacks, gain XP by killing them and upgrade your weapons and character for the next room. It's all about strategy, reflexes, and smart choices. Exciting Action-Packed Roguelike Gameplay! Buy and upgrade your weapons and equipment! Gain XP by killing evil robots and upgrade your character! Careful choice of weapons and character abilities will be the key to winning! THE STORY Humans and advanced robots have been living in peace and harmony for c","{""text_match"": 0.004478933, ""cosine_similarity"": 0.4812879, ""reranker_score"": -8.030291}"
2026-02-10T20:07:48+00:00,CORTEX_DB.RAW.CAT_GAMES_SVC_1_5,default,"early access tile-building worldbuilder, time traveler, far-future cats rule the galaxy","early access tile-building worldbuilder, time traveler, far-future cats rule the galaxy",[],,False,,,,keyword_extreme,0.3,10,100,0,1165,1165,,01c25377-0005-0846-0001-397a0006e89a,,35,35,,5e-06,5e-06,,5e-06,,,,,[],[],[],[],[],[],,,,,,,True,False,[],[],,,,[],[],,,,9,Starcats,0.747171225,2018,English,Family Sharing;Full controller support;Multi-player;PvP;Remote Play Together;Shared/Split Screen;Shared/Split Screen PvP,Action;Casual;Indie,Action;Casual;Indie;Local Co-Op;Procedural Generation,"Four cats have broken out of prison on a distant alien planet. They must steal a ship and escape before their suits run out of power. If only they could decide who should be captain. Work with and against your cohorts to become the captain, commandeer a new ship, and escape. Key Features Cooperation is a strategy, not a requirement. Make temporary allies, break promises, and watch out for backstabbers. 2-4 player local multiplayer Procedurally generated maps Cats! (in both corporeal and spectral","{""text_match"": 1.5035945e-07, ""cosine_similarity"": 0.49434245, ""reranker_score"": -8.733501}"
2026-02-10T20:07:48+00:00,CORTEX_DB.RAW.CAT_GAMES_SVC_1_5,default,"early access tile-building worldbuilder, time traveler, far-future cats rule the galaxy","early access tile-building worldbuilder, time traveler, far-future cats rule the galaxy",[],,False,,,,keyword_extreme,0.3,10,100,0,1165,1165,,01c25377-0005-0846-0001-397a0006e89a,,35,35,,5e-06,5e-06,,5e-06,,,,,[],[],[],[],[],[],,,,,,,True,False,[],[],,,,[],[],,,,10,时间之神的猫,0.73960235,2021,English;Simplified Chinese,Family Sharing;Single-player,Casual;Indie;Strategy,2D;Cartoon;Casual;Cats;Colorful;Cute;Difficult;Fantasy;Indie;Logic;Pixel Graphics;Puzzle;Singleplayer;Strategy;Time Management;Time Manipulation;Time Travel,"A holy cat came to the mortal world to eat fish. It has no frontal combat capability, nor can it sneak in stealth. But it has its own unique skill-time travel. When the mortal guards followed the timeline to track the cat's figure, they had fallen into a trap. By rationally planning when to appear, the cat will play around with the guard. After eating countless fish, the cat discovered that the most powerful force is not time travel, but wisdom. Cat just want to eat fish There is no complicated ","{""text_match"": 0.027771892, ""cosine_similarity"": 0.4792047, ""reranker_score"": -8.321358}"
2026-02-10T20:07:49+00:00,CORTEX_DB.RAW.CAT_GAMES_SVC_1_5,default,"early access tile-building worldbuilder, time traveler, far-future cats rule the galaxy","early access tile-building worldbuilder, time traveler, far-future cats rule the galaxy",[],,False,,,,keyword_extreme,0.65,10,100,0,1054,1054,,01c25377-0005-0846-0001-397a0006e8a2,,33,33,,5e-06,5e-06,,5e-06,,,,,[],[],[],[],[],[],,,,,,,True,False,[],[],,,,[],[],,,,1,Nekokami - The Human Restoration Project,0.80188948,2024,English;Japanese;Simplified Chinese,Adjustable Difficulty;Adjustable Text Size;Camera Comfort;Co-op;Custom Volume Controls;Family Sharing;Full controller support;Mouse Only Option;Multi-player;Playable without Timed Input;Shared/Split Screen;Shared/Split Screen Co-op;Single-player;Steam Achievements;Steam Cloud,Adventure;Casual;Early Access;Indie;RPG,3D;Building;Casual;Cats;Colorful;Cozy;Cute;Early Access;Family Friendly;Funny;Hand-drawn;Immersive Sim;Indie;Life Sim;Local Co-Op;Nature;Puzzle;RPG;Relaxing;Story Rich,"✨ Nekokami is a meditative, calming tile building game where you play as a time-traveler to a far future Milky Way managed by... benevolent Future Cats with super advanced technologies. Why it has to be the Cats? And where are the Humans?     In Nekokami, you will: 🌏 Create beautiful worlds of natural habitats and human settlements with strategic, or spontaneous, placement of tiles in a unique hand-drawn-like art style. 🌌 Follow an epic, whimsical yet heartwarming story of Human-Cat friendship, ","{""text_match"": 0.123294316, ""cosine_similarity"": 0.60377896, ""reranker_score"": -1.9542317}"
2026-02-10T20:07:49+00:00,CORTEX_DB.RAW.CAT_GAMES_SVC_1_5,default,"early access tile-building worldbuilder, time traveler, far-future cats rule the galaxy","early access tile-building worldbuilder, time traveler, far-future cats rule the galaxy",[],,False,,,,keyword_extreme,0.65,10,100,0,1054,1054,,01c25377-0005-0846-0001-397a0006e8a2,,33,33,,5e-06,5e-06,,5e-06,,,,,[],[],[],[],[],[],,,,,,,True,False,[],[],,,,[],[],,,,2,Whiskers on Time's Corner,0.75369853,2024,English;Japanese;Simplified Chinese;Spanish - Spain;Traditional Chinese,Family Sharing;Single-player;Steam Achievements;Steam Cloud,Casual;Early Access;Indie,Action RPG;Action-Adventure;Atmospheric;Cartoon;Cartoony;Casual;Cats;Choices Matter;Cute;Dating Sim;Early Access;Emotional;Exploration;Funny;Indie;Multiple Endings;Relaxing;Singleplayer;Survival;Walking Simulator,"In a beautiful little town, you take on the role of a cat and experience life from its perspective. [Life as a Cat] You need to rummage through trash cans and recycling bins to find food. Remember the locations where food can be found and try your luck when hunger strikes. Always keep an eye on the weather—rain will quickly drain the cat's stamina, so make sure to find shelter under roofs to stay dry and maintain your energy. [Cat Stories] At the Rice Ball House, Mrs. Rice Ball occasionally give","{""text_match"": 0.0051822537, ""cosine_similarity"": 0.50739706, ""reranker_score"": -8.195908}"
2026-02-10T20:07:49+00:00,CORTEX_DB.RAW.CAT_GAMES_SVC_1_5,default,"early access tile-building worldbuilder, time traveler, far-future cats rule the galaxy","early access tile-building worldbuilder, time traveler, far-future cats rule the galaxy",[],,False,,,,keyword_extreme,0.65,10,100,0,1054,1054,,01c25377-0005-0846-0001-397a0006e8a2,,33,33,,5e-06,5e-06,,5e-06,,,,,[],[],[],[],[],[],,,,,,,True,False,[],[],,,,[],[],,,,3,Space Cats Tactics,0.744879725,2023,English;German;Japanese;Russian;Simplified Chinese;Traditional Chinese,Captions available;Family Sharing;Full controller support;Single-player;Steam Achievements,Indie;RPG;Strategy,Base-Building;Cats;Character Customization;Cute;Cyberpunk;Exploration;Funny;Military;RPG;Sci-fi;Space;Space Sim;Story Rich;Strategy;Tactical RPG;Top-Down;Turn-Based;Turn-Based Combat;Turn-Based Strategy;Turn-Based Tactics,"Join my Discord: Made by a solo developer, Space Cats Tactics brings together the nerve-wracking battles of turn-based strategy games and the powerful epic stories of space opera. Combining grid- and turn-based tactical combat (as seen in games like XCOM and Divinity: Original Sin) and inside-ship crew management (like in games such as FTL and Star Command Galaxies), in Space Cats Tactics you will have to be on your toes and think every step very carefully! KEY FEATURES Fight nerve-wracking spac","{""text_match"": 0.0072519043, ""cosine_similarity"": 0.48975945, ""reranker_score"": -7.6419044}"
2026-02-10T20:07:49+00:00,CORTEX_DB.RAW.CAT_GAMES_SVC_1_5,default,"early access tile-building worldbuilder, time traveler, far-future cats rule the galaxy","early access tile-building worldbuilder, time traveler, far-future cats rule the galaxy",[],,False,,,,keyword_extreme,0.65,10,100,0,1054,1054,,01c25377-0005-0846-0001-397a0006e8a2,,33,33,,5e-06,5e-06,,5e-06,,,,,[],[],[],[],[],[],,,,,,,True,False,[],[],,,,[],[],,,,4,Laser Battle Cats - travel & destroy!,0.75918425,2025,English;German;Japanese;Polish;Simplified Chinese,Family Sharing;Single-player;Steam Achievements,Action;Casual,2D;Action;Arcade;Building;Casual;Cats;Colorful;Combat;Crafting;Early Access;Gun Customization;Mechs;Pixel Graphics;Puzzle-Platformer;Shoot 'Em Up;Shooter;Side Scroller;Singleplayer,"Wouldn't everyone want to have a giant laser battle cat to overcome life's challenges with a devastating beam? Collect Kittens! The game offers 5 kittens, each with different stats and appearances. Unlock them by completing levels and give them names. Feed them radioactive milk to make them bigger and stronger. Conquer Five Continents! Your cat is equipped with a vest—build a laser mechanism on it. Generate power, store it in batteries, and fire away. Use rotating and sliding parts to reach all ","{""text_match"": 0.010430452, ""cosine_similarity"": 0.5183685, ""reranker_score"": -9.087628}"
2026-02-10T20:07:49+00:00,CORTEX_DB.RAW.CAT_GAMES_SVC_1_5,default,"early access tile-building worldbuilder, time traveler, far-future cats rule the galaxy","early access tile-building worldbuilder, time traveler, far-future cats rule the galaxy",[],,False,,,,keyword_extreme,0.65,10,100,0,1054,1054,,01c25377-0005-0846-0001-397a0006e8a2,,33,33,,5e-06,5e-06,,5e-06,,,,,[],[],[],[],[],[],,,,,,,True,False,[],[],,,,[],[],,,,5,Bazooka Cat: First Episode,0.745574115,2023,English;Russian;Simplified Chinese,Family Sharing;Partial Controller Support;Single-player;Steam Achievements,Action;Adventure;Indie,2D;2D Platformer;Action;Arcade;Atmospheric;Colorful;Controller;Cute;Exploration;Family Friendly;Hero Shooter;Linear;Metroidvania;Pixel Graphics;Platformer;Robots;Shooter;Side Scroller;Space;Story Rich,"What kind of game is this? Bazooka Cat is a platformer made with love inspired by old-school games of the 90s with the use of new technologies and game logic, but what if you add something like tactics to the platformer? How are tactics implemented in the game? Bazooka Cat is a tactical platformer with elements of arcade games. Our cat has special features, he is a fluffy plump cat, his movement speed is reduced, cats are in no hurry! The bazooka is bulky, but it's his favorite weapon. The bazoo","{""text_match"": 0.03836368, ""cosine_similarity"": 0.49114823, ""reranker_score"": -7.8480864}"
2026-02-10T20:07:49+00:00,CORTEX_DB.RAW.CAT_GAMES_SVC_1_5,default,"early access tile-building worldbuilder, time traveler, far-future cats rule the galaxy","early access tile-building worldbuilder, time traveler, far-future cats rule the galaxy",[],,False,,,,keyword_extreme,0.65,10,100,0,1054,1054,,01c25377-0005-0846-0001-397a0006e8a2,,33,33,,5e-06,5e-06,,5e-06,,,,,[],[],[],[],[],[],,,,,,,True,False,[],[],,,,[],[],,,,6,Cats & Dice,0.742449375,2025,English;Simplified Chinese;Traditional Chinese,Family Sharing;Partial Controller Support;Single-player;Steam Achievements;Steam Cloud,Early Access;Indie;Strategy,2D;Card Battler;Card Game;Cats;Colorful;Cute;Deckbuilding;Early Access;Indie;Pixel Graphics;Procedural Generation;Replay Value;Rogue-like;Rogue-lite;Roguelike Deckbuilder;Singleplayer;Strategy;Turn-Based Strategy,Cats &amp; Dice is a dice-building roguelike all about getting the right synergies to pull off crazy combos and attain as high a score as you possibly can.   The Cats (maneki-neko) are the mainstay of the game. Every Cat has its own passive ability that can affect how you approach a run. All Cats generate a dice unique to them at the start of each round (for instance there's a Cat that will create a dice with only four on all sides). There is no additional drawing of dice from your deck or the l,"{""text_match"": 0.008370771, ""cosine_similarity"": 0.48489875, ""reranker_score"": -7.757739}"
2026-02-10T20:07:49+00:00,CORTEX_DB.RAW.CAT_GAMES_SVC_1_5,default,"early access tile-building worldbuilder, time traveler, far-future cats rule the galaxy","early access tile-building worldbuilder, time traveler, far-future cats rule the galaxy",[],,False,,,,keyword_extreme,0.65,10,100,0,1054,1054,,01c25377-0005-0846-0001-397a0006e8a2,,33,33,,5e-06,5e-06,,5e-06,,,,,[],[],[],[],[],[],,,,,,,True,False,[],[],,,,[],[],,,,7,Cats in Time,0.75092095,2021,Arabic;Bosnian;Croatian;English;French;German;Italian;Japanese;Korean;Portuguese - Portugal;Russian;Serbian;Simplified Chinese;Spanish - Spain;Traditional Chinese,Family Sharing;Full controller support;Remote Play on Phone;Remote Play on Tablet;Single-player;Steam Achievements;Steam Cloud;Steam Trading Cards,Adventure;Casual;Indie,3D;Adventure;Cartoony;Casual;Cats;Collectathon;Cute;Family Friendly;Hidden Object;Indie;Multiplayer;Point & Click;Puzzle;Relaxing;Singleplayer;Time Travel,"Hello explorers! My name is Professor Tim Edger, and I'm the inventor of the time machine and an avid cat lover! Sadly, I have a problem, and maybe YOU can help me. You see, my beloved cats are missing. While playing in the lab, they've activated my time machine and ⚡ ZAP ⚡, now they are lost in space and time! You have to travel from ancient Egypt, all the way to the streets of late 20. century New York, and even beyond the present - to future Tokyo. Your goal is to find all the cats! Please be","{""text_match"": 0.016390158, ""cosine_similarity"": 0.5018419, ""reranker_score"": -8.976228}"
2026-02-10T20:07:49+00:00,CORTEX_DB.RAW.CAT_GAMES_SVC_1_5,default,"early access tile-building worldbuilder, time traveler, far-future cats rule the galaxy","early access tile-building worldbuilder, time traveler, far-future cats rule the galaxy",[],,False,,,,keyword_extreme,0.65,10,100,0,1054,1054,,01c25377-0005-0846-0001-397a0006e8a2,,33,33,,5e-06,5e-06,,5e-06,,,,,[],[],[],[],[],[],,,,,,,True,False,[],[],,,,[],[],,,,8,"Cats, Guns & Robots",0.7406439499999999,2024,English;French;German;Italian;Japanese;Portuguese - Brazil;Russian;Simplified Chinese;Spanish - Spain;Traditional Chinese;Turkish,Family Sharing;Single-player,Action;Casual;Early Access;Indie;RPG,Action;Action RPG;Action Roguelike;Arena Shooter;Bullet Hell;Dark Fantasy;Difficult;Dungeon Crawler;Early Access;Hack and Slash;Isometric;Perma Death;RPG;Replay Value;Rogue-like;Rogue-lite;Sci-fi;Shooter;Singleplayer;Survival,"In this action rogue-like game, survive evil robot attacks, gain XP by killing them and upgrade your weapons and character for the next room. It's all about strategy, reflexes, and smart choices. Exciting Action-Packed Roguelike Gameplay! Buy and upgrade your weapons and equipment! Gain XP by killing evil robots and upgrade your character! Careful choice of weapons and character abilities will be the key to winning! THE STORY Humans and advanced robots have been living in peace and harmony for c","{""text_match"": 0.004478933, ""cosine_similarity"": 0.4812879, ""reranker_score"": -8.030291}"
2026-02-10T20:07:49+00:00,CORTEX_DB.RAW.CAT_GAMES_SVC_1_5,default,"early access tile-building worldbuilder, time traveler, far-future cats rule the galaxy","early access tile-building worldbuilder, time traveler, far-future cats rule the galaxy",[],,False,,,,keyword_extreme,0.65,10,100,0,1054,1054,,01c25377-0005-0846-0001-397a0006e8a2,,33,33,,5e-06,5e-06,,5e-06,,,,,[],[],[],[],[],[],,,,,,,True,False,[],[],,,,[],[],,,,9,Starcats,0.747171225,2018,English,Family Sharing;Full controller support;Multi-player;PvP;Remote Play Together;Shared/Split Screen;Shared/Split Screen PvP,Action;Casual;Indie,Action;Casual;Indie;Local Co-Op;Procedural Generation,"Four cats have broken out of prison on a distant alien planet. They must steal a ship and escape before their suits run out of power. If only they could decide who should be captain. Work with and against your cohorts to become the captain, commandeer a new ship, and escape. Key Features Cooperation is a strategy, not a requirement. Make temporary allies, break promises, and watch out for backstabbers. 2-4 player local multiplayer Procedurally generated maps Cats! (in both corporeal and spectral","{""text_match"": 1.5035945e-07, ""cosine_similarity"": 0.49434245, ""reranker_score"": -8.733501}"
2026-02-10T20:07:49+00:00,CORTEX_DB.RAW.CAT_GAMES_SVC_1_5,default,"early access tile-building worldbuilder, time traveler, far-future cats rule the galaxy","early access tile-building worldbuilder, time traveler, far-future cats rule the galaxy",[],,False,,,,keyword_extreme,0.65,10,100,0,1054,1054,,01c25377-0005-0846-0001-397a0006e8a2,,33,33,,5e-06,5e-06,,5e-06,,,,,[],[],[],[],[],[],,,,,,,True,False,[],[],,,,[],[],,,,10,时间之神的猫,0.73960235,2021,English;Simplified Chinese,Family Sharing;Single-player,Casual;Indie;Strategy,2D;Cartoon;Casual;Cats;Colorful;Cute;Difficult;Fantasy;Indie;Logic;Pixel Graphics;Puzzle;Singleplayer;Strategy;Time Management;Time Manipulation;Time Travel,"A holy cat came to the mortal world to eat fish. It has no frontal combat capability, nor can it sneak in stealth. But it has its own unique skill-time travel. When the mortal guards followed the timeline to track the cat's figure, they had fallen into a trap. By rationally planning when to appear, the cat will play around with the guard. After eating countless fish, the cat discovered that the most powerful force is not time travel, but wisdom. Cat just want to eat fish There is no complicated ","{""text_match"": 0.027771892, ""cosine_similarity"": 0.4792047, ""reranker_score"": -8.321358}"
2026-02-10T20:07:50+00:00,CORTEX_DB.RAW.CAT_GAMES_SVC_1_5,default,"early access tile-building worldbuilder, time traveler, far-future cats rule the galaxy","early access tile-building worldbuilder, time traveler, far-future cats rule the galaxy",[],,False,,,,keyword_extreme,0.75,10,100,0,947,947,,01c25377-0005-0843-0001-397a0006d55e,,44,44,,7e-06,7e-06,,7e-06,,,,,[],[],[],[],[],[],,,,,,,True,False,[],[],,,,[],[],,,,1,Nekokami - The Human Restoration Project,0.80188948,2024,English;Japanese;Simplified Chinese,Adjustable Difficulty;Adjustable Text Size;Camera Comfort;Co-op;Custom Volume Controls;Family Sharing;Full controller support;Mouse Only Option;Multi-player;Playable without Timed Input;Shared/Split Screen;Shared/Split Screen Co-op;Single-player;Steam Achievements;Steam Cloud,Adventure;Casual;Early Access;Indie;RPG,3D;Building;Casual;Cats;Colorful;Cozy;Cute;Early Access;Family Friendly;Funny;Hand-drawn;Immersive Sim;Indie;Life Sim;Local Co-Op;Nature;Puzzle;RPG;Relaxing;Story Rich,"✨ Nekokami is a meditative, calming tile building game where you play as a time-traveler to a far future Milky Way managed by... benevolent Future Cats with super advanced technologies. Why it has to be the Cats? And where are the Humans?     In Nekokami, you will: 🌏 Create beautiful worlds of natural habitats and human settlements with strategic, or spontaneous, placement of tiles in a unique hand-drawn-like art style. 🌌 Follow an epic, whimsical yet heartwarming story of Human-Cat friendship, ","{""text_match"": 0.123294316, ""cosine_similarity"": 0.60377896, ""reranker_score"": -1.9542317}"
2026-02-10T20:07:50+00:00,CORTEX_DB.RAW.CAT_GAMES_SVC_1_5,default,"early access tile-building worldbuilder, time traveler, far-future cats rule the galaxy","early access tile-building worldbuilder, time traveler, far-future cats rule the galaxy",[],,False,,,,keyword_extreme,0.75,10,100,0,947,947,,01c25377-0005-0843-0001-397a0006d55e,,44,44,,7e-06,7e-06,,7e-06,,,,,[],[],[],[],[],[],,,,,,,True,False,[],[],,,,[],[],,,,2,Whiskers on Time's Corner,0.75369853,2024,English;Japanese;Simplified Chinese;Spanish - Spain;Traditional Chinese,Family Sharing;Single-player;Steam Achievements;Steam Cloud,Casual;Early Access;Indie,Action RPG;Action-Adventure;Atmospheric;Cartoon;Cartoony;Casual;Cats;Choices Matter;Cute;Dating Sim;Early Access;Emotional;Exploration;Funny;Indie;Multiple Endings;Relaxing;Singleplayer;Survival;Walking Simulator,"In a beautiful little town, you take on the role of a cat and experience life from its perspective. [Life as a Cat] You need to rummage through trash cans and recycling bins to find food. Remember the locations where food can be found and try your luck when hunger strikes. Always keep an eye on the weather—rain will quickly drain the cat's stamina, so make sure to find shelter under roofs to stay dry and maintain your energy. [Cat Stories] At the Rice Ball House, Mrs. Rice Ball occasionally give","{""text_match"": 0.0051822537, ""cosine_similarity"": 0.50739706, ""reranker_score"": -8.195908}"
2026-02-10T20:07:50+00:00,CORTEX_DB.RAW.CAT_GAMES_SVC_1_5,default,"early access tile-building worldbuilder, time traveler, far-future cats rule the galaxy","early access tile-building worldbuilder, time traveler, far-future cats rule the galaxy",[],,False,,,,keyword_extreme,0.75,10,100,0,947,947,,01c25377-0005-0843-0001-397a0006d55e,,44,44,,7e-06,7e-06,,7e-06,,,,,[],[],[],[],[],[],,,,,,,True,False,[],[],,,,[],[],,,,3,Laser Battle Cats - travel & destroy!,0.75918425,2025,English;German;Japanese;Polish;Simplified Chinese,Family Sharing;Single-player;Steam Achievements,Action;Casual,2D;Action;Arcade;Building;Casual;Cats;Colorful;Combat;Crafting;Early Access;Gun Customization;Mechs;Pixel Graphics;Puzzle-Platformer;Shoot 'Em Up;Shooter;Side Scroller;Singleplayer,"Wouldn't everyone want to have a giant laser battle cat to overcome life's challenges with a devastating beam? Collect Kittens! The game offers 5 kittens, each with different stats and appearances. Unlock them by completing levels and give them names. Feed them radioactive milk to make them bigger and stronger. Conquer Five Continents! Your cat is equipped with a vest—build a laser mechanism on it. Generate power, store it in batteries, and fire away. Use rotating and sliding parts to reach all ","{""text_match"": 0.010430452, ""cosine_similarity"": 0.5183685, ""reranker_score"": -9.087628}"
2026-02-10T20:07:50+00:00,CORTEX_DB.RAW.CAT_GAMES_SVC_1_5,default,"early access tile-building worldbuilder, time traveler, far-future cats rule the galaxy","early access tile-building worldbuilder, time traveler, far-future cats rule the galaxy",[],,False,,,,keyword_extreme,0.75,10,100,0,947,947,,01c25377-0005-0843-0001-397a0006d55e,,44,44,,7e-06,7e-06,,7e-06,,,,,[],[],[],[],[],[],,,,,,,True,False,[],[],,,,[],[],,,,4,Cats in Time,0.75092095,2021,Arabic;Bosnian;Croatian;English;French;German;Italian;Japanese;Korean;Portuguese - Portugal;Russian;Serbian;Simplified Chinese;Spanish - Spain;Traditional Chinese,Family Sharing;Full controller support;Remote Play on Phone;Remote Play on Tablet;Single-player;Steam Achievements;Steam Cloud;Steam Trading Cards,Adventure;Casual;Indie,3D;Adventure;Cartoony;Casual;Cats;Collectathon;Cute;Family Friendly;Hidden Object;Indie;Multiplayer;Point & Click;Puzzle;Relaxing;Singleplayer;Time Travel,"Hello explorers! My name is Professor Tim Edger, and I'm the inventor of the time machine and an avid cat lover! Sadly, I have a problem, and maybe YOU can help me. You see, my beloved cats are missing. While playing in the lab, they've activated my time machine and ⚡ ZAP ⚡, now they are lost in space and time! You have to travel from ancient Egypt, all the way to the streets of late 20. century New York, and even beyond the present - to future Tokyo. Your goal is to find all the cats! Please be","{""text_match"": 0.016390158, ""cosine_similarity"": 0.5018419, ""reranker_score"": -8.976228}"
2026-02-10T20:07:52+00:00,CORTEX_DB.RAW.CAT_GAMES_SVC_1_5,default,"early access tile-building worldbuilder, time traveler, far-future cats rule the galaxy","early access tile-building worldbuilder, time traveler, far-future cats rule the galaxy",[],,False,,,,no_reranker_balanced,0.3,10,100,0,1022,1022,,01c25377-0005-0847-0001-397a0006cb46,,68,68,,1e-05,1e-05,,1e-05,,,,,[],[],[],[],[],[],,,,,,,True,False,[],[],,,,[],[],,,,1,Nekokami - The Human Restoration Project,0.80188948,2024,English;Japanese;Simplified Chinese,Adjustable Difficulty;Adjustable Text Size;Camera Comfort;Co-op;Custom Volume Controls;Family Sharing;Full controller support;Mouse Only Option;Multi-player;Playable without Timed Input;Shared/Split Screen;Shared/Split Screen Co-op;Single-player;Steam Achievements;Steam Cloud,Adventure;Casual;Early Access;Indie;RPG,3D;Building;Casual;Cats;Colorful;Cozy;Cute;Early Access;Family Friendly;Funny;Hand-drawn;Immersive Sim;Indie;Life Sim;Local Co-Op;Nature;Puzzle;RPG;Relaxing;Story Rich,"✨ Nekokami is a meditative, calming tile building game where you play as a time-traveler to a far future Milky Way managed by... benevolent Future Cats with super advanced technologies. Why it has to be the Cats? And where are the Humans?     In Nekokami, you will: 🌏 Create beautiful worlds of natural habitats and human settlements with strategic, or spontaneous, placement of tiles in a unique hand-drawn-like art style. 🌌 Follow an epic, whimsical yet heartwarming story of Human-Cat friendship, ","{""text_match"": 0.123294316, ""cosine_similarity"": 0.60377896}"
2026-02-10T20:07:52+00:00,CORTEX_DB.RAW.CAT_GAMES_SVC_1_5,default,"early access tile-building worldbuilder, time traveler, far-future cats rule the galaxy","early access tile-building worldbuilder, time traveler, far-future cats rule the galaxy",[],,False,,,,no_reranker_balanced,0.3,10,100,0,1022,1022,,01c25377-0005-0847-0001-397a0006cb46,,68,68,,1e-05,1e-05,,1e-05,,,,,[],[],[],[],[],[],,,,,,,True,False,[],[],,,,[],[],,,,2,Laser Battle Cats - travel & destroy!,0.75918425,2025,English;German;Japanese;Polish;Simplified Chinese,Family Sharing;Single-player;Steam Achievements,Action;Casual,2D;Action;Arcade;Building;Casual;Cats;Colorful;Combat;Crafting;Early Access;Gun Customization;Mechs;Pixel Graphics;Puzzle-Platformer;Shoot 'Em Up;Shooter;Side Scroller;Singleplayer,"Wouldn't everyone want to have a giant laser battle cat to overcome life's challenges with a devastating beam? Collect Kittens! The game offers 5 kittens, each with different stats and appearances. Unlock them by completing levels and give them names. Feed them radioactive milk to make them bigger and stronger. Conquer Five Continents! Your cat is equipped with a vest—build a laser mechanism on it. Generate power, store it in batteries, and fire away. Use rotating and sliding parts to reach all ","{""text_match"": 0.010430452, ""cosine_similarity"": 0.5183685}"
2026-02-10T20:07:52+00:00,CORTEX_DB.RAW.CAT_GAMES_SVC_1_5,default,"early access tile-building worldbuilder, time traveler, far-future cats rule the galaxy","early access tile-building worldbuilder, time traveler, far-future cats rule the galaxy",[],,False,,,,no_reranker_balanced,0.3,10,100,0,1022,1022,,01c25377-0005-0847-0001-397a0006cb46,,68,68,,1e-05,1e-05,,1e-05,,,,,[],[],[],[],[],[],,,,,,,True,False,[],[],,,,[],[],,,,3,Whiskers on Time's Corner,0.75369853,2024,English;Japanese;Simplified Chinese;Spanish - Spain;Traditional Chinese,Family Sharing;Single-player;Steam Achievements;Steam Cloud,Casual;Early Access;Indie,Action RPG;Action-Adventure;Atmospheric;Cartoon;Cartoony;Casual;Cats;Choices Matter;Cute;Dating Sim;Early Access;Emotional;Exploration;Funny;Indie;Multiple Endings;Relaxing;Singleplayer;Survival;Walking Simulator,"In a beautiful little town, you take on the role of a cat and experience life from its perspective. [Life as a Cat] You need to rummage through trash cans and recycling bins to find food. Remember the locations where food can be found and try your luck when hunger strikes. Always keep an eye on the weather—rain will quickly drain the cat's stamina, so make sure to find shelter under roofs to stay dry and maintain your energy. [Cat Stories] At the Rice Ball House, Mrs. Rice Ball occasionally give","{""text_match"": 0.0051822537, ""cosine_similarity"": 0.50739706}"
2026-02-10T20:07:52+00:00,CORTEX_DB.RAW.CAT_GAMES_SVC_1_5,default,"early access tile-building worldbuilder, time traveler, far-future cats rule the galaxy","early access tile-building worldbuilder, time traveler, far-future cats rule the galaxy",[],,False,,,,no_reranker_balanced,0.3,10,100,0,1022,1022,,01c25377-0005-0847-0001-397a0006cb46,,68,68,,1e-05,1e-05,,1e-05,,,,,[],[],[],[],[],[],,,,,,,True,False,[],[],,,,[],[],,,,4,Cats in Time,0.75092095,2021,Arabic;Bosnian;Croatian;English;French;German;Italian;Japanese;Korean;Portuguese - Portugal;Russian;Serbian;Simplified Chinese;Spanish - Spain;Traditional Chinese,Family Sharing;Full controller support;Remote Play on Phone;Remote Play on Tablet;Single-player;Steam Achievements;Steam Cloud;Steam Trading Cards,Adventure;Casual;Indie,3D;Adventure;Cartoony;Casual;Cats;Collectathon;Cute;Family Friendly;Hidden Object;Indie;Multiplayer;Point & Click;Puzzle;Relaxing;Singleplayer;Time Travel,"Hello explorers! My name is Professor Tim Edger, and I'm the inventor of the time machine and an avid cat lover! Sadly, I have a problem, and maybe YOU can help me. You see, my beloved cats are missing. While playing in the lab, they've activated my time machine and ⚡ ZAP ⚡, now they are lost in space and time! You have to travel from ancient Egypt, all the way to the streets of late 20. century New York, and even beyond the present - to future Tokyo. Your goal is to find all the cats! Please be","{""text_match"": 0.016390158, ""cosine_similarity"": 0.5018419}"
2026-02-10T20:07:52+00:00,CORTEX_DB.RAW.CAT_GAMES_SVC_1_5,default,"early access tile-building worldbuilder, time traveler, far-future cats rule the galaxy","early access tile-building worldbuilder, time traveler, far-future cats rule the galaxy",[],,False,,,,no_reranker_balanced,0.3,10,100,0,1022,1022,,01c25377-0005-0847-0001-397a0006cb46,,68,68,,1e-05,1e-05,,1e-05,,,,,[],[],[],[],[],[],,,,,,,True,False,[],[],,,,[],[],,,,5,Bazooka Cat: First Episode,0.745574115,2023,English;Russian;Simplified Chinese,Family Sharing;Partial Controller Support;Single-player;Steam Achievements,Action;Adventure;Indie,2D;2D Platformer;Action;Arcade;Atmospheric;Colorful;Controller;Cute;Exploration;Family Friendly;Hero Shooter;Linear;Metroidvania;Pixel Graphics;Platformer;Robots;Shooter;Side Scroller;Space;Story Rich,"What kind of game is this? Bazooka Cat is a platformer made with love inspired by old-school games of the 90s with the use of new technologies and game logic, but what if you add something like tactics to the platformer? How are tactics implemented in the game? Bazooka Cat is a tactical platformer with elements of arcade games. Our cat has special features, he is a fluffy plump cat, his movement speed is reduced, cats are in no hurry! The bazooka is bulky, but it's his favorite weapon. The bazoo","{""text_match"": 0.03836368, ""cosine_similarity"": 0.49114823}"
2026-02-10T20:07:52+00:00,CORTEX_DB.RAW.CAT_GAMES_SVC_1_5,default,"early access tile-building worldbuilder, time traveler, far-future cats rule the galaxy","early access tile-building worldbuilder, time traveler, far-future cats rule the galaxy",[],,False,,,,no_reranker_balanced,0.3,10,100,0,1022,1022,,01c25377-0005-0847-0001-397a0006cb46,,68,68,,1e-05,1e-05,,1e-05,,,,,[],[],[],[],[],[],,,,,,,True,False,[],[],,,,[],[],,,,6,Spelly Cat,0.7473101,2024,English,Family Sharing;Single-player,Adventure;Casual;Early Access;Indie;Strategy,2D;Casual;Cats;Colorful;Cute;Early Access;Education;Fantasy;Grid-Based Movement;Magic;Pixel Graphics;Procedural Generation;Puzzle;Relaxing;Rogue-like;Singleplayer;Spelling;Strategy;Text-Based;Word Game,"CITY WORLD - SPINNY WORD Spin the blocks to unscramble the words! Spelly Cat combines word games, jigsaws, mazes and block puzzles into a fun and challenging game that is perfect for players of all ages. The levels are randomly generated, so each time you play, the challenge is different. Features: Fill your spell book and adventure through the land of Abecedia over 10 different puzzle types 12 worlds - each with their own themed word puzzles DEMO OUT NOW - Click the Download link to check out a","{""text_match"": 0.0037117864, ""cosine_similarity"": 0.4946202}"
2026-02-10T20:07:52+00:00,CORTEX_DB.RAW.CAT_GAMES_SVC_1_5,default,"early access tile-building worldbuilder, time traveler, far-future cats rule the galaxy","early access tile-building worldbuilder, time traveler, far-future cats rule the galaxy",[],,False,,,,no_reranker_balanced,0.3,10,100,0,1022,1022,,01c25377-0005-0847-0001-397a0006cb46,,68,68,,1e-05,1e-05,,1e-05,,,,,[],[],[],[],[],[],,,,,,,True,False,[],[],,,,[],[],,,,7,Starcats,0.747171225,2018,English,Family Sharing;Full controller support;Multi-player;PvP;Remote Play Together;Shared/Split Screen;Shared/Split Screen PvP,Action;Casual;Indie,Action;Casual;Indie;Local Co-Op;Procedural Generation,"Four cats have broken out of prison on a distant alien planet. They must steal a ship and escape before their suits run out of power. If only they could decide who should be captain. Work with and against your cohorts to become the captain, commandeer a new ship, and escape. Key Features Cooperation is a strategy, not a requirement. Make temporary allies, break promises, and watch out for backstabbers. 2-4 player local multiplayer Procedurally generated maps Cats! (in both corporeal and spectral","{""text_match"": 1.5035945e-07, ""cosine_similarity"": 0.49434245}"
2026-02-10T20:07:52+00:00,CORTEX_DB.RAW.CAT_GAMES_SVC_1_5,default,"early access tile-building worldbuilder, time traveler, far-future cats rule the galaxy","early access tile-building worldbuilder, time traveler, far-future cats rule the galaxy",[],,False,,,,no_reranker_balanced,0.3,10,100,0,1022,1022,,01c25377-0005-0847-0001-397a0006cb46,,68,68,,1e-05,1e-05,,1e-05,,,,,[],[],[],[],[],[],,,,,,,True,False,[],[],,,,[],[],,,,8,Space Cats Tactics,0.744879725,2023,English;German;Japanese;Russian;Simplified Chinese;Traditional Chinese,Captions available;Family Sharing;Full controller support;Single-player;Steam Achievements,Indie;RPG;Strategy,Base-Building;Cats;Character Customization;Cute;Cyberpunk;Exploration;Funny;Military;RPG;Sci-fi;Space;Space Sim;Story Rich;Strategy;Tactical RPG;Top-Down;Turn-Based;Turn-Based Combat;Turn-Based Strategy;Turn-Based Tactics,"Join my Discord: Made by a solo developer, Space Cats Tactics brings together the nerve-wracking battles of turn-based strategy games and the powerful epic stories of space opera. Combining grid- and turn-based tactical combat (as seen in games like XCOM and Divinity: Original Sin) and inside-ship crew management (like in games such as FTL and Star Command Galaxies), in Space Cats Tactics you will have to be on your toes and think every step very carefully! KEY FEATURES Fight nerve-wracking spac","{""text_match"": 0.0072519043, ""cosine_similarity"": 0.48975945}"
2026-02-10T20:07:52+00:00,CORTEX_DB.RAW.CAT_GAMES_SVC_1_5,default,"early access tile-building worldbuilder, time traveler, far-future cats rule the galaxy","early access tile-building worldbuilder, time traveler, far-future cats rule the galaxy",[],,False,,,,no_reranker_balanced,0.3,10,100,0,1022,1022,,01c25377-0005-0847-0001-397a0006cb46,,68,68,,1e-05,1e-05,,1e-05,,,,,[],[],[],[],[],[],,,,,,,True,False,[],[],,,,[],[],,,,9,时间之神的猫,0.73960235,2021,English;Simplified Chinese,Family Sharing;Single-player,Casual;Indie;Strategy,2D;Cartoon;Casual;Cats;Colorful;Cute;Difficult;Fantasy;Indie;Logic;Pixel Graphics;Puzzle;Singleplayer;Strategy;Time Management;Time Manipulation;Time Travel,"A holy cat came to the mortal world to eat fish. It has no frontal combat capability, nor can it sneak in stealth. But it has its own unique skill-time travel. When the mortal guards followed the timeline to track the cat's figure, they had fallen into a trap. By rationally planning when to appear, the cat will play around with the guard. After eating countless fish, the cat discovered that the most powerful force is not time travel, but wisdom. Cat just want to eat fish There is no complicated ","{""text_match"": 0.027771892, ""cosine_similarity"": 0.4792047}"
2026-02-10T20:07:52+00:00,CORTEX_DB.RAW.CAT_GAMES_SVC_1_5,default,"early access tile-building worldbuilder, time traveler, far-future cats rule the galaxy","early access tile-building worldbuilder, time traveler, far-future cats rule the galaxy",[],,False,,,,no_reranker_balanced,0.3,10,100,0,1022,1022,,01c25377-0005-0847-0001-397a0006cb46,,68,68,,1e-05,1e-05,,1e-05,,,,,[],[],[],[],[],[],,,,,,,True,False,[],[],,,,[],[],,,,10,Cats & Dice,0.742449375,2025,English;Simplified Chinese;Traditional Chinese,Family Sharing;Partial Controller Support;Single-player;Steam Achievements;Steam Cloud,Early Access;Indie;Strategy,2D;Card Battler;Card Game;Cats;Colorful;Cute;Deckbuilding;Early Access;Indie;Pixel Graphics;Procedural Generation;Replay Value;Rogue-like;Rogue-lite;Roguelike Deckbuilder;Singleplayer;Strategy;Turn-Based Strategy,Cats &amp; Dice is a dice-building roguelike all about getting the right synergies to pull off crazy combos and attain as high a score as you possibly can.   The Cats (maneki-neko) are the mainstay of the game. Every Cat has its own passive ability that can affect how you approach a run. All Cats generate a dice unique to them at the start of each round (for instance there's a Cat that will create a dice with only four on all sides). There is no additional drawing of dice from your deck or the l,"{""text_match"": 0.008370771, ""cosine_similarity"": 0.48489875}"
2026-02-10T20:07:53+00:00,CORTEX_DB.RAW.CAT_GAMES_SVC_1_5,default,"early access tile-building worldbuilder, time traveler, far-future cats rule the galaxy","early access tile-building worldbuilder, time traveler, far-future cats rule the galaxy",[],,False,,,,no_reranker_balanced,0.65,10,100,0,1022,1022,,01c25377-0005-0864-0001-397a0006ba96,,34,34,,5e-06,5e-06,,5e-06,,,,,[],[],[],[],[],[],,,,,,,True,False,[],[],,,,[],[],,,,1,Nekokami - The Human Restoration Project,0.80188948,2024,English;Japanese;Simplified Chinese,Adjustable Difficulty;Adjustable Text Size;Camera Comfort;Co-op;Custom Volume Controls;Family Sharing;Full controller support;Mouse Only Option;Multi-player;Playable without Timed Input;Shared/Split Screen;Shared/Split Screen Co-op;Single-player;Steam Achievements;Steam Cloud,Adventure;Casual;Early Access;Indie;RPG,3D;Building;Casual;Cats;Colorful;Cozy;Cute;Early Access;Family Friendly;Funny;Hand-drawn;Immersive Sim;Indie;Life Sim;Local Co-Op;Nature;Puzzle;RPG;Relaxing;Story Rich,"✨ Nekokami is a meditative, calming tile building game where you play as a time-traveler to a far future Milky Way managed by... benevolent Future Cats with super advanced technologies. Why it has to be the Cats? And where are the Humans?     In Nekokami, you will: 🌏 Create beautiful worlds of natural habitats and human settlements with strategic, or spontaneous, placement of tiles in a unique hand-drawn-like art style. 🌌 Follow an epic, whimsical yet heartwarming story of Human-Cat friendship, ","{""text_match"": 0.123294316, ""cosine_similarity"": 0.60377896}"
2026-02-10T20:07:53+00:00,CORTEX_DB.RAW.CAT_GAMES_SVC_1_5,default,"early access tile-building worldbuilder, time traveler, far-future cats rule the galaxy","early access tile-building worldbuilder, time traveler, far-future cats rule the galaxy",[],,False,,,,no_reranker_balanced,0.65,10,100,0,1022,1022,,01c25377-0005-0864-0001-397a0006ba96,,34,34,,5e-06,5e-06,,5e-06,,,,,[],[],[],[],[],[],,,,,,,True,False,[],[],,,,[],[],,,,2,Laser Battle Cats - travel & destroy!,0.75918425,2025,English;German;Japanese;Polish;Simplified Chinese,Family Sharing;Single-player;Steam Achievements,Action;Casual,2D;Action;Arcade;Building;Casual;Cats;Colorful;Combat;Crafting;Early Access;Gun Customization;Mechs;Pixel Graphics;Puzzle-Platformer;Shoot 'Em Up;Shooter;Side Scroller;Singleplayer,"Wouldn't everyone want to have a giant laser battle cat to overcome life's challenges with a devastating beam? Collect Kittens! The game offers 5 kittens, each with different stats and appearances. Unlock them by completing levels and give them names. Feed them radioactive milk to make them bigger and stronger. Conquer Five Continents! Your cat is equipped with a vest—build a laser mechanism on it. Generate power, store it in batteries, and fire away. Use rotating and sliding parts to reach all ","{""text_match"": 0.010430452, ""cosine_similarity"": 0.5183685}"
2026-02-10T20:07:53+00:00,CORTEX_DB.RAW.CAT_GAMES_SVC_1_5,default,"early access tile-building worldbuilder, time traveler, far-future cats rule the galaxy","early access tile-building worldbuilder, time traveler, far-future cats rule the galaxy",[],,False,,,,no_reranker_balanced,0.65,10,100,0,1022,1022,,01c25377-0005-0864-0001-397a0006ba96,,34,34,,5e-06,5e-06,,5e-06,,,,,[],[],[],[],[],[],,,,,,,True,False,[],[],,,,[],[],,,,3,Whiskers on Time's Corner,0.75369853,2024,English;Japanese;Simplified Chinese;Spanish - Spain;Traditional Chinese,Family Sharing;Single-player;Steam Achievements;Steam Cloud,Casual;Early Access;Indie,Action RPG;Action-Adventure;Atmospheric;Cartoon;Cartoony;Casual;Cats;Choices Matter;Cute;Dating Sim;Early Access;Emotional;Exploration;Funny;Indie;Multiple Endings;Relaxing;Singleplayer;Survival;Walking Simulator,"In a beautiful little town, you take on the role of a cat and experience life from its perspective. [Life as a Cat] You need to rummage through trash cans and recycling bins to find food. Remember the locations where food can be found and try your luck when hunger strikes. Always keep an eye on the weather—rain will quickly drain the cat's stamina, so make sure to find shelter under roofs to stay dry and maintain your energy. [Cat Stories] At the Rice Ball House, Mrs. Rice Ball occasionally give","{""text_match"": 0.0051822537, ""cosine_similarity"": 0.50739706}"
2026-02-10T20:07:53+00:00,CORTEX_DB.RAW.CAT_GAMES_SVC_1_5,default,"early access tile-building worldbuilder, time traveler, far-future cats rule the galaxy","early access tile-building worldbuilder, time traveler, far-future cats rule the galaxy",[],,False,,,,no_reranker_balanced,0.65,10,100,0,1022,1022,,01c25377-0005-0864-0001-397a0006ba96,,34,34,,5e-06,5e-06,,5e-06,,,,,[],[],[],[],[],[],,,,,,,True,False,[],[],,,,[],[],,,,4,Cats in Time,0.75092095,2021,Arabic;Bosnian;Croatian;English;French;German;Italian;Japanese;Korean;Portuguese - Portugal;Russian;Serbian;Simplified Chinese;Spanish - Spain;Traditional Chinese,Family Sharing;Full controller support;Remote Play on Phone;Remote Play on Tablet;Single-player;Steam Achievements;Steam Cloud;Steam Trading Cards,Adventure;Casual;Indie,3D;Adventure;Cartoony;Casual;Cats;Collectathon;Cute;Family Friendly;Hidden Object;Indie;Multiplayer;Point & Click;Puzzle;Relaxing;Singleplayer;Time Travel,"Hello explorers! My name is Professor Tim Edger, and I'm the inventor of the time machine and an avid cat lover! Sadly, I have a problem, and maybe YOU can help me. You see, my beloved cats are missing. While playing in the lab, they've activated my time machine and ⚡ ZAP ⚡, now they are lost in space and time! You have to travel from ancient Egypt, all the way to the streets of late 20. century New York, and even beyond the present - to future Tokyo. Your goal is to find all the cats! Please be","{""text_match"": 0.016390158, ""cosine_similarity"": 0.5018419}"
2026-02-10T20:07:53+00:00,CORTEX_DB.RAW.CAT_GAMES_SVC_1_5,default,"early access tile-building worldbuilder, time traveler, far-future cats rule the galaxy","early access tile-building worldbuilder, time traveler, far-future cats rule the galaxy",[],,False,,,,no_reranker_balanced,0.65,10,100,0,1022,1022,,01c25377-0005-0864-0001-397a0006ba96,,34,34,,5e-06,5e-06,,5e-06,,,,,[],[],[],[],[],[],,,,,,,True,False,[],[],,,,[],[],,,,5,Bazooka Cat: First Episode,0.745574115,2023,English;Russian;Simplified Chinese,Family Sharing;Partial Controller Support;Single-player;Steam Achievements,Action;Adventure;Indie,2D;2D Platformer;Action;Arcade;Atmospheric;Colorful;Controller;Cute;Exploration;Family Friendly;Hero Shooter;Linear;Metroidvania;Pixel Graphics;Platformer;Robots;Shooter;Side Scroller;Space;Story Rich,"What kind of game is this? Bazooka Cat is a platformer made with love inspired by old-school games of the 90s with the use of new technologies and game logic, but what if you add something like tactics to the platformer? How are tactics implemented in the game? Bazooka Cat is a tactical platformer with elements of arcade games. Our cat has special features, he is a fluffy plump cat, his movement speed is reduced, cats are in no hurry! The bazooka is bulky, but it's his favorite weapon. The bazoo","{""text_match"": 0.03836368, ""cosine_similarity"": 0.49114823}"
2026-02-10T20:07:53+00:00,CORTEX_DB.RAW.CAT_GAMES_SVC_1_5,default,"early access tile-building worldbuilder, time traveler, far-future cats rule the galaxy","early access tile-building worldbuilder, time traveler, far-future cats rule the galaxy",[],,False,,,,no_reranker_balanced,0.65,10,100,0,1022,1022,,01c25377-0005-0864-0001-397a0006ba96,,34,34,,5e-06,5e-06,,5e-06,,,,,[],[],[],[],[],[],,,,,,,True,False,[],[],,,,[],[],,,,6,Spelly Cat,0.7473101,2024,English,Family Sharing;Single-player,Adventure;Casual;Early Access;Indie;Strategy,2D;Casual;Cats;Colorful;Cute;Early Access;Education;Fantasy;Grid-Based Movement;Magic;Pixel Graphics;Procedural Generation;Puzzle;Relaxing;Rogue-like;Singleplayer;Spelling;Strategy;Text-Based;Word Game,"CITY WORLD - SPINNY WORD Spin the blocks to unscramble the words! Spelly Cat combines word games, jigsaws, mazes and block puzzles into a fun and challenging game that is perfect for players of all ages. The levels are randomly generated, so each time you play, the challenge is different. Features: Fill your spell book and adventure through the land of Abecedia over 10 different puzzle types 12 worlds - each with their own themed word puzzles DEMO OUT NOW - Click the Download link to check out a","{""text_match"": 0.0037117864, ""cosine_similarity"": 0.4946202}"
2026-02-10T20:07:53+00:00,CORTEX_DB.RAW.CAT_GAMES_SVC_1_5,default,"early access tile-building worldbuilder, time traveler, far-future cats rule the galaxy","early access tile-building worldbuilder, time traveler, far-future cats rule the galaxy",[],,False,,,,no_reranker_balanced,0.65,10,100,0,1022,1022,,01c25377-0005-0864-0001-397a0006ba96,,34,34,,5e-06,5e-06,,5e-06,,,,,[],[],[],[],[],[],,,,,,,True,False,[],[],,,,[],[],,,,7,Starcats,0.747171225,2018,English,Family Sharing;Full controller support;Multi-player;PvP;Remote Play Together;Shared/Split Screen;Shared/Split Screen PvP,Action;Casual;Indie,Action;Casual;Indie;Local Co-Op;Procedural Generation,"Four cats have broken out of prison on a distant alien planet. They must steal a ship and escape before their suits run out of power. If only they could decide who should be captain. Work with and against your cohorts to become the captain, commandeer a new ship, and escape. Key Features Cooperation is a strategy, not a requirement. Make temporary allies, break promises, and watch out for backstabbers. 2-4 player local multiplayer Procedurally generated maps Cats! (in both corporeal and spectral","{""text_match"": 1.5035945e-07, ""cosine_similarity"": 0.49434245}"
2026-02-10T20:07:53+00:00,CORTEX_DB.RAW.CAT_GAMES_SVC_1_5,default,"early access tile-building worldbuilder, time traveler, far-future cats rule the galaxy","early access tile-building worldbuilder, time traveler, far-future cats rule the galaxy",[],,False,,,,no_reranker_balanced,0.65,10,100,0,1022,1022,,01c25377-0005-0864-0001-397a0006ba96,,34,34,,5e-06,5e-06,,5e-06,,,,,[],[],[],[],[],[],,,,,,,True,False,[],[],,,,[],[],,,,8,Space Cats Tactics,0.744879725,2023,English;German;Japanese;Russian;Simplified Chinese;Traditional Chinese,Captions available;Family Sharing;Full controller support;Single-player;Steam Achievements,Indie;RPG;Strategy,Base-Building;Cats;Character Customization;Cute;Cyberpunk;Exploration;Funny;Military;RPG;Sci-fi;Space;Space Sim;Story Rich;Strategy;Tactical RPG;Top-Down;Turn-Based;Turn-Based Combat;Turn-Based Strategy;Turn-Based Tactics,"Join my Discord: Made by a solo developer, Space Cats Tactics brings together the nerve-wracking battles of turn-based strategy games and the powerful epic stories of space opera. Combining grid- and turn-based tactical combat (as seen in games like XCOM and Divinity: Original Sin) and inside-ship crew management (like in games such as FTL and Star Command Galaxies), in Space Cats Tactics you will have to be on your toes and think every step very carefully! KEY FEATURES Fight nerve-wracking spac","{""text_match"": 0.0072519043, ""cosine_similarity"": 0.48975945}"
2026-02-10T20:07:53+00:00,CORTEX_DB.RAW.CAT_GAMES_SVC_1_5,default,"early access tile-building worldbuilder, time traveler, far-future cats rule the galaxy","early access tile-building worldbuilder, time traveler, far-future cats rule the galaxy",[],,False,,,,no_reranker_balanced,0.65,10,100,0,1022,1022,,01c25377-0005-0864-0001-397a0006ba96,,34,34,,5e-06,5e-06,,5e-06,,,,,[],[],[],[],[],[],,,,,,,True,False,[],[],,,,[],[],,,,9,时间之神的猫,0.73960235,2021,English;Simplified Chinese,Family Sharing;Single-player,Casual;Indie;Strategy,2D;Cartoon;Casual;Cats;Colorful;Cute;Difficult;Fantasy;Indie;Logic;Pixel Graphics;Puzzle;Singleplayer;Strategy;Time Management;Time Manipulation;Time Travel,"A holy cat came to the mortal world to eat fish. It has no frontal combat capability, nor can it sneak in stealth. But it has its own unique skill-time travel. When the mortal guards followed the timeline to track the cat's figure, they had fallen into a trap. By rationally planning when to appear, the cat will play around with the guard. After eating countless fish, the cat discovered that the most powerful force is not time travel, but wisdom. Cat just want to eat fish There is no complicated ","{""text_match"": 0.027771892, ""cosine_similarity"": 0.4792047}"
2026-02-10T20:07:53+00:00,CORTEX_DB.RAW.CAT_GAMES_SVC_1_5,default,"early access tile-building worldbuilder, time traveler, far-future cats rule the galaxy","early access tile-building worldbuilder, time traveler, far-future cats rule the galaxy",[],,False,,,,no_reranker_balanced,0.65,10,100,0,1022,1022,,01c25377-0005-0864-0001-397a0006ba96,,34,34,,5e-06,5e-06,,5e-06,,,,,[],[],[],[],[],[],,,,,,,True,False,[],[],,,,[],[],,,,10,Cats & Dice,0.742449375,2025,English;Simplified Chinese;Traditional Chinese,Family Sharing;Partial Controller Support;Single-player;Steam Achievements;Steam Cloud,Early Access;Indie;Strategy,2D;Card Battler;Card Game;Cats;Colorful;Cute;Deckbuilding;Early Access;Indie;Pixel Graphics;Procedural Generation;Replay Value;Rogue-like;Rogue-lite;Roguelike Deckbuilder;Singleplayer;Strategy;Turn-Based Strategy,Cats &amp; Dice is a dice-building roguelike all about getting the right synergies to pull off crazy combos and attain as high a score as you possibly can.   The Cats (maneki-neko) are the mainstay of the game. Every Cat has its own passive ability that can affect how you approach a run. All Cats generate a dice unique to them at the start of each round (for instance there's a Cat that will create a dice with only four on all sides). There is no additional drawing of dice from your deck or the l,"{""text_match"": 0.008370771, ""cosine_similarity"": 0.48489875}"
2026-02-10T20:07:54+00:00,CORTEX_DB.RAW.CAT_GAMES_SVC_1_5,default,"early access tile-building worldbuilder, time traveler, far-future cats rule the galaxy","early access tile-building worldbuilder, time traveler, far-future cats rule the galaxy",[],,False,,,,no_reranker_balanced,0.75,10,100,0,920,920,,01c25377-0005-0864-0001-397a0006ba9a,,35,35,,5e-06,5e-06,,5e-06,,,,,[],[],[],[],[],[],,,,,,,True,False,[],[],,,,[],[],,,,1,Nekokami - The Human Restoration Project,0.80188948,2024,English;Japanese;Simplified Chinese,Adjustable Difficulty;Adjustable Text Size;Camera Comfort;Co-op;Custom Volume Controls;Family Sharing;Full controller support;Mouse Only Option;Multi-player;Playable without Timed Input;Shared/Split Screen;Shared/Split Screen Co-op;Single-player;Steam Achievements;Steam Cloud,Adventure;Casual;Early Access;Indie;RPG,3D;Building;Casual;Cats;Colorful;Cozy;Cute;Early Access;Family Friendly;Funny;Hand-drawn;Immersive Sim;Indie;Life Sim;Local Co-Op;Nature;Puzzle;RPG;Relaxing;Story Rich,"✨ Nekokami is a meditative, calming tile building game where you play as a time-traveler to a far future Milky Way managed by... benevolent Future Cats with super advanced technologies. Why it has to be the Cats? And where are the Humans?     In Nekokami, you will: 🌏 Create beautiful worlds of natural habitats and human settlements with strategic, or spontaneous, placement of tiles in a unique hand-drawn-like art style. 🌌 Follow an epic, whimsical yet heartwarming story of Human-Cat friendship, ","{""text_match"": 0.123294316, ""cosine_similarity"": 0.60377896}"
2026-02-10T20:07:54+00:00,CORTEX_DB.RAW.CAT_GAMES_SVC_1_5,default,"early access tile-building worldbuilder, time traveler, far-future cats rule the galaxy","early access tile-building worldbuilder, time traveler, far-future cats rule the galaxy",[],,False,,,,no_reranker_balanced,0.75,10,100,0,920,920,,01c25377-0005-0864-0001-397a0006ba9a,,35,35,,5e-06,5e-06,,5e-06,,,,,[],[],[],[],[],[],,,,,,,True,False,[],[],,,,[],[],,,,2,Laser Battle Cats - travel & destroy!,0.75918425,2025,English;German;Japanese;Polish;Simplified Chinese,Family Sharing;Single-player;Steam Achievements,Action;Casual,2D;Action;Arcade;Building;Casual;Cats;Colorful;Combat;Crafting;Early Access;Gun Customization;Mechs;Pixel Graphics;Puzzle-Platformer;Shoot 'Em Up;Shooter;Side Scroller;Singleplayer,"Wouldn't everyone want to have a giant laser battle cat to overcome life's challenges with a devastating beam? Collect Kittens! The game offers 5 kittens, each with different stats and appearances. Unlock them by completing levels and give them names. Feed them radioactive milk to make them bigger and stronger. Conquer Five Continents! Your cat is equipped with a vest—build a laser mechanism on it. Generate power, store it in batteries, and fire away. Use rotating and sliding parts to reach all ","{""text_match"": 0.010430452, ""cosine_similarity"": 0.5183685}"
2026-02-10T20:07:54+00:00,CORTEX_DB.RAW.CAT_GAMES_SVC_1_5,default,"early access tile-building worldbuilder, time traveler, far-future cats rule the galaxy","early access tile-building worldbuilder, time traveler, far-future cats rule the galaxy",[],,False,,,,no_reranker_balanced,0.75,10,100,0,920,920,,01c25377-0005-0864-0001-397a0006ba9a,,35,35,,5e-06,5e-06,,5e-06,,,,,[],[],[],[],[],[],,,,,,,True,False,[],[],,,,[],[],,,,3,Whiskers on Time's Corner,0.75369853,2024,English;Japanese;Simplified Chinese;Spanish - Spain;Traditional Chinese,Family Sharing;Single-player;Steam Achievements;Steam Cloud,Casual;Early Access;Indie,Action RPG;Action-Adventure;Atmospheric;Cartoon;Cartoony;Casual;Cats;Choices Matter;Cute;Dating Sim;Early Access;Emotional;Exploration;Funny;Indie;Multiple Endings;Relaxing;Singleplayer;Survival;Walking Simulator,"In a beautiful little town, you take on the role of a cat and experience life from its perspective. [Life as a Cat] You need to rummage through trash cans and recycling bins to find food. Remember the locations where food can be found and try your luck when hunger strikes. Always keep an eye on the weather—rain will quickly drain the cat's stamina, so make sure to find shelter under roofs to stay dry and maintain your energy. [Cat Stories] At the Rice Ball House, Mrs. Rice Ball occasionally give","{""text_match"": 0.0051822537, ""cosine_similarity"": 0.50739706}"
2026-02-10T20:07:54+00:00,CORTEX_DB.RAW.CAT_GAMES_SVC_1_5,default,"early access tile-building worldbuilder, time traveler, far-future cats rule the galaxy","early access tile-building worldbuilder, time traveler, far-future cats rule the galaxy",[],,False,,,,no_reranker_balanced,0.75,10,100,0,920,920,,01c25377-0005-0864-0001-397a0006ba9a,,35,35,,5e-06,5e-06,,5e-06,,,,,[],[],[],[],[],[],,,,,,,True,False,[],[],,,,[],[],,,,4,Cats in Time,0.75092095,2021,Arabic;Bosnian;Croatian;English;French;German;Italian;Japanese;Korean;Portuguese - Portugal;Russian;Serbian;Simplified Chinese;Spanish - Spain;Traditional Chinese,Family Sharing;Full controller support;Remote Play on Phone;Remote Play on Tablet;Single-player;Steam Achievements;Steam Cloud;Steam Trading Cards,Adventure;Casual;Indie,3D;Adventure;Cartoony;Casual;Cats;Collectathon;Cute;Family Friendly;Hidden Object;Indie;Multiplayer;Point & Click;Puzzle;Relaxing;Singleplayer;Time Travel,"Hello explorers! My name is Professor Tim Edger, and I'm the inventor of the time machine and an avid cat lover! Sadly, I have a problem, and maybe YOU can help me. You see, my beloved cats are missing. While playing in the lab, they've activated my time machine and ⚡ ZAP ⚡, now they are lost in space and time! You have to travel from ancient Egypt, all the way to the streets of late 20. century New York, and even beyond the present - to future Tokyo. Your goal is to find all the cats! Please be","{""text_match"": 0.016390158, ""cosine_similarity"": 0.5018419}"
2026-02-10T20:07:56+00:00,CORTEX_DB.RAW.CAT_GAMES_SVC_1_5,default,"early access tile-building worldbuilder, time traveler, far-future cats rule the galaxy","early access tile-building worldbuilder, time traveler, far-future cats rule the galaxy",[],,False,,,,low_latency,0.3,10,100,0,922,922,,01c25377-0005-0843-0001-397a0006d56e,,41,41,,6e-06,6e-06,,6e-06,,,,,[],[],[],[],[],[],,,,,,,True,False,[],[],,,,[],[],,,,1,Nekokami - The Human Restoration Project,0.80188948,2024,English;Japanese;Simplified Chinese,Adjustable Difficulty;Adjustable Text Size;Camera Comfort;Co-op;Custom Volume Controls;Family Sharing;Full controller support;Mouse Only Option;Multi-player;Playable without Timed Input;Shared/Split Screen;Shared/Split Screen Co-op;Single-player;Steam Achievements;Steam Cloud,Adventure;Casual;Early Access;Indie;RPG,3D;Building;Casual;Cats;Colorful;Cozy;Cute;Early Access;Family Friendly;Funny;Hand-drawn;Immersive Sim;Indie;Life Sim;Local Co-Op;Nature;Puzzle;RPG;Relaxing;Story Rich,"✨ Nekokami is a meditative, calming tile building game where you play as a time-traveler to a far future Milky Way managed by... benevolent Future Cats with super advanced technologies. Why it has to be the Cats? And where are the Humans?     In Nekokami, you will: 🌏 Create beautiful worlds of natural habitats and human settlements with strategic, or spontaneous, placement of tiles in a unique hand-drawn-like art style. 🌌 Follow an epic, whimsical yet heartwarming story of Human-Cat friendship, ","{""text_match"": 0.123294316, ""cosine_similarity"": 0.60377896}"
2026-02-10T20:07:56+00:00,CORTEX_DB.RAW.CAT_GAMES_SVC_1_5,default,"early access tile-building worldbuilder, time traveler, far-future cats rule the galaxy","early access tile-building worldbuilder, time traveler, far-future cats rule the galaxy",[],,False,,,,low_latency,0.3,10,100,0,922,922,,01c25377-0005-0843-0001-397a0006d56e,,41,41,,6e-06,6e-06,,6e-06,,,,,[],[],[],[],[],[],,,,,,,True,False,[],[],,,,[],[],,,,2,Laser Battle Cats - travel & destroy!,0.75918425,2025,English;German;Japanese;Polish;Simplified Chinese,Family Sharing;Single-player;Steam Achievements,Action;Casual,2D;Action;Arcade;Building;Casual;Cats;Colorful;Combat;Crafting;Early Access;Gun Customization;Mechs;Pixel Graphics;Puzzle-Platformer;Shoot 'Em Up;Shooter;Side Scroller;Singleplayer,"Wouldn't everyone want to have a giant laser battle cat to overcome life's challenges with a devastating beam? Collect Kittens! The game offers 5 kittens, each with different stats and appearances. Unlock them by completing levels and give them names. Feed them radioactive milk to make them bigger and stronger. Conquer Five Continents! Your cat is equipped with a vest—build a laser mechanism on it. Generate power, store it in batteries, and fire away. Use rotating and sliding parts to reach all ","{""text_match"": 0.010430452, ""cosine_similarity"": 0.5183685}"
2026-02-10T20:07:56+00:00,CORTEX_DB.RAW.CAT_GAMES_SVC_1_5,default,"early access tile-building worldbuilder, time traveler, far-future cats rule the galaxy","early access tile-building worldbuilder, time traveler, far-future cats rule the galaxy",[],,False,,,,low_latency,0.3,10,100,0,922,922,,01c25377-0005-0843-0001-397a0006d56e,,41,41,,6e-06,6e-06,,6e-06,,,,,[],[],[],[],[],[],,,,,,,True,False,[],[],,,,[],[],,,,3,Whiskers on Time's Corner,0.75369853,2024,English;Japanese;Simplified Chinese;Spanish - Spain;Traditional Chinese,Family Sharing;Single-player;Steam Achievements;Steam Cloud,Casual;Early Access;Indie,Action RPG;Action-Adventure;Atmospheric;Cartoon;Cartoony;Casual;Cats;Choices Matter;Cute;Dating Sim;Early Access;Emotional;Exploration;Funny;Indie;Multiple Endings;Relaxing;Singleplayer;Survival;Walking Simulator,"In a beautiful little town, you take on the role of a cat and experience life from its perspective. [Life as a Cat] You need to rummage through trash cans and recycling bins to find food. Remember the locations where food can be found and try your luck when hunger strikes. Always keep an eye on the weather—rain will quickly drain the cat's stamina, so make sure to find shelter under roofs to stay dry and maintain your energy. [Cat Stories] At the Rice Ball House, Mrs. Rice Ball occasionally give","{""text_match"": 0.0051822537, ""cosine_similarity"": 0.50739706}"
2026-02-10T20:07:56+00:00,CORTEX_DB.RAW.CAT_GAMES_SVC_1_5,default,"early access tile-building worldbuilder, time traveler, far-future cats rule the galaxy","early access tile-building worldbuilder, time traveler, far-future cats rule the galaxy",[],,False,,,,low_latency,0.3,10,100,0,922,922,,01c25377-0005-0843-0001-397a0006d56e,,41,41,,6e-06,6e-06,,6e-06,,,,,[],[],[],[],[],[],,,,,,,True,False,[],[],,,,[],[],,,,4,Cats in Time,0.75092095,2021,Arabic;Bosnian;Croatian;English;French;German;Italian;Japanese;Korean;Portuguese - Portugal;Russian;Serbian;Simplified Chinese;Spanish - Spain;Traditional Chinese,Family Sharing;Full controller support;Remote Play on Phone;Remote Play on Tablet;Single-player;Steam Achievements;Steam Cloud;Steam Trading Cards,Adventure;Casual;Indie,3D;Adventure;Cartoony;Casual;Cats;Collectathon;Cute;Family Friendly;Hidden Object;Indie;Multiplayer;Point & Click;Puzzle;Relaxing;Singleplayer;Time Travel,"Hello explorers! My name is Professor Tim Edger, and I'm the inventor of the time machine and an avid cat lover! Sadly, I have a problem, and maybe YOU can help me. You see, my beloved cats are missing. While playing in the lab, they've activated my time machine and ⚡ ZAP ⚡, now they are lost in space and time! You have to travel from ancient Egypt, all the way to the streets of late 20. century New York, and even beyond the present - to future Tokyo. Your goal is to find all the cats! Please be","{""text_match"": 0.016390158, ""cosine_similarity"": 0.5018419}"
2026-02-10T20:07:56+00:00,CORTEX_DB.RAW.CAT_GAMES_SVC_1_5,default,"early access tile-building worldbuilder, time traveler, far-future cats rule the galaxy","early access tile-building worldbuilder, time traveler, far-future cats rule the galaxy",[],,False,,,,low_latency,0.3,10,100,0,922,922,,01c25377-0005-0843-0001-397a0006d56e,,41,41,,6e-06,6e-06,,6e-06,,,,,[],[],[],[],[],[],,,,,,,True,False,[],[],,,,[],[],,,,5,Bazooka Cat: First Episode,0.745574115,2023,English;Russian;Simplified Chinese,Family Sharing;Partial Controller Support;Single-player;Steam Achievements,Action;Adventure;Indie,2D;2D Platformer;Action;Arcade;Atmospheric;Colorful;Controller;Cute;Exploration;Family Friendly;Hero Shooter;Linear;Metroidvania;Pixel Graphics;Platformer;Robots;Shooter;Side Scroller;Space;Story Rich,"What kind of game is this? Bazooka Cat is a platformer made with love inspired by old-school games of the 90s with the use of new technologies and game logic, but what if you add something like tactics to the platformer? How are tactics implemented in the game? Bazooka Cat is a tactical platformer with elements of arcade games. Our cat has special features, he is a fluffy plump cat, his movement speed is reduced, cats are in no hurry! The bazooka is bulky, but it's his favorite weapon. The bazoo","{""text_match"": 0.03836368, ""cosine_similarity"": 0.49114823}"
2026-02-10T20:07:56+00:00,CORTEX_DB.RAW.CAT_GAMES_SVC_1_5,default,"early access tile-building worldbuilder, time traveler, far-future cats rule the galaxy","early access tile-building worldbuilder, time traveler, far-future cats rule the galaxy",[],,False,,,,low_latency,0.3,10,100,0,922,922,,01c25377-0005-0843-0001-397a0006d56e,,41,41,,6e-06,6e-06,,6e-06,,,,,[],[],[],[],[],[],,,,,,,True,False,[],[],,,,[],[],,,,6,Spelly Cat,0.7473101,2024,English,Family Sharing;Single-player,Adventure;Casual;Early Access;Indie;Strategy,2D;Casual;Cats;Colorful;Cute;Early Access;Education;Fantasy;Grid-Based Movement;Magic;Pixel Graphics;Procedural Generation;Puzzle;Relaxing;Rogue-like;Singleplayer;Spelling;Strategy;Text-Based;Word Game,"CITY WORLD - SPINNY WORD Spin the blocks to unscramble the words! Spelly Cat combines word games, jigsaws, mazes and block puzzles into a fun and challenging game that is perfect for players of all ages. The levels are randomly generated, so each time you play, the challenge is different. Features: Fill your spell book and adventure through the land of Abecedia over 10 different puzzle types 12 worlds - each with their own themed word puzzles DEMO OUT NOW - Click the Download link to check out a","{""text_match"": 0.0037117864, ""cosine_similarity"": 0.4946202}"
2026-02-10T20:07:56+00:00,CORTEX_DB.RAW.CAT_GAMES_SVC_1_5,default,"early access tile-building worldbuilder, time traveler, far-future cats rule the galaxy","early access tile-building worldbuilder, time traveler, far-future cats rule the galaxy",[],,False,,,,low_latency,0.3,10,100,0,922,922,,01c25377-0005-0843-0001-397a0006d56e,,41,41,,6e-06,6e-06,,6e-06,,,,,[],[],[],[],[],[],,,,,,,True,False,[],[],,,,[],[],,,,7,Starcats,0.747171225,2018,English,Family Sharing;Full controller support;Multi-player;PvP;Remote Play Together;Shared/Split Screen;Shared/Split Screen PvP,Action;Casual;Indie,Action;Casual;Indie;Local Co-Op;Procedural Generation,"Four cats have broken out of prison on a distant alien planet. They must steal a ship and escape before their suits run out of power. If only they could decide who should be captain. Work with and against your cohorts to become the captain, commandeer a new ship, and escape. Key Features Cooperation is a strategy, not a requirement. Make temporary allies, break promises, and watch out for backstabbers. 2-4 player local multiplayer Procedurally generated maps Cats! (in both corporeal and spectral","{""text_match"": 1.5035945e-07, ""cosine_similarity"": 0.49434245}"
2026-02-10T20:07:56+00:00,CORTEX_DB.RAW.CAT_GAMES_SVC_1_5,default,"early access tile-building worldbuilder, time traveler, far-future cats rule the galaxy","early access tile-building worldbuilder, time traveler, far-future cats rule the galaxy",[],,False,,,,low_latency,0.3,10,100,0,922,922,,01c25377-0005-0843-0001-397a0006d56e,,41,41,,6e-06,6e-06,,6e-06,,,,,[],[],[],[],[],[],,,,,,,True,False,[],[],,,,[],[],,,,8,Space Cats Tactics,0.744879725,2023,English;German;Japanese;Russian;Simplified Chinese;Traditional Chinese,Captions available;Family Sharing;Full controller support;Single-player;Steam Achievements,Indie;RPG;Strategy,Base-Building;Cats;Character Customization;Cute;Cyberpunk;Exploration;Funny;Military;RPG;Sci-fi;Space;Space Sim;Story Rich;Strategy;Tactical RPG;Top-Down;Turn-Based;Turn-Based Combat;Turn-Based Strategy;Turn-Based Tactics,"Join my Discord: Made by a solo developer, Space Cats Tactics brings together the nerve-wracking battles of turn-based strategy games and the powerful epic stories of space opera. Combining grid- and turn-based tactical combat (as seen in games like XCOM and Divinity: Original Sin) and inside-ship crew management (like in games such as FTL and Star Command Galaxies), in Space Cats Tactics you will have to be on your toes and think every step very carefully! KEY FEATURES Fight nerve-wracking spac","{""text_match"": 0.0072519043, ""cosine_similarity"": 0.48975945}"
2026-02-10T20:07:56+00:00,CORTEX_DB.RAW.CAT_GAMES_SVC_1_5,default,"early access tile-building worldbuilder, time traveler, far-future cats rule the galaxy","early access tile-building worldbuilder, time traveler, far-future cats rule the galaxy",[],,False,,,,low_latency,0.3,10,100,0,922,922,,01c25377-0005-0843-0001-397a0006d56e,,41,41,,6e-06,6e-06,,6e-06,,,,,[],[],[],[],[],[],,,,,,,True,False,[],[],,,,[],[],,,,9,时间之神的猫,0.73960235,2021,English;Simplified Chinese,Family Sharing;Single-player,Casual;Indie;Strategy,2D;Cartoon;Casual;Cats;Colorful;Cute;Difficult;Fantasy;Indie;Logic;Pixel Graphics;Puzzle;Singleplayer;Strategy;Time Management;Time Manipulation;Time Travel,"A holy cat came to the mortal world to eat fish. It has no frontal combat capability, nor can it sneak in stealth. But it has its own unique skill-time travel. When the mortal guards followed the timeline to track the cat's figure, they had fallen into a trap. By rationally planning when to appear, the cat will play around with the guard. After eating countless fish, the cat discovered that the most powerful force is not time travel, but wisdom. Cat just want to eat fish There is no complicated ","{""text_match"": 0.027771892, ""cosine_similarity"": 0.4792047}"
2026-02-10T20:07:56+00:00,CORTEX_DB.RAW.CAT_GAMES_SVC_1_5,default,"early access tile-building worldbuilder, time traveler, far-future cats rule the galaxy","early access tile-building worldbuilder, time traveler, far-future cats rule the galaxy",[],,False,,,,low_latency,0.3,10,100,0,922,922,,01c25377-0005-0843-0001-397a0006d56e,,41,41,,6e-06,6e-06,,6e-06,,,,,[],[],[],[],[],[],,,,,,,True,False,[],[],,,,[],[],,,,10,Cats & Dice,0.742449375,2025,English;Simplified Chinese;Traditional Chinese,Family Sharing;Partial Controller Support;Single-player;Steam Achievements;Steam Cloud,Early Access;Indie;Strategy,2D;Card Battler;Card Game;Cats;Colorful;Cute;Deckbuilding;Early Access;Indie;Pixel Graphics;Procedural Generation;Replay Value;Rogue-like;Rogue-lite;Roguelike Deckbuilder;Singleplayer;Strategy;Turn-Based Strategy,Cats &amp; Dice is a dice-building roguelike all about getting the right synergies to pull off crazy combos and attain as high a score as you possibly can.   The Cats (maneki-neko) are the mainstay of the game. Every Cat has its own passive ability that can affect how you approach a run. All Cats generate a dice unique to them at the start of each round (for instance there's a Cat that will create a dice with only four on all sides). There is no additional drawing of dice from your deck or the l,"{""text_match"": 0.008370771, ""cosine_similarity"": 0.48489875}"
2026-02-10T20:07:57+00:00,CORTEX_DB.RAW.CAT_GAMES_SVC_1_5,default,"early access tile-building worldbuilder, time traveler, far-future cats rule the galaxy","early access tile-building worldbuilder, time traveler, far-future cats rule the galaxy",[],,False,,,,low_latency,0.65,10,100,0,975,975,,01c25377-0005-0843-0001-397a0006d572,,31,31,,5e-06,5e-06,,5e-06,,,,,[],[],[],[],[],[],,,,,,,True,False,[],[],,,,[],[],,,,1,Nekokami - The Human Restoration Project,0.80188948,2024,English;Japanese;Simplified Chinese,Adjustable Difficulty;Adjustable Text Size;Camera Comfort;Co-op;Custom Volume Controls;Family Sharing;Full controller support;Mouse Only Option;Multi-player;Playable without Timed Input;Shared/Split Screen;Shared/Split Screen Co-op;Single-player;Steam Achievements;Steam Cloud,Adventure;Casual;Early Access;Indie;RPG,3D;Building;Casual;Cats;Colorful;Cozy;Cute;Early Access;Family Friendly;Funny;Hand-drawn;Immersive Sim;Indie;Life Sim;Local Co-Op;Nature;Puzzle;RPG;Relaxing;Story Rich,"✨ Nekokami is a meditative, calming tile building game where you play as a time-traveler to a far future Milky Way managed by... benevolent Future Cats with super advanced technologies. Why it has to be the Cats? And where are the Humans?     In Nekokami, you will: 🌏 Create beautiful worlds of natural habitats and human settlements with strategic, or spontaneous, placement of tiles in a unique hand-drawn-like art style. 🌌 Follow an epic, whimsical yet heartwarming story of Human-Cat friendship, ","{""text_match"": 0.123294316, ""cosine_similarity"": 0.60377896}"
2026-02-10T20:07:57+00:00,CORTEX_DB.RAW.CAT_GAMES_SVC_1_5,default,"early access tile-building worldbuilder, time traveler, far-future cats rule the galaxy","early access tile-building worldbuilder, time traveler, far-future cats rule the galaxy",[],,False,,,,low_latency,0.65,10,100,0,975,975,,01c25377-0005-0843-0001-397a0006d572,,31,31,,5e-06,5e-06,,5e-06,,,,,[],[],[],[],[],[],,,,,,,True,False,[],[],,,,[],[],,,,2,Laser Battle Cats - travel & destroy!,0.75918425,2025,English;German;Japanese;Polish;Simplified Chinese,Family Sharing;Single-player;Steam Achievements,Action;Casual,2D;Action;Arcade;Building;Casual;Cats;Colorful;Combat;Crafting;Early Access;Gun Customization;Mechs;Pixel Graphics;Puzzle-Platformer;Shoot 'Em Up;Shooter;Side Scroller;Singleplayer,"Wouldn't everyone want to have a giant laser battle cat to overcome life's challenges with a devastating beam? Collect Kittens! The game offers 5 kittens, each with different stats and appearances. Unlock them by completing levels and give them names. Feed them radioactive milk to make them bigger and stronger. Conquer Five Continents! Your cat is equipped with a vest—build a laser mechanism on it. Generate power, store it in batteries, and fire away. Use rotating and sliding parts to reach all ","{""text_match"": 0.010430452, ""cosine_similarity"": 0.5183685}"
2026-02-10T20:07:57+00:00,CORTEX_DB.RAW.CAT_GAMES_SVC_1_5,default,"early access tile-building worldbuilder, time traveler, far-future cats rule the galaxy","early access tile-building worldbuilder, time traveler, far-future cats rule the galaxy",[],,False,,,,low_latency,0.65,10,100,0,975,975,,01c25377-0005-0843-0001-397a0006d572,,31,31,,5e-06,5e-06,,5e-06,,,,,[],[],[],[],[],[],,,,,,,True,False,[],[],,,,[],[],,,,3,Whiskers on Time's Corner,0.75369853,2024,English;Japanese;Simplified Chinese;Spanish - Spain;Traditional Chinese,Family Sharing;Single-player;Steam Achievements;Steam Cloud,Casual;Early Access;Indie,Action RPG;Action-Adventure;Atmospheric;Cartoon;Cartoony;Casual;Cats;Choices Matter;Cute;Dating Sim;Early Access;Emotional;Exploration;Funny;Indie;Multiple Endings;Relaxing;Singleplayer;Survival;Walking Simulator,"In a beautiful little town, you take on the role of a cat and experience life from its perspective. [Life as a Cat] You need to rummage through trash cans and recycling bins to find food. Remember the locations where food can be found and try your luck when hunger strikes. Always keep an eye on the weather—rain will quickly drain the cat's stamina, so make sure to find shelter under roofs to stay dry and maintain your energy. [Cat Stories] At the Rice Ball House, Mrs. Rice Ball occasionally give","{""text_match"": 0.0051822537, ""cosine_similarity"": 0.50739706}"
2026-02-10T20:07:57+00:00,CORTEX_DB.RAW.CAT_GAMES_SVC_1_5,default,"early access tile-building worldbuilder, time traveler, far-future cats rule the galaxy","early access tile-building worldbuilder, time traveler, far-future cats rule the galaxy",[],,False,,,,low_latency,0.65,10,100,0,975,975,,01c25377-0005-0843-0001-397a0006d572,,31,31,,5e-06,5e-06,,5e-06,,,,,[],[],[],[],[],[],,,,,,,True,False,[],[],,,,[],[],,,,4,Cats in Time,0.75092095,2021,Arabic;Bosnian;Croatian;English;French;German;Italian;Japanese;Korean;Portuguese - Portugal;Russian;Serbian;Simplified Chinese;Spanish - Spain;Traditional Chinese,Family Sharing;Full controller support;Remote Play on Phone;Remote Play on Tablet;Single-player;Steam Achievements;Steam Cloud;Steam Trading Cards,Adventure;Casual;Indie,3D;Adventure;Cartoony;Casual;Cats;Collectathon;Cute;Family Friendly;Hidden Object;Indie;Multiplayer;Point & Click;Puzzle;Relaxing;Singleplayer;Time Travel,"Hello explorers! My name is Professor Tim Edger, and I'm the inventor of the time machine and an avid cat lover! Sadly, I have a problem, and maybe YOU can help me. You see, my beloved cats are missing. While playing in the lab, they've activated my time machine and ⚡ ZAP ⚡, now they are lost in space and time! You have to travel from ancient Egypt, all the way to the streets of late 20. century New York, and even beyond the present - to future Tokyo. Your goal is to find all the cats! Please be","{""text_match"": 0.016390158, ""cosine_similarity"": 0.5018419}"
2026-02-10T20:07:57+00:00,CORTEX_DB.RAW.CAT_GAMES_SVC_1_5,default,"early access tile-building worldbuilder, time traveler, far-future cats rule the galaxy","early access tile-building worldbuilder, time traveler, far-future cats rule the galaxy",[],,False,,,,low_latency,0.65,10,100,0,975,975,,01c25377-0005-0843-0001-397a0006d572,,31,31,,5e-06,5e-06,,5e-06,,,,,[],[],[],[],[],[],,,,,,,True,False,[],[],,,,[],[],,,,5,Bazooka Cat: First Episode,0.745574115,2023,English;Russian;Simplified Chinese,Family Sharing;Partial Controller Support;Single-player;Steam Achievements,Action;Adventure;Indie,2D;2D Platformer;Action;Arcade;Atmospheric;Colorful;Controller;Cute;Exploration;Family Friendly;Hero Shooter;Linear;Metroidvania;Pixel Graphics;Platformer;Robots;Shooter;Side Scroller;Space;Story Rich,"What kind of game is this? Bazooka Cat is a platformer made with love inspired by old-school games of the 90s with the use of new technologies and game logic, but what if you add something like tactics to the platformer? How are tactics implemented in the game? Bazooka Cat is a tactical platformer with elements of arcade games. Our cat has special features, he is a fluffy plump cat, his movement speed is reduced, cats are in no hurry! The bazooka is bulky, but it's his favorite weapon. The bazoo","{""text_match"": 0.03836368, ""cosine_similarity"": 0.49114823}"
2026-02-10T20:07:57+00:00,CORTEX_DB.RAW.CAT_GAMES_SVC_1_5,default,"early access tile-building worldbuilder, time traveler, far-future cats rule the galaxy","early access tile-building worldbuilder, time traveler, far-future cats rule the galaxy",[],,False,,,,low_latency,0.65,10,100,0,975,975,,01c25377-0005-0843-0001-397a0006d572,,31,31,,5e-06,5e-06,,5e-06,,,,,[],[],[],[],[],[],,,,,,,True,False,[],[],,,,[],[],,,,6,Spelly Cat,0.7473101,2024,English,Family Sharing;Single-player,Adventure;Casual;Early Access;Indie;Strategy,2D;Casual;Cats;Colorful;Cute;Early Access;Education;Fantasy;Grid-Based Movement;Magic;Pixel Graphics;Procedural Generation;Puzzle;Relaxing;Rogue-like;Singleplayer;Spelling;Strategy;Text-Based;Word Game,"CITY WORLD - SPINNY WORD Spin the blocks to unscramble the words! Spelly Cat combines word games, jigsaws, mazes and block puzzles into a fun and challenging game that is perfect for players of all ages. The levels are randomly generated, so each time you play, the challenge is different. Features: Fill your spell book and adventure through the land of Abecedia over 10 different puzzle types 12 worlds - each with their own themed word puzzles DEMO OUT NOW - Click the Download link to check out a","{""text_match"": 0.0037117864, ""cosine_similarity"": 0.4946202}"
2026-02-10T20:07:57+00:00,CORTEX_DB.RAW.CAT_GAMES_SVC_1_5,default,"early access tile-building worldbuilder, time traveler, far-future cats rule the galaxy","early access tile-building worldbuilder, time traveler, far-future cats rule the galaxy",[],,False,,,,low_latency,0.65,10,100,0,975,975,,01c25377-0005-0843-0001-397a0006d572,,31,31,,5e-06,5e-06,,5e-06,,,,,[],[],[],[],[],[],,,,,,,True,False,[],[],,,,[],[],,,,7,Starcats,0.747171225,2018,English,Family Sharing;Full controller support;Multi-player;PvP;Remote Play Together;Shared/Split Screen;Shared/Split Screen PvP,Action;Casual;Indie,Action;Casual;Indie;Local Co-Op;Procedural Generation,"Four cats have broken out of prison on a distant alien planet. They must steal a ship and escape before their suits run out of power. If only they could decide who should be captain. Work with and against your cohorts to become the captain, commandeer a new ship, and escape. Key Features Cooperation is a strategy, not a requirement. Make temporary allies, break promises, and watch out for backstabbers. 2-4 player local multiplayer Procedurally generated maps Cats! (in both corporeal and spectral","{""text_match"": 1.5035945e-07, ""cosine_similarity"": 0.49434245}"
2026-02-10T20:07:57+00:00,CORTEX_DB.RAW.CAT_GAMES_SVC_1_5,default,"early access tile-building worldbuilder, time traveler, far-future cats rule the galaxy","early access tile-building worldbuilder, time traveler, far-future cats rule the galaxy",[],,False,,,,low_latency,0.65,10,100,0,975,975,,01c25377-0005-0843-0001-397a0006d572,,31,31,,5e-06,5e-06,,5e-06,,,,,[],[],[],[],[],[],,,,,,,True,False,[],[],,,,[],[],,,,8,Space Cats Tactics,0.744879725,2023,English;German;Japanese;Russian;Simplified Chinese;Traditional Chinese,Captions available;Family Sharing;Full controller support;Single-player;Steam Achievements,Indie;RPG;Strategy,Base-Building;Cats;Character Customization;Cute;Cyberpunk;Exploration;Funny;Military;RPG;Sci-fi;Space;Space Sim;Story Rich;Strategy;Tactical RPG;Top-Down;Turn-Based;Turn-Based Combat;Turn-Based Strategy;Turn-Based Tactics,"Join my Discord: Made by a solo developer, Space Cats Tactics brings together the nerve-wracking battles of turn-based strategy games and the powerful epic stories of space opera. Combining grid- and turn-based tactical combat (as seen in games like XCOM and Divinity: Original Sin) and inside-ship crew management (like in games such as FTL and Star Command Galaxies), in Space Cats Tactics you will have to be on your toes and think every step very carefully! KEY FEATURES Fight nerve-wracking spac","{""text_match"": 0.0072519043, ""cosine_similarity"": 0.48975945}"
2026-02-10T20:07:57+00:00,CORTEX_DB.RAW.CAT_GAMES_SVC_1_5,default,"early access tile-building worldbuilder, time traveler, far-future cats rule the galaxy","early access tile-building worldbuilder, time traveler, far-future cats rule the galaxy",[],,False,,,,low_latency,0.65,10,100,0,975,975,,01c25377-0005-0843-0001-397a0006d572,,31,31,,5e-06,5e-06,,5e-06,,,,,[],[],[],[],[],[],,,,,,,True,False,[],[],,,,[],[],,,,9,时间之神的猫,0.73960235,2021,English;Simplified Chinese,Family Sharing;Single-player,Casual;Indie;Strategy,2D;Cartoon;Casual;Cats;Colorful;Cute;Difficult;Fantasy;Indie;Logic;Pixel Graphics;Puzzle;Singleplayer;Strategy;Time Management;Time Manipulation;Time Travel,"A holy cat came to the mortal world to eat fish. It has no frontal combat capability, nor can it sneak in stealth. But it has its own unique skill-time travel. When the mortal guards followed the timeline to track the cat's figure, they had fallen into a trap. By rationally planning when to appear, the cat will play around with the guard. After eating countless fish, the cat discovered that the most powerful force is not time travel, but wisdom. Cat just want to eat fish There is no complicated ","{""text_match"": 0.027771892, ""cosine_similarity"": 0.4792047}"
2026-02-10T20:07:57+00:00,CORTEX_DB.RAW.CAT_GAMES_SVC_1_5,default,"early access tile-building worldbuilder, time traveler, far-future cats rule the galaxy","early access tile-building worldbuilder, time traveler, far-future cats rule the galaxy",[],,False,,,,low_latency,0.65,10,100,0,975,975,,01c25377-0005-0843-0001-397a0006d572,,31,31,,5e-06,5e-06,,5e-06,,,,,[],[],[],[],[],[],,,,,,,True,False,[],[],,,,[],[],,,,10,Cats & Dice,0.742449375,2025,English;Simplified Chinese;Traditional Chinese,Family Sharing;Partial Controller Support;Single-player;Steam Achievements;Steam Cloud,Early Access;Indie;Strategy,2D;Card Battler;Card Game;Cats;Colorful;Cute;Deckbuilding;Early Access;Indie;Pixel Graphics;Procedural Generation;Replay Value;Rogue-like;Rogue-lite;Roguelike Deckbuilder;Singleplayer;Strategy;Turn-Based Strategy,Cats &amp; Dice is a dice-building roguelike all about getting the right synergies to pull off crazy combos and attain as high a score as you possibly can.   The Cats (maneki-neko) are the mainstay of the game. Every Cat has its own passive ability that can affect how you approach a run. All Cats generate a dice unique to them at the start of each round (for instance there's a Cat that will create a dice with only four on all sides). There is no additional drawing of dice from your deck or the l,"{""text_match"": 0.008370771, ""cosine_similarity"": 0.48489875}"
2026-02-10T20:07:58+00:00,CORTEX_DB.RAW.CAT_GAMES_SVC_1_5,default,"early access tile-building worldbuilder, time traveler, far-future cats rule the galaxy","early access tile-building worldbuilder, time traveler, far-future cats rule the galaxy",[],,False,,,,low_latency,0.75,10,100,0,969,969,,01c25377-0005-0864-0001-397a0006baa2,,36,36,,5e-06,5e-06,,5e-06,,,,,[],[],[],[],[],[],,,,,,,True,False,[],[],,,,[],[],,,,1,Nekokami - The Human Restoration Project,0.80188948,2024,English;Japanese;Simplified Chinese,Adjustable Difficulty;Adjustable Text Size;Camera Comfort;Co-op;Custom Volume Controls;Family Sharing;Full controller support;Mouse Only Option;Multi-player;Playable without Timed Input;Shared/Split Screen;Shared/Split Screen Co-op;Single-player;Steam Achievements;Steam Cloud,Adventure;Casual;Early Access;Indie;RPG,3D;Building;Casual;Cats;Colorful;Cozy;Cute;Early Access;Family Friendly;Funny;Hand-drawn;Immersive Sim;Indie;Life Sim;Local Co-Op;Nature;Puzzle;RPG;Relaxing;Story Rich,"✨ Nekokami is a meditative, calming tile building game where you play as a time-traveler to a far future Milky Way managed by... benevolent Future Cats with super advanced technologies. Why it has to be the Cats? And where are the Humans?     In Nekokami, you will: 🌏 Create beautiful worlds of natural habitats and human settlements with strategic, or spontaneous, placement of tiles in a unique hand-drawn-like art style. 🌌 Follow an epic, whimsical yet heartwarming story of Human-Cat friendship, ","{""text_match"": 0.123294316, ""cosine_similarity"": 0.60377896}"
2026-02-10T20:07:58+00:00,CORTEX_DB.RAW.CAT_GAMES_SVC_1_5,default,"early access tile-building worldbuilder, time traveler, far-future cats rule the galaxy","early access tile-building worldbuilder, time traveler, far-future cats rule the galaxy",[],,False,,,,low_latency,0.75,10,100,0,969,969,,01c25377-0005-0864-0001-397a0006baa2,,36,36,,5e-06,5e-06,,5e-06,,,,,[],[],[],[],[],[],,,,,,,True,False,[],[],,,,[],[],,,,2,Laser Battle Cats - travel & destroy!,0.75918425,2025,English;German;Japanese;Polish;Simplified Chinese,Family Sharing;Single-player;Steam Achievements,Action;Casual,2D;Action;Arcade;Building;Casual;Cats;Colorful;Combat;Crafting;Early Access;Gun Customization;Mechs;Pixel Graphics;Puzzle-Platformer;Shoot 'Em Up;Shooter;Side Scroller;Singleplayer,"Wouldn't everyone want to have a giant laser battle cat to overcome life's challenges with a devastating beam? Collect Kittens! The game offers 5 kittens, each with different stats and appearances. Unlock them by completing levels and give them names. Feed them radioactive milk to make them bigger and stronger. Conquer Five Continents! Your cat is equipped with a vest—build a laser mechanism on it. Generate power, store it in batteries, and fire away. Use rotating and sliding parts to reach all ","{""text_match"": 0.010430452, ""cosine_similarity"": 0.5183685}"
2026-02-10T20:07:58+00:00,CORTEX_DB.RAW.CAT_GAMES_SVC_1_5,default,"early access tile-building worldbuilder, time traveler, far-future cats rule the galaxy","early access tile-building worldbuilder, time traveler, far-future cats rule the galaxy",[],,False,,,,low_latency,0.75,10,100,0,969,969,,01c25377-0005-0864-0001-397a0006baa2,,36,36,,5e-06,5e-06,,5e-06,,,,,[],[],[],[],[],[],,,,,,,True,False,[],[],,,,[],[],,,,3,Whiskers on Time's Corner,0.75369853,2024,English;Japanese;Simplified Chinese;Spanish - Spain;Traditional Chinese,Family Sharing;Single-player;Steam Achievements;Steam Cloud,Casual;Early Access;Indie,Action RPG;Action-Adventure;Atmospheric;Cartoon;Cartoony;Casual;Cats;Choices Matter;Cute;Dating Sim;Early Access;Emotional;Exploration;Funny;Indie;Multiple Endings;Relaxing;Singleplayer;Survival;Walking Simulator,"In a beautiful little town, you take on the role of a cat and experience life from its perspective. [Life as a Cat] You need to rummage through trash cans and recycling bins to find food. Remember the locations where food can be found and try your luck when hunger strikes. Always keep an eye on the weather—rain will quickly drain the cat's stamina, so make sure to find shelter under roofs to stay dry and maintain your energy. [Cat Stories] At the Rice Ball House, Mrs. Rice Ball occasionally give","{""text_match"": 0.0051822537, ""cosine_similarity"": 0.50739706}"
2026-02-10T20:07:58+00:00,CORTEX_DB.RAW.CAT_GAMES_SVC_1_5,default,"early access tile-building worldbuilder, time traveler, far-future cats rule the galaxy","early access tile-building worldbuilder, time traveler, far-future cats rule the galaxy",[],,False,,,,low_latency,0.75,10,100,0,969,969,,01c25377-0005-0864-0001-397a0006baa2,,36,36,,5e-06,5e-06,,5e-06,,,,,[],[],[],[],[],[],,,,,,,True,False,[],[],,,,[],[],,,,4,Cats in Time,0.75092095,2021,Arabic;Bosnian;Croatian;English;French;German;Italian;Japanese;Korean;Portuguese - Portugal;Russian;Serbian;Simplified Chinese;Spanish - Spain;Traditional Chinese,Family Sharing;Full controller support;Remote Play on Phone;Remote Play on Tablet;Single-player;Steam Achievements;Steam Cloud;Steam Trading Cards,Adventure;Casual;Indie,3D;Adventure;Cartoony;Casual;Cats;Collectathon;Cute;Family Friendly;Hidden Object;Indie;Multiplayer;Point & Click;Puzzle;Relaxing;Singleplayer;Time Travel,"Hello explorers! My name is Professor Tim Edger, and I'm the inventor of the time machine and an avid cat lover! Sadly, I have a problem, and maybe YOU can help me. You see, my beloved cats are missing. While playing in the lab, they've activated my time machine and ⚡ ZAP ⚡, now they are lost in space and time! You have to travel from ancient Egypt, all the way to the streets of late 20. century New York, and even beyond the present - to future Tokyo. Your goal is to find all the cats! Please be","{""text_match"": 0.016390158, ""cosine_similarity"": 0.5018419}"
2026-02-10T20:08:00+00:00,CORTEX_DB.RAW.CAT_GAMES_SVC_1_5,default,"early access tile-building worldbuilder, time traveler, far-future cats rule the galaxy","early access tile-building worldbuilder, time traveler, far-future cats rule the galaxy",[],,False,,,,reranker_heavy,0.3,10,100,0,1126,1126,,01c25377-0005-0864-0001-397a0006baaa,,36,36,,5e-06,5e-06,,5e-06,,,,,[],[],[],[],[],[],,,,,,,True,False,[],[],,,,[],[],,,,1,Nekokami - The Human Restoration Project,0.80188948,2024,English;Japanese;Simplified Chinese,Adjustable Difficulty;Adjustable Text Size;Camera Comfort;Co-op;Custom Volume Controls;Family Sharing;Full controller support;Mouse Only Option;Multi-player;Playable without Timed Input;Shared/Split Screen;Shared/Split Screen Co-op;Single-player;Steam Achievements;Steam Cloud,Adventure;Casual;Early Access;Indie;RPG,3D;Building;Casual;Cats;Colorful;Cozy;Cute;Early Access;Family Friendly;Funny;Hand-drawn;Immersive Sim;Indie;Life Sim;Local Co-Op;Nature;Puzzle;RPG;Relaxing;Story Rich,"✨ Nekokami is a meditative, calming tile building game where you play as a time-traveler to a far future Milky Way managed by... benevolent Future Cats with super advanced technologies. Why it has to be the Cats? And where are the Humans?     In Nekokami, you will: 🌏 Create beautiful worlds of natural habitats and human settlements with strategic, or spontaneous, placement of tiles in a unique hand-drawn-like art style. 🌌 Follow an epic, whimsical yet heartwarming story of Human-Cat friendship, ","{""text_match"": 0.123294316, ""cosine_similarity"": 0.60377896, ""reranker_score"": -1.9542317}"
2026-02-10T20:08:00+00:00,CORTEX_DB.RAW.CAT_GAMES_SVC_1_5,default,"early access tile-building worldbuilder, time traveler, far-future cats rule the galaxy","early access tile-building worldbuilder, time traveler, far-future cats rule the galaxy",[],,False,,,,reranker_heavy,0.3,10,100,0,1126,1126,,01c25377-0005-0864-0001-397a0006baaa,,36,36,,5e-06,5e-06,,5e-06,,,,,[],[],[],[],[],[],,,,,,,True,False,[],[],,,,[],[],,,,2,Whiskers on Time's Corner,0.75369853,2024,English;Japanese;Simplified Chinese;Spanish - Spain;Traditional Chinese,Family Sharing;Single-player;Steam Achievements;Steam Cloud,Casual;Early Access;Indie,Action RPG;Action-Adventure;Atmospheric;Cartoon;Cartoony;Casual;Cats;Choices Matter;Cute;Dating Sim;Early Access;Emotional;Exploration;Funny;Indie;Multiple Endings;Relaxing;Singleplayer;Survival;Walking Simulator,"In a beautiful little town, you take on the role of a cat and experience life from its perspective. [Life as a Cat] You need to rummage through trash cans and recycling bins to find food. Remember the locations where food can be found and try your luck when hunger strikes. Always keep an eye on the weather—rain will quickly drain the cat's stamina, so make sure to find shelter under roofs to stay dry and maintain your energy. [Cat Stories] At the Rice Ball House, Mrs. Rice Ball occasionally give","{""text_match"": 0.0051822537, ""cosine_similarity"": 0.50739706, ""reranker_score"": -8.195908}"
2026-02-10T20:08:00+00:00,CORTEX_DB.RAW.CAT_GAMES_SVC_1_5,default,"early access tile-building worldbuilder, time traveler, far-future cats rule the galaxy","early access tile-building worldbuilder, time traveler, far-future cats rule the galaxy",[],,False,,,,reranker_heavy,0.3,10,100,0,1126,1126,,01c25377-0005-0864-0001-397a0006baaa,,36,36,,5e-06,5e-06,,5e-06,,,,,[],[],[],[],[],[],,,,,,,True,False,[],[],,,,[],[],,,,3,Space Cats Tactics,0.744879725,2023,English;German;Japanese;Russian;Simplified Chinese;Traditional Chinese,Captions available;Family Sharing;Full controller support;Single-player;Steam Achievements,Indie;RPG;Strategy,Base-Building;Cats;Character Customization;Cute;Cyberpunk;Exploration;Funny;Military;RPG;Sci-fi;Space;Space Sim;Story Rich;Strategy;Tactical RPG;Top-Down;Turn-Based;Turn-Based Combat;Turn-Based Strategy;Turn-Based Tactics,"Join my Discord: Made by a solo developer, Space Cats Tactics brings together the nerve-wracking battles of turn-based strategy games and the powerful epic stories of space opera. Combining grid- and turn-based tactical combat (as seen in games like XCOM and Divinity: Original Sin) and inside-ship crew management (like in games such as FTL and Star Command Galaxies), in Space Cats Tactics you will have to be on your toes and think every step very carefully! KEY FEATURES Fight nerve-wracking spac","{""text_match"": 0.0072519043, ""cosine_similarity"": 0.48975945, ""reranker_score"": -7.6419044}"
2026-02-10T20:08:00+00:00,CORTEX_DB.RAW.CAT_GAMES_SVC_1_5,default,"early access tile-building worldbuilder, time traveler, far-future cats rule the galaxy","early access tile-building worldbuilder, time traveler, far-future cats rule the galaxy",[],,False,,,,reranker_heavy,0.3,10,100,0,1126,1126,,01c25377-0005-0864-0001-397a0006baaa,,36,36,,5e-06,5e-06,,5e-06,,,,,[],[],[],[],[],[],,,,,,,True,False,[],[],,,,[],[],,,,4,Laser Battle Cats - travel & destroy!,0.75918425,2025,English;German;Japanese;Polish;Simplified Chinese,Family Sharing;Single-player;Steam Achievements,Action;Casual,2D;Action;Arcade;Building;Casual;Cats;Colorful;Combat;Crafting;Early Access;Gun Customization;Mechs;Pixel Graphics;Puzzle-Platformer;Shoot 'Em Up;Shooter;Side Scroller;Singleplayer,"Wouldn't everyone want to have a giant laser battle cat to overcome life's challenges with a devastating beam? Collect Kittens! The game offers 5 kittens, each with different stats and appearances. Unlock them by completing levels and give them names. Feed them radioactive milk to make them bigger and stronger. Conquer Five Continents! Your cat is equipped with a vest—build a laser mechanism on it. Generate power, store it in batteries, and fire away. Use rotating and sliding parts to reach all ","{""text_match"": 0.010430452, ""cosine_similarity"": 0.5183685, ""reranker_score"": -9.087628}"
2026-02-10T20:08:00+00:00,CORTEX_DB.RAW.CAT_GAMES_SVC_1_5,default,"early access tile-building worldbuilder, time traveler, far-future cats rule the galaxy","early access tile-building worldbuilder, time traveler, far-future cats rule the galaxy",[],,False,,,,reranker_heavy,0.3,10,100,0,1126,1126,,01c25377-0005-0864-0001-397a0006baaa,,36,36,,5e-06,5e-06,,5e-06,,,,,[],[],[],[],[],[],,,,,,,True,False,[],[],,,,[],[],,,,5,Bazooka Cat: First Episode,0.745574115,2023,English;Russian;Simplified Chinese,Family Sharing;Partial Controller Support;Single-player;Steam Achievements,Action;Adventure;Indie,2D;2D Platformer;Action;Arcade;Atmospheric;Colorful;Controller;Cute;Exploration;Family Friendly;Hero Shooter;Linear;Metroidvania;Pixel Graphics;Platformer;Robots;Shooter;Side Scroller;Space;Story Rich,"What kind of game is this? Bazooka Cat is a platformer made with love inspired by old-school games of the 90s with the use of new technologies and game logic, but what if you add something like tactics to the platformer? How are tactics implemented in the game? Bazooka Cat is a tactical platformer with elements of arcade games. Our cat has special features, he is a fluffy plump cat, his movement speed is reduced, cats are in no hurry! The bazooka is bulky, but it's his favorite weapon. The bazoo","{""text_match"": 0.03836368, ""cosine_similarity"": 0.49114823, ""reranker_score"": -7.8480864}"
2026-02-10T20:08:00+00:00,CORTEX_DB.RAW.CAT_GAMES_SVC_1_5,default,"early access tile-building worldbuilder, time traveler, far-future cats rule the galaxy","early access tile-building worldbuilder, time traveler, far-future cats rule the galaxy",[],,False,,,,reranker_heavy,0.3,10,100,0,1126,1126,,01c25377-0005-0864-0001-397a0006baaa,,36,36,,5e-06,5e-06,,5e-06,,,,,[],[],[],[],[],[],,,,,,,True,False,[],[],,,,[],[],,,,6,Cats & Dice,0.742449375,2025,English;Simplified Chinese;Traditional Chinese,Family Sharing;Partial Controller Support;Single-player;Steam Achievements;Steam Cloud,Early Access;Indie;Strategy,2D;Card Battler;Card Game;Cats;Colorful;Cute;Deckbuilding;Early Access;Indie;Pixel Graphics;Procedural Generation;Replay Value;Rogue-like;Rogue-lite;Roguelike Deckbuilder;Singleplayer;Strategy;Turn-Based Strategy,Cats &amp; Dice is a dice-building roguelike all about getting the right synergies to pull off crazy combos and attain as high a score as you possibly can.   The Cats (maneki-neko) are the mainstay of the game. Every Cat has its own passive ability that can affect how you approach a run. All Cats generate a dice unique to them at the start of each round (for instance there's a Cat that will create a dice with only four on all sides). There is no additional drawing of dice from your deck or the l,"{""text_match"": 0.008370771, ""cosine_similarity"": 0.48489875, ""reranker_score"": -7.757739}"
2026-02-10T20:08:00+00:00,CORTEX_DB.RAW.CAT_GAMES_SVC_1_5,default,"early access tile-building worldbuilder, time traveler, far-future cats rule the galaxy","early access tile-building worldbuilder, time traveler, far-future cats rule the galaxy",[],,False,,,,reranker_heavy,0.3,10,100,0,1126,1126,,01c25377-0005-0864-0001-397a0006baaa,,36,36,,5e-06,5e-06,,5e-06,,,,,[],[],[],[],[],[],,,,,,,True,False,[],[],,,,[],[],,,,7,Cats in Time,0.75092095,2021,Arabic;Bosnian;Croatian;English;French;German;Italian;Japanese;Korean;Portuguese - Portugal;Russian;Serbian;Simplified Chinese;Spanish - Spain;Traditional Chinese,Family Sharing;Full controller support;Remote Play on Phone;Remote Play on Tablet;Single-player;Steam Achievements;Steam Cloud;Steam Trading Cards,Adventure;Casual;Indie,3D;Adventure;Cartoony;Casual;Cats;Collectathon;Cute;Family Friendly;Hidden Object;Indie;Multiplayer;Point & Click;Puzzle;Relaxing;Singleplayer;Time Travel,"Hello explorers! My name is Professor Tim Edger, and I'm the inventor of the time machine and an avid cat lover! Sadly, I have a problem, and maybe YOU can help me. You see, my beloved cats are missing. While playing in the lab, they've activated my time machine and ⚡ ZAP ⚡, now they are lost in space and time! You have to travel from ancient Egypt, all the way to the streets of late 20. century New York, and even beyond the present - to future Tokyo. Your goal is to find all the cats! Please be","{""text_match"": 0.016390158, ""cosine_similarity"": 0.5018419, ""reranker_score"": -8.976228}"
2026-02-10T20:08:00+00:00,CORTEX_DB.RAW.CAT_GAMES_SVC_1_5,default,"early access tile-building worldbuilder, time traveler, far-future cats rule the galaxy","early access tile-building worldbuilder, time traveler, far-future cats rule the galaxy",[],,False,,,,reranker_heavy,0.3,10,100,0,1126,1126,,01c25377-0005-0864-0001-397a0006baaa,,36,36,,5e-06,5e-06,,5e-06,,,,,[],[],[],[],[],[],,,,,,,True,False,[],[],,,,[],[],,,,8,"Cats, Guns & Robots",0.7406439499999999,2024,English;French;German;Italian;Japanese;Portuguese - Brazil;Russian;Simplified Chinese;Spanish - Spain;Traditional Chinese;Turkish,Family Sharing;Single-player,Action;Casual;Early Access;Indie;RPG,Action;Action RPG;Action Roguelike;Arena Shooter;Bullet Hell;Dark Fantasy;Difficult;Dungeon Crawler;Early Access;Hack and Slash;Isometric;Perma Death;RPG;Replay Value;Rogue-like;Rogue-lite;Sci-fi;Shooter;Singleplayer;Survival,"In this action rogue-like game, survive evil robot attacks, gain XP by killing them and upgrade your weapons and character for the next room. It's all about strategy, reflexes, and smart choices. Exciting Action-Packed Roguelike Gameplay! Buy and upgrade your weapons and equipment! Gain XP by killing evil robots and upgrade your character! Careful choice of weapons and character abilities will be the key to winning! THE STORY Humans and advanced robots have been living in peace and harmony for c","{""text_match"": 0.004478933, ""cosine_similarity"": 0.4812879, ""reranker_score"": -8.030291}"
2026-02-10T20:08:00+00:00,CORTEX_DB.RAW.CAT_GAMES_SVC_1_5,default,"early access tile-building worldbuilder, time traveler, far-future cats rule the galaxy","early access tile-building worldbuilder, time traveler, far-future cats rule the galaxy",[],,False,,,,reranker_heavy,0.3,10,100,0,1126,1126,,01c25377-0005-0864-0001-397a0006baaa,,36,36,,5e-06,5e-06,,5e-06,,,,,[],[],[],[],[],[],,,,,,,True,False,[],[],,,,[],[],,,,9,Starcats,0.747171225,2018,English,Family Sharing;Full controller support;Multi-player;PvP;Remote Play Together;Shared/Split Screen;Shared/Split Screen PvP,Action;Casual;Indie,Action;Casual;Indie;Local Co-Op;Procedural Generation,"Four cats have broken out of prison on a distant alien planet. They must steal a ship and escape before their suits run out of power. If only they could decide who should be captain. Work with and against your cohorts to become the captain, commandeer a new ship, and escape. Key Features Cooperation is a strategy, not a requirement. Make temporary allies, break promises, and watch out for backstabbers. 2-4 player local multiplayer Procedurally generated maps Cats! (in both corporeal and spectral","{""text_match"": 1.5035945e-07, ""cosine_similarity"": 0.49434245, ""reranker_score"": -8.733501}"
2026-02-10T20:08:00+00:00,CORTEX_DB.RAW.CAT_GAMES_SVC_1_5,default,"early access tile-building worldbuilder, time traveler, far-future cats rule the galaxy","early access tile-building worldbuilder, time traveler, far-future cats rule the galaxy",[],,False,,,,reranker_heavy,0.3,10,100,0,1126,1126,,01c25377-0005-0864-0001-397a0006baaa,,36,36,,5e-06,5e-06,,5e-06,,,,,[],[],[],[],[],[],,,,,,,True,False,[],[],,,,[],[],,,,10,时间之神的猫,0.73960235,2021,English;Simplified Chinese,Family Sharing;Single-player,Casual;Indie;Strategy,2D;Cartoon;Casual;Cats;Colorful;Cute;Difficult;Fantasy;Indie;Logic;Pixel Graphics;Puzzle;Singleplayer;Strategy;Time Management;Time Manipulation;Time Travel,"A holy cat came to the mortal world to eat fish. It has no frontal combat capability, nor can it sneak in stealth. But it has its own unique skill-time travel. When the mortal guards followed the timeline to track the cat's figure, they had fallen into a trap. By rationally planning when to appear, the cat will play around with the guard. After eating countless fish, the cat discovered that the most powerful force is not time travel, but wisdom. Cat just want to eat fish There is no complicated ","{""text_match"": 0.027771892, ""cosine_similarity"": 0.4792047, ""reranker_score"": -8.321358}"
2026-02-10T20:08:01+00:00,CORTEX_DB.RAW.CAT_GAMES_SVC_1_5,default,"early access tile-building worldbuilder, time traveler, far-future cats rule the galaxy","early access tile-building worldbuilder, time traveler, far-future cats rule the galaxy",[],,False,,,,reranker_heavy,0.65,10,100,0,1126,1126,,01c25378-0005-0847-0001-397a0006cb6a,,36,36,,5e-06,5e-06,,5e-06,,,,,[],[],[],[],[],[],,,,,,,True,False,[],[],,,,[],[],,,,1,Nekokami - The Human Restoration Project,0.80188948,2024,English;Japanese;Simplified Chinese,Adjustable Difficulty;Adjustable Text Size;Camera Comfort;Co-op;Custom Volume Controls;Family Sharing;Full controller support;Mouse Only Option;Multi-player;Playable without Timed Input;Shared/Split Screen;Shared/Split Screen Co-op;Single-player;Steam Achievements;Steam Cloud,Adventure;Casual;Early Access;Indie;RPG,3D;Building;Casual;Cats;Colorful;Cozy;Cute;Early Access;Family Friendly;Funny;Hand-drawn;Immersive Sim;Indie;Life Sim;Local Co-Op;Nature;Puzzle;RPG;Relaxing;Story Rich,"✨ Nekokami is a meditative, calming tile building game where you play as a time-traveler to a far future Milky Way managed by... benevolent Future Cats with super advanced technologies. Why it has to be the Cats? And where are the Humans?     In Nekokami, you will: 🌏 Create beautiful worlds of natural habitats and human settlements with strategic, or spontaneous, placement of tiles in a unique hand-drawn-like art style. 🌌 Follow an epic, whimsical yet heartwarming story of Human-Cat friendship, ","{""text_match"": 0.123294316, ""cosine_similarity"": 0.60377896, ""reranker_score"": -1.9542317}"
2026-02-10T20:08:01+00:00,CORTEX_DB.RAW.CAT_GAMES_SVC_1_5,default,"early access tile-building worldbuilder, time traveler, far-future cats rule the galaxy","early access tile-building worldbuilder, time traveler, far-future cats rule the galaxy",[],,False,,,,reranker_heavy,0.65,10,100,0,1126,1126,,01c25378-0005-0847-0001-397a0006cb6a,,36,36,,5e-06,5e-06,,5e-06,,,,,[],[],[],[],[],[],,,,,,,True,False,[],[],,,,[],[],,,,2,Whiskers on Time's Corner,0.75369853,2024,English;Japanese;Simplified Chinese;Spanish - Spain;Traditional Chinese,Family Sharing;Single-player;Steam Achievements;Steam Cloud,Casual;Early Access;Indie,Action RPG;Action-Adventure;Atmospheric;Cartoon;Cartoony;Casual;Cats;Choices Matter;Cute;Dating Sim;Early Access;Emotional;Exploration;Funny;Indie;Multiple Endings;Relaxing;Singleplayer;Survival;Walking Simulator,"In a beautiful little town, you take on the role of a cat and experience life from its perspective. [Life as a Cat] You need to rummage through trash cans and recycling bins to find food. Remember the locations where food can be found and try your luck when hunger strikes. Always keep an eye on the weather—rain will quickly drain the cat's stamina, so make sure to find shelter under roofs to stay dry and maintain your energy. [Cat Stories] At the Rice Ball House, Mrs. Rice Ball occasionally give","{""text_match"": 0.0051822537, ""cosine_similarity"": 0.50739706, ""reranker_score"": -8.195908}"
2026-02-10T20:08:01+00:00,CORTEX_DB.RAW.CAT_GAMES_SVC_1_5,default,"early access tile-building worldbuilder, time traveler, far-future cats rule the galaxy","early access tile-building worldbuilder, time traveler, far-future cats rule the galaxy",[],,False,,,,reranker_heavy,0.65,10,100,0,1126,1126,,01c25378-0005-0847-0001-397a0006cb6a,,36,36,,5e-06,5e-06,,5e-06,,,,,[],[],[],[],[],[],,,,,,,True,False,[],[],,,,[],[],,,,3,Space Cats Tactics,0.744879725,2023,English;German;Japanese;Russian;Simplified Chinese;Traditional Chinese,Captions available;Family Sharing;Full controller support;Single-player;Steam Achievements,Indie;RPG;Strategy,Base-Building;Cats;Character Customization;Cute;Cyberpunk;Exploration;Funny;Military;RPG;Sci-fi;Space;Space Sim;Story Rich;Strategy;Tactical RPG;Top-Down;Turn-Based;Turn-Based Combat;Turn-Based Strategy;Turn-Based Tactics,"Join my Discord: Made by a solo developer, Space Cats Tactics brings together the nerve-wracking battles of turn-based strategy games and the powerful epic stories of space opera. Combining grid- and turn-based tactical combat (as seen in games like XCOM and Divinity: Original Sin) and inside-ship crew management (like in games such as FTL and Star Command Galaxies), in Space Cats Tactics you will have to be on your toes and think every step very carefully! KEY FEATURES Fight nerve-wracking spac","{""text_match"": 0.0072519043, ""cosine_similarity"": 0.48975945, ""reranker_score"": -7.6419044}"
2026-02-10T20:08:01+00:00,CORTEX_DB.RAW.CAT_GAMES_SVC_1_5,default,"early access tile-building worldbuilder, time traveler, far-future cats rule the galaxy","early access tile-building worldbuilder, time traveler, far-future cats rule the galaxy",[],,False,,,,reranker_heavy,0.65,10,100,0,1126,1126,,01c25378-0005-0847-0001-397a0006cb6a,,36,36,,5e-06,5e-06,,5e-06,,,,,[],[],[],[],[],[],,,,,,,True,False,[],[],,,,[],[],,,,4,Laser Battle Cats - travel & destroy!,0.75918425,2025,English;German;Japanese;Polish;Simplified Chinese,Family Sharing;Single-player;Steam Achievements,Action;Casual,2D;Action;Arcade;Building;Casual;Cats;Colorful;Combat;Crafting;Early Access;Gun Customization;Mechs;Pixel Graphics;Puzzle-Platformer;Shoot 'Em Up;Shooter;Side Scroller;Singleplayer,"Wouldn't everyone want to have a giant laser battle cat to overcome life's challenges with a devastating beam? Collect Kittens! The game offers 5 kittens, each with different stats and appearances. Unlock them by completing levels and give them names. Feed them radioactive milk to make them bigger and stronger. Conquer Five Continents! Your cat is equipped with a vest—build a laser mechanism on it. Generate power, store it in batteries, and fire away. Use rotating and sliding parts to reach all ","{""text_match"": 0.010430452, ""cosine_similarity"": 0.5183685, ""reranker_score"": -9.087628}"
2026-02-10T20:08:01+00:00,CORTEX_DB.RAW.CAT_GAMES_SVC_1_5,default,"early access tile-building worldbuilder, time traveler, far-future cats rule the galaxy","early access tile-building worldbuilder, time traveler, far-future cats rule the galaxy",[],,False,,,,reranker_heavy,0.65,10,100,0,1126,1126,,01c25378-0005-0847-0001-397a0006cb6a,,36,36,,5e-06,5e-06,,5e-06,,,,,[],[],[],[],[],[],,,,,,,True,False,[],[],,,,[],[],,,,5,Bazooka Cat: First Episode,0.745574115,2023,English;Russian;Simplified Chinese,Family Sharing;Partial Controller Support;Single-player;Steam Achievements,Action;Adventure;Indie,2D;2D Platformer;Action;Arcade;Atmospheric;Colorful;Controller;Cute;Exploration;Family Friendly;Hero Shooter;Linear;Metroidvania;Pixel Graphics;Platformer;Robots;Shooter;Side Scroller;Space;Story Rich,"What kind of game is this? Bazooka Cat is a platformer made with love inspired by old-school games of the 90s with the use of new technologies and game logic, but what if you add something like tactics to the platformer? How are tactics implemented in the game? Bazooka Cat is a tactical platformer with elements of arcade games. Our cat has special features, he is a fluffy plump cat, his movement speed is reduced, cats are in no hurry! The bazooka is bulky, but it's his favorite weapon. The bazoo","{""text_match"": 0.03836368, ""cosine_similarity"": 0.49114823, ""reranker_score"": -7.8480864}"
2026-02-10T20:08:01+00:00,CORTEX_DB.RAW.CAT_GAMES_SVC_1_5,default,"early access tile-building worldbuilder, time traveler, far-future cats rule the galaxy","early access tile-building worldbuilder, time traveler, far-future cats rule the galaxy",[],,False,,,,reranker_heavy,0.65,10,100,0,1126,1126,,01c25378-0005-0847-0001-397a0006cb6a,,36,36,,5e-06,5e-06,,5e-06,,,,,[],[],[],[],[],[],,,,,,,True,False,[],[],,,,[],[],,,,6,Cats & Dice,0.742449375,2025,English;Simplified Chinese;Traditional Chinese,Family Sharing;Partial Controller Support;Single-player;Steam Achievements;Steam Cloud,Early Access;Indie;Strategy,2D;Card Battler;Card Game;Cats;Colorful;Cute;Deckbuilding;Early Access;Indie;Pixel Graphics;Procedural Generation;Replay Value;Rogue-like;Rogue-lite;Roguelike Deckbuilder;Singleplayer;Strategy;Turn-Based Strategy,Cats &amp; Dice is a dice-building roguelike all about getting the right synergies to pull off crazy combos and attain as high a score as you possibly can.   The Cats (maneki-neko) are the mainstay of the game. Every Cat has its own passive ability that can affect how you approach a run. All Cats generate a dice unique to them at the start of each round (for instance there's a Cat that will create a dice with only four on all sides). There is no additional drawing of dice from your deck or the l,"{""text_match"": 0.008370771, ""cosine_similarity"": 0.48489875, ""reranker_score"": -7.757739}"
2026-02-10T20:08:01+00:00,CORTEX_DB.RAW.CAT_GAMES_SVC_1_5,default,"early access tile-building worldbuilder, time traveler, far-future cats rule the galaxy","early access tile-building worldbuilder, time traveler, far-future cats rule the galaxy",[],,False,,,,reranker_heavy,0.65,10,100,0,1126,1126,,01c25378-0005-0847-0001-397a0006cb6a,,36,36,,5e-06,5e-06,,5e-06,,,,,[],[],[],[],[],[],,,,,,,True,False,[],[],,,,[],[],,,,7,Cats in Time,0.75092095,2021,Arabic;Bosnian;Croatian;English;French;German;Italian;Japanese;Korean;Portuguese - Portugal;Russian;Serbian;Simplified Chinese;Spanish - Spain;Traditional Chinese,Family Sharing;Full controller support;Remote Play on Phone;Remote Play on Tablet;Single-player;Steam Achievements;Steam Cloud;Steam Trading Cards,Adventure;Casual;Indie,3D;Adventure;Cartoony;Casual;Cats;Collectathon;Cute;Family Friendly;Hidden Object;Indie;Multiplayer;Point & Click;Puzzle;Relaxing;Singleplayer;Time Travel,"Hello explorers! My name is Professor Tim Edger, and I'm the inventor of the time machine and an avid cat lover! Sadly, I have a problem, and maybe YOU can help me. You see, my beloved cats are missing. While playing in the lab, they've activated my time machine and ⚡ ZAP ⚡, now they are lost in space and time! You have to travel from ancient Egypt, all the way to the streets of late 20. century New York, and even beyond the present - to future Tokyo. Your goal is to find all the cats! Please be","{""text_match"": 0.016390158, ""cosine_similarity"": 0.5018419, ""reranker_score"": -8.976228}"
2026-02-10T20:08:01+00:00,CORTEX_DB.RAW.CAT_GAMES_SVC_1_5,default,"early access tile-building worldbuilder, time traveler, far-future cats rule the galaxy","early access tile-building worldbuilder, time traveler, far-future cats rule the galaxy",[],,False,,,,reranker_heavy,0.65,10,100,0,1126,1126,,01c25378-0005-0847-0001-397a0006cb6a,,36,36,,5e-06,5e-06,,5e-06,,,,,[],[],[],[],[],[],,,,,,,True,False,[],[],,,,[],[],,,,8,"Cats, Guns & Robots",0.7406439499999999,2024,English;French;German;Italian;Japanese;Portuguese - Brazil;Russian;Simplified Chinese;Spanish - Spain;Traditional Chinese;Turkish,Family Sharing;Single-player,Action;Casual;Early Access;Indie;RPG,Action;Action RPG;Action Roguelike;Arena Shooter;Bullet Hell;Dark Fantasy;Difficult;Dungeon Crawler;Early Access;Hack and Slash;Isometric;Perma Death;RPG;Replay Value;Rogue-like;Rogue-lite;Sci-fi;Shooter;Singleplayer;Survival,"In this action rogue-like game, survive evil robot attacks, gain XP by killing them and upgrade your weapons and character for the next room. It's all about strategy, reflexes, and smart choices. Exciting Action-Packed Roguelike Gameplay! Buy and upgrade your weapons and equipment! Gain XP by killing evil robots and upgrade your character! Careful choice of weapons and character abilities will be the key to winning! THE STORY Humans and advanced robots have been living in peace and harmony for c","{""text_match"": 0.004478933, ""cosine_similarity"": 0.4812879, ""reranker_score"": -8.030291}"
2026-02-10T20:08:01+00:00,CORTEX_DB.RAW.CAT_GAMES_SVC_1_5,default,"early access tile-building worldbuilder, time traveler, far-future cats rule the galaxy","early access tile-building worldbuilder, time traveler, far-future cats rule the galaxy",[],,False,,,,reranker_heavy,0.65,10,100,0,1126,1126,,01c25378-0005-0847-0001-397a0006cb6a,,36,36,,5e-06,5e-06,,5e-06,,,,,[],[],[],[],[],[],,,,,,,True,False,[],[],,,,[],[],,,,9,Starcats,0.747171225,2018,English,Family Sharing;Full controller support;Multi-player;PvP;Remote Play Together;Shared/Split Screen;Shared/Split Screen PvP,Action;Casual;Indie,Action;Casual;Indie;Local Co-Op;Procedural Generation,"Four cats have broken out of prison on a distant alien planet. They must steal a ship and escape before their suits run out of power. If only they could decide who should be captain. Work with and against your cohorts to become the captain, commandeer a new ship, and escape. Key Features Cooperation is a strategy, not a requirement. Make temporary allies, break promises, and watch out for backstabbers. 2-4 player local multiplayer Procedurally generated maps Cats! (in both corporeal and spectral","{""text_match"": 1.5035945e-07, ""cosine_similarity"": 0.49434245, ""reranker_score"": -8.733501}"
2026-02-10T20:08:01+00:00,CORTEX_DB.RAW.CAT_GAMES_SVC_1_5,default,"early access tile-building worldbuilder, time traveler, far-future cats rule the galaxy","early access tile-building worldbuilder, time traveler, far-future cats rule the galaxy",[],,False,,,,reranker_heavy,0.65,10,100,0,1126,1126,,01c25378-0005-0847-0001-397a0006cb6a,,36,36,,5e-06,5e-06,,5e-06,,,,,[],[],[],[],[],[],,,,,,,True,False,[],[],,,,[],[],,,,10,时间之神的猫,0.73960235,2021,English;Simplified Chinese,Family Sharing;Single-player,Casual;Indie;Strategy,2D;Cartoon;Casual;Cats;Colorful;Cute;Difficult;Fantasy;Indie;Logic;Pixel Graphics;Puzzle;Singleplayer;Strategy;Time Management;Time Manipulation;Time Travel,"A holy cat came to the mortal world to eat fish. It has no frontal combat capability, nor can it sneak in stealth. But it has its own unique skill-time travel. When the mortal guards followed the timeline to track the cat's figure, they had fallen into a trap. By rationally planning when to appear, the cat will play around with the guard. After eating countless fish, the cat discovered that the most powerful force is not time travel, but wisdom. Cat just want to eat fish There is no complicated ","{""text_match"": 0.027771892, ""cosine_similarity"": 0.4792047, ""reranker_score"": -8.321358}"
2026-02-10T20:08:02+00:00,CORTEX_DB.RAW.CAT_GAMES_SVC_1_5,default,"early access tile-building worldbuilder, time traveler, far-future cats rule the galaxy","early access tile-building worldbuilder, time traveler, far-future cats rule the galaxy",[],,False,,,,reranker_heavy,0.75,10,100,0,1127,1127,,01c25378-0005-0847-0001-397a0006cb6e,,39,39,,6e-06,6e-06,,6e-06,,,,,[],[],[],[],[],[],,,,,,,True,False,[],[],,,,[],[],,,,1,Nekokami - The Human Restoration Project,0.80188948,2024,English;Japanese;Simplified Chinese,Adjustable Difficulty;Adjustable Text Size;Camera Comfort;Co-op;Custom Volume Controls;Family Sharing;Full controller support;Mouse Only Option;Multi-player;Playable without Timed Input;Shared/Split Screen;Shared/Split Screen Co-op;Single-player;Steam Achievements;Steam Cloud,Adventure;Casual;Early Access;Indie;RPG,3D;Building;Casual;Cats;Colorful;Cozy;Cute;Early Access;Family Friendly;Funny;Hand-drawn;Immersive Sim;Indie;Life Sim;Local Co-Op;Nature;Puzzle;RPG;Relaxing;Story Rich,"✨ Nekokami is a meditative, calming tile building game where you play as a time-traveler to a far future Milky Way managed by... benevolent Future Cats with super advanced technologies. Why it has to be the Cats? And where are the Humans?     In Nekokami, you will: 🌏 Create beautiful worlds of natural habitats and human settlements with strategic, or spontaneous, placement of tiles in a unique hand-drawn-like art style. 🌌 Follow an epic, whimsical yet heartwarming story of Human-Cat friendship, ","{""text_match"": 0.123294316, ""cosine_similarity"": 0.60377896, ""reranker_score"": -1.9542317}"
2026-02-10T20:08:02+00:00,CORTEX_DB.RAW.CAT_GAMES_SVC_1_5,default,"early access tile-building worldbuilder, time traveler, far-future cats rule the galaxy","early access tile-building worldbuilder, time traveler, far-future cats rule the galaxy",[],,False,,,,reranker_heavy,0.75,10,100,0,1127,1127,,01c25378-0005-0847-0001-397a0006cb6e,,39,39,,6e-06,6e-06,,6e-06,,,,,[],[],[],[],[],[],,,,,,,True,False,[],[],,,,[],[],,,,2,Whiskers on Time's Corner,0.75369853,2024,English;Japanese;Simplified Chinese;Spanish - Spain;Traditional Chinese,Family Sharing;Single-player;Steam Achievements;Steam Cloud,Casual;Early Access;Indie,Action RPG;Action-Adventure;Atmospheric;Cartoon;Cartoony;Casual;Cats;Choices Matter;Cute;Dating Sim;Early Access;Emotional;Exploration;Funny;Indie;Multiple Endings;Relaxing;Singleplayer;Survival;Walking Simulator,"In a beautiful little town, you take on the role of a cat and experience life from its perspective. [Life as a Cat] You need to rummage through trash cans and recycling bins to find food. Remember the locations where food can be found and try your luck when hunger strikes. Always keep an eye on the weather—rain will quickly drain the cat's stamina, so make sure to find shelter under roofs to stay dry and maintain your energy. [Cat Stories] At the Rice Ball House, Mrs. Rice Ball occasionally give","{""text_match"": 0.0051822537, ""cosine_similarity"": 0.50739706, ""reranker_score"": -8.195908}"
2026-02-10T20:08:02+00:00,CORTEX_DB.RAW.CAT_GAMES_SVC_1_5,default,"early access tile-building worldbuilder, time traveler, far-future cats rule the galaxy","early access tile-building worldbuilder, time traveler, far-future cats rule the galaxy",[],,False,,,,reranker_heavy,0.75,10,100,0,1127,1127,,01c25378-0005-0847-0001-397a0006cb6e,,39,39,,6e-06,6e-06,,6e-06,,,,,[],[],[],[],[],[],,,,,,,True,False,[],[],,,,[],[],,,,3,Laser Battle Cats - travel & destroy!,0.75918425,2025,English;German;Japanese;Polish;Simplified Chinese,Family Sharing;Single-player;Steam Achievements,Action;Casual,2D;Action;Arcade;Building;Casual;Cats;Colorful;Combat;Crafting;Early Access;Gun Customization;Mechs;Pixel Graphics;Puzzle-Platformer;Shoot 'Em Up;Shooter;Side Scroller;Singleplayer,"Wouldn't everyone want to have a giant laser battle cat to overcome life's challenges with a devastating beam? Collect Kittens! The game offers 5 kittens, each with different stats and appearances. Unlock them by completing levels and give them names. Feed them radioactive milk to make them bigger and stronger. Conquer Five Continents! Your cat is equipped with a vest—build a laser mechanism on it. Generate power, store it in batteries, and fire away. Use rotating and sliding parts to reach all ","{""text_match"": 0.010430452, ""cosine_similarity"": 0.5183685, ""reranker_score"": -9.087628}"
2026-02-10T20:08:02+00:00,CORTEX_DB.RAW.CAT_GAMES_SVC_1_5,default,"early access tile-building worldbuilder, time traveler, far-future cats rule the galaxy","early access tile-building worldbuilder, time traveler, far-future cats rule the galaxy",[],,False,,,,reranker_heavy,0.75,10,100,0,1127,1127,,01c25378-0005-0847-0001-397a0006cb6e,,39,39,,6e-06,6e-06,,6e-06,,,,,[],[],[],[],[],[],,,,,,,True,False,[],[],,,,[],[],,,,4,Cats in Time,0.75092095,2021,Arabic;Bosnian;Croatian;English;French;German;Italian;Japanese;Korean;Portuguese - Portugal;Russian;Serbian;Simplified Chinese;Spanish - Spain;Traditional Chinese,Family Sharing;Full controller support;Remote Play on Phone;Remote Play on Tablet;Single-player;Steam Achievements;Steam Cloud;Steam Trading Cards,Adventure;Casual;Indie,3D;Adventure;Cartoony;Casual;Cats;Collectathon;Cute;Family Friendly;Hidden Object;Indie;Multiplayer;Point & Click;Puzzle;Relaxing;Singleplayer;Time Travel,"Hello explorers! My name is Professor Tim Edger, and I'm the inventor of the time machine and an avid cat lover! Sadly, I have a problem, and maybe YOU can help me. You see, my beloved cats are missing. While playing in the lab, they've activated my time machine and ⚡ ZAP ⚡, now they are lost in space and time! You have to travel from ancient Egypt, all the way to the streets of late 20. century New York, and even beyond the present - to future Tokyo. Your goal is to find all the cats! Please be","{""text_match"": 0.016390158, ""cosine_similarity"": 0.5018419, ""reranker_score"": -8.976228}"
