timestamp_utc,service,scenario,original_query,rewritten_query,excluded_terms,rewrite_error,use_llm,llm_model,llm_max_tokens,temperature,scoring_profile,min_score,limit,candidate_limit,rewrite_ms,search_ms,request_ms,rewrite_query_id,search_query_id,rewrite_total_elapsed_ms,search_total_elapsed_ms,request_total_elapsed_ms,rewrite_cost_total_credits,search_cost_total_credits,request_cost_total_credits,rewrite_cost_cloud_services_credits,search_cost_cloud_services_credits,rewrite_cost_compute_credits,search_cost_compute_credits,rewrite_cost_query_accel_credits,search_cost_query_accel_credits,include_tags_raw,include_tags_matched,include_tags_unknown,supported_languages_raw,supported_languages_matched,supported_languages_unknown,release_year_raw,release_year_from_raw,release_year_to_raw,release_year_matched,release_year_from_matched,release_year_to_matched,attribute_filters_enabled,attribute_filters_relaxed,attribute_filter_tags_requested,attribute_filter_supported_languages_requested,attribute_filter_release_year_requested,attribute_filter_release_year_from_requested,attribute_filter_release_year_to_requested,attribute_filter_tags,attribute_filter_supported_languages,attribute_filter_release_year,attribute_filter_release_year_from,attribute_filter_release_year_to,result_rank,result_name,result_score,release_year,supported_languages,categories,genres,tags,about_the_game,scores_json
2026-02-10T19:41:27+00:00,CORTEX_DB.RAW.CAT_GAMES_SVC_1_5,default,"I need something cozy, warm & fuzzy, stress-free: rebuild a cat cafe + decorating + pets","I need something cozy, warm & fuzzy, stress-free: rebuild a cat cafe + decorating + pets",[],,False,,,,balanced_default,0.3,10,100,0,1107,1107,,01c2535d-0005-0846-0001-397a00068eb6,,51,51,,8e-06,8e-06,,8e-06,,,,,[],[],[],[],[],[],,,,,,,True,False,[],[],,,,[],[],,,,1,Calico,0.726857365,2020,English;French;German;Italian;Japanese;Korean;Portuguese - Brazil;Simplified Chinese;Spanish - Latin America,Camera Comfort;Color Alternatives;Custom Volume Controls;Family Sharing;Full controller support;Playable without Timed Input;Save Anytime;Single-player;Steam Achievements;Steam Cloud,Casual;Indie;RPG;Simulation,3D;Anime;Building;Casual;Cats;Character Customization;Cute;Dog;Family Friendly;Female Protagonist;Horses;Indie;LGBTQ+;Life Sim;Magic;Open World;RPG;Relaxing;Simulation;Singleplayer,"Calico is a day-in-the-life community sim game where you are given an important and adorable task: rebuild the town’s cat café and fill it with cute and cuddly creatures! Build up your café by filling it with cute furniture, fun decorations, yummy pastries, and get it bustling with animals again! Calico is meant to make you feel all warm and fuzzy inside. The gameplay reflects that with a laid back, low stress creative environment to explore and play in. Character Creator The Calico character cr","{""text_match"": 0.10334659, ""cosine_similarity"": 0.45371473, ""reranker_score"": -3.7821584}"
2026-02-10T19:41:27+00:00,CORTEX_DB.RAW.CAT_GAMES_SVC_1_5,default,"I need something cozy, warm & fuzzy, stress-free: rebuild a cat cafe + decorating + pets","I need something cozy, warm & fuzzy, stress-free: rebuild a cat cafe + decorating + pets",[],,False,,,,balanced_default,0.3,10,100,0,1107,1107,,01c2535d-0005-0846-0001-397a00068eb6,,51,51,,8e-06,8e-06,,8e-06,,,,,[],[],[],[],[],[],,,,,,,True,False,[],[],,,,[],[],,,,2,Desktop Cat Cafe,0.7486496499999999,2025,Arabic;Bulgarian;Czech;Danish;Dutch;English;Finnish;French;German;Greek;Hungarian;Indonesian;Italian;Japanese;Korean;Norwegian;Polish;Portuguese - Brazil;Portuguese - Portugal;Romanian;Russian;Simplified Chinese;Spanish - Latin America;Spanish - Spain;Swedish;Thai;Traditional Chinese;Turkish;Ukrainian;Vietnamese,Family Sharing;Single-player;Stats;Steam Achievements;Steam Cloud,Casual;Simulation,3D;Automation;Building;Casual;Cats;City Builder;Colorful;Cozy;Cute;Economy;Idler;Indie;Life Sim;Management;Nature;Relaxing;Sandbox;Simulation;Strategy;Stylized,"Desktop Cate Cafe is a cute, idle management game that lives at the bottom of your screen letting you work on other tasks while your cafe runs. Design your dream cafe, unlock delicious recipes, and automate your cafe with cute cat staff! Design Your Outdoor Cafe Build the perfect cafe with hundreds of customization options paired with an easy to use building system that lets your creativity shine. Unlock Delicious Recipes Progress by serving customers to unlock over 150 different recipes from co","{""text_match"": 0.08120547, ""cosine_similarity"": 0.4972993, ""reranker_score"": -6.4259963}"
2026-02-10T19:41:27+00:00,CORTEX_DB.RAW.CAT_GAMES_SVC_1_5,default,"I need something cozy, warm & fuzzy, stress-free: rebuild a cat cafe + decorating + pets","I need something cozy, warm & fuzzy, stress-free: rebuild a cat cafe + decorating + pets",[],,False,,,,balanced_default,0.3,10,100,0,1107,1107,,01c2535d-0005-0846-0001-397a00068eb6,,51,51,,8e-06,8e-06,,8e-06,,,,,[],[],[],[],[],[],,,,,,,True,False,[],[],,,,[],[],,,,3,Melo's cat cafe,0.7425552,2024,English;Japanese,Family Sharing;Single-player;Steam Achievements,Casual;Indie;Simulation,3D;Casual;Cute;Idler;Indie;Simulation;Singleplayer,"'Melo's Cat Cafe' is the perfect game for players who want to relax in a stress-free environment. Instead of chasing goals, players can simply enjoy spending time with the cats. Observe the cats as they eat and sleep, and find peace of mind in their calm presence. Main Features Spacious Mountain Home The game is set in a large house on top of a mountain with beautiful scenic views. 　　The view from the terrace is breathtaking. Free-Spirited Cats Free-spirited and independent cats make an appearan","{""text_match"": 0.09771838, ""cosine_similarity"": 0.4851104, ""reranker_score"": -6.195158}"
2026-02-10T19:41:27+00:00,CORTEX_DB.RAW.CAT_GAMES_SVC_1_5,default,"I need something cozy, warm & fuzzy, stress-free: rebuild a cat cafe + decorating + pets","I need something cozy, warm & fuzzy, stress-free: rebuild a cat cafe + decorating + pets",[],,False,,,,balanced_default,0.3,10,100,0,1107,1107,,01c2535d-0005-0846-0001-397a00068eb6,,51,51,,8e-06,8e-06,,8e-06,,,,,[],[],[],[],[],[],,,,,,,True,False,[],[],,,,[],[],,,,4,Mini Cozy Room: Lo-Fi,0.70663485,2025,English;French;German;Italian;Japanese;Korean;Portuguese - Brazil;Russian;Simplified Chinese;Spanish - Spain;Traditional Chinese,Family Sharing;Single-player;Steam Achievements;Steam Cloud,Casual;Indie,Casual;Character Customization;Cozy;Family Friendly;Idler;Indie;Music;Pixel Graphics;Relaxing;Singleplayer;Utilities,"『Mini Cozy Room : Lo-Fi』 is a relaxing productivity game that combines soothing Lo-Fi music with cozy room decoration. Cute avatars and pets will accompany you, making your work more enjoyable. Convenient desktop tools like Pomodoro timers, notes, and to-do lists will boost your productivity. 1. Your Own Cozy Workspace Create the workspace you've always dreamed of! Choose from various rooms, furniture, and decorative items. Your beautifully designed workspace will enhance concentration and produ","{""text_match"": 0.020625921, ""cosine_similarity"": 0.4132697, ""reranker_score"": -7.1745734}"
2026-02-10T19:41:27+00:00,CORTEX_DB.RAW.CAT_GAMES_SVC_1_5,default,"I need something cozy, warm & fuzzy, stress-free: rebuild a cat cafe + decorating + pets","I need something cozy, warm & fuzzy, stress-free: rebuild a cat cafe + decorating + pets",[],,False,,,,balanced_default,0.3,10,100,0,1107,1107,,01c2535d-0005-0846-0001-397a00068eb6,,51,51,,8e-06,8e-06,,8e-06,,,,,[],[],[],[],[],[],,,,,,,True,False,[],[],,,,[],[],,,,5,My Fair Cat: Snow,0.714299085,2024,English;French;Japanese;Korean;Portuguese - Brazil;Russian;Simplified Chinese,Family Sharing;Single-player;Steam Achievements,Casual;Indie,Adventure;Anime;Cartoony;Casual;Cats;Choices Matter;Choose Your Own Adventure;Colorful;Cute;Dating Sim;Emotional;Female Protagonist;Immersive Sim;Interactive Fiction;Life Sim;Otome;Romance;Story Rich;Text-Based;Visual Novel,"Dive into a feel-good adventure of love, laughter, and cat companionship. Add My Fair Cat: Snow to your Steam wishlist and start spreading a little happiness today! Synopsis Recently moving to a new high school and not knowing anyone could have made for a dull routine, but everything changes when you save a stray cat. This single act of kindness sparks a chain of adventures that add a whole new layer of excitement in your daily life. As you're figuring out how to keep your new kitty content and ","{""text_match"": 0.0028883538, ""cosine_similarity"": 0.42859817, ""reranker_score"": -7.886154}"
2026-02-10T19:41:27+00:00,CORTEX_DB.RAW.CAT_GAMES_SVC_1_5,default,"I need something cozy, warm & fuzzy, stress-free: rebuild a cat cafe + decorating + pets","I need something cozy, warm & fuzzy, stress-free: rebuild a cat cafe + decorating + pets",[],,False,,,,balanced_default,0.3,10,100,0,1107,1107,,01c2535d-0005-0846-0001-397a00068eb6,,51,51,,8e-06,8e-06,,8e-06,,,,,[],[],[],[],[],[],,,,,,,True,False,[],[],,,,[],[],,,,6,Nekokami - The Human Restoration Project,0.7068195349999999,2024,English;Japanese;Simplified Chinese,Adjustable Difficulty;Adjustable Text Size;Camera Comfort;Co-op;Custom Volume Controls;Family Sharing;Full controller support;Mouse Only Option;Multi-player;Playable without Timed Input;Shared/Split Screen;Shared/Split Screen Co-op;Single-player;Steam Achievements;Steam Cloud,Adventure;Casual;Early Access;Indie;RPG,3D;Building;Casual;Cats;Colorful;Cozy;Cute;Early Access;Family Friendly;Funny;Hand-drawn;Immersive Sim;Indie;Life Sim;Local Co-Op;Nature;Puzzle;RPG;Relaxing;Story Rich,"✨ Nekokami is a meditative, calming tile building game where you play as a time-traveler to a far future Milky Way managed by... benevolent Future Cats with super advanced technologies. Why it has to be the Cats? And where are the Humans?     In Nekokami, you will: 🌏 Create beautiful worlds of natural habitats and human settlements with strategic, or spontaneous, placement of tiles in a unique hand-drawn-like art style. 🌌 Follow an epic, whimsical yet heartwarming story of Human-Cat friendship, ","{""text_match"": 0.0012254278, ""cosine_similarity"": 0.41363907, ""reranker_score"": -7.673895}"
2026-02-10T19:41:27+00:00,CORTEX_DB.RAW.CAT_GAMES_SVC_1_5,default,"I need something cozy, warm & fuzzy, stress-free: rebuild a cat cafe + decorating + pets","I need something cozy, warm & fuzzy, stress-free: rebuild a cat cafe + decorating + pets",[],,False,,,,balanced_default,0.3,10,100,0,1107,1107,,01c2535d-0005-0846-0001-397a00068eb6,,51,51,,8e-06,8e-06,,8e-06,,,,,[],[],[],[],[],[],,,,,,,True,False,[],[],,,,[],[],,,,7,Home Office Simulator,0.716145875,2023,English,Family Sharing;Single-player;Steam Achievements;Steam Cloud,Casual;Indie,Anime;Automation;Casual;Cats;Clicker;Colorful;Cute;Idler;Indie;Simulation;Singleplayer;Strategy,"Summary Help Ayame to work remotely, keeping her free of distractions and keeping her cat interested. Upgrade your home, move to new apartments, and take care of several cats. Upgrade your apartment objects so she can work without distractions or with less chance of getting interrupted by any distractions. Gameplay Move to seven unique apartments with different distractions and upgrades to be made. Upgrade and eliminate several distractions, including cats, computers, phone calls, and notificati","{""text_match"": 0.0012264128, ""cosine_similarity"": 0.43229175, ""reranker_score"": -8.643719}"
2026-02-10T19:41:27+00:00,CORTEX_DB.RAW.CAT_GAMES_SVC_1_5,default,"I need something cozy, warm & fuzzy, stress-free: rebuild a cat cafe + decorating + pets","I need something cozy, warm & fuzzy, stress-free: rebuild a cat cafe + decorating + pets",[],,False,,,,balanced_default,0.3,10,100,0,1107,1107,,01c2535d-0005-0846-0001-397a00068eb6,,51,51,,8e-06,8e-06,,8e-06,,,,,[],[],[],[],[],[],,,,,,,True,False,[],[],,,,[],[],,,,8,Animal Shelter,0.70358762,2022,English;French;German;Italian;Japanese;Korean;Polish;Portuguese - Brazil;Russian;Simplified Chinese;Spanish - Spain;Traditional Chinese;Turkish,Family Sharing;Single-player;Steam Achievements;Steam Trading Cards,Adventure;Casual;Indie;Simulation,Adventure;Atmospheric;Building;Casual;Cats;Cute;Dog;Education;Experience;Family Friendly;First-Person;Immersive Sim;Indie;Life Sim;Management;Modern;Realistic;Relaxing;Simulation;Singleplayer,"Save our four-legged friends! Your main goal in Animal Shelter will be to look after, treat, and give shelter to those under your care. You will have plenty of work to do with the shelter, which will become a refuge for any creature in need and will certainly help in finding suitable future owners. Keep in mind that the future owner-pet duo must complement each other. Your main goal? Finding a suitable home for your pets! Take pictures Who doesn't love taking pictures of their pets? We provide y","{""text_match"": 0.02184545, ""cosine_similarity"": 0.40717524, ""reranker_score"": -7.97587}"
2026-02-10T19:41:27+00:00,CORTEX_DB.RAW.CAT_GAMES_SVC_1_5,default,"I need something cozy, warm & fuzzy, stress-free: rebuild a cat cafe + decorating + pets","I need something cozy, warm & fuzzy, stress-free: rebuild a cat cafe + decorating + pets",[],,False,,,,balanced_default,0.3,10,100,0,1107,1107,,01c2535d-0005-0846-0001-397a00068eb6,,51,51,,8e-06,8e-06,,8e-06,,,,,[],[],[],[],[],[],,,,,,,True,False,[],[],,,,[],[],,,,9,A Building Full of Cats,0.7089433350000001,2022,Dutch;English;French;German;Hungarian;Italian;Japanese;Korean;Polish;Portuguese - Brazil;Russian;Simplified Chinese;Spanish - Latin America;Spanish - Spain;Traditional Chinese;Turkish,Family Sharing;Single-player;Steam Achievements;Steam Cloud;Steam Trading Cards,Casual,Adventure;Cartoony;Casual;Cats;Clicker;Collectathon;Colorful;Cozy;Creature Collector;Cute;Exploration;Family Friendly;Hand-drawn;Hidden Object;Minimalist;Point & Click;Puzzle;Relaxing;Singleplayer;Wholesome,A Building Full of Cats is a hidden object game where you need to pet all the cats in the building. Don't leave any cats behind! 360+ cats 6+ Floors 60+ hidden cats Secret cats? Who knows...,"{""text_match"": 0.0017560002, ""cosine_similarity"": 0.41788667, ""reranker_score"": -8.94032}"
2026-02-10T19:41:27+00:00,CORTEX_DB.RAW.CAT_GAMES_SVC_1_5,default,"I need something cozy, warm & fuzzy, stress-free: rebuild a cat cafe + decorating + pets","I need something cozy, warm & fuzzy, stress-free: rebuild a cat cafe + decorating + pets",[],,False,,,,balanced_default,0.3,10,100,0,1107,1107,,01c2535d-0005-0846-0001-397a00068eb6,,51,51,,8e-06,8e-06,,8e-06,,,,,[],[],[],[],[],[],,,,,,,True,False,[],[],,,,[],[],,,,10,1001 Jigsaw. Cute Cats,0.7138373849999999,2022,English;French;German;Russian,Family Sharing;Single-player,Casual,Casual;Cute;Family Friendly;Puzzle;Singleplayer;Tabletop,"A new game in the series of 1001 Puzzles. Cute, funny, cozy cats will melt even the coldest hearts! Assemble the puzzle pieces and enjoy the cute faces of pets. During the game, it's easy to set a comfortable level of difficulty for comfortable play. Make the task more difficult and use the hints. Also, handy assembly tools are at your disposal. Save the assembled puzzle at any time! This game is suitable for beginners and for real professionals in this genre of games. - 500 high quality picture","{""text_match"": 0.016483607, ""cosine_similarity"": 0.42767477, ""reranker_score"": -9.494161}"
2026-02-10T19:41:28+00:00,CORTEX_DB.RAW.CAT_GAMES_SVC_1_5,default,"I need something cozy, warm & fuzzy, stress-free: rebuild a cat cafe + decorating + pets","I need something cozy, warm & fuzzy, stress-free: rebuild a cat cafe + decorating + pets",[],,False,,,,balanced_default,0.65,10,100,0,984,984,,01c2535d-0005-0843-0001-397a0006d15e,,52,52,,8e-06,8e-06,,8e-06,,,,,[],[],[],[],[],[],,,,,,,True,False,[],[],,,,[],[],,,,1,Calico,0.726857365,2020,English;French;German;Italian;Japanese;Korean;Portuguese - Brazil;Simplified Chinese;Spanish - Latin America,Camera Comfort;Color Alternatives;Custom Volume Controls;Family Sharing;Full controller support;Playable without Timed Input;Save Anytime;Single-player;Steam Achievements;Steam Cloud,Casual;Indie;RPG;Simulation,3D;Anime;Building;Casual;Cats;Character Customization;Cute;Dog;Family Friendly;Female Protagonist;Horses;Indie;LGBTQ+;Life Sim;Magic;Open World;RPG;Relaxing;Simulation;Singleplayer,"Calico is a day-in-the-life community sim game where you are given an important and adorable task: rebuild the town’s cat café and fill it with cute and cuddly creatures! Build up your café by filling it with cute furniture, fun decorations, yummy pastries, and get it bustling with animals again! Calico is meant to make you feel all warm and fuzzy inside. The gameplay reflects that with a laid back, low stress creative environment to explore and play in. Character Creator The Calico character cr","{""text_match"": 0.10334659, ""cosine_similarity"": 0.45371473, ""reranker_score"": -3.7821584}"
2026-02-10T19:41:28+00:00,CORTEX_DB.RAW.CAT_GAMES_SVC_1_5,default,"I need something cozy, warm & fuzzy, stress-free: rebuild a cat cafe + decorating + pets","I need something cozy, warm & fuzzy, stress-free: rebuild a cat cafe + decorating + pets",[],,False,,,,balanced_default,0.65,10,100,0,984,984,,01c2535d-0005-0843-0001-397a0006d15e,,52,52,,8e-06,8e-06,,8e-06,,,,,[],[],[],[],[],[],,,,,,,True,False,[],[],,,,[],[],,,,2,Desktop Cat Cafe,0.7486496499999999,2025,Arabic;Bulgarian;Czech;Danish;Dutch;English;Finnish;French;German;Greek;Hungarian;Indonesian;Italian;Japanese;Korean;Norwegian;Polish;Portuguese - Brazil;Portuguese - Portugal;Romanian;Russian;Simplified Chinese;Spanish - Latin America;Spanish - Spain;Swedish;Thai;Traditional Chinese;Turkish;Ukrainian;Vietnamese,Family Sharing;Single-player;Stats;Steam Achievements;Steam Cloud,Casual;Simulation,3D;Automation;Building;Casual;Cats;City Builder;Colorful;Cozy;Cute;Economy;Idler;Indie;Life Sim;Management;Nature;Relaxing;Sandbox;Simulation;Strategy;Stylized,"Desktop Cate Cafe is a cute, idle management game that lives at the bottom of your screen letting you work on other tasks while your cafe runs. Design your dream cafe, unlock delicious recipes, and automate your cafe with cute cat staff! Design Your Outdoor Cafe Build the perfect cafe with hundreds of customization options paired with an easy to use building system that lets your creativity shine. Unlock Delicious Recipes Progress by serving customers to unlock over 150 different recipes from co","{""text_match"": 0.08120547, ""cosine_similarity"": 0.4972993, ""reranker_score"": -6.4259963}"
2026-02-10T19:41:28+00:00,CORTEX_DB.RAW.CAT_GAMES_SVC_1_5,default,"I need something cozy, warm & fuzzy, stress-free: rebuild a cat cafe + decorating + pets","I need something cozy, warm & fuzzy, stress-free: rebuild a cat cafe + decorating + pets",[],,False,,,,balanced_default,0.65,10,100,0,984,984,,01c2535d-0005-0843-0001-397a0006d15e,,52,52,,8e-06,8e-06,,8e-06,,,,,[],[],[],[],[],[],,,,,,,True,False,[],[],,,,[],[],,,,3,Melo's cat cafe,0.7425552,2024,English;Japanese,Family Sharing;Single-player;Steam Achievements,Casual;Indie;Simulation,3D;Casual;Cute;Idler;Indie;Simulation;Singleplayer,"'Melo's Cat Cafe' is the perfect game for players who want to relax in a stress-free environment. Instead of chasing goals, players can simply enjoy spending time with the cats. Observe the cats as they eat and sleep, and find peace of mind in their calm presence. Main Features Spacious Mountain Home The game is set in a large house on top of a mountain with beautiful scenic views. 　　The view from the terrace is breathtaking. Free-Spirited Cats Free-spirited and independent cats make an appearan","{""text_match"": 0.09771838, ""cosine_similarity"": 0.4851104, ""reranker_score"": -6.195158}"
2026-02-10T19:41:28+00:00,CORTEX_DB.RAW.CAT_GAMES_SVC_1_5,default,"I need something cozy, warm & fuzzy, stress-free: rebuild a cat cafe + decorating + pets","I need something cozy, warm & fuzzy, stress-free: rebuild a cat cafe + decorating + pets",[],,False,,,,balanced_default,0.65,10,100,0,984,984,,01c2535d-0005-0843-0001-397a0006d15e,,52,52,,8e-06,8e-06,,8e-06,,,,,[],[],[],[],[],[],,,,,,,True,False,[],[],,,,[],[],,,,4,Mini Cozy Room: Lo-Fi,0.70663485,2025,English;French;German;Italian;Japanese;Korean;Portuguese - Brazil;Russian;Simplified Chinese;Spanish - Spain;Traditional Chinese,Family Sharing;Single-player;Steam Achievements;Steam Cloud,Casual;Indie,Casual;Character Customization;Cozy;Family Friendly;Idler;Indie;Music;Pixel Graphics;Relaxing;Singleplayer;Utilities,"『Mini Cozy Room : Lo-Fi』 is a relaxing productivity game that combines soothing Lo-Fi music with cozy room decoration. Cute avatars and pets will accompany you, making your work more enjoyable. Convenient desktop tools like Pomodoro timers, notes, and to-do lists will boost your productivity. 1. Your Own Cozy Workspace Create the workspace you've always dreamed of! Choose from various rooms, furniture, and decorative items. Your beautifully designed workspace will enhance concentration and produ","{""text_match"": 0.020625921, ""cosine_similarity"": 0.4132697, ""reranker_score"": -7.1745734}"
2026-02-10T19:41:28+00:00,CORTEX_DB.RAW.CAT_GAMES_SVC_1_5,default,"I need something cozy, warm & fuzzy, stress-free: rebuild a cat cafe + decorating + pets","I need something cozy, warm & fuzzy, stress-free: rebuild a cat cafe + decorating + pets",[],,False,,,,balanced_default,0.65,10,100,0,984,984,,01c2535d-0005-0843-0001-397a0006d15e,,52,52,,8e-06,8e-06,,8e-06,,,,,[],[],[],[],[],[],,,,,,,True,False,[],[],,,,[],[],,,,5,My Fair Cat: Snow,0.714299085,2024,English;French;Japanese;Korean;Portuguese - Brazil;Russian;Simplified Chinese,Family Sharing;Single-player;Steam Achievements,Casual;Indie,Adventure;Anime;Cartoony;Casual;Cats;Choices Matter;Choose Your Own Adventure;Colorful;Cute;Dating Sim;Emotional;Female Protagonist;Immersive Sim;Interactive Fiction;Life Sim;Otome;Romance;Story Rich;Text-Based;Visual Novel,"Dive into a feel-good adventure of love, laughter, and cat companionship. Add My Fair Cat: Snow to your Steam wishlist and start spreading a little happiness today! Synopsis Recently moving to a new high school and not knowing anyone could have made for a dull routine, but everything changes when you save a stray cat. This single act of kindness sparks a chain of adventures that add a whole new layer of excitement in your daily life. As you're figuring out how to keep your new kitty content and ","{""text_match"": 0.0028883538, ""cosine_similarity"": 0.42859817, ""reranker_score"": -7.886154}"
2026-02-10T19:41:28+00:00,CORTEX_DB.RAW.CAT_GAMES_SVC_1_5,default,"I need something cozy, warm & fuzzy, stress-free: rebuild a cat cafe + decorating + pets","I need something cozy, warm & fuzzy, stress-free: rebuild a cat cafe + decorating + pets",[],,False,,,,balanced_default,0.65,10,100,0,984,984,,01c2535d-0005-0843-0001-397a0006d15e,,52,52,,8e-06,8e-06,,8e-06,,,,,[],[],[],[],[],[],,,,,,,True,False,[],[],,,,[],[],,,,6,Nekokami - The Human Restoration Project,0.7068195349999999,2024,English;Japanese;Simplified Chinese,Adjustable Difficulty;Adjustable Text Size;Camera Comfort;Co-op;Custom Volume Controls;Family Sharing;Full controller support;Mouse Only Option;Multi-player;Playable without Timed Input;Shared/Split Screen;Shared/Split Screen Co-op;Single-player;Steam Achievements;Steam Cloud,Adventure;Casual;Early Access;Indie;RPG,3D;Building;Casual;Cats;Colorful;Cozy;Cute;Early Access;Family Friendly;Funny;Hand-drawn;Immersive Sim;Indie;Life Sim;Local Co-Op;Nature;Puzzle;RPG;Relaxing;Story Rich,"✨ Nekokami is a meditative, calming tile building game where you play as a time-traveler to a far future Milky Way managed by... benevolent Future Cats with super advanced technologies. Why it has to be the Cats? And where are the Humans?     In Nekokami, you will: 🌏 Create beautiful worlds of natural habitats and human settlements with strategic, or spontaneous, placement of tiles in a unique hand-drawn-like art style. 🌌 Follow an epic, whimsical yet heartwarming story of Human-Cat friendship, ","{""text_match"": 0.0012254278, ""cosine_similarity"": 0.41363907, ""reranker_score"": -7.673895}"
2026-02-10T19:41:28+00:00,CORTEX_DB.RAW.CAT_GAMES_SVC_1_5,default,"I need something cozy, warm & fuzzy, stress-free: rebuild a cat cafe + decorating + pets","I need something cozy, warm & fuzzy, stress-free: rebuild a cat cafe + decorating + pets",[],,False,,,,balanced_default,0.65,10,100,0,984,984,,01c2535d-0005-0843-0001-397a0006d15e,,52,52,,8e-06,8e-06,,8e-06,,,,,[],[],[],[],[],[],,,,,,,True,False,[],[],,,,[],[],,,,7,Home Office Simulator,0.716145875,2023,English,Family Sharing;Single-player;Steam Achievements;Steam Cloud,Casual;Indie,Anime;Automation;Casual;Cats;Clicker;Colorful;Cute;Idler;Indie;Simulation;Singleplayer;Strategy,"Summary Help Ayame to work remotely, keeping her free of distractions and keeping her cat interested. Upgrade your home, move to new apartments, and take care of several cats. Upgrade your apartment objects so she can work without distractions or with less chance of getting interrupted by any distractions. Gameplay Move to seven unique apartments with different distractions and upgrades to be made. Upgrade and eliminate several distractions, including cats, computers, phone calls, and notificati","{""text_match"": 0.0012264128, ""cosine_similarity"": 0.43229175, ""reranker_score"": -8.643719}"
2026-02-10T19:41:28+00:00,CORTEX_DB.RAW.CAT_GAMES_SVC_1_5,default,"I need something cozy, warm & fuzzy, stress-free: rebuild a cat cafe + decorating + pets","I need something cozy, warm & fuzzy, stress-free: rebuild a cat cafe + decorating + pets",[],,False,,,,balanced_default,0.65,10,100,0,984,984,,01c2535d-0005-0843-0001-397a0006d15e,,52,52,,8e-06,8e-06,,8e-06,,,,,[],[],[],[],[],[],,,,,,,True,False,[],[],,,,[],[],,,,8,Animal Shelter,0.70358762,2022,English;French;German;Italian;Japanese;Korean;Polish;Portuguese - Brazil;Russian;Simplified Chinese;Spanish - Spain;Traditional Chinese;Turkish,Family Sharing;Single-player;Steam Achievements;Steam Trading Cards,Adventure;Casual;Indie;Simulation,Adventure;Atmospheric;Building;Casual;Cats;Cute;Dog;Education;Experience;Family Friendly;First-Person;Immersive Sim;Indie;Life Sim;Management;Modern;Realistic;Relaxing;Simulation;Singleplayer,"Save our four-legged friends! Your main goal in Animal Shelter will be to look after, treat, and give shelter to those under your care. You will have plenty of work to do with the shelter, which will become a refuge for any creature in need and will certainly help in finding suitable future owners. Keep in mind that the future owner-pet duo must complement each other. Your main goal? Finding a suitable home for your pets! Take pictures Who doesn't love taking pictures of their pets? We provide y","{""text_match"": 0.02184545, ""cosine_similarity"": 0.40717524, ""reranker_score"": -7.97587}"
2026-02-10T19:41:28+00:00,CORTEX_DB.RAW.CAT_GAMES_SVC_1_5,default,"I need something cozy, warm & fuzzy, stress-free: rebuild a cat cafe + decorating + pets","I need something cozy, warm & fuzzy, stress-free: rebuild a cat cafe + decorating + pets",[],,False,,,,balanced_default,0.65,10,100,0,984,984,,01c2535d-0005-0843-0001-397a0006d15e,,52,52,,8e-06,8e-06,,8e-06,,,,,[],[],[],[],[],[],,,,,,,True,False,[],[],,,,[],[],,,,9,A Building Full of Cats,0.7089433350000001,2022,Dutch;English;French;German;Hungarian;Italian;Japanese;Korean;Polish;Portuguese - Brazil;Russian;Simplified Chinese;Spanish - Latin America;Spanish - Spain;Traditional Chinese;Turkish,Family Sharing;Single-player;Steam Achievements;Steam Cloud;Steam Trading Cards,Casual,Adventure;Cartoony;Casual;Cats;Clicker;Collectathon;Colorful;Cozy;Creature Collector;Cute;Exploration;Family Friendly;Hand-drawn;Hidden Object;Minimalist;Point & Click;Puzzle;Relaxing;Singleplayer;Wholesome,A Building Full of Cats is a hidden object game where you need to pet all the cats in the building. Don't leave any cats behind! 360+ cats 6+ Floors 60+ hidden cats Secret cats? Who knows...,"{""text_match"": 0.0017560002, ""cosine_similarity"": 0.41788667, ""reranker_score"": -8.94032}"
2026-02-10T19:41:28+00:00,CORTEX_DB.RAW.CAT_GAMES_SVC_1_5,default,"I need something cozy, warm & fuzzy, stress-free: rebuild a cat cafe + decorating + pets","I need something cozy, warm & fuzzy, stress-free: rebuild a cat cafe + decorating + pets",[],,False,,,,balanced_default,0.65,10,100,0,984,984,,01c2535d-0005-0843-0001-397a0006d15e,,52,52,,8e-06,8e-06,,8e-06,,,,,[],[],[],[],[],[],,,,,,,True,False,[],[],,,,[],[],,,,10,1001 Jigsaw. Cute Cats,0.7138373849999999,2022,English;French;German;Russian,Family Sharing;Single-player,Casual,Casual;Cute;Family Friendly;Puzzle;Singleplayer;Tabletop,"A new game in the series of 1001 Puzzles. Cute, funny, cozy cats will melt even the coldest hearts! Assemble the puzzle pieces and enjoy the cute faces of pets. During the game, it's easy to set a comfortable level of difficulty for comfortable play. Make the task more difficult and use the hints. Also, handy assembly tools are at your disposal. Save the assembled puzzle at any time! This game is suitable for beginners and for real professionals in this genre of games. - 500 high quality picture","{""text_match"": 0.016483607, ""cosine_similarity"": 0.42767477, ""reranker_score"": -9.494161}"
2026-02-10T19:41:31+00:00,CORTEX_DB.RAW.CAT_GAMES_SVC_1_5,default,"I need something cozy, warm & fuzzy, stress-free: rebuild a cat cafe + decorating + pets","I need something cozy, warm & fuzzy, stress-free: rebuild a cat cafe + decorating + pets",[],,False,,,,keyword_focus,0.3,10,100,0,1019,1019,,01c2535d-0005-0843-0001-397a0006d16e,,34,34,,5e-06,5e-06,,5e-06,,,,,[],[],[],[],[],[],,,,,,,True,False,[],[],,,,[],[],,,,1,Calico,0.726857365,2020,English;French;German;Italian;Japanese;Korean;Portuguese - Brazil;Simplified Chinese;Spanish - Latin America,Camera Comfort;Color Alternatives;Custom Volume Controls;Family Sharing;Full controller support;Playable without Timed Input;Save Anytime;Single-player;Steam Achievements;Steam Cloud,Casual;Indie;RPG;Simulation,3D;Anime;Building;Casual;Cats;Character Customization;Cute;Dog;Family Friendly;Female Protagonist;Horses;Indie;LGBTQ+;Life Sim;Magic;Open World;RPG;Relaxing;Simulation;Singleplayer,"Calico is a day-in-the-life community sim game where you are given an important and adorable task: rebuild the town’s cat café and fill it with cute and cuddly creatures! Build up your café by filling it with cute furniture, fun decorations, yummy pastries, and get it bustling with animals again! Calico is meant to make you feel all warm and fuzzy inside. The gameplay reflects that with a laid back, low stress creative environment to explore and play in. Character Creator The Calico character cr","{""text_match"": 0.10334659, ""cosine_similarity"": 0.45371473, ""reranker_score"": -3.7821584}"
2026-02-10T19:41:31+00:00,CORTEX_DB.RAW.CAT_GAMES_SVC_1_5,default,"I need something cozy, warm & fuzzy, stress-free: rebuild a cat cafe + decorating + pets","I need something cozy, warm & fuzzy, stress-free: rebuild a cat cafe + decorating + pets",[],,False,,,,keyword_focus,0.3,10,100,0,1019,1019,,01c2535d-0005-0843-0001-397a0006d16e,,34,34,,5e-06,5e-06,,5e-06,,,,,[],[],[],[],[],[],,,,,,,True,False,[],[],,,,[],[],,,,2,Desktop Cat Cafe,0.7486496499999999,2025,Arabic;Bulgarian;Czech;Danish;Dutch;English;Finnish;French;German;Greek;Hungarian;Indonesian;Italian;Japanese;Korean;Norwegian;Polish;Portuguese - Brazil;Portuguese - Portugal;Romanian;Russian;Simplified Chinese;Spanish - Latin America;Spanish - Spain;Swedish;Thai;Traditional Chinese;Turkish;Ukrainian;Vietnamese,Family Sharing;Single-player;Stats;Steam Achievements;Steam Cloud,Casual;Simulation,3D;Automation;Building;Casual;Cats;City Builder;Colorful;Cozy;Cute;Economy;Idler;Indie;Life Sim;Management;Nature;Relaxing;Sandbox;Simulation;Strategy;Stylized,"Desktop Cate Cafe is a cute, idle management game that lives at the bottom of your screen letting you work on other tasks while your cafe runs. Design your dream cafe, unlock delicious recipes, and automate your cafe with cute cat staff! Design Your Outdoor Cafe Build the perfect cafe with hundreds of customization options paired with an easy to use building system that lets your creativity shine. Unlock Delicious Recipes Progress by serving customers to unlock over 150 different recipes from co","{""text_match"": 0.08120547, ""cosine_similarity"": 0.4972993, ""reranker_score"": -6.4259963}"
2026-02-10T19:41:31+00:00,CORTEX_DB.RAW.CAT_GAMES_SVC_1_5,default,"I need something cozy, warm & fuzzy, stress-free: rebuild a cat cafe + decorating + pets","I need something cozy, warm & fuzzy, stress-free: rebuild a cat cafe + decorating + pets",[],,False,,,,keyword_focus,0.3,10,100,0,1019,1019,,01c2535d-0005-0843-0001-397a0006d16e,,34,34,,5e-06,5e-06,,5e-06,,,,,[],[],[],[],[],[],,,,,,,True,False,[],[],,,,[],[],,,,3,Melo's cat cafe,0.7425552,2024,English;Japanese,Family Sharing;Single-player;Steam Achievements,Casual;Indie;Simulation,3D;Casual;Cute;Idler;Indie;Simulation;Singleplayer,"'Melo's Cat Cafe' is the perfect game for players who want to relax in a stress-free environment. Instead of chasing goals, players can simply enjoy spending time with the cats. Observe the cats as they eat and sleep, and find peace of mind in their calm presence. Main Features Spacious Mountain Home The game is set in a large house on top of a mountain with beautiful scenic views. 　　The view from the terrace is breathtaking. Free-Spirited Cats Free-spirited and independent cats make an appearan","{""text_match"": 0.09771838, ""cosine_similarity"": 0.4851104, ""reranker_score"": -6.195158}"
2026-02-10T19:41:31+00:00,CORTEX_DB.RAW.CAT_GAMES_SVC_1_5,default,"I need something cozy, warm & fuzzy, stress-free: rebuild a cat cafe + decorating + pets","I need something cozy, warm & fuzzy, stress-free: rebuild a cat cafe + decorating + pets",[],,False,,,,keyword_focus,0.3,10,100,0,1019,1019,,01c2535d-0005-0843-0001-397a0006d16e,,34,34,,5e-06,5e-06,,5e-06,,,,,[],[],[],[],[],[],,,,,,,True,False,[],[],,,,[],[],,,,4,Mini Cozy Room: Lo-Fi,0.70663485,2025,English;French;German;Italian;Japanese;Korean;Portuguese - Brazil;Russian;Simplified Chinese;Spanish - Spain;Traditional Chinese,Family Sharing;Single-player;Steam Achievements;Steam Cloud,Casual;Indie,Casual;Character Customization;Cozy;Family Friendly;Idler;Indie;Music;Pixel Graphics;Relaxing;Singleplayer;Utilities,"『Mini Cozy Room : Lo-Fi』 is a relaxing productivity game that combines soothing Lo-Fi music with cozy room decoration. Cute avatars and pets will accompany you, making your work more enjoyable. Convenient desktop tools like Pomodoro timers, notes, and to-do lists will boost your productivity. 1. Your Own Cozy Workspace Create the workspace you've always dreamed of! Choose from various rooms, furniture, and decorative items. Your beautifully designed workspace will enhance concentration and produ","{""text_match"": 0.020625921, ""cosine_similarity"": 0.4132697, ""reranker_score"": -7.1745734}"
2026-02-10T19:41:31+00:00,CORTEX_DB.RAW.CAT_GAMES_SVC_1_5,default,"I need something cozy, warm & fuzzy, stress-free: rebuild a cat cafe + decorating + pets","I need something cozy, warm & fuzzy, stress-free: rebuild a cat cafe + decorating + pets",[],,False,,,,keyword_focus,0.3,10,100,0,1019,1019,,01c2535d-0005-0843-0001-397a0006d16e,,34,34,,5e-06,5e-06,,5e-06,,,,,[],[],[],[],[],[],,,,,,,True,False,[],[],,,,[],[],,,,5,My Fair Cat: Snow,0.714299085,2024,English;French;Japanese;Korean;Portuguese - Brazil;Russian;Simplified Chinese,Family Sharing;Single-player;Steam Achievements,Casual;Indie,Adventure;Anime;Cartoony;Casual;Cats;Choices Matter;Choose Your Own Adventure;Colorful;Cute;Dating Sim;Emotional;Female Protagonist;Immersive Sim;Interactive Fiction;Life Sim;Otome;Romance;Story Rich;Text-Based;Visual Novel,"Dive into a feel-good adventure of love, laughter, and cat companionship. Add My Fair Cat: Snow to your Steam wishlist and start spreading a little happiness today! Synopsis Recently moving to a new high school and not knowing anyone could have made for a dull routine, but everything changes when you save a stray cat. This single act of kindness sparks a chain of adventures that add a whole new layer of excitement in your daily life. As you're figuring out how to keep your new kitty content and ","{""text_match"": 0.0028883538, ""cosine_similarity"": 0.42859817, ""reranker_score"": -7.886154}"
2026-02-10T19:41:31+00:00,CORTEX_DB.RAW.CAT_GAMES_SVC_1_5,default,"I need something cozy, warm & fuzzy, stress-free: rebuild a cat cafe + decorating + pets","I need something cozy, warm & fuzzy, stress-free: rebuild a cat cafe + decorating + pets",[],,False,,,,keyword_focus,0.3,10,100,0,1019,1019,,01c2535d-0005-0843-0001-397a0006d16e,,34,34,,5e-06,5e-06,,5e-06,,,,,[],[],[],[],[],[],,,,,,,True,False,[],[],,,,[],[],,,,6,Nekokami - The Human Restoration Project,0.7068195349999999,2024,English;Japanese;Simplified Chinese,Adjustable Difficulty;Adjustable Text Size;Camera Comfort;Co-op;Custom Volume Controls;Family Sharing;Full controller support;Mouse Only Option;Multi-player;Playable without Timed Input;Shared/Split Screen;Shared/Split Screen Co-op;Single-player;Steam Achievements;Steam Cloud,Adventure;Casual;Early Access;Indie;RPG,3D;Building;Casual;Cats;Colorful;Cozy;Cute;Early Access;Family Friendly;Funny;Hand-drawn;Immersive Sim;Indie;Life Sim;Local Co-Op;Nature;Puzzle;RPG;Relaxing;Story Rich,"✨ Nekokami is a meditative, calming tile building game where you play as a time-traveler to a far future Milky Way managed by... benevolent Future Cats with super advanced technologies. Why it has to be the Cats? And where are the Humans?     In Nekokami, you will: 🌏 Create beautiful worlds of natural habitats and human settlements with strategic, or spontaneous, placement of tiles in a unique hand-drawn-like art style. 🌌 Follow an epic, whimsical yet heartwarming story of Human-Cat friendship, ","{""text_match"": 0.0012254278, ""cosine_similarity"": 0.41363907, ""reranker_score"": -7.673895}"
2026-02-10T19:41:31+00:00,CORTEX_DB.RAW.CAT_GAMES_SVC_1_5,default,"I need something cozy, warm & fuzzy, stress-free: rebuild a cat cafe + decorating + pets","I need something cozy, warm & fuzzy, stress-free: rebuild a cat cafe + decorating + pets",[],,False,,,,keyword_focus,0.3,10,100,0,1019,1019,,01c2535d-0005-0843-0001-397a0006d16e,,34,34,,5e-06,5e-06,,5e-06,,,,,[],[],[],[],[],[],,,,,,,True,False,[],[],,,,[],[],,,,7,Home Office Simulator,0.716145875,2023,English,Family Sharing;Single-player;Steam Achievements;Steam Cloud,Casual;Indie,Anime;Automation;Casual;Cats;Clicker;Colorful;Cute;Idler;Indie;Simulation;Singleplayer;Strategy,"Summary Help Ayame to work remotely, keeping her free of distractions and keeping her cat interested. Upgrade your home, move to new apartments, and take care of several cats. Upgrade your apartment objects so she can work without distractions or with less chance of getting interrupted by any distractions. Gameplay Move to seven unique apartments with different distractions and upgrades to be made. Upgrade and eliminate several distractions, including cats, computers, phone calls, and notificati","{""text_match"": 0.0012264128, ""cosine_similarity"": 0.43229175, ""reranker_score"": -8.643719}"
2026-02-10T19:41:31+00:00,CORTEX_DB.RAW.CAT_GAMES_SVC_1_5,default,"I need something cozy, warm & fuzzy, stress-free: rebuild a cat cafe + decorating + pets","I need something cozy, warm & fuzzy, stress-free: rebuild a cat cafe + decorating + pets",[],,False,,,,keyword_focus,0.3,10,100,0,1019,1019,,01c2535d-0005-0843-0001-397a0006d16e,,34,34,,5e-06,5e-06,,5e-06,,,,,[],[],[],[],[],[],,,,,,,True,False,[],[],,,,[],[],,,,8,Animal Shelter,0.70358762,2022,English;French;German;Italian;Japanese;Korean;Polish;Portuguese - Brazil;Russian;Simplified Chinese;Spanish - Spain;Traditional Chinese;Turkish,Family Sharing;Single-player;Steam Achievements;Steam Trading Cards,Adventure;Casual;Indie;Simulation,Adventure;Atmospheric;Building;Casual;Cats;Cute;Dog;Education;Experience;Family Friendly;First-Person;Immersive Sim;Indie;Life Sim;Management;Modern;Realistic;Relaxing;Simulation;Singleplayer,"Save our four-legged friends! Your main goal in Animal Shelter will be to look after, treat, and give shelter to those under your care. You will have plenty of work to do with the shelter, which will become a refuge for any creature in need and will certainly help in finding suitable future owners. Keep in mind that the future owner-pet duo must complement each other. Your main goal? Finding a suitable home for your pets! Take pictures Who doesn't love taking pictures of their pets? We provide y","{""text_match"": 0.02184545, ""cosine_similarity"": 0.40717524, ""reranker_score"": -7.97587}"
2026-02-10T19:41:31+00:00,CORTEX_DB.RAW.CAT_GAMES_SVC_1_5,default,"I need something cozy, warm & fuzzy, stress-free: rebuild a cat cafe + decorating + pets","I need something cozy, warm & fuzzy, stress-free: rebuild a cat cafe + decorating + pets",[],,False,,,,keyword_focus,0.3,10,100,0,1019,1019,,01c2535d-0005-0843-0001-397a0006d16e,,34,34,,5e-06,5e-06,,5e-06,,,,,[],[],[],[],[],[],,,,,,,True,False,[],[],,,,[],[],,,,9,A Building Full of Cats,0.7089433350000001,2022,Dutch;English;French;German;Hungarian;Italian;Japanese;Korean;Polish;Portuguese - Brazil;Russian;Simplified Chinese;Spanish - Latin America;Spanish - Spain;Traditional Chinese;Turkish,Family Sharing;Single-player;Steam Achievements;Steam Cloud;Steam Trading Cards,Casual,Adventure;Cartoony;Casual;Cats;Clicker;Collectathon;Colorful;Cozy;Creature Collector;Cute;Exploration;Family Friendly;Hand-drawn;Hidden Object;Minimalist;Point & Click;Puzzle;Relaxing;Singleplayer;Wholesome,A Building Full of Cats is a hidden object game where you need to pet all the cats in the building. Don't leave any cats behind! 360+ cats 6+ Floors 60+ hidden cats Secret cats? Who knows...,"{""text_match"": 0.0017560002, ""cosine_similarity"": 0.41788667, ""reranker_score"": -8.94032}"
2026-02-10T19:41:31+00:00,CORTEX_DB.RAW.CAT_GAMES_SVC_1_5,default,"I need something cozy, warm & fuzzy, stress-free: rebuild a cat cafe + decorating + pets","I need something cozy, warm & fuzzy, stress-free: rebuild a cat cafe + decorating + pets",[],,False,,,,keyword_focus,0.3,10,100,0,1019,1019,,01c2535d-0005-0843-0001-397a0006d16e,,34,34,,5e-06,5e-06,,5e-06,,,,,[],[],[],[],[],[],,,,,,,True,False,[],[],,,,[],[],,,,10,1001 Jigsaw. Cute Cats,0.7138373849999999,2022,English;French;German;Russian,Family Sharing;Single-player,Casual,Casual;Cute;Family Friendly;Puzzle;Singleplayer;Tabletop,"A new game in the series of 1001 Puzzles. Cute, funny, cozy cats will melt even the coldest hearts! Assemble the puzzle pieces and enjoy the cute faces of pets. During the game, it's easy to set a comfortable level of difficulty for comfortable play. Make the task more difficult and use the hints. Also, handy assembly tools are at your disposal. Save the assembled puzzle at any time! This game is suitable for beginners and for real professionals in this genre of games. - 500 high quality picture","{""text_match"": 0.016483607, ""cosine_similarity"": 0.42767477, ""reranker_score"": -9.494161}"
2026-02-10T19:41:32+00:00,CORTEX_DB.RAW.CAT_GAMES_SVC_1_5,default,"I need something cozy, warm & fuzzy, stress-free: rebuild a cat cafe + decorating + pets","I need something cozy, warm & fuzzy, stress-free: rebuild a cat cafe + decorating + pets",[],,False,,,,keyword_focus,0.65,10,100,0,1229,1229,,01c2535d-0005-0846-0001-397a00068ec6,,45,45,,7e-06,7e-06,,7e-06,,,,,[],[],[],[],[],[],,,,,,,True,False,[],[],,,,[],[],,,,1,Calico,0.726857365,2020,English;French;German;Italian;Japanese;Korean;Portuguese - Brazil;Simplified Chinese;Spanish - Latin America,Camera Comfort;Color Alternatives;Custom Volume Controls;Family Sharing;Full controller support;Playable without Timed Input;Save Anytime;Single-player;Steam Achievements;Steam Cloud,Casual;Indie;RPG;Simulation,3D;Anime;Building;Casual;Cats;Character Customization;Cute;Dog;Family Friendly;Female Protagonist;Horses;Indie;LGBTQ+;Life Sim;Magic;Open World;RPG;Relaxing;Simulation;Singleplayer,"Calico is a day-in-the-life community sim game where you are given an important and adorable task: rebuild the town’s cat café and fill it with cute and cuddly creatures! Build up your café by filling it with cute furniture, fun decorations, yummy pastries, and get it bustling with animals again! Calico is meant to make you feel all warm and fuzzy inside. The gameplay reflects that with a laid back, low stress creative environment to explore and play in. Character Creator The Calico character cr","{""text_match"": 0.10334659, ""cosine_similarity"": 0.45371473, ""reranker_score"": -3.7821584}"
2026-02-10T19:41:32+00:00,CORTEX_DB.RAW.CAT_GAMES_SVC_1_5,default,"I need something cozy, warm & fuzzy, stress-free: rebuild a cat cafe + decorating + pets","I need something cozy, warm & fuzzy, stress-free: rebuild a cat cafe + decorating + pets",[],,False,,,,keyword_focus,0.65,10,100,0,1229,1229,,01c2535d-0005-0846-0001-397a00068ec6,,45,45,,7e-06,7e-06,,7e-06,,,,,[],[],[],[],[],[],,,,,,,True,False,[],[],,,,[],[],,,,2,Desktop Cat Cafe,0.7486496499999999,2025,Arabic;Bulgarian;Czech;Danish;Dutch;English;Finnish;French;German;Greek;Hungarian;Indonesian;Italian;Japanese;Korean;Norwegian;Polish;Portuguese - Brazil;Portuguese - Portugal;Romanian;Russian;Simplified Chinese;Spanish - Latin America;Spanish - Spain;Swedish;Thai;Traditional Chinese;Turkish;Ukrainian;Vietnamese,Family Sharing;Single-player;Stats;Steam Achievements;Steam Cloud,Casual;Simulation,3D;Automation;Building;Casual;Cats;City Builder;Colorful;Cozy;Cute;Economy;Idler;Indie;Life Sim;Management;Nature;Relaxing;Sandbox;Simulation;Strategy;Stylized,"Desktop Cate Cafe is a cute, idle management game that lives at the bottom of your screen letting you work on other tasks while your cafe runs. Design your dream cafe, unlock delicious recipes, and automate your cafe with cute cat staff! Design Your Outdoor Cafe Build the perfect cafe with hundreds of customization options paired with an easy to use building system that lets your creativity shine. Unlock Delicious Recipes Progress by serving customers to unlock over 150 different recipes from co","{""text_match"": 0.08120547, ""cosine_similarity"": 0.4972993, ""reranker_score"": -6.4259963}"
2026-02-10T19:41:32+00:00,CORTEX_DB.RAW.CAT_GAMES_SVC_1_5,default,"I need something cozy, warm & fuzzy, stress-free: rebuild a cat cafe + decorating + pets","I need something cozy, warm & fuzzy, stress-free: rebuild a cat cafe + decorating + pets",[],,False,,,,keyword_focus,0.65,10,100,0,1229,1229,,01c2535d-0005-0846-0001-397a00068ec6,,45,45,,7e-06,7e-06,,7e-06,,,,,[],[],[],[],[],[],,,,,,,True,False,[],[],,,,[],[],,,,3,Melo's cat cafe,0.7425552,2024,English;Japanese,Family Sharing;Single-player;Steam Achievements,Casual;Indie;Simulation,3D;Casual;Cute;Idler;Indie;Simulation;Singleplayer,"'Melo's Cat Cafe' is the perfect game for players who want to relax in a stress-free environment. Instead of chasing goals, players can simply enjoy spending time with the cats. Observe the cats as they eat and sleep, and find peace of mind in their calm presence. Main Features Spacious Mountain Home The game is set in a large house on top of a mountain with beautiful scenic views. 　　The view from the terrace is breathtaking. Free-Spirited Cats Free-spirited and independent cats make an appearan","{""text_match"": 0.09771838, ""cosine_similarity"": 0.4851104, ""reranker_score"": -6.195158}"
2026-02-10T19:41:32+00:00,CORTEX_DB.RAW.CAT_GAMES_SVC_1_5,default,"I need something cozy, warm & fuzzy, stress-free: rebuild a cat cafe + decorating + pets","I need something cozy, warm & fuzzy, stress-free: rebuild a cat cafe + decorating + pets",[],,False,,,,keyword_focus,0.65,10,100,0,1229,1229,,01c2535d-0005-0846-0001-397a00068ec6,,45,45,,7e-06,7e-06,,7e-06,,,,,[],[],[],[],[],[],,,,,,,True,False,[],[],,,,[],[],,,,4,Mini Cozy Room: Lo-Fi,0.70663485,2025,English;French;German;Italian;Japanese;Korean;Portuguese - Brazil;Russian;Simplified Chinese;Spanish - Spain;Traditional Chinese,Family Sharing;Single-player;Steam Achievements;Steam Cloud,Casual;Indie,Casual;Character Customization;Cozy;Family Friendly;Idler;Indie;Music;Pixel Graphics;Relaxing;Singleplayer;Utilities,"『Mini Cozy Room : Lo-Fi』 is a relaxing productivity game that combines soothing Lo-Fi music with cozy room decoration. Cute avatars and pets will accompany you, making your work more enjoyable. Convenient desktop tools like Pomodoro timers, notes, and to-do lists will boost your productivity. 1. Your Own Cozy Workspace Create the workspace you've always dreamed of! Choose from various rooms, furniture, and decorative items. Your beautifully designed workspace will enhance concentration and produ","{""text_match"": 0.020625921, ""cosine_similarity"": 0.4132697, ""reranker_score"": -7.1745734}"
2026-02-10T19:41:32+00:00,CORTEX_DB.RAW.CAT_GAMES_SVC_1_5,default,"I need something cozy, warm & fuzzy, stress-free: rebuild a cat cafe + decorating + pets","I need something cozy, warm & fuzzy, stress-free: rebuild a cat cafe + decorating + pets",[],,False,,,,keyword_focus,0.65,10,100,0,1229,1229,,01c2535d-0005-0846-0001-397a00068ec6,,45,45,,7e-06,7e-06,,7e-06,,,,,[],[],[],[],[],[],,,,,,,True,False,[],[],,,,[],[],,,,5,My Fair Cat: Snow,0.714299085,2024,English;French;Japanese;Korean;Portuguese - Brazil;Russian;Simplified Chinese,Family Sharing;Single-player;Steam Achievements,Casual;Indie,Adventure;Anime;Cartoony;Casual;Cats;Choices Matter;Choose Your Own Adventure;Colorful;Cute;Dating Sim;Emotional;Female Protagonist;Immersive Sim;Interactive Fiction;Life Sim;Otome;Romance;Story Rich;Text-Based;Visual Novel,"Dive into a feel-good adventure of love, laughter, and cat companionship. Add My Fair Cat: Snow to your Steam wishlist and start spreading a little happiness today! Synopsis Recently moving to a new high school and not knowing anyone could have made for a dull routine, but everything changes when you save a stray cat. This single act of kindness sparks a chain of adventures that add a whole new layer of excitement in your daily life. As you're figuring out how to keep your new kitty content and ","{""text_match"": 0.0028883538, ""cosine_similarity"": 0.42859817, ""reranker_score"": -7.886154}"
2026-02-10T19:41:32+00:00,CORTEX_DB.RAW.CAT_GAMES_SVC_1_5,default,"I need something cozy, warm & fuzzy, stress-free: rebuild a cat cafe + decorating + pets","I need something cozy, warm & fuzzy, stress-free: rebuild a cat cafe + decorating + pets",[],,False,,,,keyword_focus,0.65,10,100,0,1229,1229,,01c2535d-0005-0846-0001-397a00068ec6,,45,45,,7e-06,7e-06,,7e-06,,,,,[],[],[],[],[],[],,,,,,,True,False,[],[],,,,[],[],,,,6,Nekokami - The Human Restoration Project,0.7068195349999999,2024,English;Japanese;Simplified Chinese,Adjustable Difficulty;Adjustable Text Size;Camera Comfort;Co-op;Custom Volume Controls;Family Sharing;Full controller support;Mouse Only Option;Multi-player;Playable without Timed Input;Shared/Split Screen;Shared/Split Screen Co-op;Single-player;Steam Achievements;Steam Cloud,Adventure;Casual;Early Access;Indie;RPG,3D;Building;Casual;Cats;Colorful;Cozy;Cute;Early Access;Family Friendly;Funny;Hand-drawn;Immersive Sim;Indie;Life Sim;Local Co-Op;Nature;Puzzle;RPG;Relaxing;Story Rich,"✨ Nekokami is a meditative, calming tile building game where you play as a time-traveler to a far future Milky Way managed by... benevolent Future Cats with super advanced technologies. Why it has to be the Cats? And where are the Humans?     In Nekokami, you will: 🌏 Create beautiful worlds of natural habitats and human settlements with strategic, or spontaneous, placement of tiles in a unique hand-drawn-like art style. 🌌 Follow an epic, whimsical yet heartwarming story of Human-Cat friendship, ","{""text_match"": 0.0012254278, ""cosine_similarity"": 0.41363907, ""reranker_score"": -7.673895}"
2026-02-10T19:41:32+00:00,CORTEX_DB.RAW.CAT_GAMES_SVC_1_5,default,"I need something cozy, warm & fuzzy, stress-free: rebuild a cat cafe + decorating + pets","I need something cozy, warm & fuzzy, stress-free: rebuild a cat cafe + decorating + pets",[],,False,,,,keyword_focus,0.65,10,100,0,1229,1229,,01c2535d-0005-0846-0001-397a00068ec6,,45,45,,7e-06,7e-06,,7e-06,,,,,[],[],[],[],[],[],,,,,,,True,False,[],[],,,,[],[],,,,7,Home Office Simulator,0.716145875,2023,English,Family Sharing;Single-player;Steam Achievements;Steam Cloud,Casual;Indie,Anime;Automation;Casual;Cats;Clicker;Colorful;Cute;Idler;Indie;Simulation;Singleplayer;Strategy,"Summary Help Ayame to work remotely, keeping her free of distractions and keeping her cat interested. Upgrade your home, move to new apartments, and take care of several cats. Upgrade your apartment objects so she can work without distractions or with less chance of getting interrupted by any distractions. Gameplay Move to seven unique apartments with different distractions and upgrades to be made. Upgrade and eliminate several distractions, including cats, computers, phone calls, and notificati","{""text_match"": 0.0012264128, ""cosine_similarity"": 0.43229175, ""reranker_score"": -8.643719}"
2026-02-10T19:41:32+00:00,CORTEX_DB.RAW.CAT_GAMES_SVC_1_5,default,"I need something cozy, warm & fuzzy, stress-free: rebuild a cat cafe + decorating + pets","I need something cozy, warm & fuzzy, stress-free: rebuild a cat cafe + decorating + pets",[],,False,,,,keyword_focus,0.65,10,100,0,1229,1229,,01c2535d-0005-0846-0001-397a00068ec6,,45,45,,7e-06,7e-06,,7e-06,,,,,[],[],[],[],[],[],,,,,,,True,False,[],[],,,,[],[],,,,8,Animal Shelter,0.70358762,2022,English;French;German;Italian;Japanese;Korean;Polish;Portuguese - Brazil;Russian;Simplified Chinese;Spanish - Spain;Traditional Chinese;Turkish,Family Sharing;Single-player;Steam Achievements;Steam Trading Cards,Adventure;Casual;Indie;Simulation,Adventure;Atmospheric;Building;Casual;Cats;Cute;Dog;Education;Experience;Family Friendly;First-Person;Immersive Sim;Indie;Life Sim;Management;Modern;Realistic;Relaxing;Simulation;Singleplayer,"Save our four-legged friends! Your main goal in Animal Shelter will be to look after, treat, and give shelter to those under your care. You will have plenty of work to do with the shelter, which will become a refuge for any creature in need and will certainly help in finding suitable future owners. Keep in mind that the future owner-pet duo must complement each other. Your main goal? Finding a suitable home for your pets! Take pictures Who doesn't love taking pictures of their pets? We provide y","{""text_match"": 0.02184545, ""cosine_similarity"": 0.40717524, ""reranker_score"": -7.97587}"
2026-02-10T19:41:32+00:00,CORTEX_DB.RAW.CAT_GAMES_SVC_1_5,default,"I need something cozy, warm & fuzzy, stress-free: rebuild a cat cafe + decorating + pets","I need something cozy, warm & fuzzy, stress-free: rebuild a cat cafe + decorating + pets",[],,False,,,,keyword_focus,0.65,10,100,0,1229,1229,,01c2535d-0005-0846-0001-397a00068ec6,,45,45,,7e-06,7e-06,,7e-06,,,,,[],[],[],[],[],[],,,,,,,True,False,[],[],,,,[],[],,,,9,A Building Full of Cats,0.7089433350000001,2022,Dutch;English;French;German;Hungarian;Italian;Japanese;Korean;Polish;Portuguese - Brazil;Russian;Simplified Chinese;Spanish - Latin America;Spanish - Spain;Traditional Chinese;Turkish,Family Sharing;Single-player;Steam Achievements;Steam Cloud;Steam Trading Cards,Casual,Adventure;Cartoony;Casual;Cats;Clicker;Collectathon;Colorful;Cozy;Creature Collector;Cute;Exploration;Family Friendly;Hand-drawn;Hidden Object;Minimalist;Point & Click;Puzzle;Relaxing;Singleplayer;Wholesome,A Building Full of Cats is a hidden object game where you need to pet all the cats in the building. Don't leave any cats behind! 360+ cats 6+ Floors 60+ hidden cats Secret cats? Who knows...,"{""text_match"": 0.0017560002, ""cosine_similarity"": 0.41788667, ""reranker_score"": -8.94032}"
2026-02-10T19:41:32+00:00,CORTEX_DB.RAW.CAT_GAMES_SVC_1_5,default,"I need something cozy, warm & fuzzy, stress-free: rebuild a cat cafe + decorating + pets","I need something cozy, warm & fuzzy, stress-free: rebuild a cat cafe + decorating + pets",[],,False,,,,keyword_focus,0.65,10,100,0,1229,1229,,01c2535d-0005-0846-0001-397a00068ec6,,45,45,,7e-06,7e-06,,7e-06,,,,,[],[],[],[],[],[],,,,,,,True,False,[],[],,,,[],[],,,,10,1001 Jigsaw. Cute Cats,0.7138373849999999,2022,English;French;German;Russian,Family Sharing;Single-player,Casual,Casual;Cute;Family Friendly;Puzzle;Singleplayer;Tabletop,"A new game in the series of 1001 Puzzles. Cute, funny, cozy cats will melt even the coldest hearts! Assemble the puzzle pieces and enjoy the cute faces of pets. During the game, it's easy to set a comfortable level of difficulty for comfortable play. Make the task more difficult and use the hints. Also, handy assembly tools are at your disposal. Save the assembled puzzle at any time! This game is suitable for beginners and for real professionals in this genre of games. - 500 high quality picture","{""text_match"": 0.016483607, ""cosine_similarity"": 0.42767477, ""reranker_score"": -9.494161}"
2026-02-10T19:41:35+00:00,CORTEX_DB.RAW.CAT_GAMES_SVC_1_5,default,"I need something cozy, warm & fuzzy, stress-free: rebuild a cat cafe + decorating + pets","I need something cozy, warm & fuzzy, stress-free: rebuild a cat cafe + decorating + pets",[],,False,,,,semantic_focus,0.3,10,100,0,1169,1169,,01c2535d-0005-0847-0001-397a0006c1b6,,59,59,,9e-06,9e-06,,9e-06,,,,,[],[],[],[],[],[],,,,,,,True,False,[],[],,,,[],[],,,,1,Calico,0.726857365,2020,English;French;German;Italian;Japanese;Korean;Portuguese - Brazil;Simplified Chinese;Spanish - Latin America,Camera Comfort;Color Alternatives;Custom Volume Controls;Family Sharing;Full controller support;Playable without Timed Input;Save Anytime;Single-player;Steam Achievements;Steam Cloud,Casual;Indie;RPG;Simulation,3D;Anime;Building;Casual;Cats;Character Customization;Cute;Dog;Family Friendly;Female Protagonist;Horses;Indie;LGBTQ+;Life Sim;Magic;Open World;RPG;Relaxing;Simulation;Singleplayer,"Calico is a day-in-the-life community sim game where you are given an important and adorable task: rebuild the town’s cat café and fill it with cute and cuddly creatures! Build up your café by filling it with cute furniture, fun decorations, yummy pastries, and get it bustling with animals again! Calico is meant to make you feel all warm and fuzzy inside. The gameplay reflects that with a laid back, low stress creative environment to explore and play in. Character Creator The Calico character cr","{""text_match"": 0.10334659, ""cosine_similarity"": 0.45371473, ""reranker_score"": -3.7821584}"
2026-02-10T19:41:35+00:00,CORTEX_DB.RAW.CAT_GAMES_SVC_1_5,default,"I need something cozy, warm & fuzzy, stress-free: rebuild a cat cafe + decorating + pets","I need something cozy, warm & fuzzy, stress-free: rebuild a cat cafe + decorating + pets",[],,False,,,,semantic_focus,0.3,10,100,0,1169,1169,,01c2535d-0005-0847-0001-397a0006c1b6,,59,59,,9e-06,9e-06,,9e-06,,,,,[],[],[],[],[],[],,,,,,,True,False,[],[],,,,[],[],,,,2,Desktop Cat Cafe,0.7486496499999999,2025,Arabic;Bulgarian;Czech;Danish;Dutch;English;Finnish;French;German;Greek;Hungarian;Indonesian;Italian;Japanese;Korean;Norwegian;Polish;Portuguese - Brazil;Portuguese - Portugal;Romanian;Russian;Simplified Chinese;Spanish - Latin America;Spanish - Spain;Swedish;Thai;Traditional Chinese;Turkish;Ukrainian;Vietnamese,Family Sharing;Single-player;Stats;Steam Achievements;Steam Cloud,Casual;Simulation,3D;Automation;Building;Casual;Cats;City Builder;Colorful;Cozy;Cute;Economy;Idler;Indie;Life Sim;Management;Nature;Relaxing;Sandbox;Simulation;Strategy;Stylized,"Desktop Cate Cafe is a cute, idle management game that lives at the bottom of your screen letting you work on other tasks while your cafe runs. Design your dream cafe, unlock delicious recipes, and automate your cafe with cute cat staff! Design Your Outdoor Cafe Build the perfect cafe with hundreds of customization options paired with an easy to use building system that lets your creativity shine. Unlock Delicious Recipes Progress by serving customers to unlock over 150 different recipes from co","{""text_match"": 0.08120547, ""cosine_similarity"": 0.4972993, ""reranker_score"": -6.4259963}"
2026-02-10T19:41:35+00:00,CORTEX_DB.RAW.CAT_GAMES_SVC_1_5,default,"I need something cozy, warm & fuzzy, stress-free: rebuild a cat cafe + decorating + pets","I need something cozy, warm & fuzzy, stress-free: rebuild a cat cafe + decorating + pets",[],,False,,,,semantic_focus,0.3,10,100,0,1169,1169,,01c2535d-0005-0847-0001-397a0006c1b6,,59,59,,9e-06,9e-06,,9e-06,,,,,[],[],[],[],[],[],,,,,,,True,False,[],[],,,,[],[],,,,3,Melo's cat cafe,0.7425552,2024,English;Japanese,Family Sharing;Single-player;Steam Achievements,Casual;Indie;Simulation,3D;Casual;Cute;Idler;Indie;Simulation;Singleplayer,"'Melo's Cat Cafe' is the perfect game for players who want to relax in a stress-free environment. Instead of chasing goals, players can simply enjoy spending time with the cats. Observe the cats as they eat and sleep, and find peace of mind in their calm presence. Main Features Spacious Mountain Home The game is set in a large house on top of a mountain with beautiful scenic views. 　　The view from the terrace is breathtaking. Free-Spirited Cats Free-spirited and independent cats make an appearan","{""text_match"": 0.09771838, ""cosine_similarity"": 0.4851104, ""reranker_score"": -6.195158}"
2026-02-10T19:41:35+00:00,CORTEX_DB.RAW.CAT_GAMES_SVC_1_5,default,"I need something cozy, warm & fuzzy, stress-free: rebuild a cat cafe + decorating + pets","I need something cozy, warm & fuzzy, stress-free: rebuild a cat cafe + decorating + pets",[],,False,,,,semantic_focus,0.3,10,100,0,1169,1169,,01c2535d-0005-0847-0001-397a0006c1b6,,59,59,,9e-06,9e-06,,9e-06,,,,,[],[],[],[],[],[],,,,,,,True,False,[],[],,,,[],[],,,,4,Mini Cozy Room: Lo-Fi,0.70663485,2025,English;French;German;Italian;Japanese;Korean;Portuguese - Brazil;Russian;Simplified Chinese;Spanish - Spain;Traditional Chinese,Family Sharing;Single-player;Steam Achievements;Steam Cloud,Casual;Indie,Casual;Character Customization;Cozy;Family Friendly;Idler;Indie;Music;Pixel Graphics;Relaxing;Singleplayer;Utilities,"『Mini Cozy Room : Lo-Fi』 is a relaxing productivity game that combines soothing Lo-Fi music with cozy room decoration. Cute avatars and pets will accompany you, making your work more enjoyable. Convenient desktop tools like Pomodoro timers, notes, and to-do lists will boost your productivity. 1. Your Own Cozy Workspace Create the workspace you've always dreamed of! Choose from various rooms, furniture, and decorative items. Your beautifully designed workspace will enhance concentration and produ","{""text_match"": 0.020625921, ""cosine_similarity"": 0.4132697, ""reranker_score"": -7.1745734}"
2026-02-10T19:41:35+00:00,CORTEX_DB.RAW.CAT_GAMES_SVC_1_5,default,"I need something cozy, warm & fuzzy, stress-free: rebuild a cat cafe + decorating + pets","I need something cozy, warm & fuzzy, stress-free: rebuild a cat cafe + decorating + pets",[],,False,,,,semantic_focus,0.3,10,100,0,1169,1169,,01c2535d-0005-0847-0001-397a0006c1b6,,59,59,,9e-06,9e-06,,9e-06,,,,,[],[],[],[],[],[],,,,,,,True,False,[],[],,,,[],[],,,,5,My Fair Cat: Snow,0.714299085,2024,English;French;Japanese;Korean;Portuguese - Brazil;Russian;Simplified Chinese,Family Sharing;Single-player;Steam Achievements,Casual;Indie,Adventure;Anime;Cartoony;Casual;Cats;Choices Matter;Choose Your Own Adventure;Colorful;Cute;Dating Sim;Emotional;Female Protagonist;Immersive Sim;Interactive Fiction;Life Sim;Otome;Romance;Story Rich;Text-Based;Visual Novel,"Dive into a feel-good adventure of love, laughter, and cat companionship. Add My Fair Cat: Snow to your Steam wishlist and start spreading a little happiness today! Synopsis Recently moving to a new high school and not knowing anyone could have made for a dull routine, but everything changes when you save a stray cat. This single act of kindness sparks a chain of adventures that add a whole new layer of excitement in your daily life. As you're figuring out how to keep your new kitty content and ","{""text_match"": 0.0028883538, ""cosine_similarity"": 0.42859817, ""reranker_score"": -7.886154}"
2026-02-10T19:41:35+00:00,CORTEX_DB.RAW.CAT_GAMES_SVC_1_5,default,"I need something cozy, warm & fuzzy, stress-free: rebuild a cat cafe + decorating + pets","I need something cozy, warm & fuzzy, stress-free: rebuild a cat cafe + decorating + pets",[],,False,,,,semantic_focus,0.3,10,100,0,1169,1169,,01c2535d-0005-0847-0001-397a0006c1b6,,59,59,,9e-06,9e-06,,9e-06,,,,,[],[],[],[],[],[],,,,,,,True,False,[],[],,,,[],[],,,,6,Nekokami - The Human Restoration Project,0.7068195349999999,2024,English;Japanese;Simplified Chinese,Adjustable Difficulty;Adjustable Text Size;Camera Comfort;Co-op;Custom Volume Controls;Family Sharing;Full controller support;Mouse Only Option;Multi-player;Playable without Timed Input;Shared/Split Screen;Shared/Split Screen Co-op;Single-player;Steam Achievements;Steam Cloud,Adventure;Casual;Early Access;Indie;RPG,3D;Building;Casual;Cats;Colorful;Cozy;Cute;Early Access;Family Friendly;Funny;Hand-drawn;Immersive Sim;Indie;Life Sim;Local Co-Op;Nature;Puzzle;RPG;Relaxing;Story Rich,"✨ Nekokami is a meditative, calming tile building game where you play as a time-traveler to a far future Milky Way managed by... benevolent Future Cats with super advanced technologies. Why it has to be the Cats? And where are the Humans?     In Nekokami, you will: 🌏 Create beautiful worlds of natural habitats and human settlements with strategic, or spontaneous, placement of tiles in a unique hand-drawn-like art style. 🌌 Follow an epic, whimsical yet heartwarming story of Human-Cat friendship, ","{""text_match"": 0.0012254278, ""cosine_similarity"": 0.41363907, ""reranker_score"": -7.673895}"
2026-02-10T19:41:35+00:00,CORTEX_DB.RAW.CAT_GAMES_SVC_1_5,default,"I need something cozy, warm & fuzzy, stress-free: rebuild a cat cafe + decorating + pets","I need something cozy, warm & fuzzy, stress-free: rebuild a cat cafe + decorating + pets",[],,False,,,,semantic_focus,0.3,10,100,0,1169,1169,,01c2535d-0005-0847-0001-397a0006c1b6,,59,59,,9e-06,9e-06,,9e-06,,,,,[],[],[],[],[],[],,,,,,,True,False,[],[],,,,[],[],,,,7,Home Office Simulator,0.716145875,2023,English,Family Sharing;Single-player;Steam Achievements;Steam Cloud,Casual;Indie,Anime;Automation;Casual;Cats;Clicker;Colorful;Cute;Idler;Indie;Simulation;Singleplayer;Strategy,"Summary Help Ayame to work remotely, keeping her free of distractions and keeping her cat interested. Upgrade your home, move to new apartments, and take care of several cats. Upgrade your apartment objects so she can work without distractions or with less chance of getting interrupted by any distractions. Gameplay Move to seven unique apartments with different distractions and upgrades to be made. Upgrade and eliminate several distractions, including cats, computers, phone calls, and notificati","{""text_match"": 0.0012264128, ""cosine_similarity"": 0.43229175, ""reranker_score"": -8.643719}"
2026-02-10T19:41:35+00:00,CORTEX_DB.RAW.CAT_GAMES_SVC_1_5,default,"I need something cozy, warm & fuzzy, stress-free: rebuild a cat cafe + decorating + pets","I need something cozy, warm & fuzzy, stress-free: rebuild a cat cafe + decorating + pets",[],,False,,,,semantic_focus,0.3,10,100,0,1169,1169,,01c2535d-0005-0847-0001-397a0006c1b6,,59,59,,9e-06,9e-06,,9e-06,,,,,[],[],[],[],[],[],,,,,,,True,False,[],[],,,,[],[],,,,8,Animal Shelter,0.70358762,2022,English;French;German;Italian;Japanese;Korean;Polish;Portuguese - Brazil;Russian;Simplified Chinese;Spanish - Spain;Traditional Chinese;Turkish,Family Sharing;Single-player;Steam Achievements;Steam Trading Cards,Adventure;Casual;Indie;Simulation,Adventure;Atmospheric;Building;Casual;Cats;Cute;Dog;Education;Experience;Family Friendly;First-Person;Immersive Sim;Indie;Life Sim;Management;Modern;Realistic;Relaxing;Simulation;Singleplayer,"Save our four-legged friends! Your main goal in Animal Shelter will be to look after, treat, and give shelter to those under your care. You will have plenty of work to do with the shelter, which will become a refuge for any creature in need and will certainly help in finding suitable future owners. Keep in mind that the future owner-pet duo must complement each other. Your main goal? Finding a suitable home for your pets! Take pictures Who doesn't love taking pictures of their pets? We provide y","{""text_match"": 0.02184545, ""cosine_similarity"": 0.40717524, ""reranker_score"": -7.97587}"
2026-02-10T19:41:35+00:00,CORTEX_DB.RAW.CAT_GAMES_SVC_1_5,default,"I need something cozy, warm & fuzzy, stress-free: rebuild a cat cafe + decorating + pets","I need something cozy, warm & fuzzy, stress-free: rebuild a cat cafe + decorating + pets",[],,False,,,,semantic_focus,0.3,10,100,0,1169,1169,,01c2535d-0005-0847-0001-397a0006c1b6,,59,59,,9e-06,9e-06,,9e-06,,,,,[],[],[],[],[],[],,,,,,,True,False,[],[],,,,[],[],,,,9,A Building Full of Cats,0.7089433350000001,2022,Dutch;English;French;German;Hungarian;Italian;Japanese;Korean;Polish;Portuguese - Brazil;Russian;Simplified Chinese;Spanish - Latin America;Spanish - Spain;Traditional Chinese;Turkish,Family Sharing;Single-player;Steam Achievements;Steam Cloud;Steam Trading Cards,Casual,Adventure;Cartoony;Casual;Cats;Clicker;Collectathon;Colorful;Cozy;Creature Collector;Cute;Exploration;Family Friendly;Hand-drawn;Hidden Object;Minimalist;Point & Click;Puzzle;Relaxing;Singleplayer;Wholesome,A Building Full of Cats is a hidden object game where you need to pet all the cats in the building. Don't leave any cats behind! 360+ cats 6+ Floors 60+ hidden cats Secret cats? Who knows...,"{""text_match"": 0.0017560002, ""cosine_similarity"": 0.41788667, ""reranker_score"": -8.94032}"
2026-02-10T19:41:35+00:00,CORTEX_DB.RAW.CAT_GAMES_SVC_1_5,default,"I need something cozy, warm & fuzzy, stress-free: rebuild a cat cafe + decorating + pets","I need something cozy, warm & fuzzy, stress-free: rebuild a cat cafe + decorating + pets",[],,False,,,,semantic_focus,0.3,10,100,0,1169,1169,,01c2535d-0005-0847-0001-397a0006c1b6,,59,59,,9e-06,9e-06,,9e-06,,,,,[],[],[],[],[],[],,,,,,,True,False,[],[],,,,[],[],,,,10,1001 Jigsaw. Cute Cats,0.7138373849999999,2022,English;French;German;Russian,Family Sharing;Single-player,Casual,Casual;Cute;Family Friendly;Puzzle;Singleplayer;Tabletop,"A new game in the series of 1001 Puzzles. Cute, funny, cozy cats will melt even the coldest hearts! Assemble the puzzle pieces and enjoy the cute faces of pets. During the game, it's easy to set a comfortable level of difficulty for comfortable play. Make the task more difficult and use the hints. Also, handy assembly tools are at your disposal. Save the assembled puzzle at any time! This game is suitable for beginners and for real professionals in this genre of games. - 500 high quality picture","{""text_match"": 0.016483607, ""cosine_similarity"": 0.42767477, ""reranker_score"": -9.494161}"
2026-02-10T19:41:36+00:00,CORTEX_DB.RAW.CAT_GAMES_SVC_1_5,default,"I need something cozy, warm & fuzzy, stress-free: rebuild a cat cafe + decorating + pets","I need something cozy, warm & fuzzy, stress-free: rebuild a cat cafe + decorating + pets",[],,False,,,,semantic_focus,0.65,10,100,0,1026,1026,,01c2535d-0005-0843-0001-397a0006d182,,34,34,,5e-06,5e-06,,5e-06,,,,,[],[],[],[],[],[],,,,,,,True,False,[],[],,,,[],[],,,,1,Calico,0.726857365,2020,English;French;German;Italian;Japanese;Korean;Portuguese - Brazil;Simplified Chinese;Spanish - Latin America,Camera Comfort;Color Alternatives;Custom Volume Controls;Family Sharing;Full controller support;Playable without Timed Input;Save Anytime;Single-player;Steam Achievements;Steam Cloud,Casual;Indie;RPG;Simulation,3D;Anime;Building;Casual;Cats;Character Customization;Cute;Dog;Family Friendly;Female Protagonist;Horses;Indie;LGBTQ+;Life Sim;Magic;Open World;RPG;Relaxing;Simulation;Singleplayer,"Calico is a day-in-the-life community sim game where you are given an important and adorable task: rebuild the town’s cat café and fill it with cute and cuddly creatures! Build up your café by filling it with cute furniture, fun decorations, yummy pastries, and get it bustling with animals again! Calico is meant to make you feel all warm and fuzzy inside. The gameplay reflects that with a laid back, low stress creative environment to explore and play in. Character Creator The Calico character cr","{""text_match"": 0.10334659, ""cosine_similarity"": 0.45371473, ""reranker_score"": -3.7821584}"
2026-02-10T19:41:36+00:00,CORTEX_DB.RAW.CAT_GAMES_SVC_1_5,default,"I need something cozy, warm & fuzzy, stress-free: rebuild a cat cafe + decorating + pets","I need something cozy, warm & fuzzy, stress-free: rebuild a cat cafe + decorating + pets",[],,False,,,,semantic_focus,0.65,10,100,0,1026,1026,,01c2535d-0005-0843-0001-397a0006d182,,34,34,,5e-06,5e-06,,5e-06,,,,,[],[],[],[],[],[],,,,,,,True,False,[],[],,,,[],[],,,,2,Desktop Cat Cafe,0.7486496499999999,2025,Arabic;Bulgarian;Czech;Danish;Dutch;English;Finnish;French;German;Greek;Hungarian;Indonesian;Italian;Japanese;Korean;Norwegian;Polish;Portuguese - Brazil;Portuguese - Portugal;Romanian;Russian;Simplified Chinese;Spanish - Latin America;Spanish - Spain;Swedish;Thai;Traditional Chinese;Turkish;Ukrainian;Vietnamese,Family Sharing;Single-player;Stats;Steam Achievements;Steam Cloud,Casual;Simulation,3D;Automation;Building;Casual;Cats;City Builder;Colorful;Cozy;Cute;Economy;Idler;Indie;Life Sim;Management;Nature;Relaxing;Sandbox;Simulation;Strategy;Stylized,"Desktop Cate Cafe is a cute, idle management game that lives at the bottom of your screen letting you work on other tasks while your cafe runs. Design your dream cafe, unlock delicious recipes, and automate your cafe with cute cat staff! Design Your Outdoor Cafe Build the perfect cafe with hundreds of customization options paired with an easy to use building system that lets your creativity shine. Unlock Delicious Recipes Progress by serving customers to unlock over 150 different recipes from co","{""text_match"": 0.08120547, ""cosine_similarity"": 0.4972993, ""reranker_score"": -6.4259963}"
2026-02-10T19:41:36+00:00,CORTEX_DB.RAW.CAT_GAMES_SVC_1_5,default,"I need something cozy, warm & fuzzy, stress-free: rebuild a cat cafe + decorating + pets","I need something cozy, warm & fuzzy, stress-free: rebuild a cat cafe + decorating + pets",[],,False,,,,semantic_focus,0.65,10,100,0,1026,1026,,01c2535d-0005-0843-0001-397a0006d182,,34,34,,5e-06,5e-06,,5e-06,,,,,[],[],[],[],[],[],,,,,,,True,False,[],[],,,,[],[],,,,3,Melo's cat cafe,0.7425552,2024,English;Japanese,Family Sharing;Single-player;Steam Achievements,Casual;Indie;Simulation,3D;Casual;Cute;Idler;Indie;Simulation;Singleplayer,"'Melo's Cat Cafe' is the perfect game for players who want to relax in a stress-free environment. Instead of chasing goals, players can simply enjoy spending time with the cats. Observe the cats as they eat and sleep, and find peace of mind in their calm presence. Main Features Spacious Mountain Home The game is set in a large house on top of a mountain with beautiful scenic views. 　　The view from the terrace is breathtaking. Free-Spirited Cats Free-spirited and independent cats make an appearan","{""text_match"": 0.09771838, ""cosine_similarity"": 0.4851104, ""reranker_score"": -6.195158}"
2026-02-10T19:41:36+00:00,CORTEX_DB.RAW.CAT_GAMES_SVC_1_5,default,"I need something cozy, warm & fuzzy, stress-free: rebuild a cat cafe + decorating + pets","I need something cozy, warm & fuzzy, stress-free: rebuild a cat cafe + decorating + pets",[],,False,,,,semantic_focus,0.65,10,100,0,1026,1026,,01c2535d-0005-0843-0001-397a0006d182,,34,34,,5e-06,5e-06,,5e-06,,,,,[],[],[],[],[],[],,,,,,,True,False,[],[],,,,[],[],,,,4,Mini Cozy Room: Lo-Fi,0.70663485,2025,English;French;German;Italian;Japanese;Korean;Portuguese - Brazil;Russian;Simplified Chinese;Spanish - Spain;Traditional Chinese,Family Sharing;Single-player;Steam Achievements;Steam Cloud,Casual;Indie,Casual;Character Customization;Cozy;Family Friendly;Idler;Indie;Music;Pixel Graphics;Relaxing;Singleplayer;Utilities,"『Mini Cozy Room : Lo-Fi』 is a relaxing productivity game that combines soothing Lo-Fi music with cozy room decoration. Cute avatars and pets will accompany you, making your work more enjoyable. Convenient desktop tools like Pomodoro timers, notes, and to-do lists will boost your productivity. 1. Your Own Cozy Workspace Create the workspace you've always dreamed of! Choose from various rooms, furniture, and decorative items. Your beautifully designed workspace will enhance concentration and produ","{""text_match"": 0.020625921, ""cosine_similarity"": 0.4132697, ""reranker_score"": -7.1745734}"
2026-02-10T19:41:36+00:00,CORTEX_DB.RAW.CAT_GAMES_SVC_1_5,default,"I need something cozy, warm & fuzzy, stress-free: rebuild a cat cafe + decorating + pets","I need something cozy, warm & fuzzy, stress-free: rebuild a cat cafe + decorating + pets",[],,False,,,,semantic_focus,0.65,10,100,0,1026,1026,,01c2535d-0005-0843-0001-397a0006d182,,34,34,,5e-06,5e-06,,5e-06,,,,,[],[],[],[],[],[],,,,,,,True,False,[],[],,,,[],[],,,,5,My Fair Cat: Snow,0.714299085,2024,English;French;Japanese;Korean;Portuguese - Brazil;Russian;Simplified Chinese,Family Sharing;Single-player;Steam Achievements,Casual;Indie,Adventure;Anime;Cartoony;Casual;Cats;Choices Matter;Choose Your Own Adventure;Colorful;Cute;Dating Sim;Emotional;Female Protagonist;Immersive Sim;Interactive Fiction;Life Sim;Otome;Romance;Story Rich;Text-Based;Visual Novel,"Dive into a feel-good adventure of love, laughter, and cat companionship. Add My Fair Cat: Snow to your Steam wishlist and start spreading a little happiness today! Synopsis Recently moving to a new high school and not knowing anyone could have made for a dull routine, but everything changes when you save a stray cat. This single act of kindness sparks a chain of adventures that add a whole new layer of excitement in your daily life. As you're figuring out how to keep your new kitty content and ","{""text_match"": 0.0028883538, ""cosine_similarity"": 0.42859817, ""reranker_score"": -7.886154}"
2026-02-10T19:41:36+00:00,CORTEX_DB.RAW.CAT_GAMES_SVC_1_5,default,"I need something cozy, warm & fuzzy, stress-free: rebuild a cat cafe + decorating + pets","I need something cozy, warm & fuzzy, stress-free: rebuild a cat cafe + decorating + pets",[],,False,,,,semantic_focus,0.65,10,100,0,1026,1026,,01c2535d-0005-0843-0001-397a0006d182,,34,34,,5e-06,5e-06,,5e-06,,,,,[],[],[],[],[],[],,,,,,,True,False,[],[],,,,[],[],,,,6,Nekokami - The Human Restoration Project,0.7068195349999999,2024,English;Japanese;Simplified Chinese,Adjustable Difficulty;Adjustable Text Size;Camera Comfort;Co-op;Custom Volume Controls;Family Sharing;Full controller support;Mouse Only Option;Multi-player;Playable without Timed Input;Shared/Split Screen;Shared/Split Screen Co-op;Single-player;Steam Achievements;Steam Cloud,Adventure;Casual;Early Access;Indie;RPG,3D;Building;Casual;Cats;Colorful;Cozy;Cute;Early Access;Family Friendly;Funny;Hand-drawn;Immersive Sim;Indie;Life Sim;Local Co-Op;Nature;Puzzle;RPG;Relaxing;Story Rich,"✨ Nekokami is a meditative, calming tile building game where you play as a time-traveler to a far future Milky Way managed by... benevolent Future Cats with super advanced technologies. Why it has to be the Cats? And where are the Humans?     In Nekokami, you will: 🌏 Create beautiful worlds of natural habitats and human settlements with strategic, or spontaneous, placement of tiles in a unique hand-drawn-like art style. 🌌 Follow an epic, whimsical yet heartwarming story of Human-Cat friendship, ","{""text_match"": 0.0012254278, ""cosine_similarity"": 0.41363907, ""reranker_score"": -7.673895}"
2026-02-10T19:41:36+00:00,CORTEX_DB.RAW.CAT_GAMES_SVC_1_5,default,"I need something cozy, warm & fuzzy, stress-free: rebuild a cat cafe + decorating + pets","I need something cozy, warm & fuzzy, stress-free: rebuild a cat cafe + decorating + pets",[],,False,,,,semantic_focus,0.65,10,100,0,1026,1026,,01c2535d-0005-0843-0001-397a0006d182,,34,34,,5e-06,5e-06,,5e-06,,,,,[],[],[],[],[],[],,,,,,,True,False,[],[],,,,[],[],,,,7,Home Office Simulator,0.716145875,2023,English,Family Sharing;Single-player;Steam Achievements;Steam Cloud,Casual;Indie,Anime;Automation;Casual;Cats;Clicker;Colorful;Cute;Idler;Indie;Simulation;Singleplayer;Strategy,"Summary Help Ayame to work remotely, keeping her free of distractions and keeping her cat interested. Upgrade your home, move to new apartments, and take care of several cats. Upgrade your apartment objects so she can work without distractions or with less chance of getting interrupted by any distractions. Gameplay Move to seven unique apartments with different distractions and upgrades to be made. Upgrade and eliminate several distractions, including cats, computers, phone calls, and notificati","{""text_match"": 0.0012264128, ""cosine_similarity"": 0.43229175, ""reranker_score"": -8.643719}"
2026-02-10T19:41:36+00:00,CORTEX_DB.RAW.CAT_GAMES_SVC_1_5,default,"I need something cozy, warm & fuzzy, stress-free: rebuild a cat cafe + decorating + pets","I need something cozy, warm & fuzzy, stress-free: rebuild a cat cafe + decorating + pets",[],,False,,,,semantic_focus,0.65,10,100,0,1026,1026,,01c2535d-0005-0843-0001-397a0006d182,,34,34,,5e-06,5e-06,,5e-06,,,,,[],[],[],[],[],[],,,,,,,True,False,[],[],,,,[],[],,,,8,Animal Shelter,0.70358762,2022,English;French;German;Italian;Japanese;Korean;Polish;Portuguese - Brazil;Russian;Simplified Chinese;Spanish - Spain;Traditional Chinese;Turkish,Family Sharing;Single-player;Steam Achievements;Steam Trading Cards,Adventure;Casual;Indie;Simulation,Adventure;Atmospheric;Building;Casual;Cats;Cute;Dog;Education;Experience;Family Friendly;First-Person;Immersive Sim;Indie;Life Sim;Management;Modern;Realistic;Relaxing;Simulation;Singleplayer,"Save our four-legged friends! Your main goal in Animal Shelter will be to look after, treat, and give shelter to those under your care. You will have plenty of work to do with the shelter, which will become a refuge for any creature in need and will certainly help in finding suitable future owners. Keep in mind that the future owner-pet duo must complement each other. Your main goal? Finding a suitable home for your pets! Take pictures Who doesn't love taking pictures of their pets? We provide y","{""text_match"": 0.02184545, ""cosine_similarity"": 0.40717524, ""reranker_score"": -7.97587}"
2026-02-10T19:41:36+00:00,CORTEX_DB.RAW.CAT_GAMES_SVC_1_5,default,"I need something cozy, warm & fuzzy, stress-free: rebuild a cat cafe + decorating + pets","I need something cozy, warm & fuzzy, stress-free: rebuild a cat cafe + decorating + pets",[],,False,,,,semantic_focus,0.65,10,100,0,1026,1026,,01c2535d-0005-0843-0001-397a0006d182,,34,34,,5e-06,5e-06,,5e-06,,,,,[],[],[],[],[],[],,,,,,,True,False,[],[],,,,[],[],,,,9,A Building Full of Cats,0.7089433350000001,2022,Dutch;English;French;German;Hungarian;Italian;Japanese;Korean;Polish;Portuguese - Brazil;Russian;Simplified Chinese;Spanish - Latin America;Spanish - Spain;Traditional Chinese;Turkish,Family Sharing;Single-player;Steam Achievements;Steam Cloud;Steam Trading Cards,Casual,Adventure;Cartoony;Casual;Cats;Clicker;Collectathon;Colorful;Cozy;Creature Collector;Cute;Exploration;Family Friendly;Hand-drawn;Hidden Object;Minimalist;Point & Click;Puzzle;Relaxing;Singleplayer;Wholesome,A Building Full of Cats is a hidden object game where you need to pet all the cats in the building. Don't leave any cats behind! 360+ cats 6+ Floors 60+ hidden cats Secret cats? Who knows...,"{""text_match"": 0.0017560002, ""cosine_similarity"": 0.41788667, ""reranker_score"": -8.94032}"
2026-02-10T19:41:36+00:00,CORTEX_DB.RAW.CAT_GAMES_SVC_1_5,default,"I need something cozy, warm & fuzzy, stress-free: rebuild a cat cafe + decorating + pets","I need something cozy, warm & fuzzy, stress-free: rebuild a cat cafe + decorating + pets",[],,False,,,,semantic_focus,0.65,10,100,0,1026,1026,,01c2535d-0005-0843-0001-397a0006d182,,34,34,,5e-06,5e-06,,5e-06,,,,,[],[],[],[],[],[],,,,,,,True,False,[],[],,,,[],[],,,,10,1001 Jigsaw. Cute Cats,0.7138373849999999,2022,English;French;German;Russian,Family Sharing;Single-player,Casual,Casual;Cute;Family Friendly;Puzzle;Singleplayer;Tabletop,"A new game in the series of 1001 Puzzles. Cute, funny, cozy cats will melt even the coldest hearts! Assemble the puzzle pieces and enjoy the cute faces of pets. During the game, it's easy to set a comfortable level of difficulty for comfortable play. Make the task more difficult and use the hints. Also, handy assembly tools are at your disposal. Save the assembled puzzle at any time! This game is suitable for beginners and for real professionals in this genre of games. - 500 high quality picture","{""text_match"": 0.016483607, ""cosine_similarity"": 0.42767477, ""reranker_score"": -9.494161}"
2026-02-10T19:41:40+00:00,CORTEX_DB.RAW.CAT_GAMES_SVC_1_5,default,"I need something cozy, warm & fuzzy, stress-free: rebuild a cat cafe + decorating + pets","I need something cozy, warm & fuzzy, stress-free: rebuild a cat cafe + decorating + pets",[],,False,,,,keyword_extreme,0.3,10,100,0,1228,1228,,01c2535d-0005-0843-0001-397a0006d18e,,34,34,,5e-06,5e-06,,5e-06,,,,,[],[],[],[],[],[],,,,,,,True,False,[],[],,,,[],[],,,,1,Calico,0.726857365,2020,English;French;German;Italian;Japanese;Korean;Portuguese - Brazil;Simplified Chinese;Spanish - Latin America,Camera Comfort;Color Alternatives;Custom Volume Controls;Family Sharing;Full controller support;Playable without Timed Input;Save Anytime;Single-player;Steam Achievements;Steam Cloud,Casual;Indie;RPG;Simulation,3D;Anime;Building;Casual;Cats;Character Customization;Cute;Dog;Family Friendly;Female Protagonist;Horses;Indie;LGBTQ+;Life Sim;Magic;Open World;RPG;Relaxing;Simulation;Singleplayer,"Calico is a day-in-the-life community sim game where you are given an important and adorable task: rebuild the town’s cat café and fill it with cute and cuddly creatures! Build up your café by filling it with cute furniture, fun decorations, yummy pastries, and get it bustling with animals again! Calico is meant to make you feel all warm and fuzzy inside. The gameplay reflects that with a laid back, low stress creative environment to explore and play in. Character Creator The Calico character cr","{""text_match"": 0.10334659, ""cosine_similarity"": 0.45371473, ""reranker_score"": -3.7821584}"
2026-02-10T19:41:40+00:00,CORTEX_DB.RAW.CAT_GAMES_SVC_1_5,default,"I need something cozy, warm & fuzzy, stress-free: rebuild a cat cafe + decorating + pets","I need something cozy, warm & fuzzy, stress-free: rebuild a cat cafe + decorating + pets",[],,False,,,,keyword_extreme,0.3,10,100,0,1228,1228,,01c2535d-0005-0843-0001-397a0006d18e,,34,34,,5e-06,5e-06,,5e-06,,,,,[],[],[],[],[],[],,,,,,,True,False,[],[],,,,[],[],,,,2,Desktop Cat Cafe,0.7486496499999999,2025,Arabic;Bulgarian;Czech;Danish;Dutch;English;Finnish;French;German;Greek;Hungarian;Indonesian;Italian;Japanese;Korean;Norwegian;Polish;Portuguese - Brazil;Portuguese - Portugal;Romanian;Russian;Simplified Chinese;Spanish - Latin America;Spanish - Spain;Swedish;Thai;Traditional Chinese;Turkish;Ukrainian;Vietnamese,Family Sharing;Single-player;Stats;Steam Achievements;Steam Cloud,Casual;Simulation,3D;Automation;Building;Casual;Cats;City Builder;Colorful;Cozy;Cute;Economy;Idler;Indie;Life Sim;Management;Nature;Relaxing;Sandbox;Simulation;Strategy;Stylized,"Desktop Cate Cafe is a cute, idle management game that lives at the bottom of your screen letting you work on other tasks while your cafe runs. Design your dream cafe, unlock delicious recipes, and automate your cafe with cute cat staff! Design Your Outdoor Cafe Build the perfect cafe with hundreds of customization options paired with an easy to use building system that lets your creativity shine. Unlock Delicious Recipes Progress by serving customers to unlock over 150 different recipes from co","{""text_match"": 0.08120547, ""cosine_similarity"": 0.4972993, ""reranker_score"": -6.4259963}"
2026-02-10T19:41:40+00:00,CORTEX_DB.RAW.CAT_GAMES_SVC_1_5,default,"I need something cozy, warm & fuzzy, stress-free: rebuild a cat cafe + decorating + pets","I need something cozy, warm & fuzzy, stress-free: rebuild a cat cafe + decorating + pets",[],,False,,,,keyword_extreme,0.3,10,100,0,1228,1228,,01c2535d-0005-0843-0001-397a0006d18e,,34,34,,5e-06,5e-06,,5e-06,,,,,[],[],[],[],[],[],,,,,,,True,False,[],[],,,,[],[],,,,3,Melo's cat cafe,0.7425552,2024,English;Japanese,Family Sharing;Single-player;Steam Achievements,Casual;Indie;Simulation,3D;Casual;Cute;Idler;Indie;Simulation;Singleplayer,"'Melo's Cat Cafe' is the perfect game for players who want to relax in a stress-free environment. Instead of chasing goals, players can simply enjoy spending time with the cats. Observe the cats as they eat and sleep, and find peace of mind in their calm presence. Main Features Spacious Mountain Home The game is set in a large house on top of a mountain with beautiful scenic views. 　　The view from the terrace is breathtaking. Free-Spirited Cats Free-spirited and independent cats make an appearan","{""text_match"": 0.09771838, ""cosine_similarity"": 0.4851104, ""reranker_score"": -6.195158}"
2026-02-10T19:41:40+00:00,CORTEX_DB.RAW.CAT_GAMES_SVC_1_5,default,"I need something cozy, warm & fuzzy, stress-free: rebuild a cat cafe + decorating + pets","I need something cozy, warm & fuzzy, stress-free: rebuild a cat cafe + decorating + pets",[],,False,,,,keyword_extreme,0.3,10,100,0,1228,1228,,01c2535d-0005-0843-0001-397a0006d18e,,34,34,,5e-06,5e-06,,5e-06,,,,,[],[],[],[],[],[],,,,,,,True,False,[],[],,,,[],[],,,,4,Mini Cozy Room: Lo-Fi,0.70663485,2025,English;French;German;Italian;Japanese;Korean;Portuguese - Brazil;Russian;Simplified Chinese;Spanish - Spain;Traditional Chinese,Family Sharing;Single-player;Steam Achievements;Steam Cloud,Casual;Indie,Casual;Character Customization;Cozy;Family Friendly;Idler;Indie;Music;Pixel Graphics;Relaxing;Singleplayer;Utilities,"『Mini Cozy Room : Lo-Fi』 is a relaxing productivity game that combines soothing Lo-Fi music with cozy room decoration. Cute avatars and pets will accompany you, making your work more enjoyable. Convenient desktop tools like Pomodoro timers, notes, and to-do lists will boost your productivity. 1. Your Own Cozy Workspace Create the workspace you've always dreamed of! Choose from various rooms, furniture, and decorative items. Your beautifully designed workspace will enhance concentration and produ","{""text_match"": 0.020625921, ""cosine_similarity"": 0.4132697, ""reranker_score"": -7.1745734}"
2026-02-10T19:41:40+00:00,CORTEX_DB.RAW.CAT_GAMES_SVC_1_5,default,"I need something cozy, warm & fuzzy, stress-free: rebuild a cat cafe + decorating + pets","I need something cozy, warm & fuzzy, stress-free: rebuild a cat cafe + decorating + pets",[],,False,,,,keyword_extreme,0.3,10,100,0,1228,1228,,01c2535d-0005-0843-0001-397a0006d18e,,34,34,,5e-06,5e-06,,5e-06,,,,,[],[],[],[],[],[],,,,,,,True,False,[],[],,,,[],[],,,,5,My Fair Cat: Snow,0.714299085,2024,English;French;Japanese;Korean;Portuguese - Brazil;Russian;Simplified Chinese,Family Sharing;Single-player;Steam Achievements,Casual;Indie,Adventure;Anime;Cartoony;Casual;Cats;Choices Matter;Choose Your Own Adventure;Colorful;Cute;Dating Sim;Emotional;Female Protagonist;Immersive Sim;Interactive Fiction;Life Sim;Otome;Romance;Story Rich;Text-Based;Visual Novel,"Dive into a feel-good adventure of love, laughter, and cat companionship. Add My Fair Cat: Snow to your Steam wishlist and start spreading a little happiness today! Synopsis Recently moving to a new high school and not knowing anyone could have made for a dull routine, but everything changes when you save a stray cat. This single act of kindness sparks a chain of adventures that add a whole new layer of excitement in your daily life. As you're figuring out how to keep your new kitty content and ","{""text_match"": 0.0028883538, ""cosine_similarity"": 0.42859817, ""reranker_score"": -7.886154}"
2026-02-10T19:41:40+00:00,CORTEX_DB.RAW.CAT_GAMES_SVC_1_5,default,"I need something cozy, warm & fuzzy, stress-free: rebuild a cat cafe + decorating + pets","I need something cozy, warm & fuzzy, stress-free: rebuild a cat cafe + decorating + pets",[],,False,,,,keyword_extreme,0.3,10,100,0,1228,1228,,01c2535d-0005-0843-0001-397a0006d18e,,34,34,,5e-06,5e-06,,5e-06,,,,,[],[],[],[],[],[],,,,,,,True,False,[],[],,,,[],[],,,,6,Nekokami - The Human Restoration Project,0.7068195349999999,2024,English;Japanese;Simplified Chinese,Adjustable Difficulty;Adjustable Text Size;Camera Comfort;Co-op;Custom Volume Controls;Family Sharing;Full controller support;Mouse Only Option;Multi-player;Playable without Timed Input;Shared/Split Screen;Shared/Split Screen Co-op;Single-player;Steam Achievements;Steam Cloud,Adventure;Casual;Early Access;Indie;RPG,3D;Building;Casual;Cats;Colorful;Cozy;Cute;Early Access;Family Friendly;Funny;Hand-drawn;Immersive Sim;Indie;Life Sim;Local Co-Op;Nature;Puzzle;RPG;Relaxing;Story Rich,"✨ Nekokami is a meditative, calming tile building game where you play as a time-traveler to a far future Milky Way managed by... benevolent Future Cats with super advanced technologies. Why it has to be the Cats? And where are the Humans?     In Nekokami, you will: 🌏 Create beautiful worlds of natural habitats and human settlements with strategic, or spontaneous, placement of tiles in a unique hand-drawn-like art style. 🌌 Follow an epic, whimsical yet heartwarming story of Human-Cat friendship, ","{""text_match"": 0.0012254278, ""cosine_similarity"": 0.41363907, ""reranker_score"": -7.673895}"
2026-02-10T19:41:40+00:00,CORTEX_DB.RAW.CAT_GAMES_SVC_1_5,default,"I need something cozy, warm & fuzzy, stress-free: rebuild a cat cafe + decorating + pets","I need something cozy, warm & fuzzy, stress-free: rebuild a cat cafe + decorating + pets",[],,False,,,,keyword_extreme,0.3,10,100,0,1228,1228,,01c2535d-0005-0843-0001-397a0006d18e,,34,34,,5e-06,5e-06,,5e-06,,,,,[],[],[],[],[],[],,,,,,,True,False,[],[],,,,[],[],,,,7,Home Office Simulator,0.716145875,2023,English,Family Sharing;Single-player;Steam Achievements;Steam Cloud,Casual;Indie,Anime;Automation;Casual;Cats;Clicker;Colorful;Cute;Idler;Indie;Simulation;Singleplayer;Strategy,"Summary Help Ayame to work remotely, keeping her free of distractions and keeping her cat interested. Upgrade your home, move to new apartments, and take care of several cats. Upgrade your apartment objects so she can work without distractions or with less chance of getting interrupted by any distractions. Gameplay Move to seven unique apartments with different distractions and upgrades to be made. Upgrade and eliminate several distractions, including cats, computers, phone calls, and notificati","{""text_match"": 0.0012264128, ""cosine_similarity"": 0.43229175, ""reranker_score"": -8.643719}"
2026-02-10T19:41:40+00:00,CORTEX_DB.RAW.CAT_GAMES_SVC_1_5,default,"I need something cozy, warm & fuzzy, stress-free: rebuild a cat cafe + decorating + pets","I need something cozy, warm & fuzzy, stress-free: rebuild a cat cafe + decorating + pets",[],,False,,,,keyword_extreme,0.3,10,100,0,1228,1228,,01c2535d-0005-0843-0001-397a0006d18e,,34,34,,5e-06,5e-06,,5e-06,,,,,[],[],[],[],[],[],,,,,,,True,False,[],[],,,,[],[],,,,8,Animal Shelter,0.70358762,2022,English;French;German;Italian;Japanese;Korean;Polish;Portuguese - Brazil;Russian;Simplified Chinese;Spanish - Spain;Traditional Chinese;Turkish,Family Sharing;Single-player;Steam Achievements;Steam Trading Cards,Adventure;Casual;Indie;Simulation,Adventure;Atmospheric;Building;Casual;Cats;Cute;Dog;Education;Experience;Family Friendly;First-Person;Immersive Sim;Indie;Life Sim;Management;Modern;Realistic;Relaxing;Simulation;Singleplayer,"Save our four-legged friends! Your main goal in Animal Shelter will be to look after, treat, and give shelter to those under your care. You will have plenty of work to do with the shelter, which will become a refuge for any creature in need and will certainly help in finding suitable future owners. Keep in mind that the future owner-pet duo must complement each other. Your main goal? Finding a suitable home for your pets! Take pictures Who doesn't love taking pictures of their pets? We provide y","{""text_match"": 0.02184545, ""cosine_similarity"": 0.40717524, ""reranker_score"": -7.97587}"
2026-02-10T19:41:40+00:00,CORTEX_DB.RAW.CAT_GAMES_SVC_1_5,default,"I need something cozy, warm & fuzzy, stress-free: rebuild a cat cafe + decorating + pets","I need something cozy, warm & fuzzy, stress-free: rebuild a cat cafe + decorating + pets",[],,False,,,,keyword_extreme,0.3,10,100,0,1228,1228,,01c2535d-0005-0843-0001-397a0006d18e,,34,34,,5e-06,5e-06,,5e-06,,,,,[],[],[],[],[],[],,,,,,,True,False,[],[],,,,[],[],,,,9,A Building Full of Cats,0.7089433350000001,2022,Dutch;English;French;German;Hungarian;Italian;Japanese;Korean;Polish;Portuguese - Brazil;Russian;Simplified Chinese;Spanish - Latin America;Spanish - Spain;Traditional Chinese;Turkish,Family Sharing;Single-player;Steam Achievements;Steam Cloud;Steam Trading Cards,Casual,Adventure;Cartoony;Casual;Cats;Clicker;Collectathon;Colorful;Cozy;Creature Collector;Cute;Exploration;Family Friendly;Hand-drawn;Hidden Object;Minimalist;Point & Click;Puzzle;Relaxing;Singleplayer;Wholesome,A Building Full of Cats is a hidden object game where you need to pet all the cats in the building. Don't leave any cats behind! 360+ cats 6+ Floors 60+ hidden cats Secret cats? Who knows...,"{""text_match"": 0.0017560002, ""cosine_similarity"": 0.41788667, ""reranker_score"": -8.94032}"
2026-02-10T19:41:40+00:00,CORTEX_DB.RAW.CAT_GAMES_SVC_1_5,default,"I need something cozy, warm & fuzzy, stress-free: rebuild a cat cafe + decorating + pets","I need something cozy, warm & fuzzy, stress-free: rebuild a cat cafe + decorating + pets",[],,False,,,,keyword_extreme,0.3,10,100,0,1228,1228,,01c2535d-0005-0843-0001-397a0006d18e,,34,34,,5e-06,5e-06,,5e-06,,,,,[],[],[],[],[],[],,,,,,,True,False,[],[],,,,[],[],,,,10,1001 Jigsaw. Cute Cats,0.7138373849999999,2022,English;French;German;Russian,Family Sharing;Single-player,Casual,Casual;Cute;Family Friendly;Puzzle;Singleplayer;Tabletop,"A new game in the series of 1001 Puzzles. Cute, funny, cozy cats will melt even the coldest hearts! Assemble the puzzle pieces and enjoy the cute faces of pets. During the game, it's easy to set a comfortable level of difficulty for comfortable play. Make the task more difficult and use the hints. Also, handy assembly tools are at your disposal. Save the assembled puzzle at any time! This game is suitable for beginners and for real professionals in this genre of games. - 500 high quality picture","{""text_match"": 0.016483607, ""cosine_similarity"": 0.42767477, ""reranker_score"": -9.494161}"
2026-02-10T19:41:41+00:00,CORTEX_DB.RAW.CAT_GAMES_SVC_1_5,default,"I need something cozy, warm & fuzzy, stress-free: rebuild a cat cafe + decorating + pets","I need something cozy, warm & fuzzy, stress-free: rebuild a cat cafe + decorating + pets",[],,False,,,,keyword_extreme,0.65,10,100,0,1126,1126,,01c2535d-0005-0847-0001-397a0006c1ca,,62,62,,9e-06,9e-06,,9e-06,,,,,[],[],[],[],[],[],,,,,,,True,False,[],[],,,,[],[],,,,1,Calico,0.726857365,2020,English;French;German;Italian;Japanese;Korean;Portuguese - Brazil;Simplified Chinese;Spanish - Latin America,Camera Comfort;Color Alternatives;Custom Volume Controls;Family Sharing;Full controller support;Playable without Timed Input;Save Anytime;Single-player;Steam Achievements;Steam Cloud,Casual;Indie;RPG;Simulation,3D;Anime;Building;Casual;Cats;Character Customization;Cute;Dog;Family Friendly;Female Protagonist;Horses;Indie;LGBTQ+;Life Sim;Magic;Open World;RPG;Relaxing;Simulation;Singleplayer,"Calico is a day-in-the-life community sim game where you are given an important and adorable task: rebuild the town’s cat café and fill it with cute and cuddly creatures! Build up your café by filling it with cute furniture, fun decorations, yummy pastries, and get it bustling with animals again! Calico is meant to make you feel all warm and fuzzy inside. The gameplay reflects that with a laid back, low stress creative environment to explore and play in. Character Creator The Calico character cr","{""text_match"": 0.10334659, ""cosine_similarity"": 0.45371473, ""reranker_score"": -3.7821584}"
2026-02-10T19:41:41+00:00,CORTEX_DB.RAW.CAT_GAMES_SVC_1_5,default,"I need something cozy, warm & fuzzy, stress-free: rebuild a cat cafe + decorating + pets","I need something cozy, warm & fuzzy, stress-free: rebuild a cat cafe + decorating + pets",[],,False,,,,keyword_extreme,0.65,10,100,0,1126,1126,,01c2535d-0005-0847-0001-397a0006c1ca,,62,62,,9e-06,9e-06,,9e-06,,,,,[],[],[],[],[],[],,,,,,,True,False,[],[],,,,[],[],,,,2,Desktop Cat Cafe,0.7486496499999999,2025,Arabic;Bulgarian;Czech;Danish;Dutch;English;Finnish;French;German;Greek;Hungarian;Indonesian;Italian;Japanese;Korean;Norwegian;Polish;Portuguese - Brazil;Portuguese - Portugal;Romanian;Russian;Simplified Chinese;Spanish - Latin America;Spanish - Spain;Swedish;Thai;Traditional Chinese;Turkish;Ukrainian;Vietnamese,Family Sharing;Single-player;Stats;Steam Achievements;Steam Cloud,Casual;Simulation,3D;Automation;Building;Casual;Cats;City Builder;Colorful;Cozy;Cute;Economy;Idler;Indie;Life Sim;Management;Nature;Relaxing;Sandbox;Simulation;Strategy;Stylized,"Desktop Cate Cafe is a cute, idle management game that lives at the bottom of your screen letting you work on other tasks while your cafe runs. Design your dream cafe, unlock delicious recipes, and automate your cafe with cute cat staff! Design Your Outdoor Cafe Build the perfect cafe with hundreds of customization options paired with an easy to use building system that lets your creativity shine. Unlock Delicious Recipes Progress by serving customers to unlock over 150 different recipes from co","{""text_match"": 0.08120547, ""cosine_similarity"": 0.4972993, ""reranker_score"": -6.4259963}"
2026-02-10T19:41:41+00:00,CORTEX_DB.RAW.CAT_GAMES_SVC_1_5,default,"I need something cozy, warm & fuzzy, stress-free: rebuild a cat cafe + decorating + pets","I need something cozy, warm & fuzzy, stress-free: rebuild a cat cafe + decorating + pets",[],,False,,,,keyword_extreme,0.65,10,100,0,1126,1126,,01c2535d-0005-0847-0001-397a0006c1ca,,62,62,,9e-06,9e-06,,9e-06,,,,,[],[],[],[],[],[],,,,,,,True,False,[],[],,,,[],[],,,,3,Melo's cat cafe,0.7425552,2024,English;Japanese,Family Sharing;Single-player;Steam Achievements,Casual;Indie;Simulation,3D;Casual;Cute;Idler;Indie;Simulation;Singleplayer,"'Melo's Cat Cafe' is the perfect game for players who want to relax in a stress-free environment. Instead of chasing goals, players can simply enjoy spending time with the cats. Observe the cats as they eat and sleep, and find peace of mind in their calm presence. Main Features Spacious Mountain Home The game is set in a large house on top of a mountain with beautiful scenic views. 　　The view from the terrace is breathtaking. Free-Spirited Cats Free-spirited and independent cats make an appearan","{""text_match"": 0.09771838, ""cosine_similarity"": 0.4851104, ""reranker_score"": -6.195158}"
2026-02-10T19:41:41+00:00,CORTEX_DB.RAW.CAT_GAMES_SVC_1_5,default,"I need something cozy, warm & fuzzy, stress-free: rebuild a cat cafe + decorating + pets","I need something cozy, warm & fuzzy, stress-free: rebuild a cat cafe + decorating + pets",[],,False,,,,keyword_extreme,0.65,10,100,0,1126,1126,,01c2535d-0005-0847-0001-397a0006c1ca,,62,62,,9e-06,9e-06,,9e-06,,,,,[],[],[],[],[],[],,,,,,,True,False,[],[],,,,[],[],,,,4,Mini Cozy Room: Lo-Fi,0.70663485,2025,English;French;German;Italian;Japanese;Korean;Portuguese - Brazil;Russian;Simplified Chinese;Spanish - Spain;Traditional Chinese,Family Sharing;Single-player;Steam Achievements;Steam Cloud,Casual;Indie,Casual;Character Customization;Cozy;Family Friendly;Idler;Indie;Music;Pixel Graphics;Relaxing;Singleplayer;Utilities,"『Mini Cozy Room : Lo-Fi』 is a relaxing productivity game that combines soothing Lo-Fi music with cozy room decoration. Cute avatars and pets will accompany you, making your work more enjoyable. Convenient desktop tools like Pomodoro timers, notes, and to-do lists will boost your productivity. 1. Your Own Cozy Workspace Create the workspace you've always dreamed of! Choose from various rooms, furniture, and decorative items. Your beautifully designed workspace will enhance concentration and produ","{""text_match"": 0.020625921, ""cosine_similarity"": 0.4132697, ""reranker_score"": -7.1745734}"
2026-02-10T19:41:41+00:00,CORTEX_DB.RAW.CAT_GAMES_SVC_1_5,default,"I need something cozy, warm & fuzzy, stress-free: rebuild a cat cafe + decorating + pets","I need something cozy, warm & fuzzy, stress-free: rebuild a cat cafe + decorating + pets",[],,False,,,,keyword_extreme,0.65,10,100,0,1126,1126,,01c2535d-0005-0847-0001-397a0006c1ca,,62,62,,9e-06,9e-06,,9e-06,,,,,[],[],[],[],[],[],,,,,,,True,False,[],[],,,,[],[],,,,5,My Fair Cat: Snow,0.714299085,2024,English;French;Japanese;Korean;Portuguese - Brazil;Russian;Simplified Chinese,Family Sharing;Single-player;Steam Achievements,Casual;Indie,Adventure;Anime;Cartoony;Casual;Cats;Choices Matter;Choose Your Own Adventure;Colorful;Cute;Dating Sim;Emotional;Female Protagonist;Immersive Sim;Interactive Fiction;Life Sim;Otome;Romance;Story Rich;Text-Based;Visual Novel,"Dive into a feel-good adventure of love, laughter, and cat companionship. Add My Fair Cat: Snow to your Steam wishlist and start spreading a little happiness today! Synopsis Recently moving to a new high school and not knowing anyone could have made for a dull routine, but everything changes when you save a stray cat. This single act of kindness sparks a chain of adventures that add a whole new layer of excitement in your daily life. As you're figuring out how to keep your new kitty content and ","{""text_match"": 0.0028883538, ""cosine_similarity"": 0.42859817, ""reranker_score"": -7.886154}"
2026-02-10T19:41:41+00:00,CORTEX_DB.RAW.CAT_GAMES_SVC_1_5,default,"I need something cozy, warm & fuzzy, stress-free: rebuild a cat cafe + decorating + pets","I need something cozy, warm & fuzzy, stress-free: rebuild a cat cafe + decorating + pets",[],,False,,,,keyword_extreme,0.65,10,100,0,1126,1126,,01c2535d-0005-0847-0001-397a0006c1ca,,62,62,,9e-06,9e-06,,9e-06,,,,,[],[],[],[],[],[],,,,,,,True,False,[],[],,,,[],[],,,,6,Nekokami - The Human Restoration Project,0.7068195349999999,2024,English;Japanese;Simplified Chinese,Adjustable Difficulty;Adjustable Text Size;Camera Comfort;Co-op;Custom Volume Controls;Family Sharing;Full controller support;Mouse Only Option;Multi-player;Playable without Timed Input;Shared/Split Screen;Shared/Split Screen Co-op;Single-player;Steam Achievements;Steam Cloud,Adventure;Casual;Early Access;Indie;RPG,3D;Building;Casual;Cats;Colorful;Cozy;Cute;Early Access;Family Friendly;Funny;Hand-drawn;Immersive Sim;Indie;Life Sim;Local Co-Op;Nature;Puzzle;RPG;Relaxing;Story Rich,"✨ Nekokami is a meditative, calming tile building game where you play as a time-traveler to a far future Milky Way managed by... benevolent Future Cats with super advanced technologies. Why it has to be the Cats? And where are the Humans?     In Nekokami, you will: 🌏 Create beautiful worlds of natural habitats and human settlements with strategic, or spontaneous, placement of tiles in a unique hand-drawn-like art style. 🌌 Follow an epic, whimsical yet heartwarming story of Human-Cat friendship, ","{""text_match"": 0.0012254278, ""cosine_similarity"": 0.41363907, ""reranker_score"": -7.673895}"
2026-02-10T19:41:41+00:00,CORTEX_DB.RAW.CAT_GAMES_SVC_1_5,default,"I need something cozy, warm & fuzzy, stress-free: rebuild a cat cafe + decorating + pets","I need something cozy, warm & fuzzy, stress-free: rebuild a cat cafe + decorating + pets",[],,False,,,,keyword_extreme,0.65,10,100,0,1126,1126,,01c2535d-0005-0847-0001-397a0006c1ca,,62,62,,9e-06,9e-06,,9e-06,,,,,[],[],[],[],[],[],,,,,,,True,False,[],[],,,,[],[],,,,7,Home Office Simulator,0.716145875,2023,English,Family Sharing;Single-player;Steam Achievements;Steam Cloud,Casual;Indie,Anime;Automation;Casual;Cats;Clicker;Colorful;Cute;Idler;Indie;Simulation;Singleplayer;Strategy,"Summary Help Ayame to work remotely, keeping her free of distractions and keeping her cat interested. Upgrade your home, move to new apartments, and take care of several cats. Upgrade your apartment objects so she can work without distractions or with less chance of getting interrupted by any distractions. Gameplay Move to seven unique apartments with different distractions and upgrades to be made. Upgrade and eliminate several distractions, including cats, computers, phone calls, and notificati","{""text_match"": 0.0012264128, ""cosine_similarity"": 0.43229175, ""reranker_score"": -8.643719}"
2026-02-10T19:41:41+00:00,CORTEX_DB.RAW.CAT_GAMES_SVC_1_5,default,"I need something cozy, warm & fuzzy, stress-free: rebuild a cat cafe + decorating + pets","I need something cozy, warm & fuzzy, stress-free: rebuild a cat cafe + decorating + pets",[],,False,,,,keyword_extreme,0.65,10,100,0,1126,1126,,01c2535d-0005-0847-0001-397a0006c1ca,,62,62,,9e-06,9e-06,,9e-06,,,,,[],[],[],[],[],[],,,,,,,True,False,[],[],,,,[],[],,,,8,Animal Shelter,0.70358762,2022,English;French;German;Italian;Japanese;Korean;Polish;Portuguese - Brazil;Russian;Simplified Chinese;Spanish - Spain;Traditional Chinese;Turkish,Family Sharing;Single-player;Steam Achievements;Steam Trading Cards,Adventure;Casual;Indie;Simulation,Adventure;Atmospheric;Building;Casual;Cats;Cute;Dog;Education;Experience;Family Friendly;First-Person;Immersive Sim;Indie;Life Sim;Management;Modern;Realistic;Relaxing;Simulation;Singleplayer,"Save our four-legged friends! Your main goal in Animal Shelter will be to look after, treat, and give shelter to those under your care. You will have plenty of work to do with the shelter, which will become a refuge for any creature in need and will certainly help in finding suitable future owners. Keep in mind that the future owner-pet duo must complement each other. Your main goal? Finding a suitable home for your pets! Take pictures Who doesn't love taking pictures of their pets? We provide y","{""text_match"": 0.02184545, ""cosine_similarity"": 0.40717524, ""reranker_score"": -7.97587}"
2026-02-10T19:41:41+00:00,CORTEX_DB.RAW.CAT_GAMES_SVC_1_5,default,"I need something cozy, warm & fuzzy, stress-free: rebuild a cat cafe + decorating + pets","I need something cozy, warm & fuzzy, stress-free: rebuild a cat cafe + decorating + pets",[],,False,,,,keyword_extreme,0.65,10,100,0,1126,1126,,01c2535d-0005-0847-0001-397a0006c1ca,,62,62,,9e-06,9e-06,,9e-06,,,,,[],[],[],[],[],[],,,,,,,True,False,[],[],,,,[],[],,,,9,A Building Full of Cats,0.7089433350000001,2022,Dutch;English;French;German;Hungarian;Italian;Japanese;Korean;Polish;Portuguese - Brazil;Russian;Simplified Chinese;Spanish - Latin America;Spanish - Spain;Traditional Chinese;Turkish,Family Sharing;Single-player;Steam Achievements;Steam Cloud;Steam Trading Cards,Casual,Adventure;Cartoony;Casual;Cats;Clicker;Collectathon;Colorful;Cozy;Creature Collector;Cute;Exploration;Family Friendly;Hand-drawn;Hidden Object;Minimalist;Point & Click;Puzzle;Relaxing;Singleplayer;Wholesome,A Building Full of Cats is a hidden object game where you need to pet all the cats in the building. Don't leave any cats behind! 360+ cats 6+ Floors 60+ hidden cats Secret cats? Who knows...,"{""text_match"": 0.0017560002, ""cosine_similarity"": 0.41788667, ""reranker_score"": -8.94032}"
2026-02-10T19:41:41+00:00,CORTEX_DB.RAW.CAT_GAMES_SVC_1_5,default,"I need something cozy, warm & fuzzy, stress-free: rebuild a cat cafe + decorating + pets","I need something cozy, warm & fuzzy, stress-free: rebuild a cat cafe + decorating + pets",[],,False,,,,keyword_extreme,0.65,10,100,0,1126,1126,,01c2535d-0005-0847-0001-397a0006c1ca,,62,62,,9e-06,9e-06,,9e-06,,,,,[],[],[],[],[],[],,,,,,,True,False,[],[],,,,[],[],,,,10,1001 Jigsaw. Cute Cats,0.7138373849999999,2022,English;French;German;Russian,Family Sharing;Single-player,Casual,Casual;Cute;Family Friendly;Puzzle;Singleplayer;Tabletop,"A new game in the series of 1001 Puzzles. Cute, funny, cozy cats will melt even the coldest hearts! Assemble the puzzle pieces and enjoy the cute faces of pets. During the game, it's easy to set a comfortable level of difficulty for comfortable play. Make the task more difficult and use the hints. Also, handy assembly tools are at your disposal. Save the assembled puzzle at any time! This game is suitable for beginners and for real professionals in this genre of games. - 500 high quality picture","{""text_match"": 0.016483607, ""cosine_similarity"": 0.42767477, ""reranker_score"": -9.494161}"
2026-02-10T19:41:44+00:00,CORTEX_DB.RAW.CAT_GAMES_SVC_1_5,default,"I need something cozy, warm & fuzzy, stress-free: rebuild a cat cafe + decorating + pets","I need something cozy, warm & fuzzy, stress-free: rebuild a cat cafe + decorating + pets",[],,False,,,,no_reranker_balanced,0.3,10,100,0,818,818,,01c2535d-0005-0843-0001-397a0006d19e,,36,36,,5e-06,5e-06,,5e-06,,,,,[],[],[],[],[],[],,,,,,,True,False,[],[],,,,[],[],,,,1,Desktop Cat Cafe,0.7486496499999999,2025,Arabic;Bulgarian;Czech;Danish;Dutch;English;Finnish;French;German;Greek;Hungarian;Indonesian;Italian;Japanese;Korean;Norwegian;Polish;Portuguese - Brazil;Portuguese - Portugal;Romanian;Russian;Simplified Chinese;Spanish - Latin America;Spanish - Spain;Swedish;Thai;Traditional Chinese;Turkish;Ukrainian;Vietnamese,Family Sharing;Single-player;Stats;Steam Achievements;Steam Cloud,Casual;Simulation,3D;Automation;Building;Casual;Cats;City Builder;Colorful;Cozy;Cute;Economy;Idler;Indie;Life Sim;Management;Nature;Relaxing;Sandbox;Simulation;Strategy;Stylized,"Desktop Cate Cafe is a cute, idle management game that lives at the bottom of your screen letting you work on other tasks while your cafe runs. Design your dream cafe, unlock delicious recipes, and automate your cafe with cute cat staff! Design Your Outdoor Cafe Build the perfect cafe with hundreds of customization options paired with an easy to use building system that lets your creativity shine. Unlock Delicious Recipes Progress by serving customers to unlock over 150 different recipes from co","{""text_match"": 0.08120547, ""cosine_similarity"": 0.4972993}"
2026-02-10T19:41:44+00:00,CORTEX_DB.RAW.CAT_GAMES_SVC_1_5,default,"I need something cozy, warm & fuzzy, stress-free: rebuild a cat cafe + decorating + pets","I need something cozy, warm & fuzzy, stress-free: rebuild a cat cafe + decorating + pets",[],,False,,,,no_reranker_balanced,0.3,10,100,0,818,818,,01c2535d-0005-0843-0001-397a0006d19e,,36,36,,5e-06,5e-06,,5e-06,,,,,[],[],[],[],[],[],,,,,,,True,False,[],[],,,,[],[],,,,2,Melo's cat cafe,0.7425552,2024,English;Japanese,Family Sharing;Single-player;Steam Achievements,Casual;Indie;Simulation,3D;Casual;Cute;Idler;Indie;Simulation;Singleplayer,"'Melo's Cat Cafe' is the perfect game for players who want to relax in a stress-free environment. Instead of chasing goals, players can simply enjoy spending time with the cats. Observe the cats as they eat and sleep, and find peace of mind in their calm presence. Main Features Spacious Mountain Home The game is set in a large house on top of a mountain with beautiful scenic views. 　　The view from the terrace is breathtaking. Free-Spirited Cats Free-spirited and independent cats make an appearan","{""text_match"": 0.09771838, ""cosine_similarity"": 0.4851104}"
2026-02-10T19:41:44+00:00,CORTEX_DB.RAW.CAT_GAMES_SVC_1_5,default,"I need something cozy, warm & fuzzy, stress-free: rebuild a cat cafe + decorating + pets","I need something cozy, warm & fuzzy, stress-free: rebuild a cat cafe + decorating + pets",[],,False,,,,no_reranker_balanced,0.3,10,100,0,818,818,,01c2535d-0005-0843-0001-397a0006d19e,,36,36,,5e-06,5e-06,,5e-06,,,,,[],[],[],[],[],[],,,,,,,True,False,[],[],,,,[],[],,,,3,Calico,0.726857365,2020,English;French;German;Italian;Japanese;Korean;Portuguese - Brazil;Simplified Chinese;Spanish - Latin America,Camera Comfort;Color Alternatives;Custom Volume Controls;Family Sharing;Full controller support;Playable without Timed Input;Save Anytime;Single-player;Steam Achievements;Steam Cloud,Casual;Indie;RPG;Simulation,3D;Anime;Building;Casual;Cats;Character Customization;Cute;Dog;Family Friendly;Female Protagonist;Horses;Indie;LGBTQ+;Life Sim;Magic;Open World;RPG;Relaxing;Simulation;Singleplayer,"Calico is a day-in-the-life community sim game where you are given an important and adorable task: rebuild the town’s cat café and fill it with cute and cuddly creatures! Build up your café by filling it with cute furniture, fun decorations, yummy pastries, and get it bustling with animals again! Calico is meant to make you feel all warm and fuzzy inside. The gameplay reflects that with a laid back, low stress creative environment to explore and play in. Character Creator The Calico character cr","{""text_match"": 0.10334659, ""cosine_similarity"": 0.45371473}"
2026-02-10T19:41:44+00:00,CORTEX_DB.RAW.CAT_GAMES_SVC_1_5,default,"I need something cozy, warm & fuzzy, stress-free: rebuild a cat cafe + decorating + pets","I need something cozy, warm & fuzzy, stress-free: rebuild a cat cafe + decorating + pets",[],,False,,,,no_reranker_balanced,0.3,10,100,0,818,818,,01c2535d-0005-0843-0001-397a0006d19e,,36,36,,5e-06,5e-06,,5e-06,,,,,[],[],[],[],[],[],,,,,,,True,False,[],[],,,,[],[],,,,4,1001 Jigsaw. Cute Cats,0.7138373849999999,2022,English;French;German;Russian,Family Sharing;Single-player,Casual,Casual;Cute;Family Friendly;Puzzle;Singleplayer;Tabletop,"A new game in the series of 1001 Puzzles. Cute, funny, cozy cats will melt even the coldest hearts! Assemble the puzzle pieces and enjoy the cute faces of pets. During the game, it's easy to set a comfortable level of difficulty for comfortable play. Make the task more difficult and use the hints. Also, handy assembly tools are at your disposal. Save the assembled puzzle at any time! This game is suitable for beginners and for real professionals in this genre of games. - 500 high quality picture","{""text_match"": 0.016483607, ""cosine_similarity"": 0.42767477}"
2026-02-10T19:41:44+00:00,CORTEX_DB.RAW.CAT_GAMES_SVC_1_5,default,"I need something cozy, warm & fuzzy, stress-free: rebuild a cat cafe + decorating + pets","I need something cozy, warm & fuzzy, stress-free: rebuild a cat cafe + decorating + pets",[],,False,,,,no_reranker_balanced,0.3,10,100,0,818,818,,01c2535d-0005-0843-0001-397a0006d19e,,36,36,,5e-06,5e-06,,5e-06,,,,,[],[],[],[],[],[],,,,,,,True,False,[],[],,,,[],[],,,,5,Home Office Simulator,0.716145875,2023,English,Family Sharing;Single-player;Steam Achievements;Steam Cloud,Casual;Indie,Anime;Automation;Casual;Cats;Clicker;Colorful;Cute;Idler;Indie;Simulation;Singleplayer;Strategy,"Summary Help Ayame to work remotely, keeping her free of distractions and keeping her cat interested. Upgrade your home, move to new apartments, and take care of several cats. Upgrade your apartment objects so she can work without distractions or with less chance of getting interrupted by any distractions. Gameplay Move to seven unique apartments with different distractions and upgrades to be made. Upgrade and eliminate several distractions, including cats, computers, phone calls, and notificati","{""text_match"": 0.0012264128, ""cosine_similarity"": 0.43229175}"
2026-02-10T19:41:44+00:00,CORTEX_DB.RAW.CAT_GAMES_SVC_1_5,default,"I need something cozy, warm & fuzzy, stress-free: rebuild a cat cafe + decorating + pets","I need something cozy, warm & fuzzy, stress-free: rebuild a cat cafe + decorating + pets",[],,False,,,,no_reranker_balanced,0.3,10,100,0,818,818,,01c2535d-0005-0843-0001-397a0006d19e,,36,36,,5e-06,5e-06,,5e-06,,,,,[],[],[],[],[],[],,,,,,,True,False,[],[],,,,[],[],,,,6,My Fair Cat: Snow,0.714299085,2024,English;French;Japanese;Korean;Portuguese - Brazil;Russian;Simplified Chinese,Family Sharing;Single-player;Steam Achievements,Casual;Indie,Adventure;Anime;Cartoony;Casual;Cats;Choices Matter;Choose Your Own Adventure;Colorful;Cute;Dating Sim;Emotional;Female Protagonist;Immersive Sim;Interactive Fiction;Life Sim;Otome;Romance;Story Rich;Text-Based;Visual Novel,"Dive into a feel-good adventure of love, laughter, and cat companionship. Add My Fair Cat: Snow to your Steam wishlist and start spreading a little happiness today! Synopsis Recently moving to a new high school and not knowing anyone could have made for a dull routine, but everything changes when you save a stray cat. This single act of kindness sparks a chain of adventures that add a whole new layer of excitement in your daily life. As you're figuring out how to keep your new kitty content and ","{""text_match"": 0.0028883538, ""cosine_similarity"": 0.42859817}"
2026-02-10T19:41:44+00:00,CORTEX_DB.RAW.CAT_GAMES_SVC_1_5,default,"I need something cozy, warm & fuzzy, stress-free: rebuild a cat cafe + decorating + pets","I need something cozy, warm & fuzzy, stress-free: rebuild a cat cafe + decorating + pets",[],,False,,,,no_reranker_balanced,0.3,10,100,0,818,818,,01c2535d-0005-0843-0001-397a0006d19e,,36,36,,5e-06,5e-06,,5e-06,,,,,[],[],[],[],[],[],,,,,,,True,False,[],[],,,,[],[],,,,7,Fisti-Fluffs,0.711621225,2021,English;French;German;Italian;Japanese;Korean;Polish;Portuguese - Brazil;Russian;Simplified Chinese;Spanish - Latin America,Family Sharing;Full controller support;Multi-player;PvP;Remote Play Together;Shared/Split Screen;Shared/Split Screen PvP;Single-player;Steam Achievements,Action;Casual;Indie;Simulation;Sports,Action;Arcade;Battle Royale;Beat 'em up;Cartoon;Cartoony;Casual;Cats;Colorful;Cute;Destruction;Dog;Family Friendly;Fighting;Funny;Hand-drawn;Memes;Simulation;Sports;Stylized,"With no humans in sight, the cats are bored—and you know what that means? That’s right. It’s time to tussle! Pounce, hiss, flail, and claw your way through the kitty kingdom to prove your wobbly cat “is best cat.” Fisti-Fluffs is an adorable (and yes, ridiculous) physics-based party game where you tussle with other cats and destroy the environments in frenetic over-the-top battles. Of course, you can play alone, but it’s even better with friends. So get your claws out and prepare for some kitty ","{""text_match"": 9.380745e-05, ""cosine_similarity"": 0.42324245}"
2026-02-10T19:41:44+00:00,CORTEX_DB.RAW.CAT_GAMES_SVC_1_5,default,"I need something cozy, warm & fuzzy, stress-free: rebuild a cat cafe + decorating + pets","I need something cozy, warm & fuzzy, stress-free: rebuild a cat cafe + decorating + pets",[],,False,,,,no_reranker_balanced,0.3,10,100,0,818,818,,01c2535d-0005-0843-0001-397a0006d19e,,36,36,,5e-06,5e-06,,5e-06,,,,,[],[],[],[],[],[],,,,,,,True,False,[],[],,,,[],[],,,,8,Mini Cozy Room: Lo-Fi,0.70663485,2025,English;French;German;Italian;Japanese;Korean;Portuguese - Brazil;Russian;Simplified Chinese;Spanish - Spain;Traditional Chinese,Family Sharing;Single-player;Steam Achievements;Steam Cloud,Casual;Indie,Casual;Character Customization;Cozy;Family Friendly;Idler;Indie;Music;Pixel Graphics;Relaxing;Singleplayer;Utilities,"『Mini Cozy Room : Lo-Fi』 is a relaxing productivity game that combines soothing Lo-Fi music with cozy room decoration. Cute avatars and pets will accompany you, making your work more enjoyable. Convenient desktop tools like Pomodoro timers, notes, and to-do lists will boost your productivity. 1. Your Own Cozy Workspace Create the workspace you've always dreamed of! Choose from various rooms, furniture, and decorative items. Your beautifully designed workspace will enhance concentration and produ","{""text_match"": 0.020625921, ""cosine_similarity"": 0.4132697}"
2026-02-10T19:41:44+00:00,CORTEX_DB.RAW.CAT_GAMES_SVC_1_5,default,"I need something cozy, warm & fuzzy, stress-free: rebuild a cat cafe + decorating + pets","I need something cozy, warm & fuzzy, stress-free: rebuild a cat cafe + decorating + pets",[],,False,,,,no_reranker_balanced,0.3,10,100,0,818,818,,01c2535d-0005-0843-0001-397a0006d19e,,36,36,,5e-06,5e-06,,5e-06,,,,,[],[],[],[],[],[],,,,,,,True,False,[],[],,,,[],[],,,,9,A Building Full of Cats,0.7089433350000001,2022,Dutch;English;French;German;Hungarian;Italian;Japanese;Korean;Polish;Portuguese - Brazil;Russian;Simplified Chinese;Spanish - Latin America;Spanish - Spain;Traditional Chinese;Turkish,Family Sharing;Single-player;Steam Achievements;Steam Cloud;Steam Trading Cards,Casual,Adventure;Cartoony;Casual;Cats;Clicker;Collectathon;Colorful;Cozy;Creature Collector;Cute;Exploration;Family Friendly;Hand-drawn;Hidden Object;Minimalist;Point & Click;Puzzle;Relaxing;Singleplayer;Wholesome,A Building Full of Cats is a hidden object game where you need to pet all the cats in the building. Don't leave any cats behind! 360+ cats 6+ Floors 60+ hidden cats Secret cats? Who knows...,"{""text_match"": 0.0017560002, ""cosine_similarity"": 0.41788667}"
2026-02-10T19:41:44+00:00,CORTEX_DB.RAW.CAT_GAMES_SVC_1_5,default,"I need something cozy, warm & fuzzy, stress-free: rebuild a cat cafe + decorating + pets","I need something cozy, warm & fuzzy, stress-free: rebuild a cat cafe + decorating + pets",[],,False,,,,no_reranker_balanced,0.3,10,100,0,818,818,,01c2535d-0005-0843-0001-397a0006d19e,,36,36,,5e-06,5e-06,,5e-06,,,,,[],[],[],[],[],[],,,,,,,True,False,[],[],,,,[],[],,,,10,Cat Go! Ultimate Challenge,0.7088510100000001,2021,English;Russian;Simplified Chinese,Family Sharing;Single-player;Steam Achievements,Adventure;Casual;Indie,3D;3D Platformer;6DOF;Adventure;Arcade;Atmospheric;Casual;Cats;Character Customization;Cute;Family Friendly;Funny;Minimalist;Open World;Platformer;Relaxing;Runner;Singleplayer;Stylized;Third Person,"Help a cute kitten to save Barsikgrad from unkind looter cats and restore peace in a cozy town. Collect fish on your journey and share it with Kotofei, who will give you many interesting, cute and colorful hats. Make your cat the main mod of the town. Do you know what an infinite engine is? No? So kittens don't know! Explore this strange mechanism in the city and give the cats endless happiness! Show the cat the world! Travel with him to colorful and sometimes not kind places. Any trip is more f","{""text_match"": 0.0012253881, ""cosine_similarity"": 0.41770202}"
2026-02-10T19:41:45+00:00,CORTEX_DB.RAW.CAT_GAMES_SVC_1_5,default,"I need something cozy, warm & fuzzy, stress-free: rebuild a cat cafe + decorating + pets","I need something cozy, warm & fuzzy, stress-free: rebuild a cat cafe + decorating + pets",[],,False,,,,no_reranker_balanced,0.65,10,100,0,1073,1073,,01c2535d-0005-0847-0001-397a0006c1de,,40,40,,6e-06,6e-06,,6e-06,,,,,[],[],[],[],[],[],,,,,,,True,False,[],[],,,,[],[],,,,1,Desktop Cat Cafe,0.7486496499999999,2025,Arabic;Bulgarian;Czech;Danish;Dutch;English;Finnish;French;German;Greek;Hungarian;Indonesian;Italian;Japanese;Korean;Norwegian;Polish;Portuguese - Brazil;Portuguese - Portugal;Romanian;Russian;Simplified Chinese;Spanish - Latin America;Spanish - Spain;Swedish;Thai;Traditional Chinese;Turkish;Ukrainian;Vietnamese,Family Sharing;Single-player;Stats;Steam Achievements;Steam Cloud,Casual;Simulation,3D;Automation;Building;Casual;Cats;City Builder;Colorful;Cozy;Cute;Economy;Idler;Indie;Life Sim;Management;Nature;Relaxing;Sandbox;Simulation;Strategy;Stylized,"Desktop Cate Cafe is a cute, idle management game that lives at the bottom of your screen letting you work on other tasks while your cafe runs. Design your dream cafe, unlock delicious recipes, and automate your cafe with cute cat staff! Design Your Outdoor Cafe Build the perfect cafe with hundreds of customization options paired with an easy to use building system that lets your creativity shine. Unlock Delicious Recipes Progress by serving customers to unlock over 150 different recipes from co","{""text_match"": 0.08120547, ""cosine_similarity"": 0.4972993}"
2026-02-10T19:41:45+00:00,CORTEX_DB.RAW.CAT_GAMES_SVC_1_5,default,"I need something cozy, warm & fuzzy, stress-free: rebuild a cat cafe + decorating + pets","I need something cozy, warm & fuzzy, stress-free: rebuild a cat cafe + decorating + pets",[],,False,,,,no_reranker_balanced,0.65,10,100,0,1073,1073,,01c2535d-0005-0847-0001-397a0006c1de,,40,40,,6e-06,6e-06,,6e-06,,,,,[],[],[],[],[],[],,,,,,,True,False,[],[],,,,[],[],,,,2,Melo's cat cafe,0.7425552,2024,English;Japanese,Family Sharing;Single-player;Steam Achievements,Casual;Indie;Simulation,3D;Casual;Cute;Idler;Indie;Simulation;Singleplayer,"'Melo's Cat Cafe' is the perfect game for players who want to relax in a stress-free environment. Instead of chasing goals, players can simply enjoy spending time with the cats. Observe the cats as they eat and sleep, and find peace of mind in their calm presence. Main Features Spacious Mountain Home The game is set in a large house on top of a mountain with beautiful scenic views. 　　The view from the terrace is breathtaking. Free-Spirited Cats Free-spirited and independent cats make an appearan","{""text_match"": 0.09771838, ""cosine_similarity"": 0.4851104}"
2026-02-10T19:41:45+00:00,CORTEX_DB.RAW.CAT_GAMES_SVC_1_5,default,"I need something cozy, warm & fuzzy, stress-free: rebuild a cat cafe + decorating + pets","I need something cozy, warm & fuzzy, stress-free: rebuild a cat cafe + decorating + pets",[],,False,,,,no_reranker_balanced,0.65,10,100,0,1073,1073,,01c2535d-0005-0847-0001-397a0006c1de,,40,40,,6e-06,6e-06,,6e-06,,,,,[],[],[],[],[],[],,,,,,,True,False,[],[],,,,[],[],,,,3,Calico,0.726857365,2020,English;French;German;Italian;Japanese;Korean;Portuguese - Brazil;Simplified Chinese;Spanish - Latin America,Camera Comfort;Color Alternatives;Custom Volume Controls;Family Sharing;Full controller support;Playable without Timed Input;Save Anytime;Single-player;Steam Achievements;Steam Cloud,Casual;Indie;RPG;Simulation,3D;Anime;Building;Casual;Cats;Character Customization;Cute;Dog;Family Friendly;Female Protagonist;Horses;Indie;LGBTQ+;Life Sim;Magic;Open World;RPG;Relaxing;Simulation;Singleplayer,"Calico is a day-in-the-life community sim game where you are given an important and adorable task: rebuild the town’s cat café and fill it with cute and cuddly creatures! Build up your café by filling it with cute furniture, fun decorations, yummy pastries, and get it bustling with animals again! Calico is meant to make you feel all warm and fuzzy inside. The gameplay reflects that with a laid back, low stress creative environment to explore and play in. Character Creator The Calico character cr","{""text_match"": 0.10334659, ""cosine_similarity"": 0.45371473}"
2026-02-10T19:41:45+00:00,CORTEX_DB.RAW.CAT_GAMES_SVC_1_5,default,"I need something cozy, warm & fuzzy, stress-free: rebuild a cat cafe + decorating + pets","I need something cozy, warm & fuzzy, stress-free: rebuild a cat cafe + decorating + pets",[],,False,,,,no_reranker_balanced,0.65,10,100,0,1073,1073,,01c2535d-0005-0847-0001-397a0006c1de,,40,40,,6e-06,6e-06,,6e-06,,,,,[],[],[],[],[],[],,,,,,,True,False,[],[],,,,[],[],,,,4,1001 Jigsaw. Cute Cats,0.7138373849999999,2022,English;French;German;Russian,Family Sharing;Single-player,Casual,Casual;Cute;Family Friendly;Puzzle;Singleplayer;Tabletop,"A new game in the series of 1001 Puzzles. Cute, funny, cozy cats will melt even the coldest hearts! Assemble the puzzle pieces and enjoy the cute faces of pets. During the game, it's easy to set a comfortable level of difficulty for comfortable play. Make the task more difficult and use the hints. Also, handy assembly tools are at your disposal. Save the assembled puzzle at any time! This game is suitable for beginners and for real professionals in this genre of games. - 500 high quality picture","{""text_match"": 0.016483607, ""cosine_similarity"": 0.42767477}"
2026-02-10T19:41:45+00:00,CORTEX_DB.RAW.CAT_GAMES_SVC_1_5,default,"I need something cozy, warm & fuzzy, stress-free: rebuild a cat cafe + decorating + pets","I need something cozy, warm & fuzzy, stress-free: rebuild a cat cafe + decorating + pets",[],,False,,,,no_reranker_balanced,0.65,10,100,0,1073,1073,,01c2535d-0005-0847-0001-397a0006c1de,,40,40,,6e-06,6e-06,,6e-06,,,,,[],[],[],[],[],[],,,,,,,True,False,[],[],,,,[],[],,,,5,Home Office Simulator,0.716145875,2023,English,Family Sharing;Single-player;Steam Achievements;Steam Cloud,Casual;Indie,Anime;Automation;Casual;Cats;Clicker;Colorful;Cute;Idler;Indie;Simulation;Singleplayer;Strategy,"Summary Help Ayame to work remotely, keeping her free of distractions and keeping her cat interested. Upgrade your home, move to new apartments, and take care of several cats. Upgrade your apartment objects so she can work without distractions or with less chance of getting interrupted by any distractions. Gameplay Move to seven unique apartments with different distractions and upgrades to be made. Upgrade and eliminate several distractions, including cats, computers, phone calls, and notificati","{""text_match"": 0.0012264128, ""cosine_similarity"": 0.43229175}"
2026-02-10T19:41:45+00:00,CORTEX_DB.RAW.CAT_GAMES_SVC_1_5,default,"I need something cozy, warm & fuzzy, stress-free: rebuild a cat cafe + decorating + pets","I need something cozy, warm & fuzzy, stress-free: rebuild a cat cafe + decorating + pets",[],,False,,,,no_reranker_balanced,0.65,10,100,0,1073,1073,,01c2535d-0005-0847-0001-397a0006c1de,,40,40,,6e-06,6e-06,,6e-06,,,,,[],[],[],[],[],[],,,,,,,True,False,[],[],,,,[],[],,,,6,My Fair Cat: Snow,0.714299085,2024,English;French;Japanese;Korean;Portuguese - Brazil;Russian;Simplified Chinese,Family Sharing;Single-player;Steam Achievements,Casual;Indie,Adventure;Anime;Cartoony;Casual;Cats;Choices Matter;Choose Your Own Adventure;Colorful;Cute;Dating Sim;Emotional;Female Protagonist;Immersive Sim;Interactive Fiction;Life Sim;Otome;Romance;Story Rich;Text-Based;Visual Novel,"Dive into a feel-good adventure of love, laughter, and cat companionship. Add My Fair Cat: Snow to your Steam wishlist and start spreading a little happiness today! Synopsis Recently moving to a new high school and not knowing anyone could have made for a dull routine, but everything changes when you save a stray cat. This single act of kindness sparks a chain of adventures that add a whole new layer of excitement in your daily life. As you're figuring out how to keep your new kitty content and ","{""text_match"": 0.0028883538, ""cosine_similarity"": 0.42859817}"
2026-02-10T19:41:45+00:00,CORTEX_DB.RAW.CAT_GAMES_SVC_1_5,default,"I need something cozy, warm & fuzzy, stress-free: rebuild a cat cafe + decorating + pets","I need something cozy, warm & fuzzy, stress-free: rebuild a cat cafe + decorating + pets",[],,False,,,,no_reranker_balanced,0.65,10,100,0,1073,1073,,01c2535d-0005-0847-0001-397a0006c1de,,40,40,,6e-06,6e-06,,6e-06,,,,,[],[],[],[],[],[],,,,,,,True,False,[],[],,,,[],[],,,,7,Fisti-Fluffs,0.711621225,2021,English;French;German;Italian;Japanese;Korean;Polish;Portuguese - Brazil;Russian;Simplified Chinese;Spanish - Latin America,Family Sharing;Full controller support;Multi-player;PvP;Remote Play Together;Shared/Split Screen;Shared/Split Screen PvP;Single-player;Steam Achievements,Action;Casual;Indie;Simulation;Sports,Action;Arcade;Battle Royale;Beat 'em up;Cartoon;Cartoony;Casual;Cats;Colorful;Cute;Destruction;Dog;Family Friendly;Fighting;Funny;Hand-drawn;Memes;Simulation;Sports;Stylized,"With no humans in sight, the cats are bored—and you know what that means? That’s right. It’s time to tussle! Pounce, hiss, flail, and claw your way through the kitty kingdom to prove your wobbly cat “is best cat.” Fisti-Fluffs is an adorable (and yes, ridiculous) physics-based party game where you tussle with other cats and destroy the environments in frenetic over-the-top battles. Of course, you can play alone, but it’s even better with friends. So get your claws out and prepare for some kitty ","{""text_match"": 9.380745e-05, ""cosine_similarity"": 0.42324245}"
2026-02-10T19:41:45+00:00,CORTEX_DB.RAW.CAT_GAMES_SVC_1_5,default,"I need something cozy, warm & fuzzy, stress-free: rebuild a cat cafe + decorating + pets","I need something cozy, warm & fuzzy, stress-free: rebuild a cat cafe + decorating + pets",[],,False,,,,no_reranker_balanced,0.65,10,100,0,1073,1073,,01c2535d-0005-0847-0001-397a0006c1de,,40,40,,6e-06,6e-06,,6e-06,,,,,[],[],[],[],[],[],,,,,,,True,False,[],[],,,,[],[],,,,8,Mini Cozy Room: Lo-Fi,0.70663485,2025,English;French;German;Italian;Japanese;Korean;Portuguese - Brazil;Russian;Simplified Chinese;Spanish - Spain;Traditional Chinese,Family Sharing;Single-player;Steam Achievements;Steam Cloud,Casual;Indie,Casual;Character Customization;Cozy;Family Friendly;Idler;Indie;Music;Pixel Graphics;Relaxing;Singleplayer;Utilities,"『Mini Cozy Room : Lo-Fi』 is a relaxing productivity game that combines soothing Lo-Fi music with cozy room decoration. Cute avatars and pets will accompany you, making your work more enjoyable. Convenient desktop tools like Pomodoro timers, notes, and to-do lists will boost your productivity. 1. Your Own Cozy Workspace Create the workspace you've always dreamed of! Choose from various rooms, furniture, and decorative items. Your beautifully designed workspace will enhance concentration and produ","{""text_match"": 0.020625921, ""cosine_similarity"": 0.4132697}"
2026-02-10T19:41:45+00:00,CORTEX_DB.RAW.CAT_GAMES_SVC_1_5,default,"I need something cozy, warm & fuzzy, stress-free: rebuild a cat cafe + decorating + pets","I need something cozy, warm & fuzzy, stress-free: rebuild a cat cafe + decorating + pets",[],,False,,,,no_reranker_balanced,0.65,10,100,0,1073,1073,,01c2535d-0005-0847-0001-397a0006c1de,,40,40,,6e-06,6e-06,,6e-06,,,,,[],[],[],[],[],[],,,,,,,True,False,[],[],,,,[],[],,,,9,A Building Full of Cats,0.7089433350000001,2022,Dutch;English;French;German;Hungarian;Italian;Japanese;Korean;Polish;Portuguese - Brazil;Russian;Simplified Chinese;Spanish - Latin America;Spanish - Spain;Traditional Chinese;Turkish,Family Sharing;Single-player;Steam Achievements;Steam Cloud;Steam Trading Cards,Casual,Adventure;Cartoony;Casual;Cats;Clicker;Collectathon;Colorful;Cozy;Creature Collector;Cute;Exploration;Family Friendly;Hand-drawn;Hidden Object;Minimalist;Point & Click;Puzzle;Relaxing;Singleplayer;Wholesome,A Building Full of Cats is a hidden object game where you need to pet all the cats in the building. Don't leave any cats behind! 360+ cats 6+ Floors 60+ hidden cats Secret cats? Who knows...,"{""text_match"": 0.0017560002, ""cosine_similarity"": 0.41788667}"
2026-02-10T19:41:45+00:00,CORTEX_DB.RAW.CAT_GAMES_SVC_1_5,default,"I need something cozy, warm & fuzzy, stress-free: rebuild a cat cafe + decorating + pets","I need something cozy, warm & fuzzy, stress-free: rebuild a cat cafe + decorating + pets",[],,False,,,,no_reranker_balanced,0.65,10,100,0,1073,1073,,01c2535d-0005-0847-0001-397a0006c1de,,40,40,,6e-06,6e-06,,6e-06,,,,,[],[],[],[],[],[],,,,,,,True,False,[],[],,,,[],[],,,,10,Cat Go! Ultimate Challenge,0.7088510100000001,2021,English;Russian;Simplified Chinese,Family Sharing;Single-player;Steam Achievements,Adventure;Casual;Indie,3D;3D Platformer;6DOF;Adventure;Arcade;Atmospheric;Casual;Cats;Character Customization;Cute;Family Friendly;Funny;Minimalist;Open World;Platformer;Relaxing;Runner;Singleplayer;Stylized;Third Person,"Help a cute kitten to save Barsikgrad from unkind looter cats and restore peace in a cozy town. Collect fish on your journey and share it with Kotofei, who will give you many interesting, cute and colorful hats. Make your cat the main mod of the town. Do you know what an infinite engine is? No? So kittens don't know! Explore this strange mechanism in the city and give the cats endless happiness! Show the cat the world! Travel with him to colorful and sometimes not kind places. Any trip is more f","{""text_match"": 0.0012253881, ""cosine_similarity"": 0.41770202}"
2026-02-10T19:41:47+00:00,CORTEX_DB.RAW.CAT_GAMES_SVC_1_5,default,"I need something cozy, warm & fuzzy, stress-free: rebuild a cat cafe + decorating + pets","I need something cozy, warm & fuzzy, stress-free: rebuild a cat cafe + decorating + pets",[],,False,,,,low_latency,0.3,10,100,0,820,820,,01c2535d-0005-0847-0001-397a0006c1ea,,37,37,,6e-06,6e-06,,6e-06,,,,,[],[],[],[],[],[],,,,,,,True,False,[],[],,,,[],[],,,,1,Desktop Cat Cafe,0.7486496499999999,2025,Arabic;Bulgarian;Czech;Danish;Dutch;English;Finnish;French;German;Greek;Hungarian;Indonesian;Italian;Japanese;Korean;Norwegian;Polish;Portuguese - Brazil;Portuguese - Portugal;Romanian;Russian;Simplified Chinese;Spanish - Latin America;Spanish - Spain;Swedish;Thai;Traditional Chinese;Turkish;Ukrainian;Vietnamese,Family Sharing;Single-player;Stats;Steam Achievements;Steam Cloud,Casual;Simulation,3D;Automation;Building;Casual;Cats;City Builder;Colorful;Cozy;Cute;Economy;Idler;Indie;Life Sim;Management;Nature;Relaxing;Sandbox;Simulation;Strategy;Stylized,"Desktop Cate Cafe is a cute, idle management game that lives at the bottom of your screen letting you work on other tasks while your cafe runs. Design your dream cafe, unlock delicious recipes, and automate your cafe with cute cat staff! Design Your Outdoor Cafe Build the perfect cafe with hundreds of customization options paired with an easy to use building system that lets your creativity shine. Unlock Delicious Recipes Progress by serving customers to unlock over 150 different recipes from co","{""text_match"": 0.08120547, ""cosine_similarity"": 0.4972993}"
2026-02-10T19:41:47+00:00,CORTEX_DB.RAW.CAT_GAMES_SVC_1_5,default,"I need something cozy, warm & fuzzy, stress-free: rebuild a cat cafe + decorating + pets","I need something cozy, warm & fuzzy, stress-free: rebuild a cat cafe + decorating + pets",[],,False,,,,low_latency,0.3,10,100,0,820,820,,01c2535d-0005-0847-0001-397a0006c1ea,,37,37,,6e-06,6e-06,,6e-06,,,,,[],[],[],[],[],[],,,,,,,True,False,[],[],,,,[],[],,,,2,Melo's cat cafe,0.7425552,2024,English;Japanese,Family Sharing;Single-player;Steam Achievements,Casual;Indie;Simulation,3D;Casual;Cute;Idler;Indie;Simulation;Singleplayer,"'Melo's Cat Cafe' is the perfect game for players who want to relax in a stress-free environment. Instead of chasing goals, players can simply enjoy spending time with the cats. Observe the cats as they eat and sleep, and find peace of mind in their calm presence. Main Features Spacious Mountain Home The game is set in a large house on top of a mountain with beautiful scenic views. 　　The view from the terrace is breathtaking. Free-Spirited Cats Free-spirited and independent cats make an appearan","{""text_match"": 0.09771838, ""cosine_similarity"": 0.4851104}"
2026-02-10T19:41:47+00:00,CORTEX_DB.RAW.CAT_GAMES_SVC_1_5,default,"I need something cozy, warm & fuzzy, stress-free: rebuild a cat cafe + decorating + pets","I need something cozy, warm & fuzzy, stress-free: rebuild a cat cafe + decorating + pets",[],,False,,,,low_latency,0.3,10,100,0,820,820,,01c2535d-0005-0847-0001-397a0006c1ea,,37,37,,6e-06,6e-06,,6e-06,,,,,[],[],[],[],[],[],,,,,,,True,False,[],[],,,,[],[],,,,3,Calico,0.726857365,2020,English;French;German;Italian;Japanese;Korean;Portuguese - Brazil;Simplified Chinese;Spanish - Latin America,Camera Comfort;Color Alternatives;Custom Volume Controls;Family Sharing;Full controller support;Playable without Timed Input;Save Anytime;Single-player;Steam Achievements;Steam Cloud,Casual;Indie;RPG;Simulation,3D;Anime;Building;Casual;Cats;Character Customization;Cute;Dog;Family Friendly;Female Protagonist;Horses;Indie;LGBTQ+;Life Sim;Magic;Open World;RPG;Relaxing;Simulation;Singleplayer,"Calico is a day-in-the-life community sim game where you are given an important and adorable task: rebuild the town’s cat café and fill it with cute and cuddly creatures! Build up your café by filling it with cute furniture, fun decorations, yummy pastries, and get it bustling with animals again! Calico is meant to make you feel all warm and fuzzy inside. The gameplay reflects that with a laid back, low stress creative environment to explore and play in. Character Creator The Calico character cr","{""text_match"": 0.10334659, ""cosine_similarity"": 0.45371473}"
2026-02-10T19:41:47+00:00,CORTEX_DB.RAW.CAT_GAMES_SVC_1_5,default,"I need something cozy, warm & fuzzy, stress-free: rebuild a cat cafe + decorating + pets","I need something cozy, warm & fuzzy, stress-free: rebuild a cat cafe + decorating + pets",[],,False,,,,low_latency,0.3,10,100,0,820,820,,01c2535d-0005-0847-0001-397a0006c1ea,,37,37,,6e-06,6e-06,,6e-06,,,,,[],[],[],[],[],[],,,,,,,True,False,[],[],,,,[],[],,,,4,1001 Jigsaw. Cute Cats,0.7138373849999999,2022,English;French;German;Russian,Family Sharing;Single-player,Casual,Casual;Cute;Family Friendly;Puzzle;Singleplayer;Tabletop,"A new game in the series of 1001 Puzzles. Cute, funny, cozy cats will melt even the coldest hearts! Assemble the puzzle pieces and enjoy the cute faces of pets. During the game, it's easy to set a comfortable level of difficulty for comfortable play. Make the task more difficult and use the hints. Also, handy assembly tools are at your disposal. Save the assembled puzzle at any time! This game is suitable for beginners and for real professionals in this genre of games. - 500 high quality picture","{""text_match"": 0.016483607, ""cosine_similarity"": 0.42767477}"
2026-02-10T19:41:47+00:00,CORTEX_DB.RAW.CAT_GAMES_SVC_1_5,default,"I need something cozy, warm & fuzzy, stress-free: rebuild a cat cafe + decorating + pets","I need something cozy, warm & fuzzy, stress-free: rebuild a cat cafe + decorating + pets",[],,False,,,,low_latency,0.3,10,100,0,820,820,,01c2535d-0005-0847-0001-397a0006c1ea,,37,37,,6e-06,6e-06,,6e-06,,,,,[],[],[],[],[],[],,,,,,,True,False,[],[],,,,[],[],,,,5,Home Office Simulator,0.716145875,2023,English,Family Sharing;Single-player;Steam Achievements;Steam Cloud,Casual;Indie,Anime;Automation;Casual;Cats;Clicker;Colorful;Cute;Idler;Indie;Simulation;Singleplayer;Strategy,"Summary Help Ayame to work remotely, keeping her free of distractions and keeping her cat interested. Upgrade your home, move to new apartments, and take care of several cats. Upgrade your apartment objects so she can work without distractions or with less chance of getting interrupted by any distractions. Gameplay Move to seven unique apartments with different distractions and upgrades to be made. Upgrade and eliminate several distractions, including cats, computers, phone calls, and notificati","{""text_match"": 0.0012264128, ""cosine_similarity"": 0.43229175}"
2026-02-10T19:41:47+00:00,CORTEX_DB.RAW.CAT_GAMES_SVC_1_5,default,"I need something cozy, warm & fuzzy, stress-free: rebuild a cat cafe + decorating + pets","I need something cozy, warm & fuzzy, stress-free: rebuild a cat cafe + decorating + pets",[],,False,,,,low_latency,0.3,10,100,0,820,820,,01c2535d-0005-0847-0001-397a0006c1ea,,37,37,,6e-06,6e-06,,6e-06,,,,,[],[],[],[],[],[],,,,,,,True,False,[],[],,,,[],[],,,,6,My Fair Cat: Snow,0.714299085,2024,English;French;Japanese;Korean;Portuguese - Brazil;Russian;Simplified Chinese,Family Sharing;Single-player;Steam Achievements,Casual;Indie,Adventure;Anime;Cartoony;Casual;Cats;Choices Matter;Choose Your Own Adventure;Colorful;Cute;Dating Sim;Emotional;Female Protagonist;Immersive Sim;Interactive Fiction;Life Sim;Otome;Romance;Story Rich;Text-Based;Visual Novel,"Dive into a feel-good adventure of love, laughter, and cat companionship. Add My Fair Cat: Snow to your Steam wishlist and start spreading a little happiness today! Synopsis Recently moving to a new high school and not knowing anyone could have made for a dull routine, but everything changes when you save a stray cat. This single act of kindness sparks a chain of adventures that add a whole new layer of excitement in your daily life. As you're figuring out how to keep your new kitty content and ","{""text_match"": 0.0028883538, ""cosine_similarity"": 0.42859817}"
2026-02-10T19:41:47+00:00,CORTEX_DB.RAW.CAT_GAMES_SVC_1_5,default,"I need something cozy, warm & fuzzy, stress-free: rebuild a cat cafe + decorating + pets","I need something cozy, warm & fuzzy, stress-free: rebuild a cat cafe + decorating + pets",[],,False,,,,low_latency,0.3,10,100,0,820,820,,01c2535d-0005-0847-0001-397a0006c1ea,,37,37,,6e-06,6e-06,,6e-06,,,,,[],[],[],[],[],[],,,,,,,True,False,[],[],,,,[],[],,,,7,Fisti-Fluffs,0.711621225,2021,English;French;German;Italian;Japanese;Korean;Polish;Portuguese - Brazil;Russian;Simplified Chinese;Spanish - Latin America,Family Sharing;Full controller support;Multi-player;PvP;Remote Play Together;Shared/Split Screen;Shared/Split Screen PvP;Single-player;Steam Achievements,Action;Casual;Indie;Simulation;Sports,Action;Arcade;Battle Royale;Beat 'em up;Cartoon;Cartoony;Casual;Cats;Colorful;Cute;Destruction;Dog;Family Friendly;Fighting;Funny;Hand-drawn;Memes;Simulation;Sports;Stylized,"With no humans in sight, the cats are bored—and you know what that means? That’s right. It’s time to tussle! Pounce, hiss, flail, and claw your way through the kitty kingdom to prove your wobbly cat “is best cat.” Fisti-Fluffs is an adorable (and yes, ridiculous) physics-based party game where you tussle with other cats and destroy the environments in frenetic over-the-top battles. Of course, you can play alone, but it’s even better with friends. So get your claws out and prepare for some kitty ","{""text_match"": 9.380745e-05, ""cosine_similarity"": 0.42324245}"
2026-02-10T19:41:47+00:00,CORTEX_DB.RAW.CAT_GAMES_SVC_1_5,default,"I need something cozy, warm & fuzzy, stress-free: rebuild a cat cafe + decorating + pets","I need something cozy, warm & fuzzy, stress-free: rebuild a cat cafe + decorating + pets",[],,False,,,,low_latency,0.3,10,100,0,820,820,,01c2535d-0005-0847-0001-397a0006c1ea,,37,37,,6e-06,6e-06,,6e-06,,,,,[],[],[],[],[],[],,,,,,,True,False,[],[],,,,[],[],,,,8,Mini Cozy Room: Lo-Fi,0.70663485,2025,English;French;German;Italian;Japanese;Korean;Portuguese - Brazil;Russian;Simplified Chinese;Spanish - Spain;Traditional Chinese,Family Sharing;Single-player;Steam Achievements;Steam Cloud,Casual;Indie,Casual;Character Customization;Cozy;Family Friendly;Idler;Indie;Music;Pixel Graphics;Relaxing;Singleplayer;Utilities,"『Mini Cozy Room : Lo-Fi』 is a relaxing productivity game that combines soothing Lo-Fi music with cozy room decoration. Cute avatars and pets will accompany you, making your work more enjoyable. Convenient desktop tools like Pomodoro timers, notes, and to-do lists will boost your productivity. 1. Your Own Cozy Workspace Create the workspace you've always dreamed of! Choose from various rooms, furniture, and decorative items. Your beautifully designed workspace will enhance concentration and produ","{""text_match"": 0.020625921, ""cosine_similarity"": 0.4132697}"
2026-02-10T19:41:47+00:00,CORTEX_DB.RAW.CAT_GAMES_SVC_1_5,default,"I need something cozy, warm & fuzzy, stress-free: rebuild a cat cafe + decorating + pets","I need something cozy, warm & fuzzy, stress-free: rebuild a cat cafe + decorating + pets",[],,False,,,,low_latency,0.3,10,100,0,820,820,,01c2535d-0005-0847-0001-397a0006c1ea,,37,37,,6e-06,6e-06,,6e-06,,,,,[],[],[],[],[],[],,,,,,,True,False,[],[],,,,[],[],,,,9,A Building Full of Cats,0.7089433350000001,2022,Dutch;English;French;German;Hungarian;Italian;Japanese;Korean;Polish;Portuguese - Brazil;Russian;Simplified Chinese;Spanish - Latin America;Spanish - Spain;Traditional Chinese;Turkish,Family Sharing;Single-player;Steam Achievements;Steam Cloud;Steam Trading Cards,Casual,Adventure;Cartoony;Casual;Cats;Clicker;Collectathon;Colorful;Cozy;Creature Collector;Cute;Exploration;Family Friendly;Hand-drawn;Hidden Object;Minimalist;Point & Click;Puzzle;Relaxing;Singleplayer;Wholesome,A Building Full of Cats is a hidden object game where you need to pet all the cats in the building. Don't leave any cats behind! 360+ cats 6+ Floors 60+ hidden cats Secret cats? Who knows...,"{""text_match"": 0.0017560002, ""cosine_similarity"": 0.41788667}"
2026-02-10T19:41:47+00:00,CORTEX_DB.RAW.CAT_GAMES_SVC_1_5,default,"I need something cozy, warm & fuzzy, stress-free: rebuild a cat cafe + decorating + pets","I need something cozy, warm & fuzzy, stress-free: rebuild a cat cafe + decorating + pets",[],,False,,,,low_latency,0.3,10,100,0,820,820,,01c2535d-0005-0847-0001-397a0006c1ea,,37,37,,6e-06,6e-06,,6e-06,,,,,[],[],[],[],[],[],,,,,,,True,False,[],[],,,,[],[],,,,10,Cat Go! Ultimate Challenge,0.7088510100000001,2021,English;Russian;Simplified Chinese,Family Sharing;Single-player;Steam Achievements,Adventure;Casual;Indie,3D;3D Platformer;6DOF;Adventure;Arcade;Atmospheric;Casual;Cats;Character Customization;Cute;Family Friendly;Funny;Minimalist;Open World;Platformer;Relaxing;Runner;Singleplayer;Stylized;Third Person,"Help a cute kitten to save Barsikgrad from unkind looter cats and restore peace in a cozy town. Collect fish on your journey and share it with Kotofei, who will give you many interesting, cute and colorful hats. Make your cat the main mod of the town. Do you know what an infinite engine is? No? So kittens don't know! Explore this strange mechanism in the city and give the cats endless happiness! Show the cat the world! Travel with him to colorful and sometimes not kind places. Any trip is more f","{""text_match"": 0.0012253881, ""cosine_similarity"": 0.41770202}"
2026-02-10T19:41:48+00:00,CORTEX_DB.RAW.CAT_GAMES_SVC_1_5,default,"I need something cozy, warm & fuzzy, stress-free: rebuild a cat cafe + decorating + pets","I need something cozy, warm & fuzzy, stress-free: rebuild a cat cafe + decorating + pets",[],,False,,,,low_latency,0.65,10,100,0,816,816,,01c2535d-0005-0846-0001-397a00068efe,,33,33,,5e-06,5e-06,,5e-06,,,,,[],[],[],[],[],[],,,,,,,True,False,[],[],,,,[],[],,,,1,Desktop Cat Cafe,0.7486496499999999,2025,Arabic;Bulgarian;Czech;Danish;Dutch;English;Finnish;French;German;Greek;Hungarian;Indonesian;Italian;Japanese;Korean;Norwegian;Polish;Portuguese - Brazil;Portuguese - Portugal;Romanian;Russian;Simplified Chinese;Spanish - Latin America;Spanish - Spain;Swedish;Thai;Traditional Chinese;Turkish;Ukrainian;Vietnamese,Family Sharing;Single-player;Stats;Steam Achievements;Steam Cloud,Casual;Simulation,3D;Automation;Building;Casual;Cats;City Builder;Colorful;Cozy;Cute;Economy;Idler;Indie;Life Sim;Management;Nature;Relaxing;Sandbox;Simulation;Strategy;Stylized,"Desktop Cate Cafe is a cute, idle management game that lives at the bottom of your screen letting you work on other tasks while your cafe runs. Design your dream cafe, unlock delicious recipes, and automate your cafe with cute cat staff! Design Your Outdoor Cafe Build the perfect cafe with hundreds of customization options paired with an easy to use building system that lets your creativity shine. Unlock Delicious Recipes Progress by serving customers to unlock over 150 different recipes from co","{""text_match"": 0.08120547, ""cosine_similarity"": 0.4972993}"
2026-02-10T19:41:48+00:00,CORTEX_DB.RAW.CAT_GAMES_SVC_1_5,default,"I need something cozy, warm & fuzzy, stress-free: rebuild a cat cafe + decorating + pets","I need something cozy, warm & fuzzy, stress-free: rebuild a cat cafe + decorating + pets",[],,False,,,,low_latency,0.65,10,100,0,816,816,,01c2535d-0005-0846-0001-397a00068efe,,33,33,,5e-06,5e-06,,5e-06,,,,,[],[],[],[],[],[],,,,,,,True,False,[],[],,,,[],[],,,,2,Melo's cat cafe,0.7425552,2024,English;Japanese,Family Sharing;Single-player;Steam Achievements,Casual;Indie;Simulation,3D;Casual;Cute;Idler;Indie;Simulation;Singleplayer,"'Melo's Cat Cafe' is the perfect game for players who want to relax in a stress-free environment. Instead of chasing goals, players can simply enjoy spending time with the cats. Observe the cats as they eat and sleep, and find peace of mind in their calm presence. Main Features Spacious Mountain Home The game is set in a large house on top of a mountain with beautiful scenic views. 　　The view from the terrace is breathtaking. Free-Spirited Cats Free-spirited and independent cats make an appearan","{""text_match"": 0.09771838, ""cosine_similarity"": 0.4851104}"
2026-02-10T19:41:48+00:00,CORTEX_DB.RAW.CAT_GAMES_SVC_1_5,default,"I need something cozy, warm & fuzzy, stress-free: rebuild a cat cafe + decorating + pets","I need something cozy, warm & fuzzy, stress-free: rebuild a cat cafe + decorating + pets",[],,False,,,,low_latency,0.65,10,100,0,816,816,,01c2535d-0005-0846-0001-397a00068efe,,33,33,,5e-06,5e-06,,5e-06,,,,,[],[],[],[],[],[],,,,,,,True,False,[],[],,,,[],[],,,,3,Calico,0.726857365,2020,English;French;German;Italian;Japanese;Korean;Portuguese - Brazil;Simplified Chinese;Spanish - Latin America,Camera Comfort;Color Alternatives;Custom Volume Controls;Family Sharing;Full controller support;Playable without Timed Input;Save Anytime;Single-player;Steam Achievements;Steam Cloud,Casual;Indie;RPG;Simulation,3D;Anime;Building;Casual;Cats;Character Customization;Cute;Dog;Family Friendly;Female Protagonist;Horses;Indie;LGBTQ+;Life Sim;Magic;Open World;RPG;Relaxing;Simulation;Singleplayer,"Calico is a day-in-the-life community sim game where you are given an important and adorable task: rebuild the town’s cat café and fill it with cute and cuddly creatures! Build up your café by filling it with cute furniture, fun decorations, yummy pastries, and get it bustling with animals again! Calico is meant to make you feel all warm and fuzzy inside. The gameplay reflects that with a laid back, low stress creative environment to explore and play in. Character Creator The Calico character cr","{""text_match"": 0.10334659, ""cosine_similarity"": 0.45371473}"
2026-02-10T19:41:48+00:00,CORTEX_DB.RAW.CAT_GAMES_SVC_1_5,default,"I need something cozy, warm & fuzzy, stress-free: rebuild a cat cafe + decorating + pets","I need something cozy, warm & fuzzy, stress-free: rebuild a cat cafe + decorating + pets",[],,False,,,,low_latency,0.65,10,100,0,816,816,,01c2535d-0005-0846-0001-397a00068efe,,33,33,,5e-06,5e-06,,5e-06,,,,,[],[],[],[],[],[],,,,,,,True,False,[],[],,,,[],[],,,,4,1001 Jigsaw. Cute Cats,0.7138373849999999,2022,English;French;German;Russian,Family Sharing;Single-player,Casual,Casual;Cute;Family Friendly;Puzzle;Singleplayer;Tabletop,"A new game in the series of 1001 Puzzles. Cute, funny, cozy cats will melt even the coldest hearts! Assemble the puzzle pieces and enjoy the cute faces of pets. During the game, it's easy to set a comfortable level of difficulty for comfortable play. Make the task more difficult and use the hints. Also, handy assembly tools are at your disposal. Save the assembled puzzle at any time! This game is suitable for beginners and for real professionals in this genre of games. - 500 high quality picture","{""text_match"": 0.016483607, ""cosine_similarity"": 0.42767477}"
2026-02-10T19:41:48+00:00,CORTEX_DB.RAW.CAT_GAMES_SVC_1_5,default,"I need something cozy, warm & fuzzy, stress-free: rebuild a cat cafe + decorating + pets","I need something cozy, warm & fuzzy, stress-free: rebuild a cat cafe + decorating + pets",[],,False,,,,low_latency,0.65,10,100,0,816,816,,01c2535d-0005-0846-0001-397a00068efe,,33,33,,5e-06,5e-06,,5e-06,,,,,[],[],[],[],[],[],,,,,,,True,False,[],[],,,,[],[],,,,5,Home Office Simulator,0.716145875,2023,English,Family Sharing;Single-player;Steam Achievements;Steam Cloud,Casual;Indie,Anime;Automation;Casual;Cats;Clicker;Colorful;Cute;Idler;Indie;Simulation;Singleplayer;Strategy,"Summary Help Ayame to work remotely, keeping her free of distractions and keeping her cat interested. Upgrade your home, move to new apartments, and take care of several cats. Upgrade your apartment objects so she can work without distractions or with less chance of getting interrupted by any distractions. Gameplay Move to seven unique apartments with different distractions and upgrades to be made. Upgrade and eliminate several distractions, including cats, computers, phone calls, and notificati","{""text_match"": 0.0012264128, ""cosine_similarity"": 0.43229175}"
2026-02-10T19:41:48+00:00,CORTEX_DB.RAW.CAT_GAMES_SVC_1_5,default,"I need something cozy, warm & fuzzy, stress-free: rebuild a cat cafe + decorating + pets","I need something cozy, warm & fuzzy, stress-free: rebuild a cat cafe + decorating + pets",[],,False,,,,low_latency,0.65,10,100,0,816,816,,01c2535d-0005-0846-0001-397a00068efe,,33,33,,5e-06,5e-06,,5e-06,,,,,[],[],[],[],[],[],,,,,,,True,False,[],[],,,,[],[],,,,6,My Fair Cat: Snow,0.714299085,2024,English;French;Japanese;Korean;Portuguese - Brazil;Russian;Simplified Chinese,Family Sharing;Single-player;Steam Achievements,Casual;Indie,Adventure;Anime;Cartoony;Casual;Cats;Choices Matter;Choose Your Own Adventure;Colorful;Cute;Dating Sim;Emotional;Female Protagonist;Immersive Sim;Interactive Fiction;Life Sim;Otome;Romance;Story Rich;Text-Based;Visual Novel,"Dive into a feel-good adventure of love, laughter, and cat companionship. Add My Fair Cat: Snow to your Steam wishlist and start spreading a little happiness today! Synopsis Recently moving to a new high school and not knowing anyone could have made for a dull routine, but everything changes when you save a stray cat. This single act of kindness sparks a chain of adventures that add a whole new layer of excitement in your daily life. As you're figuring out how to keep your new kitty content and ","{""text_match"": 0.0028883538, ""cosine_similarity"": 0.42859817}"
2026-02-10T19:41:48+00:00,CORTEX_DB.RAW.CAT_GAMES_SVC_1_5,default,"I need something cozy, warm & fuzzy, stress-free: rebuild a cat cafe + decorating + pets","I need something cozy, warm & fuzzy, stress-free: rebuild a cat cafe + decorating + pets",[],,False,,,,low_latency,0.65,10,100,0,816,816,,01c2535d-0005-0846-0001-397a00068efe,,33,33,,5e-06,5e-06,,5e-06,,,,,[],[],[],[],[],[],,,,,,,True,False,[],[],,,,[],[],,,,7,Fisti-Fluffs,0.711621225,2021,English;French;German;Italian;Japanese;Korean;Polish;Portuguese - Brazil;Russian;Simplified Chinese;Spanish - Latin America,Family Sharing;Full controller support;Multi-player;PvP;Remote Play Together;Shared/Split Screen;Shared/Split Screen PvP;Single-player;Steam Achievements,Action;Casual;Indie;Simulation;Sports,Action;Arcade;Battle Royale;Beat 'em up;Cartoon;Cartoony;Casual;Cats;Colorful;Cute;Destruction;Dog;Family Friendly;Fighting;Funny;Hand-drawn;Memes;Simulation;Sports;Stylized,"With no humans in sight, the cats are bored—and you know what that means? That’s right. It’s time to tussle! Pounce, hiss, flail, and claw your way through the kitty kingdom to prove your wobbly cat “is best cat.” Fisti-Fluffs is an adorable (and yes, ridiculous) physics-based party game where you tussle with other cats and destroy the environments in frenetic over-the-top battles. Of course, you can play alone, but it’s even better with friends. So get your claws out and prepare for some kitty ","{""text_match"": 9.380745e-05, ""cosine_similarity"": 0.42324245}"
2026-02-10T19:41:48+00:00,CORTEX_DB.RAW.CAT_GAMES_SVC_1_5,default,"I need something cozy, warm & fuzzy, stress-free: rebuild a cat cafe + decorating + pets","I need something cozy, warm & fuzzy, stress-free: rebuild a cat cafe + decorating + pets",[],,False,,,,low_latency,0.65,10,100,0,816,816,,01c2535d-0005-0846-0001-397a00068efe,,33,33,,5e-06,5e-06,,5e-06,,,,,[],[],[],[],[],[],,,,,,,True,False,[],[],,,,[],[],,,,8,Mini Cozy Room: Lo-Fi,0.70663485,2025,English;French;German;Italian;Japanese;Korean;Portuguese - Brazil;Russian;Simplified Chinese;Spanish - Spain;Traditional Chinese,Family Sharing;Single-player;Steam Achievements;Steam Cloud,Casual;Indie,Casual;Character Customization;Cozy;Family Friendly;Idler;Indie;Music;Pixel Graphics;Relaxing;Singleplayer;Utilities,"『Mini Cozy Room : Lo-Fi』 is a relaxing productivity game that combines soothing Lo-Fi music with cozy room decoration. Cute avatars and pets will accompany you, making your work more enjoyable. Convenient desktop tools like Pomodoro timers, notes, and to-do lists will boost your productivity. 1. Your Own Cozy Workspace Create the workspace you've always dreamed of! Choose from various rooms, furniture, and decorative items. Your beautifully designed workspace will enhance concentration and produ","{""text_match"": 0.020625921, ""cosine_similarity"": 0.4132697}"
2026-02-10T19:41:48+00:00,CORTEX_DB.RAW.CAT_GAMES_SVC_1_5,default,"I need something cozy, warm & fuzzy, stress-free: rebuild a cat cafe + decorating + pets","I need something cozy, warm & fuzzy, stress-free: rebuild a cat cafe + decorating + pets",[],,False,,,,low_latency,0.65,10,100,0,816,816,,01c2535d-0005-0846-0001-397a00068efe,,33,33,,5e-06,5e-06,,5e-06,,,,,[],[],[],[],[],[],,,,,,,True,False,[],[],,,,[],[],,,,9,A Building Full of Cats,0.7089433350000001,2022,Dutch;English;French;German;Hungarian;Italian;Japanese;Korean;Polish;Portuguese - Brazil;Russian;Simplified Chinese;Spanish - Latin America;Spanish - Spain;Traditional Chinese;Turkish,Family Sharing;Single-player;Steam Achievements;Steam Cloud;Steam Trading Cards,Casual,Adventure;Cartoony;Casual;Cats;Clicker;Collectathon;Colorful;Cozy;Creature Collector;Cute;Exploration;Family Friendly;Hand-drawn;Hidden Object;Minimalist;Point & Click;Puzzle;Relaxing;Singleplayer;Wholesome,A Building Full of Cats is a hidden object game where you need to pet all the cats in the building. Don't leave any cats behind! 360+ cats 6+ Floors 60+ hidden cats Secret cats? Who knows...,"{""text_match"": 0.0017560002, ""cosine_similarity"": 0.41788667}"
2026-02-10T19:41:48+00:00,CORTEX_DB.RAW.CAT_GAMES_SVC_1_5,default,"I need something cozy, warm & fuzzy, stress-free: rebuild a cat cafe + decorating + pets","I need something cozy, warm & fuzzy, stress-free: rebuild a cat cafe + decorating + pets",[],,False,,,,low_latency,0.65,10,100,0,816,816,,01c2535d-0005-0846-0001-397a00068efe,,33,33,,5e-06,5e-06,,5e-06,,,,,[],[],[],[],[],[],,,,,,,True,False,[],[],,,,[],[],,,,10,Cat Go! Ultimate Challenge,0.7088510100000001,2021,English;Russian;Simplified Chinese,Family Sharing;Single-player;Steam Achievements,Adventure;Casual;Indie,3D;3D Platformer;6DOF;Adventure;Arcade;Atmospheric;Casual;Cats;Character Customization;Cute;Family Friendly;Funny;Minimalist;Open World;Platformer;Relaxing;Runner;Singleplayer;Stylized;Third Person,"Help a cute kitten to save Barsikgrad from unkind looter cats and restore peace in a cozy town. Collect fish on your journey and share it with Kotofei, who will give you many interesting, cute and colorful hats. Make your cat the main mod of the town. Do you know what an infinite engine is? No? So kittens don't know! Explore this strange mechanism in the city and give the cats endless happiness! Show the cat the world! Travel with him to colorful and sometimes not kind places. Any trip is more f","{""text_match"": 0.0012253881, ""cosine_similarity"": 0.41770202}"
2026-02-10T19:41:52+00:00,CORTEX_DB.RAW.CAT_GAMES_SVC_1_5,default,"I need something cozy, warm & fuzzy, stress-free: rebuild a cat cafe + decorating + pets","I need something cozy, warm & fuzzy, stress-free: rebuild a cat cafe + decorating + pets",[],,False,,,,reranker_heavy,0.3,10,100,0,1124,1124,,01c2535d-0005-0843-0001-397a0006d1c2,,47,47,,7e-06,7e-06,,7e-06,,,,,[],[],[],[],[],[],,,,,,,True,False,[],[],,,,[],[],,,,1,Calico,0.726857365,2020,English;French;German;Italian;Japanese;Korean;Portuguese - Brazil;Simplified Chinese;Spanish - Latin America,Camera Comfort;Color Alternatives;Custom Volume Controls;Family Sharing;Full controller support;Playable without Timed Input;Save Anytime;Single-player;Steam Achievements;Steam Cloud,Casual;Indie;RPG;Simulation,3D;Anime;Building;Casual;Cats;Character Customization;Cute;Dog;Family Friendly;Female Protagonist;Horses;Indie;LGBTQ+;Life Sim;Magic;Open World;RPG;Relaxing;Simulation;Singleplayer,"Calico is a day-in-the-life community sim game where you are given an important and adorable task: rebuild the town’s cat café and fill it with cute and cuddly creatures! Build up your café by filling it with cute furniture, fun decorations, yummy pastries, and get it bustling with animals again! Calico is meant to make you feel all warm and fuzzy inside. The gameplay reflects that with a laid back, low stress creative environment to explore and play in. Character Creator The Calico character cr","{""text_match"": 0.10334659, ""cosine_similarity"": 0.45371473, ""reranker_score"": -3.7821584}"
2026-02-10T19:41:52+00:00,CORTEX_DB.RAW.CAT_GAMES_SVC_1_5,default,"I need something cozy, warm & fuzzy, stress-free: rebuild a cat cafe + decorating + pets","I need something cozy, warm & fuzzy, stress-free: rebuild a cat cafe + decorating + pets",[],,False,,,,reranker_heavy,0.3,10,100,0,1124,1124,,01c2535d-0005-0843-0001-397a0006d1c2,,47,47,,7e-06,7e-06,,7e-06,,,,,[],[],[],[],[],[],,,,,,,True,False,[],[],,,,[],[],,,,2,Desktop Cat Cafe,0.7486496499999999,2025,Arabic;Bulgarian;Czech;Danish;Dutch;English;Finnish;French;German;Greek;Hungarian;Indonesian;Italian;Japanese;Korean;Norwegian;Polish;Portuguese - Brazil;Portuguese - Portugal;Romanian;Russian;Simplified Chinese;Spanish - Latin America;Spanish - Spain;Swedish;Thai;Traditional Chinese;Turkish;Ukrainian;Vietnamese,Family Sharing;Single-player;Stats;Steam Achievements;Steam Cloud,Casual;Simulation,3D;Automation;Building;Casual;Cats;City Builder;Colorful;Cozy;Cute;Economy;Idler;Indie;Life Sim;Management;Nature;Relaxing;Sandbox;Simulation;Strategy;Stylized,"Desktop Cate Cafe is a cute, idle management game that lives at the bottom of your screen letting you work on other tasks while your cafe runs. Design your dream cafe, unlock delicious recipes, and automate your cafe with cute cat staff! Design Your Outdoor Cafe Build the perfect cafe with hundreds of customization options paired with an easy to use building system that lets your creativity shine. Unlock Delicious Recipes Progress by serving customers to unlock over 150 different recipes from co","{""text_match"": 0.08120547, ""cosine_similarity"": 0.4972993, ""reranker_score"": -6.4259963}"
2026-02-10T19:41:52+00:00,CORTEX_DB.RAW.CAT_GAMES_SVC_1_5,default,"I need something cozy, warm & fuzzy, stress-free: rebuild a cat cafe + decorating + pets","I need something cozy, warm & fuzzy, stress-free: rebuild a cat cafe + decorating + pets",[],,False,,,,reranker_heavy,0.3,10,100,0,1124,1124,,01c2535d-0005-0843-0001-397a0006d1c2,,47,47,,7e-06,7e-06,,7e-06,,,,,[],[],[],[],[],[],,,,,,,True,False,[],[],,,,[],[],,,,3,Melo's cat cafe,0.7425552,2024,English;Japanese,Family Sharing;Single-player;Steam Achievements,Casual;Indie;Simulation,3D;Casual;Cute;Idler;Indie;Simulation;Singleplayer,"'Melo's Cat Cafe' is the perfect game for players who want to relax in a stress-free environment. Instead of chasing goals, players can simply enjoy spending time with the cats. Observe the cats as they eat and sleep, and find peace of mind in their calm presence. Main Features Spacious Mountain Home The game is set in a large house on top of a mountain with beautiful scenic views. 　　The view from the terrace is breathtaking. Free-Spirited Cats Free-spirited and independent cats make an appearan","{""text_match"": 0.09771838, ""cosine_similarity"": 0.4851104, ""reranker_score"": -6.195158}"
2026-02-10T19:41:52+00:00,CORTEX_DB.RAW.CAT_GAMES_SVC_1_5,default,"I need something cozy, warm & fuzzy, stress-free: rebuild a cat cafe + decorating + pets","I need something cozy, warm & fuzzy, stress-free: rebuild a cat cafe + decorating + pets",[],,False,,,,reranker_heavy,0.3,10,100,0,1124,1124,,01c2535d-0005-0843-0001-397a0006d1c2,,47,47,,7e-06,7e-06,,7e-06,,,,,[],[],[],[],[],[],,,,,,,True,False,[],[],,,,[],[],,,,4,Mini Cozy Room: Lo-Fi,0.70663485,2025,English;French;German;Italian;Japanese;Korean;Portuguese - Brazil;Russian;Simplified Chinese;Spanish - Spain;Traditional Chinese,Family Sharing;Single-player;Steam Achievements;Steam Cloud,Casual;Indie,Casual;Character Customization;Cozy;Family Friendly;Idler;Indie;Music;Pixel Graphics;Relaxing;Singleplayer;Utilities,"『Mini Cozy Room : Lo-Fi』 is a relaxing productivity game that combines soothing Lo-Fi music with cozy room decoration. Cute avatars and pets will accompany you, making your work more enjoyable. Convenient desktop tools like Pomodoro timers, notes, and to-do lists will boost your productivity. 1. Your Own Cozy Workspace Create the workspace you've always dreamed of! Choose from various rooms, furniture, and decorative items. Your beautifully designed workspace will enhance concentration and produ","{""text_match"": 0.020625921, ""cosine_similarity"": 0.4132697, ""reranker_score"": -7.1745734}"
2026-02-10T19:41:52+00:00,CORTEX_DB.RAW.CAT_GAMES_SVC_1_5,default,"I need something cozy, warm & fuzzy, stress-free: rebuild a cat cafe + decorating + pets","I need something cozy, warm & fuzzy, stress-free: rebuild a cat cafe + decorating + pets",[],,False,,,,reranker_heavy,0.3,10,100,0,1124,1124,,01c2535d-0005-0843-0001-397a0006d1c2,,47,47,,7e-06,7e-06,,7e-06,,,,,[],[],[],[],[],[],,,,,,,True,False,[],[],,,,[],[],,,,5,My Fair Cat: Snow,0.714299085,2024,English;French;Japanese;Korean;Portuguese - Brazil;Russian;Simplified Chinese,Family Sharing;Single-player;Steam Achievements,Casual;Indie,Adventure;Anime;Cartoony;Casual;Cats;Choices Matter;Choose Your Own Adventure;Colorful;Cute;Dating Sim;Emotional;Female Protagonist;Immersive Sim;Interactive Fiction;Life Sim;Otome;Romance;Story Rich;Text-Based;Visual Novel,"Dive into a feel-good adventure of love, laughter, and cat companionship. Add My Fair Cat: Snow to your Steam wishlist and start spreading a little happiness today! Synopsis Recently moving to a new high school and not knowing anyone could have made for a dull routine, but everything changes when you save a stray cat. This single act of kindness sparks a chain of adventures that add a whole new layer of excitement in your daily life. As you're figuring out how to keep your new kitty content and ","{""text_match"": 0.0028883538, ""cosine_similarity"": 0.42859817, ""reranker_score"": -7.886154}"
2026-02-10T19:41:52+00:00,CORTEX_DB.RAW.CAT_GAMES_SVC_1_5,default,"I need something cozy, warm & fuzzy, stress-free: rebuild a cat cafe + decorating + pets","I need something cozy, warm & fuzzy, stress-free: rebuild a cat cafe + decorating + pets",[],,False,,,,reranker_heavy,0.3,10,100,0,1124,1124,,01c2535d-0005-0843-0001-397a0006d1c2,,47,47,,7e-06,7e-06,,7e-06,,,,,[],[],[],[],[],[],,,,,,,True,False,[],[],,,,[],[],,,,6,Nekokami - The Human Restoration Project,0.7068195349999999,2024,English;Japanese;Simplified Chinese,Adjustable Difficulty;Adjustable Text Size;Camera Comfort;Co-op;Custom Volume Controls;Family Sharing;Full controller support;Mouse Only Option;Multi-player;Playable without Timed Input;Shared/Split Screen;Shared/Split Screen Co-op;Single-player;Steam Achievements;Steam Cloud,Adventure;Casual;Early Access;Indie;RPG,3D;Building;Casual;Cats;Colorful;Cozy;Cute;Early Access;Family Friendly;Funny;Hand-drawn;Immersive Sim;Indie;Life Sim;Local Co-Op;Nature;Puzzle;RPG;Relaxing;Story Rich,"✨ Nekokami is a meditative, calming tile building game where you play as a time-traveler to a far future Milky Way managed by... benevolent Future Cats with super advanced technologies. Why it has to be the Cats? And where are the Humans?     In Nekokami, you will: 🌏 Create beautiful worlds of natural habitats and human settlements with strategic, or spontaneous, placement of tiles in a unique hand-drawn-like art style. 🌌 Follow an epic, whimsical yet heartwarming story of Human-Cat friendship, ","{""text_match"": 0.0012254278, ""cosine_similarity"": 0.41363907, ""reranker_score"": -7.673895}"
2026-02-10T19:41:52+00:00,CORTEX_DB.RAW.CAT_GAMES_SVC_1_5,default,"I need something cozy, warm & fuzzy, stress-free: rebuild a cat cafe + decorating + pets","I need something cozy, warm & fuzzy, stress-free: rebuild a cat cafe + decorating + pets",[],,False,,,,reranker_heavy,0.3,10,100,0,1124,1124,,01c2535d-0005-0843-0001-397a0006d1c2,,47,47,,7e-06,7e-06,,7e-06,,,,,[],[],[],[],[],[],,,,,,,True,False,[],[],,,,[],[],,,,7,Home Office Simulator,0.716145875,2023,English,Family Sharing;Single-player;Steam Achievements;Steam Cloud,Casual;Indie,Anime;Automation;Casual;Cats;Clicker;Colorful;Cute;Idler;Indie;Simulation;Singleplayer;Strategy,"Summary Help Ayame to work remotely, keeping her free of distractions and keeping her cat interested. Upgrade your home, move to new apartments, and take care of several cats. Upgrade your apartment objects so she can work without distractions or with less chance of getting interrupted by any distractions. Gameplay Move to seven unique apartments with different distractions and upgrades to be made. Upgrade and eliminate several distractions, including cats, computers, phone calls, and notificati","{""text_match"": 0.0012264128, ""cosine_similarity"": 0.43229175, ""reranker_score"": -8.643719}"
2026-02-10T19:41:52+00:00,CORTEX_DB.RAW.CAT_GAMES_SVC_1_5,default,"I need something cozy, warm & fuzzy, stress-free: rebuild a cat cafe + decorating + pets","I need something cozy, warm & fuzzy, stress-free: rebuild a cat cafe + decorating + pets",[],,False,,,,reranker_heavy,0.3,10,100,0,1124,1124,,01c2535d-0005-0843-0001-397a0006d1c2,,47,47,,7e-06,7e-06,,7e-06,,,,,[],[],[],[],[],[],,,,,,,True,False,[],[],,,,[],[],,,,8,Animal Shelter,0.70358762,2022,English;French;German;Italian;Japanese;Korean;Polish;Portuguese - Brazil;Russian;Simplified Chinese;Spanish - Spain;Traditional Chinese;Turkish,Family Sharing;Single-player;Steam Achievements;Steam Trading Cards,Adventure;Casual;Indie;Simulation,Adventure;Atmospheric;Building;Casual;Cats;Cute;Dog;Education;Experience;Family Friendly;First-Person;Immersive Sim;Indie;Life Sim;Management;Modern;Realistic;Relaxing;Simulation;Singleplayer,"Save our four-legged friends! Your main goal in Animal Shelter will be to look after, treat, and give shelter to those under your care. You will have plenty of work to do with the shelter, which will become a refuge for any creature in need and will certainly help in finding suitable future owners. Keep in mind that the future owner-pet duo must complement each other. Your main goal? Finding a suitable home for your pets! Take pictures Who doesn't love taking pictures of their pets? We provide y","{""text_match"": 0.02184545, ""cosine_similarity"": 0.40717524, ""reranker_score"": -7.97587}"
2026-02-10T19:41:52+00:00,CORTEX_DB.RAW.CAT_GAMES_SVC_1_5,default,"I need something cozy, warm & fuzzy, stress-free: rebuild a cat cafe + decorating + pets","I need something cozy, warm & fuzzy, stress-free: rebuild a cat cafe + decorating + pets",[],,False,,,,reranker_heavy,0.3,10,100,0,1124,1124,,01c2535d-0005-0843-0001-397a0006d1c2,,47,47,,7e-06,7e-06,,7e-06,,,,,[],[],[],[],[],[],,,,,,,True,False,[],[],,,,[],[],,,,9,A Building Full of Cats,0.7089433350000001,2022,Dutch;English;French;German;Hungarian;Italian;Japanese;Korean;Polish;Portuguese - Brazil;Russian;Simplified Chinese;Spanish - Latin America;Spanish - Spain;Traditional Chinese;Turkish,Family Sharing;Single-player;Steam Achievements;Steam Cloud;Steam Trading Cards,Casual,Adventure;Cartoony;Casual;Cats;Clicker;Collectathon;Colorful;Cozy;Creature Collector;Cute;Exploration;Family Friendly;Hand-drawn;Hidden Object;Minimalist;Point & Click;Puzzle;Relaxing;Singleplayer;Wholesome,A Building Full of Cats is a hidden object game where you need to pet all the cats in the building. Don't leave any cats behind! 360+ cats 6+ Floors 60+ hidden cats Secret cats? Who knows...,"{""text_match"": 0.0017560002, ""cosine_similarity"": 0.41788667, ""reranker_score"": -8.94032}"
2026-02-10T19:41:52+00:00,CORTEX_DB.RAW.CAT_GAMES_SVC_1_5,default,"I need something cozy, warm & fuzzy, stress-free: rebuild a cat cafe + decorating + pets","I need something cozy, warm & fuzzy, stress-free: rebuild a cat cafe + decorating + pets",[],,False,,,,reranker_heavy,0.3,10,100,0,1124,1124,,01c2535d-0005-0843-0001-397a0006d1c2,,47,47,,7e-06,7e-06,,7e-06,,,,,[],[],[],[],[],[],,,,,,,True,False,[],[],,,,[],[],,,,10,1001 Jigsaw. Cute Cats,0.7138373849999999,2022,English;French;German;Russian,Family Sharing;Single-player,Casual,Casual;Cute;Family Friendly;Puzzle;Singleplayer;Tabletop,"A new game in the series of 1001 Puzzles. Cute, funny, cozy cats will melt even the coldest hearts! Assemble the puzzle pieces and enjoy the cute faces of pets. During the game, it's easy to set a comfortable level of difficulty for comfortable play. Make the task more difficult and use the hints. Also, handy assembly tools are at your disposal. Save the assembled puzzle at any time! This game is suitable for beginners and for real professionals in this genre of games. - 500 high quality picture","{""text_match"": 0.016483607, ""cosine_similarity"": 0.42767477, ""reranker_score"": -9.494161}"
2026-02-10T19:41:53+00:00,CORTEX_DB.RAW.CAT_GAMES_SVC_1_5,default,"I need something cozy, warm & fuzzy, stress-free: rebuild a cat cafe + decorating + pets","I need something cozy, warm & fuzzy, stress-free: rebuild a cat cafe + decorating + pets",[],,False,,,,reranker_heavy,0.65,10,100,0,1024,1024,,01c2535d-0005-0843-0001-397a0006d1ca,,31,31,,5e-06,5e-06,,5e-06,,,,,[],[],[],[],[],[],,,,,,,True,False,[],[],,,,[],[],,,,1,Calico,0.726857365,2020,English;French;German;Italian;Japanese;Korean;Portuguese - Brazil;Simplified Chinese;Spanish - Latin America,Camera Comfort;Color Alternatives;Custom Volume Controls;Family Sharing;Full controller support;Playable without Timed Input;Save Anytime;Single-player;Steam Achievements;Steam Cloud,Casual;Indie;RPG;Simulation,3D;Anime;Building;Casual;Cats;Character Customization;Cute;Dog;Family Friendly;Female Protagonist;Horses;Indie;LGBTQ+;Life Sim;Magic;Open World;RPG;Relaxing;Simulation;Singleplayer,"Calico is a day-in-the-life community sim game where you are given an important and adorable task: rebuild the town’s cat café and fill it with cute and cuddly creatures! Build up your café by filling it with cute furniture, fun decorations, yummy pastries, and get it bustling with animals again! Calico is meant to make you feel all warm and fuzzy inside. The gameplay reflects that with a laid back, low stress creative environment to explore and play in. Character Creator The Calico character cr","{""text_match"": 0.10334659, ""cosine_similarity"": 0.45371473, ""reranker_score"": -3.7821584}"
2026-02-10T19:41:53+00:00,CORTEX_DB.RAW.CAT_GAMES_SVC_1_5,default,"I need something cozy, warm & fuzzy, stress-free: rebuild a cat cafe + decorating + pets","I need something cozy, warm & fuzzy, stress-free: rebuild a cat cafe + decorating + pets",[],,False,,,,reranker_heavy,0.65,10,100,0,1024,1024,,01c2535d-0005-0843-0001-397a0006d1ca,,31,31,,5e-06,5e-06,,5e-06,,,,,[],[],[],[],[],[],,,,,,,True,False,[],[],,,,[],[],,,,2,Desktop Cat Cafe,0.7486496499999999,2025,Arabic;Bulgarian;Czech;Danish;Dutch;English;Finnish;French;German;Greek;Hungarian;Indonesian;Italian;Japanese;Korean;Norwegian;Polish;Portuguese - Brazil;Portuguese - Portugal;Romanian;Russian;Simplified Chinese;Spanish - Latin America;Spanish - Spain;Swedish;Thai;Traditional Chinese;Turkish;Ukrainian;Vietnamese,Family Sharing;Single-player;Stats;Steam Achievements;Steam Cloud,Casual;Simulation,3D;Automation;Building;Casual;Cats;City Builder;Colorful;Cozy;Cute;Economy;Idler;Indie;Life Sim;Management;Nature;Relaxing;Sandbox;Simulation;Strategy;Stylized,"Desktop Cate Cafe is a cute, idle management game that lives at the bottom of your screen letting you work on other tasks while your cafe runs. Design your dream cafe, unlock delicious recipes, and automate your cafe with cute cat staff! Design Your Outdoor Cafe Build the perfect cafe with hundreds of customization options paired with an easy to use building system that lets your creativity shine. Unlock Delicious Recipes Progress by serving customers to unlock over 150 different recipes from co","{""text_match"": 0.08120547, ""cosine_similarity"": 0.4972993, ""reranker_score"": -6.4259963}"
2026-02-10T19:41:53+00:00,CORTEX_DB.RAW.CAT_GAMES_SVC_1_5,default,"I need something cozy, warm & fuzzy, stress-free: rebuild a cat cafe + decorating + pets","I need something cozy, warm & fuzzy, stress-free: rebuild a cat cafe + decorating + pets",[],,False,,,,reranker_heavy,0.65,10,100,0,1024,1024,,01c2535d-0005-0843-0001-397a0006d1ca,,31,31,,5e-06,5e-06,,5e-06,,,,,[],[],[],[],[],[],,,,,,,True,False,[],[],,,,[],[],,,,3,Melo's cat cafe,0.7425552,2024,English;Japanese,Family Sharing;Single-player;Steam Achievements,Casual;Indie;Simulation,3D;Casual;Cute;Idler;Indie;Simulation;Singleplayer,"'Melo's Cat Cafe' is the perfect game for players who want to relax in a stress-free environment. Instead of chasing goals, players can simply enjoy spending time with the cats. Observe the cats as they eat and sleep, and find peace of mind in their calm presence. Main Features Spacious Mountain Home The game is set in a large house on top of a mountain with beautiful scenic views. 　　The view from the terrace is breathtaking. Free-Spirited Cats Free-spirited and independent cats make an appearan","{""text_match"": 0.09771838, ""cosine_similarity"": 0.4851104, ""reranker_score"": -6.195158}"
2026-02-10T19:41:53+00:00,CORTEX_DB.RAW.CAT_GAMES_SVC_1_5,default,"I need something cozy, warm & fuzzy, stress-free: rebuild a cat cafe + decorating + pets","I need something cozy, warm & fuzzy, stress-free: rebuild a cat cafe + decorating + pets",[],,False,,,,reranker_heavy,0.65,10,100,0,1024,1024,,01c2535d-0005-0843-0001-397a0006d1ca,,31,31,,5e-06,5e-06,,5e-06,,,,,[],[],[],[],[],[],,,,,,,True,False,[],[],,,,[],[],,,,4,Mini Cozy Room: Lo-Fi,0.70663485,2025,English;French;German;Italian;Japanese;Korean;Portuguese - Brazil;Russian;Simplified Chinese;Spanish - Spain;Traditional Chinese,Family Sharing;Single-player;Steam Achievements;Steam Cloud,Casual;Indie,Casual;Character Customization;Cozy;Family Friendly;Idler;Indie;Music;Pixel Graphics;Relaxing;Singleplayer;Utilities,"『Mini Cozy Room : Lo-Fi』 is a relaxing productivity game that combines soothing Lo-Fi music with cozy room decoration. Cute avatars and pets will accompany you, making your work more enjoyable. Convenient desktop tools like Pomodoro timers, notes, and to-do lists will boost your productivity. 1. Your Own Cozy Workspace Create the workspace you've always dreamed of! Choose from various rooms, furniture, and decorative items. Your beautifully designed workspace will enhance concentration and produ","{""text_match"": 0.020625921, ""cosine_similarity"": 0.4132697, ""reranker_score"": -7.1745734}"
2026-02-10T19:41:53+00:00,CORTEX_DB.RAW.CAT_GAMES_SVC_1_5,default,"I need something cozy, warm & fuzzy, stress-free: rebuild a cat cafe + decorating + pets","I need something cozy, warm & fuzzy, stress-free: rebuild a cat cafe + decorating + pets",[],,False,,,,reranker_heavy,0.65,10,100,0,1024,1024,,01c2535d-0005-0843-0001-397a0006d1ca,,31,31,,5e-06,5e-06,,5e-06,,,,,[],[],[],[],[],[],,,,,,,True,False,[],[],,,,[],[],,,,5,My Fair Cat: Snow,0.714299085,2024,English;French;Japanese;Korean;Portuguese - Brazil;Russian;Simplified Chinese,Family Sharing;Single-player;Steam Achievements,Casual;Indie,Adventure;Anime;Cartoony;Casual;Cats;Choices Matter;Choose Your Own Adventure;Colorful;Cute;Dating Sim;Emotional;Female Protagonist;Immersive Sim;Interactive Fiction;Life Sim;Otome;Romance;Story Rich;Text-Based;Visual Novel,"Dive into a feel-good adventure of love, laughter, and cat companionship. Add My Fair Cat: Snow to your Steam wishlist and start spreading a little happiness today! Synopsis Recently moving to a new high school and not knowing anyone could have made for a dull routine, but everything changes when you save a stray cat. This single act of kindness sparks a chain of adventures that add a whole new layer of excitement in your daily life. As you're figuring out how to keep your new kitty content and ","{""text_match"": 0.0028883538, ""cosine_similarity"": 0.42859817, ""reranker_score"": -7.886154}"
2026-02-10T19:41:53+00:00,CORTEX_DB.RAW.CAT_GAMES_SVC_1_5,default,"I need something cozy, warm & fuzzy, stress-free: rebuild a cat cafe + decorating + pets","I need something cozy, warm & fuzzy, stress-free: rebuild a cat cafe + decorating + pets",[],,False,,,,reranker_heavy,0.65,10,100,0,1024,1024,,01c2535d-0005-0843-0001-397a0006d1ca,,31,31,,5e-06,5e-06,,5e-06,,,,,[],[],[],[],[],[],,,,,,,True,False,[],[],,,,[],[],,,,6,Nekokami - The Human Restoration Project,0.7068195349999999,2024,English;Japanese;Simplified Chinese,Adjustable Difficulty;Adjustable Text Size;Camera Comfort;Co-op;Custom Volume Controls;Family Sharing;Full controller support;Mouse Only Option;Multi-player;Playable without Timed Input;Shared/Split Screen;Shared/Split Screen Co-op;Single-player;Steam Achievements;Steam Cloud,Adventure;Casual;Early Access;Indie;RPG,3D;Building;Casual;Cats;Colorful;Cozy;Cute;Early Access;Family Friendly;Funny;Hand-drawn;Immersive Sim;Indie;Life Sim;Local Co-Op;Nature;Puzzle;RPG;Relaxing;Story Rich,"✨ Nekokami is a meditative, calming tile building game where you play as a time-traveler to a far future Milky Way managed by... benevolent Future Cats with super advanced technologies. Why it has to be the Cats? And where are the Humans?     In Nekokami, you will: 🌏 Create beautiful worlds of natural habitats and human settlements with strategic, or spontaneous, placement of tiles in a unique hand-drawn-like art style. 🌌 Follow an epic, whimsical yet heartwarming story of Human-Cat friendship, ","{""text_match"": 0.0012254278, ""cosine_similarity"": 0.41363907, ""reranker_score"": -7.673895}"
2026-02-10T19:41:53+00:00,CORTEX_DB.RAW.CAT_GAMES_SVC_1_5,default,"I need something cozy, warm & fuzzy, stress-free: rebuild a cat cafe + decorating + pets","I need something cozy, warm & fuzzy, stress-free: rebuild a cat cafe + decorating + pets",[],,False,,,,reranker_heavy,0.65,10,100,0,1024,1024,,01c2535d-0005-0843-0001-397a0006d1ca,,31,31,,5e-06,5e-06,,5e-06,,,,,[],[],[],[],[],[],,,,,,,True,False,[],[],,,,[],[],,,,7,Home Office Simulator,0.716145875,2023,English,Family Sharing;Single-player;Steam Achievements;Steam Cloud,Casual;Indie,Anime;Automation;Casual;Cats;Clicker;Colorful;Cute;Idler;Indie;Simulation;Singleplayer;Strategy,"Summary Help Ayame to work remotely, keeping her free of distractions and keeping her cat interested. Upgrade your home, move to new apartments, and take care of several cats. Upgrade your apartment objects so she can work without distractions or with less chance of getting interrupted by any distractions. Gameplay Move to seven unique apartments with different distractions and upgrades to be made. Upgrade and eliminate several distractions, including cats, computers, phone calls, and notificati","{""text_match"": 0.0012264128, ""cosine_similarity"": 0.43229175, ""reranker_score"": -8.643719}"
2026-02-10T19:41:53+00:00,CORTEX_DB.RAW.CAT_GAMES_SVC_1_5,default,"I need something cozy, warm & fuzzy, stress-free: rebuild a cat cafe + decorating + pets","I need something cozy, warm & fuzzy, stress-free: rebuild a cat cafe + decorating + pets",[],,False,,,,reranker_heavy,0.65,10,100,0,1024,1024,,01c2535d-0005-0843-0001-397a0006d1ca,,31,31,,5e-06,5e-06,,5e-06,,,,,[],[],[],[],[],[],,,,,,,True,False,[],[],,,,[],[],,,,8,Animal Shelter,0.70358762,2022,English;French;German;Italian;Japanese;Korean;Polish;Portuguese - Brazil;Russian;Simplified Chinese;Spanish - Spain;Traditional Chinese;Turkish,Family Sharing;Single-player;Steam Achievements;Steam Trading Cards,Adventure;Casual;Indie;Simulation,Adventure;Atmospheric;Building;Casual;Cats;Cute;Dog;Education;Experience;Family Friendly;First-Person;Immersive Sim;Indie;Life Sim;Management;Modern;Realistic;Relaxing;Simulation;Singleplayer,"Save our four-legged friends! Your main goal in Animal Shelter will be to look after, treat, and give shelter to those under your care. You will have plenty of work to do with the shelter, which will become a refuge for any creature in need and will certainly help in finding suitable future owners. Keep in mind that the future owner-pet duo must complement each other. Your main goal? Finding a suitable home for your pets! Take pictures Who doesn't love taking pictures of their pets? We provide y","{""text_match"": 0.02184545, ""cosine_similarity"": 0.40717524, ""reranker_score"": -7.97587}"
2026-02-10T19:41:53+00:00,CORTEX_DB.RAW.CAT_GAMES_SVC_1_5,default,"I need something cozy, warm & fuzzy, stress-free: rebuild a cat cafe + decorating + pets","I need something cozy, warm & fuzzy, stress-free: rebuild a cat cafe + decorating + pets",[],,False,,,,reranker_heavy,0.65,10,100,0,1024,1024,,01c2535d-0005-0843-0001-397a0006d1ca,,31,31,,5e-06,5e-06,,5e-06,,,,,[],[],[],[],[],[],,,,,,,True,False,[],[],,,,[],[],,,,9,A Building Full of Cats,0.7089433350000001,2022,Dutch;English;French;German;Hungarian;Italian;Japanese;Korean;Polish;Portuguese - Brazil;Russian;Simplified Chinese;Spanish - Latin America;Spanish - Spain;Traditional Chinese;Turkish,Family Sharing;Single-player;Steam Achievements;Steam Cloud;Steam Trading Cards,Casual,Adventure;Cartoony;Casual;Cats;Clicker;Collectathon;Colorful;Cozy;Creature Collector;Cute;Exploration;Family Friendly;Hand-drawn;Hidden Object;Minimalist;Point & Click;Puzzle;Relaxing;Singleplayer;Wholesome,A Building Full of Cats is a hidden object game where you need to pet all the cats in the building. Don't leave any cats behind! 360+ cats 6+ Floors 60+ hidden cats Secret cats? Who knows...,"{""text_match"": 0.0017560002, ""cosine_similarity"": 0.41788667, ""reranker_score"": -8.94032}"
2026-02-10T19:41:53+00:00,CORTEX_DB.RAW.CAT_GAMES_SVC_1_5,default,"I need something cozy, warm & fuzzy, stress-free: rebuild a cat cafe + decorating + pets","I need something cozy, warm & fuzzy, stress-free: rebuild a cat cafe + decorating + pets",[],,False,,,,reranker_heavy,0.65,10,100,0,1024,1024,,01c2535d-0005-0843-0001-397a0006d1ca,,31,31,,5e-06,5e-06,,5e-06,,,,,[],[],[],[],[],[],,,,,,,True,False,[],[],,,,[],[],,,,10,1001 Jigsaw. Cute Cats,0.7138373849999999,2022,English;French;German;Russian,Family Sharing;Single-player,Casual,Casual;Cute;Family Friendly;Puzzle;Singleplayer;Tabletop,"A new game in the series of 1001 Puzzles. Cute, funny, cozy cats will melt even the coldest hearts! Assemble the puzzle pieces and enjoy the cute faces of pets. During the game, it's easy to set a comfortable level of difficulty for comfortable play. Make the task more difficult and use the hints. Also, handy assembly tools are at your disposal. Save the assembled puzzle at any time! This game is suitable for beginners and for real professionals in this genre of games. - 500 high quality picture","{""text_match"": 0.016483607, ""cosine_similarity"": 0.42767477, ""reranker_score"": -9.494161}"
2026-02-10T19:41:57+00:00,CORTEX_DB.RAW.CAT_GAMES_SVC_1_5,default,"melancholic, story-rich, small town, autumn vibes, weird stuff happening in the woods","melancholic, story-rich, small town, autumn vibes, weird stuff happening in the woods",[],,False,,,,balanced_default,0.3,10,100,0,1280,1280,,01c2535d-0005-0847-0001-397a0006c20e,,43,43,,6e-06,6e-06,,6e-06,,,,,[],[],[],[],[],[],,,,,,,True,False,[],[],,,,[],[],,,,1,Night in the Woods,0.72443115,2017,English;Japanese,Family Sharing;Full controller support;Remote Play on TV;Single-player;Steam Achievements;Steam Cloud;Steam Trading Cards,Adventure,2D;2D Platformer;Adventure;Atmospheric;Capitalism;Cats;Choices Matter;Conversation;Dark Humor;Exploration;Funny;Hand-drawn;Mystery;Narrative;Platformer;Psychological Horror;Singleplayer;Story Rich;Stylized;Visual Novel,"College dropout Mae Borowski returns home to the crumbling former mining town of Possum Springs seeking to resume her aimless former life and reconnect with the friends she left behind. But things aren't the same. Home seems different now and her friends have grown and changed. Leaves are falling and the wind is growing colder. Strange things are happening as the light fades. And there's something in the woods. NIGHT IN THE WOODS is an adventure game focused on exploration, story, and character,","{""text_match"": 0.08682736, ""cosine_similarity"": 0.4488623, ""reranker_score"": -6.2826385}"
2026-02-10T19:41:57+00:00,CORTEX_DB.RAW.CAT_GAMES_SVC_1_5,default,"melancholic, story-rich, small town, autumn vibes, weird stuff happening in the woods","melancholic, story-rich, small town, autumn vibes, weird stuff happening in the woods",[],,False,,,,balanced_default,0.3,10,100,0,1280,1280,,01c2535d-0005-0847-0001-397a0006c20e,,43,43,,6e-06,6e-06,,6e-06,,,,,[],[],[],[],[],[],,,,,,,True,False,[],[],,,,[],[],,,,2,The Good Life,0.72390908,2021,English;Japanese;Simplified Chinese;Traditional Chinese,Family Sharing;Full controller support;Single-player;Steam Achievements;Steam Cloud,Indie;RPG,3D;Adventure;Agriculture;Cats;Colorful;Comedy;Crime;Detective;Dog;Immersive Sim;Investigation;Life Sim;Multiple Endings;Mystery;Nature;Open World;RPG;Simulation;Story Rich;Third Person,"Journalist Naomi Hayward is drowning in debt and is at the end of her rope. Having accepted a request from The Morning Bell newspaper to “uncover the mystery of a small English town”, Naomi finds herself far from her home in New York, in Rainy Woods. Upon beginning her investigation, Naomi – camera in hand – soon discovers an inexplicable phenomenon in which the townspeople transform into cats and dogs as night falls... Then, as just she’s looking into that particular mystery, a murder occurs...","{""text_match"": 0.047859944, ""cosine_similarity"": 0.44781816, ""reranker_score"": -7.2004757}"
2026-02-10T19:41:57+00:00,CORTEX_DB.RAW.CAT_GAMES_SVC_1_5,default,"melancholic, story-rich, small town, autumn vibes, weird stuff happening in the woods","melancholic, story-rich, small town, autumn vibes, weird stuff happening in the woods",[],,False,,,,balanced_default,0.3,10,100,0,1280,1280,,01c2535d-0005-0847-0001-397a0006c20e,,43,43,,6e-06,6e-06,,6e-06,,,,,[],[],[],[],[],[],,,,,,,True,False,[],[],,,,[],[],,,,3,Brass,0.69850141,2025,English;Italian;Japanese;Korean;Portuguese - Brazil,Camera Comfort;Custom Volume Controls;Family Sharing;Full controller support;Keyboard Only Option;Playable without Timed Input;Save Anytime;Single-player;Steam Achievements;Steam Cloud,Adventure;Casual;Indie,3D;Adventure;Atmospheric;Casual;Cats;Colorful;Controller;Cozy;Cute;Drama;Emotional;Exploration;Indie;Interactive Fiction;Mystery;Nature;Point & Click;Relaxing;Singleplayer;Story Rich,"The only post office in a small village in the mountains, the main character of this story, Brass, works here. His job is to deliver letters and packages to the local people. One day, Brass receives a letter from his grandmother who lives in a town by the sea, and a new adventure begins. A Peaceful, Cozy Adventure Game The story progresses through conversations with the villagers and errands. There is no combat or intense action in this game. Please enjoy it in a relaxed atmosphere. A Little Mys","{""text_match"": 0.019023063, ""cosine_similarity"": 0.39700282, ""reranker_score"": -7.442715}"
2026-02-10T19:41:57+00:00,CORTEX_DB.RAW.CAT_GAMES_SVC_1_5,default,"melancholic, story-rich, small town, autumn vibes, weird stuff happening in the woods","melancholic, story-rich, small town, autumn vibes, weird stuff happening in the woods",[],,False,,,,balanced_default,0.3,10,100,0,1280,1280,,01c2535d-0005-0847-0001-397a0006c20e,,43,43,,6e-06,6e-06,,6e-06,,,,,[],[],[],[],[],[],,,,,,,True,False,[],[],,,,[],[],,,,4,Wild Souls,0.71451172,2022,English;French,Family Sharing;Single-player,Casual;Early Access;Indie;Simulation,2D;Agriculture;Atmospheric;Cats;Cute;Dog;Early Access;God Game;Horses;Level Editor;Management;Minimalist;Nature;Relaxing;Resource Management;Sandbox;Simulation;Singleplayer;Stylized;Top-Down,"Plant a tree, watch the forest grow. Wild Souls is a chill ecosystem sim with no time pressure, inspired by Don't Starve and Zoo Tycoon. Build your own world like you would a garden, experiment which animals and plant species can live together, manage and balance the populations, write YOUR stories. You start as a Souls Keeper : a being with the power to gather the souls of recently deceased animals and plants. Those souls can be offered a new life, in a new body. But which body ? You decide. De","{""text_match"": 0.003442812, ""cosine_similarity"": 0.42902344, ""reranker_score"": -8.441682}"
2026-02-10T19:41:57+00:00,CORTEX_DB.RAW.CAT_GAMES_SVC_1_5,default,"melancholic, story-rich, small town, autumn vibes, weird stuff happening in the woods","melancholic, story-rich, small town, autumn vibes, weird stuff happening in the woods",[],,False,,,,balanced_default,0.3,10,100,0,1280,1280,,01c2535d-0005-0847-0001-397a0006c20e,,43,43,,6e-06,6e-06,,6e-06,,,,,[],[],[],[],[],[],,,,,,,True,False,[],[],,,,[],[],,,,5,Wilderless: Meadowfell,0.69606504,2025,English,Family Sharing;Partial Controller Support;Single-player,Adventure;Casual;Indie;RPG;Simulation,Atmospheric;Casual;Cats;Colorful;Cute;Dragons;Exploration;Fantasy;First-Person;Flight;Horses;LGBTQ+;Nature;Open World;RPG;Sandbox;Simulation;Stylized;Third Person;Walking Simulator,"From the creator of the indie hidden gems Nimian Legends: BrightRidge and Wilderless comes Wilderless: Meadowfell, a cozy open-world game crafted for those who love to unwind and explore at their own pace. This is a serene, untamed wilderness designed for relaxation and creativity, perfect for players who enjoy non-violent games, exploration, and cozy escapes. A VIVID, UNTAMED WORLD TO EXPLORE • Explore a serene, pastoral landscape filled with gentle rivers, peaceful lakes, rolling hills, and lu","{""text_match"": 1.519123e-07, ""cosine_similarity"": 0.39213008, ""reranker_score"": -8.0210495}"
2026-02-10T19:41:57+00:00,CORTEX_DB.RAW.CAT_GAMES_SVC_1_5,default,"melancholic, story-rich, small town, autumn vibes, weird stuff happening in the woods","melancholic, story-rich, small town, autumn vibes, weird stuff happening in the woods",[],,False,,,,balanced_default,0.3,10,100,0,1280,1280,,01c2535d-0005-0847-0001-397a0006c20e,,43,43,,6e-06,6e-06,,6e-06,,,,,[],[],[],[],[],[],,,,,,,True,False,[],[],,,,[],[],,,,6,猫猫旅行社欢迎你！ Momo's Revitalization Project!,0.6846664,2025,English;Japanese;Simplified Chinese;Traditional Chinese,Family Sharing;Single-player,Adventure;Casual;Simulation,2D;Adventure;Anime;Atmospheric;Casual;Cats;Choose Your Own Adventure;Collectathon;Comedy;Cute;Dating Sim;Drama;Economy;Emotional;Modern;Multiple Endings;Romance;Simulation;Text-Based;Visual Novel,"'Welcome to Nekoneko Tourism!!' A visual novel featuring VTuber Momo Mitsuki in the leading role! Can you and Momo successfully carry out the Nekomisaki Town's Revitalization Project together? 🌙🍑 Synopsis 🍑🌙 Nekomisaki Town -- An old, rural seaside town that's seen better days. You've been suddenly transferred to work at a local tourism company based there. The one who greets you upon arrival? Your upbeat senior, Momo Mitsuki . Not long after you arrive, the two of you are summoned by the compan","{""text_match"": 0.0076097515, ""cosine_similarity"": 0.3693328, ""reranker_score"": -7.5815563}"
2026-02-10T19:41:57+00:00,CORTEX_DB.RAW.CAT_GAMES_SVC_1_5,default,"melancholic, story-rich, small town, autumn vibes, weird stuff happening in the woods","melancholic, story-rich, small town, autumn vibes, weird stuff happening in the woods",[],,False,,,,balanced_default,0.3,10,100,0,1280,1280,,01c2535d-0005-0847-0001-397a0006c20e,,43,43,,6e-06,6e-06,,6e-06,,,,,[],[],[],[],[],[],,,,,,,True,False,[],[],,,,[],[],,,,7,Christmas Stories: The Christmas Tree Forest Collector's Edition,0.674659965,2020,English,Family Sharing;Single-player,Adventure;Casual,2D;Adventure;Casual;Colorful;Family Friendly;Fantasy;First-Person;Hidden Object;Interactive Fiction;Investigation;Puzzle;Relaxing;Singleplayer;Story Rich,"Elephant Games invites you to share in spirit of Christmas in the latest addition to the beloved Christmas Stories series! It's been a year since your mom went missing, but a magical message from her asking for help brings a renewed hope just in time for the holidays! As you rush to search, you quickly find things amiss in your town. Something’s keeping Christmas magic away, and your only hope lay in the Christmas Tree Forest! Can your holiday cheer save Christmas in time? Find out in this encha","{""text_match"": 0.028868161, ""cosine_similarity"": 0.34931993, ""reranker_score"": -7.490938}"
2026-02-10T19:41:57+00:00,CORTEX_DB.RAW.CAT_GAMES_SVC_1_5,default,"melancholic, story-rich, small town, autumn vibes, weird stuff happening in the woods","melancholic, story-rich, small town, autumn vibes, weird stuff happening in the woods",[],,False,,,,balanced_default,0.3,10,100,0,1280,1280,,01c2535d-0005-0847-0001-397a0006c20e,,43,43,,6e-06,6e-06,,6e-06,,,,,[],[],[],[],[],[],,,,,,,True,False,[],[],,,,[],[],,,,8,My life as a cat,0.695891025,2024,English,Family Sharing;Single-player,Adventure;Casual;Indie,Adventure;Atmospheric;Cats;Choices Matter;Choose Your Own Adventure;Dark;Emotional;Indie;Interactive Fiction;Multiple Endings;Narration;Nature;Philosophical;Relaxing;Singleplayer;Story Rich;Stylized;Survival;Text-Based;Visual Novel,"'My life as a cat' is a relaxing, slow-paced visual novel about longing for something different than the modern society and searching back to nature. It has AI-generated oil paintings to illustrate the fully voiced and texted story as you progress through it according to your choices. Will you have what it takes to survive out in the wilderness, or will you steer towards a not-so-favorable ending?","{""text_match"": 1.5915917e-07, ""cosine_similarity"": 0.39178205, ""reranker_score"": -8.513784}"
2026-02-10T19:41:57+00:00,CORTEX_DB.RAW.CAT_GAMES_SVC_1_5,default,"melancholic, story-rich, small town, autumn vibes, weird stuff happening in the woods","melancholic, story-rich, small town, autumn vibes, weird stuff happening in the woods",[],,False,,,,balanced_default,0.3,10,100,0,1280,1280,,01c2535d-0005-0847-0001-397a0006c20e,,43,43,,6e-06,6e-06,,6e-06,,,,,[],[],[],[],[],[],,,,,,,True,False,[],[],,,,[],[],,,,9,Wrapped With a Kiss,0.6781404600000001,2022,English,Family Sharing;Partial Controller Support;Single-player,Indie,2D;Casual;Choices Matter;Choose Your Own Adventure;Cute;Dating Sim;Drama;Emotional;Family Friendly;Female Protagonist;Indie;Interactive Fiction;Multiple Endings;Otome;Romance;Simulation;Singleplayer;Story Rich;Text-Based;Visual Novel,"A Christmas Themed Otome Game After losing her job and being blacklisted from the business world, Noel has no choice but to sell everything in her apartment and move away from the big city. Lucky for her, Noel's older sister offers the woman a place to stay during the holiday season. The only problem? The insurmountable pressure of her father's expectations, being a good aunt, and trying to find something meaningful to do with her time may just shatter Noel's world. Unless of course, the winter ","{""text_match"": 0.0027474102, ""cosine_similarity"": 0.35628092, ""reranker_score"": -7.8728743}"
2026-02-10T19:41:57+00:00,CORTEX_DB.RAW.CAT_GAMES_SVC_1_5,default,"melancholic, story-rich, small town, autumn vibes, weird stuff happening in the woods","melancholic, story-rich, small town, autumn vibes, weird stuff happening in the woods",[],,False,,,,balanced_default,0.3,10,100,0,1280,1280,,01c2535d-0005-0847-0001-397a0006c20e,,43,43,,6e-06,6e-06,,6e-06,,,,,[],[],[],[],[],[],,,,,,,True,False,[],[],,,,[],[],,,,10,Recursive Ruin,0.6809248649999999,2022,English;French;German;Italian;Russian;Simplified Chinese;Spanish - Spain,Family Sharing;Single-player;Steam Achievements;Steam Trading Cards,Action;Adventure;Casual;Indie,3D;Abstract;Action;Action-Adventure;Adventure;Atmospheric;Cats;Emotional;Experimental;Exploration;First-Person;Linear;Mystery;Philosophical;Puzzle;Puzzle-Platformer;Sci-fi;Singleplayer;Story Rich;Surreal,"Manipulate an infinitely recursive landscape to solve a series of environmental puzzles as you work through your own struggles with grief and a creative crisis. With Behemoth, The Cat at your side — or at least somewhere nearby — unlock an introspective journey through your past and discover new meaning in a chaotic world. A Dying, Visually Stunning World Lose yourself in the Infinite Realms, a dying, fractal world of strange beauty and mind-bending physics that repeats eternally inward and outw","{""text_match"": 0.0010381152, ""cosine_similarity"": 0.36184973, ""reranker_score"": -8.047462}"
2026-02-10T19:41:58+00:00,CORTEX_DB.RAW.CAT_GAMES_SVC_1_5,default,"melancholic, story-rich, small town, autumn vibes, weird stuff happening in the woods","melancholic, story-rich, small town, autumn vibes, weird stuff happening in the woods",[],,False,,,,balanced_default,0.65,10,100,0,1127,1127,,01c2535d-0005-0847-0001-397a0006c216,,47,47,,7e-06,7e-06,,7e-06,,,,,[],[],[],[],[],[],,,,,,,True,False,[],[],,,,[],[],,,,1,Night in the Woods,0.72443115,2017,English;Japanese,Family Sharing;Full controller support;Remote Play on TV;Single-player;Steam Achievements;Steam Cloud;Steam Trading Cards,Adventure,2D;2D Platformer;Adventure;Atmospheric;Capitalism;Cats;Choices Matter;Conversation;Dark Humor;Exploration;Funny;Hand-drawn;Mystery;Narrative;Platformer;Psychological Horror;Singleplayer;Story Rich;Stylized;Visual Novel,"College dropout Mae Borowski returns home to the crumbling former mining town of Possum Springs seeking to resume her aimless former life and reconnect with the friends she left behind. But things aren't the same. Home seems different now and her friends have grown and changed. Leaves are falling and the wind is growing colder. Strange things are happening as the light fades. And there's something in the woods. NIGHT IN THE WOODS is an adventure game focused on exploration, story, and character,","{""text_match"": 0.08682736, ""cosine_similarity"": 0.4488623, ""reranker_score"": -6.2826385}"
2026-02-10T19:41:58+00:00,CORTEX_DB.RAW.CAT_GAMES_SVC_1_5,default,"melancholic, story-rich, small town, autumn vibes, weird stuff happening in the woods","melancholic, story-rich, small town, autumn vibes, weird stuff happening in the woods",[],,False,,,,balanced_default,0.65,10,100,0,1127,1127,,01c2535d-0005-0847-0001-397a0006c216,,47,47,,7e-06,7e-06,,7e-06,,,,,[],[],[],[],[],[],,,,,,,True,False,[],[],,,,[],[],,,,2,The Good Life,0.72390908,2021,English;Japanese;Simplified Chinese;Traditional Chinese,Family Sharing;Full controller support;Single-player;Steam Achievements;Steam Cloud,Indie;RPG,3D;Adventure;Agriculture;Cats;Colorful;Comedy;Crime;Detective;Dog;Immersive Sim;Investigation;Life Sim;Multiple Endings;Mystery;Nature;Open World;RPG;Simulation;Story Rich;Third Person,"Journalist Naomi Hayward is drowning in debt and is at the end of her rope. Having accepted a request from The Morning Bell newspaper to “uncover the mystery of a small English town”, Naomi finds herself far from her home in New York, in Rainy Woods. Upon beginning her investigation, Naomi – camera in hand – soon discovers an inexplicable phenomenon in which the townspeople transform into cats and dogs as night falls... Then, as just she’s looking into that particular mystery, a murder occurs...","{""text_match"": 0.047859944, ""cosine_similarity"": 0.44781816, ""reranker_score"": -7.2004757}"
2026-02-10T19:41:58+00:00,CORTEX_DB.RAW.CAT_GAMES_SVC_1_5,default,"melancholic, story-rich, small town, autumn vibes, weird stuff happening in the woods","melancholic, story-rich, small town, autumn vibes, weird stuff happening in the woods",[],,False,,,,balanced_default,0.65,10,100,0,1127,1127,,01c2535d-0005-0847-0001-397a0006c216,,47,47,,7e-06,7e-06,,7e-06,,,,,[],[],[],[],[],[],,,,,,,True,False,[],[],,,,[],[],,,,3,Brass,0.69850141,2025,English;Italian;Japanese;Korean;Portuguese - Brazil,Camera Comfort;Custom Volume Controls;Family Sharing;Full controller support;Keyboard Only Option;Playable without Timed Input;Save Anytime;Single-player;Steam Achievements;Steam Cloud,Adventure;Casual;Indie,3D;Adventure;Atmospheric;Casual;Cats;Colorful;Controller;Cozy;Cute;Drama;Emotional;Exploration;Indie;Interactive Fiction;Mystery;Nature;Point & Click;Relaxing;Singleplayer;Story Rich,"The only post office in a small village in the mountains, the main character of this story, Brass, works here. His job is to deliver letters and packages to the local people. One day, Brass receives a letter from his grandmother who lives in a town by the sea, and a new adventure begins. A Peaceful, Cozy Adventure Game The story progresses through conversations with the villagers and errands. There is no combat or intense action in this game. Please enjoy it in a relaxed atmosphere. A Little Mys","{""text_match"": 0.019023063, ""cosine_similarity"": 0.39700282, ""reranker_score"": -7.442715}"
2026-02-10T19:41:58+00:00,CORTEX_DB.RAW.CAT_GAMES_SVC_1_5,default,"melancholic, story-rich, small town, autumn vibes, weird stuff happening in the woods","melancholic, story-rich, small town, autumn vibes, weird stuff happening in the woods",[],,False,,,,balanced_default,0.65,10,100,0,1127,1127,,01c2535d-0005-0847-0001-397a0006c216,,47,47,,7e-06,7e-06,,7e-06,,,,,[],[],[],[],[],[],,,,,,,True,False,[],[],,,,[],[],,,,4,Wild Souls,0.71451172,2022,English;French,Family Sharing;Single-player,Casual;Early Access;Indie;Simulation,2D;Agriculture;Atmospheric;Cats;Cute;Dog;Early Access;God Game;Horses;Level Editor;Management;Minimalist;Nature;Relaxing;Resource Management;Sandbox;Simulation;Singleplayer;Stylized;Top-Down,"Plant a tree, watch the forest grow. Wild Souls is a chill ecosystem sim with no time pressure, inspired by Don't Starve and Zoo Tycoon. Build your own world like you would a garden, experiment which animals and plant species can live together, manage and balance the populations, write YOUR stories. You start as a Souls Keeper : a being with the power to gather the souls of recently deceased animals and plants. Those souls can be offered a new life, in a new body. But which body ? You decide. De","{""text_match"": 0.003442812, ""cosine_similarity"": 0.42902344, ""reranker_score"": -8.441682}"
2026-02-10T19:41:58+00:00,CORTEX_DB.RAW.CAT_GAMES_SVC_1_5,default,"melancholic, story-rich, small town, autumn vibes, weird stuff happening in the woods","melancholic, story-rich, small town, autumn vibes, weird stuff happening in the woods",[],,False,,,,balanced_default,0.65,10,100,0,1127,1127,,01c2535d-0005-0847-0001-397a0006c216,,47,47,,7e-06,7e-06,,7e-06,,,,,[],[],[],[],[],[],,,,,,,True,False,[],[],,,,[],[],,,,5,Wilderless: Meadowfell,0.69606504,2025,English,Family Sharing;Partial Controller Support;Single-player,Adventure;Casual;Indie;RPG;Simulation,Atmospheric;Casual;Cats;Colorful;Cute;Dragons;Exploration;Fantasy;First-Person;Flight;Horses;LGBTQ+;Nature;Open World;RPG;Sandbox;Simulation;Stylized;Third Person;Walking Simulator,"From the creator of the indie hidden gems Nimian Legends: BrightRidge and Wilderless comes Wilderless: Meadowfell, a cozy open-world game crafted for those who love to unwind and explore at their own pace. This is a serene, untamed wilderness designed for relaxation and creativity, perfect for players who enjoy non-violent games, exploration, and cozy escapes. A VIVID, UNTAMED WORLD TO EXPLORE • Explore a serene, pastoral landscape filled with gentle rivers, peaceful lakes, rolling hills, and lu","{""text_match"": 1.519123e-07, ""cosine_similarity"": 0.39213008, ""reranker_score"": -8.0210495}"
2026-02-10T19:41:58+00:00,CORTEX_DB.RAW.CAT_GAMES_SVC_1_5,default,"melancholic, story-rich, small town, autumn vibes, weird stuff happening in the woods","melancholic, story-rich, small town, autumn vibes, weird stuff happening in the woods",[],,False,,,,balanced_default,0.65,10,100,0,1127,1127,,01c2535d-0005-0847-0001-397a0006c216,,47,47,,7e-06,7e-06,,7e-06,,,,,[],[],[],[],[],[],,,,,,,True,False,[],[],,,,[],[],,,,6,猫猫旅行社欢迎你！ Momo's Revitalization Project!,0.6846664,2025,English;Japanese;Simplified Chinese;Traditional Chinese,Family Sharing;Single-player,Adventure;Casual;Simulation,2D;Adventure;Anime;Atmospheric;Casual;Cats;Choose Your Own Adventure;Collectathon;Comedy;Cute;Dating Sim;Drama;Economy;Emotional;Modern;Multiple Endings;Romance;Simulation;Text-Based;Visual Novel,"'Welcome to Nekoneko Tourism!!' A visual novel featuring VTuber Momo Mitsuki in the leading role! Can you and Momo successfully carry out the Nekomisaki Town's Revitalization Project together? 🌙🍑 Synopsis 🍑🌙 Nekomisaki Town -- An old, rural seaside town that's seen better days. You've been suddenly transferred to work at a local tourism company based there. The one who greets you upon arrival? Your upbeat senior, Momo Mitsuki . Not long after you arrive, the two of you are summoned by the compan","{""text_match"": 0.0076097515, ""cosine_similarity"": 0.3693328, ""reranker_score"": -7.5815563}"
2026-02-10T19:41:58+00:00,CORTEX_DB.RAW.CAT_GAMES_SVC_1_5,default,"melancholic, story-rich, small town, autumn vibes, weird stuff happening in the woods","melancholic, story-rich, small town, autumn vibes, weird stuff happening in the woods",[],,False,,,,balanced_default,0.65,10,100,0,1127,1127,,01c2535d-0005-0847-0001-397a0006c216,,47,47,,7e-06,7e-06,,7e-06,,,,,[],[],[],[],[],[],,,,,,,True,False,[],[],,,,[],[],,,,7,Christmas Stories: The Christmas Tree Forest Collector's Edition,0.674659965,2020,English,Family Sharing;Single-player,Adventure;Casual,2D;Adventure;Casual;Colorful;Family Friendly;Fantasy;First-Person;Hidden Object;Interactive Fiction;Investigation;Puzzle;Relaxing;Singleplayer;Story Rich,"Elephant Games invites you to share in spirit of Christmas in the latest addition to the beloved Christmas Stories series! It's been a year since your mom went missing, but a magical message from her asking for help brings a renewed hope just in time for the holidays! As you rush to search, you quickly find things amiss in your town. Something’s keeping Christmas magic away, and your only hope lay in the Christmas Tree Forest! Can your holiday cheer save Christmas in time? Find out in this encha","{""text_match"": 0.028868161, ""cosine_similarity"": 0.34931993, ""reranker_score"": -7.490938}"
2026-02-10T19:41:58+00:00,CORTEX_DB.RAW.CAT_GAMES_SVC_1_5,default,"melancholic, story-rich, small town, autumn vibes, weird stuff happening in the woods","melancholic, story-rich, small town, autumn vibes, weird stuff happening in the woods",[],,False,,,,balanced_default,0.65,10,100,0,1127,1127,,01c2535d-0005-0847-0001-397a0006c216,,47,47,,7e-06,7e-06,,7e-06,,,,,[],[],[],[],[],[],,,,,,,True,False,[],[],,,,[],[],,,,8,My life as a cat,0.695891025,2024,English,Family Sharing;Single-player,Adventure;Casual;Indie,Adventure;Atmospheric;Cats;Choices Matter;Choose Your Own Adventure;Dark;Emotional;Indie;Interactive Fiction;Multiple Endings;Narration;Nature;Philosophical;Relaxing;Singleplayer;Story Rich;Stylized;Survival;Text-Based;Visual Novel,"'My life as a cat' is a relaxing, slow-paced visual novel about longing for something different than the modern society and searching back to nature. It has AI-generated oil paintings to illustrate the fully voiced and texted story as you progress through it according to your choices. Will you have what it takes to survive out in the wilderness, or will you steer towards a not-so-favorable ending?","{""text_match"": 1.5915917e-07, ""cosine_similarity"": 0.39178205, ""reranker_score"": -8.513784}"
2026-02-10T19:41:58+00:00,CORTEX_DB.RAW.CAT_GAMES_SVC_1_5,default,"melancholic, story-rich, small town, autumn vibes, weird stuff happening in the woods","melancholic, story-rich, small town, autumn vibes, weird stuff happening in the woods",[],,False,,,,balanced_default,0.65,10,100,0,1127,1127,,01c2535d-0005-0847-0001-397a0006c216,,47,47,,7e-06,7e-06,,7e-06,,,,,[],[],[],[],[],[],,,,,,,True,False,[],[],,,,[],[],,,,9,Wrapped With a Kiss,0.6781404600000001,2022,English,Family Sharing;Partial Controller Support;Single-player,Indie,2D;Casual;Choices Matter;Choose Your Own Adventure;Cute;Dating Sim;Drama;Emotional;Family Friendly;Female Protagonist;Indie;Interactive Fiction;Multiple Endings;Otome;Romance;Simulation;Singleplayer;Story Rich;Text-Based;Visual Novel,"A Christmas Themed Otome Game After losing her job and being blacklisted from the business world, Noel has no choice but to sell everything in her apartment and move away from the big city. Lucky for her, Noel's older sister offers the woman a place to stay during the holiday season. The only problem? The insurmountable pressure of her father's expectations, being a good aunt, and trying to find something meaningful to do with her time may just shatter Noel's world. Unless of course, the winter ","{""text_match"": 0.0027474102, ""cosine_similarity"": 0.35628092, ""reranker_score"": -7.8728743}"
2026-02-10T19:41:58+00:00,CORTEX_DB.RAW.CAT_GAMES_SVC_1_5,default,"melancholic, story-rich, small town, autumn vibes, weird stuff happening in the woods","melancholic, story-rich, small town, autumn vibes, weird stuff happening in the woods",[],,False,,,,balanced_default,0.65,10,100,0,1127,1127,,01c2535d-0005-0847-0001-397a0006c216,,47,47,,7e-06,7e-06,,7e-06,,,,,[],[],[],[],[],[],,,,,,,True,False,[],[],,,,[],[],,,,10,Recursive Ruin,0.6809248649999999,2022,English;French;German;Italian;Russian;Simplified Chinese;Spanish - Spain,Family Sharing;Single-player;Steam Achievements;Steam Trading Cards,Action;Adventure;Casual;Indie,3D;Abstract;Action;Action-Adventure;Adventure;Atmospheric;Cats;Emotional;Experimental;Exploration;First-Person;Linear;Mystery;Philosophical;Puzzle;Puzzle-Platformer;Sci-fi;Singleplayer;Story Rich;Surreal,"Manipulate an infinitely recursive landscape to solve a series of environmental puzzles as you work through your own struggles with grief and a creative crisis. With Behemoth, The Cat at your side — or at least somewhere nearby — unlock an introspective journey through your past and discover new meaning in a chaotic world. A Dying, Visually Stunning World Lose yourself in the Infinite Realms, a dying, fractal world of strange beauty and mind-bending physics that repeats eternally inward and outw","{""text_match"": 0.0010381152, ""cosine_similarity"": 0.36184973, ""reranker_score"": -8.047462}"
2026-02-10T19:42:01+00:00,CORTEX_DB.RAW.CAT_GAMES_SVC_1_5,default,"melancholic, story-rich, small town, autumn vibes, weird stuff happening in the woods","melancholic, story-rich, small town, autumn vibes, weird stuff happening in the woods",[],,False,,,,keyword_focus,0.3,10,100,0,1126,1126,,01c2535e-0005-0847-0001-397a0006c226,,43,43,,6e-06,6e-06,,6e-06,,,,,[],[],[],[],[],[],,,,,,,True,False,[],[],,,,[],[],,,,1,Night in the Woods,0.72443115,2017,English;Japanese,Family Sharing;Full controller support;Remote Play on TV;Single-player;Steam Achievements;Steam Cloud;Steam Trading Cards,Adventure,2D;2D Platformer;Adventure;Atmospheric;Capitalism;Cats;Choices Matter;Conversation;Dark Humor;Exploration;Funny;Hand-drawn;Mystery;Narrative;Platformer;Psychological Horror;Singleplayer;Story Rich;Stylized;Visual Novel,"College dropout Mae Borowski returns home to the crumbling former mining town of Possum Springs seeking to resume her aimless former life and reconnect with the friends she left behind. But things aren't the same. Home seems different now and her friends have grown and changed. Leaves are falling and the wind is growing colder. Strange things are happening as the light fades. And there's something in the woods. NIGHT IN THE WOODS is an adventure game focused on exploration, story, and character,","{""text_match"": 0.08682736, ""cosine_similarity"": 0.4488623, ""reranker_score"": -6.2826385}"
2026-02-10T19:42:01+00:00,CORTEX_DB.RAW.CAT_GAMES_SVC_1_5,default,"melancholic, story-rich, small town, autumn vibes, weird stuff happening in the woods","melancholic, story-rich, small town, autumn vibes, weird stuff happening in the woods",[],,False,,,,keyword_focus,0.3,10,100,0,1126,1126,,01c2535e-0005-0847-0001-397a0006c226,,43,43,,6e-06,6e-06,,6e-06,,,,,[],[],[],[],[],[],,,,,,,True,False,[],[],,,,[],[],,,,2,The Good Life,0.72390908,2021,English;Japanese;Simplified Chinese;Traditional Chinese,Family Sharing;Full controller support;Single-player;Steam Achievements;Steam Cloud,Indie;RPG,3D;Adventure;Agriculture;Cats;Colorful;Comedy;Crime;Detective;Dog;Immersive Sim;Investigation;Life Sim;Multiple Endings;Mystery;Nature;Open World;RPG;Simulation;Story Rich;Third Person,"Journalist Naomi Hayward is drowning in debt and is at the end of her rope. Having accepted a request from The Morning Bell newspaper to “uncover the mystery of a small English town”, Naomi finds herself far from her home in New York, in Rainy Woods. Upon beginning her investigation, Naomi – camera in hand – soon discovers an inexplicable phenomenon in which the townspeople transform into cats and dogs as night falls... Then, as just she’s looking into that particular mystery, a murder occurs...","{""text_match"": 0.047859944, ""cosine_similarity"": 0.44781816, ""reranker_score"": -7.2004757}"
2026-02-10T19:42:01+00:00,CORTEX_DB.RAW.CAT_GAMES_SVC_1_5,default,"melancholic, story-rich, small town, autumn vibes, weird stuff happening in the woods","melancholic, story-rich, small town, autumn vibes, weird stuff happening in the woods",[],,False,,,,keyword_focus,0.3,10,100,0,1126,1126,,01c2535e-0005-0847-0001-397a0006c226,,43,43,,6e-06,6e-06,,6e-06,,,,,[],[],[],[],[],[],,,,,,,True,False,[],[],,,,[],[],,,,3,Brass,0.69850141,2025,English;Italian;Japanese;Korean;Portuguese - Brazil,Camera Comfort;Custom Volume Controls;Family Sharing;Full controller support;Keyboard Only Option;Playable without Timed Input;Save Anytime;Single-player;Steam Achievements;Steam Cloud,Adventure;Casual;Indie,3D;Adventure;Atmospheric;Casual;Cats;Colorful;Controller;Cozy;Cute;Drama;Emotional;Exploration;Indie;Interactive Fiction;Mystery;Nature;Point & Click;Relaxing;Singleplayer;Story Rich,"The only post office in a small village in the mountains, the main character of this story, Brass, works here. His job is to deliver letters and packages to the local people. One day, Brass receives a letter from his grandmother who lives in a town by the sea, and a new adventure begins. A Peaceful, Cozy Adventure Game The story progresses through conversations with the villagers and errands. There is no combat or intense action in this game. Please enjoy it in a relaxed atmosphere. A Little Mys","{""text_match"": 0.019023063, ""cosine_similarity"": 0.39700282, ""reranker_score"": -7.442715}"
2026-02-10T19:42:01+00:00,CORTEX_DB.RAW.CAT_GAMES_SVC_1_5,default,"melancholic, story-rich, small town, autumn vibes, weird stuff happening in the woods","melancholic, story-rich, small town, autumn vibes, weird stuff happening in the woods",[],,False,,,,keyword_focus,0.3,10,100,0,1126,1126,,01c2535e-0005-0847-0001-397a0006c226,,43,43,,6e-06,6e-06,,6e-06,,,,,[],[],[],[],[],[],,,,,,,True,False,[],[],,,,[],[],,,,4,Wild Souls,0.71451172,2022,English;French,Family Sharing;Single-player,Casual;Early Access;Indie;Simulation,2D;Agriculture;Atmospheric;Cats;Cute;Dog;Early Access;God Game;Horses;Level Editor;Management;Minimalist;Nature;Relaxing;Resource Management;Sandbox;Simulation;Singleplayer;Stylized;Top-Down,"Plant a tree, watch the forest grow. Wild Souls is a chill ecosystem sim with no time pressure, inspired by Don't Starve and Zoo Tycoon. Build your own world like you would a garden, experiment which animals and plant species can live together, manage and balance the populations, write YOUR stories. You start as a Souls Keeper : a being with the power to gather the souls of recently deceased animals and plants. Those souls can be offered a new life, in a new body. But which body ? You decide. De","{""text_match"": 0.003442812, ""cosine_similarity"": 0.42902344, ""reranker_score"": -8.441682}"
2026-02-10T19:42:01+00:00,CORTEX_DB.RAW.CAT_GAMES_SVC_1_5,default,"melancholic, story-rich, small town, autumn vibes, weird stuff happening in the woods","melancholic, story-rich, small town, autumn vibes, weird stuff happening in the woods",[],,False,,,,keyword_focus,0.3,10,100,0,1126,1126,,01c2535e-0005-0847-0001-397a0006c226,,43,43,,6e-06,6e-06,,6e-06,,,,,[],[],[],[],[],[],,,,,,,True,False,[],[],,,,[],[],,,,5,Wilderless: Meadowfell,0.69606504,2025,English,Family Sharing;Partial Controller Support;Single-player,Adventure;Casual;Indie;RPG;Simulation,Atmospheric;Casual;Cats;Colorful;Cute;Dragons;Exploration;Fantasy;First-Person;Flight;Horses;LGBTQ+;Nature;Open World;RPG;Sandbox;Simulation;Stylized;Third Person;Walking Simulator,"From the creator of the indie hidden gems Nimian Legends: BrightRidge and Wilderless comes Wilderless: Meadowfell, a cozy open-world game crafted for those who love to unwind and explore at their own pace. This is a serene, untamed wilderness designed for relaxation and creativity, perfect for players who enjoy non-violent games, exploration, and cozy escapes. A VIVID, UNTAMED WORLD TO EXPLORE • Explore a serene, pastoral landscape filled with gentle rivers, peaceful lakes, rolling hills, and lu","{""text_match"": 1.519123e-07, ""cosine_similarity"": 0.39213008, ""reranker_score"": -8.0210495}"
2026-02-10T19:42:01+00:00,CORTEX_DB.RAW.CAT_GAMES_SVC_1_5,default,"melancholic, story-rich, small town, autumn vibes, weird stuff happening in the woods","melancholic, story-rich, small town, autumn vibes, weird stuff happening in the woods",[],,False,,,,keyword_focus,0.3,10,100,0,1126,1126,,01c2535e-0005-0847-0001-397a0006c226,,43,43,,6e-06,6e-06,,6e-06,,,,,[],[],[],[],[],[],,,,,,,True,False,[],[],,,,[],[],,,,6,猫猫旅行社欢迎你！ Momo's Revitalization Project!,0.6846664,2025,English;Japanese;Simplified Chinese;Traditional Chinese,Family Sharing;Single-player,Adventure;Casual;Simulation,2D;Adventure;Anime;Atmospheric;Casual;Cats;Choose Your Own Adventure;Collectathon;Comedy;Cute;Dating Sim;Drama;Economy;Emotional;Modern;Multiple Endings;Romance;Simulation;Text-Based;Visual Novel,"'Welcome to Nekoneko Tourism!!' A visual novel featuring VTuber Momo Mitsuki in the leading role! Can you and Momo successfully carry out the Nekomisaki Town's Revitalization Project together? 🌙🍑 Synopsis 🍑🌙 Nekomisaki Town -- An old, rural seaside town that's seen better days. You've been suddenly transferred to work at a local tourism company based there. The one who greets you upon arrival? Your upbeat senior, Momo Mitsuki . Not long after you arrive, the two of you are summoned by the compan","{""text_match"": 0.0076097515, ""cosine_similarity"": 0.3693328, ""reranker_score"": -7.5815563}"
2026-02-10T19:42:01+00:00,CORTEX_DB.RAW.CAT_GAMES_SVC_1_5,default,"melancholic, story-rich, small town, autumn vibes, weird stuff happening in the woods","melancholic, story-rich, small town, autumn vibes, weird stuff happening in the woods",[],,False,,,,keyword_focus,0.3,10,100,0,1126,1126,,01c2535e-0005-0847-0001-397a0006c226,,43,43,,6e-06,6e-06,,6e-06,,,,,[],[],[],[],[],[],,,,,,,True,False,[],[],,,,[],[],,,,7,Christmas Stories: The Christmas Tree Forest Collector's Edition,0.674659965,2020,English,Family Sharing;Single-player,Adventure;Casual,2D;Adventure;Casual;Colorful;Family Friendly;Fantasy;First-Person;Hidden Object;Interactive Fiction;Investigation;Puzzle;Relaxing;Singleplayer;Story Rich,"Elephant Games invites you to share in spirit of Christmas in the latest addition to the beloved Christmas Stories series! It's been a year since your mom went missing, but a magical message from her asking for help brings a renewed hope just in time for the holidays! As you rush to search, you quickly find things amiss in your town. Something’s keeping Christmas magic away, and your only hope lay in the Christmas Tree Forest! Can your holiday cheer save Christmas in time? Find out in this encha","{""text_match"": 0.028868161, ""cosine_similarity"": 0.34931993, ""reranker_score"": -7.490938}"
2026-02-10T19:42:01+00:00,CORTEX_DB.RAW.CAT_GAMES_SVC_1_5,default,"melancholic, story-rich, small town, autumn vibes, weird stuff happening in the woods","melancholic, story-rich, small town, autumn vibes, weird stuff happening in the woods",[],,False,,,,keyword_focus,0.3,10,100,0,1126,1126,,01c2535e-0005-0847-0001-397a0006c226,,43,43,,6e-06,6e-06,,6e-06,,,,,[],[],[],[],[],[],,,,,,,True,False,[],[],,,,[],[],,,,8,My life as a cat,0.695891025,2024,English,Family Sharing;Single-player,Adventure;Casual;Indie,Adventure;Atmospheric;Cats;Choices Matter;Choose Your Own Adventure;Dark;Emotional;Indie;Interactive Fiction;Multiple Endings;Narration;Nature;Philosophical;Relaxing;Singleplayer;Story Rich;Stylized;Survival;Text-Based;Visual Novel,"'My life as a cat' is a relaxing, slow-paced visual novel about longing for something different than the modern society and searching back to nature. It has AI-generated oil paintings to illustrate the fully voiced and texted story as you progress through it according to your choices. Will you have what it takes to survive out in the wilderness, or will you steer towards a not-so-favorable ending?","{""text_match"": 1.5915917e-07, ""cosine_similarity"": 0.39178205, ""reranker_score"": -8.513784}"
2026-02-10T19:42:01+00:00,CORTEX_DB.RAW.CAT_GAMES_SVC_1_5,default,"melancholic, story-rich, small town, autumn vibes, weird stuff happening in the woods","melancholic, story-rich, small town, autumn vibes, weird stuff happening in the woods",[],,False,,,,keyword_focus,0.3,10,100,0,1126,1126,,01c2535e-0005-0847-0001-397a0006c226,,43,43,,6e-06,6e-06,,6e-06,,,,,[],[],[],[],[],[],,,,,,,True,False,[],[],,,,[],[],,,,9,Wrapped With a Kiss,0.6781404600000001,2022,English,Family Sharing;Partial Controller Support;Single-player,Indie,2D;Casual;Choices Matter;Choose Your Own Adventure;Cute;Dating Sim;Drama;Emotional;Family Friendly;Female Protagonist;Indie;Interactive Fiction;Multiple Endings;Otome;Romance;Simulation;Singleplayer;Story Rich;Text-Based;Visual Novel,"A Christmas Themed Otome Game After losing her job and being blacklisted from the business world, Noel has no choice but to sell everything in her apartment and move away from the big city. Lucky for her, Noel's older sister offers the woman a place to stay during the holiday season. The only problem? The insurmountable pressure of her father's expectations, being a good aunt, and trying to find something meaningful to do with her time may just shatter Noel's world. Unless of course, the winter ","{""text_match"": 0.0027474102, ""cosine_similarity"": 0.35628092, ""reranker_score"": -7.8728743}"
2026-02-10T19:42:01+00:00,CORTEX_DB.RAW.CAT_GAMES_SVC_1_5,default,"melancholic, story-rich, small town, autumn vibes, weird stuff happening in the woods","melancholic, story-rich, small town, autumn vibes, weird stuff happening in the woods",[],,False,,,,keyword_focus,0.3,10,100,0,1126,1126,,01c2535e-0005-0847-0001-397a0006c226,,43,43,,6e-06,6e-06,,6e-06,,,,,[],[],[],[],[],[],,,,,,,True,False,[],[],,,,[],[],,,,10,Recursive Ruin,0.6809248649999999,2022,English;French;German;Italian;Russian;Simplified Chinese;Spanish - Spain,Family Sharing;Single-player;Steam Achievements;Steam Trading Cards,Action;Adventure;Casual;Indie,3D;Abstract;Action;Action-Adventure;Adventure;Atmospheric;Cats;Emotional;Experimental;Exploration;First-Person;Linear;Mystery;Philosophical;Puzzle;Puzzle-Platformer;Sci-fi;Singleplayer;Story Rich;Surreal,"Manipulate an infinitely recursive landscape to solve a series of environmental puzzles as you work through your own struggles with grief and a creative crisis. With Behemoth, The Cat at your side — or at least somewhere nearby — unlock an introspective journey through your past and discover new meaning in a chaotic world. A Dying, Visually Stunning World Lose yourself in the Infinite Realms, a dying, fractal world of strange beauty and mind-bending physics that repeats eternally inward and outw","{""text_match"": 0.0010381152, ""cosine_similarity"": 0.36184973, ""reranker_score"": -8.047462}"
2026-02-10T19:42:02+00:00,CORTEX_DB.RAW.CAT_GAMES_SVC_1_5,default,"melancholic, story-rich, small town, autumn vibes, weird stuff happening in the woods","melancholic, story-rich, small town, autumn vibes, weird stuff happening in the woods",[],,False,,,,keyword_focus,0.65,10,100,0,1126,1126,,01c2535e-0005-0846-0001-397a00068f2a,,51,51,,8e-06,8e-06,,8e-06,,,,,[],[],[],[],[],[],,,,,,,True,False,[],[],,,,[],[],,,,1,Night in the Woods,0.72443115,2017,English;Japanese,Family Sharing;Full controller support;Remote Play on TV;Single-player;Steam Achievements;Steam Cloud;Steam Trading Cards,Adventure,2D;2D Platformer;Adventure;Atmospheric;Capitalism;Cats;Choices Matter;Conversation;Dark Humor;Exploration;Funny;Hand-drawn;Mystery;Narrative;Platformer;Psychological Horror;Singleplayer;Story Rich;Stylized;Visual Novel,"College dropout Mae Borowski returns home to the crumbling former mining town of Possum Springs seeking to resume her aimless former life and reconnect with the friends she left behind. But things aren't the same. Home seems different now and her friends have grown and changed. Leaves are falling and the wind is growing colder. Strange things are happening as the light fades. And there's something in the woods. NIGHT IN THE WOODS is an adventure game focused on exploration, story, and character,","{""text_match"": 0.08682736, ""cosine_similarity"": 0.4488623, ""reranker_score"": -6.2826385}"
2026-02-10T19:42:02+00:00,CORTEX_DB.RAW.CAT_GAMES_SVC_1_5,default,"melancholic, story-rich, small town, autumn vibes, weird stuff happening in the woods","melancholic, story-rich, small town, autumn vibes, weird stuff happening in the woods",[],,False,,,,keyword_focus,0.65,10,100,0,1126,1126,,01c2535e-0005-0846-0001-397a00068f2a,,51,51,,8e-06,8e-06,,8e-06,,,,,[],[],[],[],[],[],,,,,,,True,False,[],[],,,,[],[],,,,2,The Good Life,0.72390908,2021,English;Japanese;Simplified Chinese;Traditional Chinese,Family Sharing;Full controller support;Single-player;Steam Achievements;Steam Cloud,Indie;RPG,3D;Adventure;Agriculture;Cats;Colorful;Comedy;Crime;Detective;Dog;Immersive Sim;Investigation;Life Sim;Multiple Endings;Mystery;Nature;Open World;RPG;Simulation;Story Rich;Third Person,"Journalist Naomi Hayward is drowning in debt and is at the end of her rope. Having accepted a request from The Morning Bell newspaper to “uncover the mystery of a small English town”, Naomi finds herself far from her home in New York, in Rainy Woods. Upon beginning her investigation, Naomi – camera in hand – soon discovers an inexplicable phenomenon in which the townspeople transform into cats and dogs as night falls... Then, as just she’s looking into that particular mystery, a murder occurs...","{""text_match"": 0.047859944, ""cosine_similarity"": 0.44781816, ""reranker_score"": -7.2004757}"
2026-02-10T19:42:02+00:00,CORTEX_DB.RAW.CAT_GAMES_SVC_1_5,default,"melancholic, story-rich, small town, autumn vibes, weird stuff happening in the woods","melancholic, story-rich, small town, autumn vibes, weird stuff happening in the woods",[],,False,,,,keyword_focus,0.65,10,100,0,1126,1126,,01c2535e-0005-0846-0001-397a00068f2a,,51,51,,8e-06,8e-06,,8e-06,,,,,[],[],[],[],[],[],,,,,,,True,False,[],[],,,,[],[],,,,3,Brass,0.69850141,2025,English;Italian;Japanese;Korean;Portuguese - Brazil,Camera Comfort;Custom Volume Controls;Family Sharing;Full controller support;Keyboard Only Option;Playable without Timed Input;Save Anytime;Single-player;Steam Achievements;Steam Cloud,Adventure;Casual;Indie,3D;Adventure;Atmospheric;Casual;Cats;Colorful;Controller;Cozy;Cute;Drama;Emotional;Exploration;Indie;Interactive Fiction;Mystery;Nature;Point & Click;Relaxing;Singleplayer;Story Rich,"The only post office in a small village in the mountains, the main character of this story, Brass, works here. His job is to deliver letters and packages to the local people. One day, Brass receives a letter from his grandmother who lives in a town by the sea, and a new adventure begins. A Peaceful, Cozy Adventure Game The story progresses through conversations with the villagers and errands. There is no combat or intense action in this game. Please enjoy it in a relaxed atmosphere. A Little Mys","{""text_match"": 0.019023063, ""cosine_similarity"": 0.39700282, ""reranker_score"": -7.442715}"
2026-02-10T19:42:02+00:00,CORTEX_DB.RAW.CAT_GAMES_SVC_1_5,default,"melancholic, story-rich, small town, autumn vibes, weird stuff happening in the woods","melancholic, story-rich, small town, autumn vibes, weird stuff happening in the woods",[],,False,,,,keyword_focus,0.65,10,100,0,1126,1126,,01c2535e-0005-0846-0001-397a00068f2a,,51,51,,8e-06,8e-06,,8e-06,,,,,[],[],[],[],[],[],,,,,,,True,False,[],[],,,,[],[],,,,4,Wild Souls,0.71451172,2022,English;French,Family Sharing;Single-player,Casual;Early Access;Indie;Simulation,2D;Agriculture;Atmospheric;Cats;Cute;Dog;Early Access;God Game;Horses;Level Editor;Management;Minimalist;Nature;Relaxing;Resource Management;Sandbox;Simulation;Singleplayer;Stylized;Top-Down,"Plant a tree, watch the forest grow. Wild Souls is a chill ecosystem sim with no time pressure, inspired by Don't Starve and Zoo Tycoon. Build your own world like you would a garden, experiment which animals and plant species can live together, manage and balance the populations, write YOUR stories. You start as a Souls Keeper : a being with the power to gather the souls of recently deceased animals and plants. Those souls can be offered a new life, in a new body. But which body ? You decide. De","{""text_match"": 0.003442812, ""cosine_similarity"": 0.42902344, ""reranker_score"": -8.441682}"
2026-02-10T19:42:02+00:00,CORTEX_DB.RAW.CAT_GAMES_SVC_1_5,default,"melancholic, story-rich, small town, autumn vibes, weird stuff happening in the woods","melancholic, story-rich, small town, autumn vibes, weird stuff happening in the woods",[],,False,,,,keyword_focus,0.65,10,100,0,1126,1126,,01c2535e-0005-0846-0001-397a00068f2a,,51,51,,8e-06,8e-06,,8e-06,,,,,[],[],[],[],[],[],,,,,,,True,False,[],[],,,,[],[],,,,5,Wilderless: Meadowfell,0.69606504,2025,English,Family Sharing;Partial Controller Support;Single-player,Adventure;Casual;Indie;RPG;Simulation,Atmospheric;Casual;Cats;Colorful;Cute;Dragons;Exploration;Fantasy;First-Person;Flight;Horses;LGBTQ+;Nature;Open World;RPG;Sandbox;Simulation;Stylized;Third Person;Walking Simulator,"From the creator of the indie hidden gems Nimian Legends: BrightRidge and Wilderless comes Wilderless: Meadowfell, a cozy open-world game crafted for those who love to unwind and explore at their own pace. This is a serene, untamed wilderness designed for relaxation and creativity, perfect for players who enjoy non-violent games, exploration, and cozy escapes. A VIVID, UNTAMED WORLD TO EXPLORE • Explore a serene, pastoral landscape filled with gentle rivers, peaceful lakes, rolling hills, and lu","{""text_match"": 1.519123e-07, ""cosine_similarity"": 0.39213008, ""reranker_score"": -8.0210495}"
2026-02-10T19:42:02+00:00,CORTEX_DB.RAW.CAT_GAMES_SVC_1_5,default,"melancholic, story-rich, small town, autumn vibes, weird stuff happening in the woods","melancholic, story-rich, small town, autumn vibes, weird stuff happening in the woods",[],,False,,,,keyword_focus,0.65,10,100,0,1126,1126,,01c2535e-0005-0846-0001-397a00068f2a,,51,51,,8e-06,8e-06,,8e-06,,,,,[],[],[],[],[],[],,,,,,,True,False,[],[],,,,[],[],,,,6,猫猫旅行社欢迎你！ Momo's Revitalization Project!,0.6846664,2025,English;Japanese;Simplified Chinese;Traditional Chinese,Family Sharing;Single-player,Adventure;Casual;Simulation,2D;Adventure;Anime;Atmospheric;Casual;Cats;Choose Your Own Adventure;Collectathon;Comedy;Cute;Dating Sim;Drama;Economy;Emotional;Modern;Multiple Endings;Romance;Simulation;Text-Based;Visual Novel,"'Welcome to Nekoneko Tourism!!' A visual novel featuring VTuber Momo Mitsuki in the leading role! Can you and Momo successfully carry out the Nekomisaki Town's Revitalization Project together? 🌙🍑 Synopsis 🍑🌙 Nekomisaki Town -- An old, rural seaside town that's seen better days. You've been suddenly transferred to work at a local tourism company based there. The one who greets you upon arrival? Your upbeat senior, Momo Mitsuki . Not long after you arrive, the two of you are summoned by the compan","{""text_match"": 0.0076097515, ""cosine_similarity"": 0.3693328, ""reranker_score"": -7.5815563}"
2026-02-10T19:42:02+00:00,CORTEX_DB.RAW.CAT_GAMES_SVC_1_5,default,"melancholic, story-rich, small town, autumn vibes, weird stuff happening in the woods","melancholic, story-rich, small town, autumn vibes, weird stuff happening in the woods",[],,False,,,,keyword_focus,0.65,10,100,0,1126,1126,,01c2535e-0005-0846-0001-397a00068f2a,,51,51,,8e-06,8e-06,,8e-06,,,,,[],[],[],[],[],[],,,,,,,True,False,[],[],,,,[],[],,,,7,Christmas Stories: The Christmas Tree Forest Collector's Edition,0.674659965,2020,English,Family Sharing;Single-player,Adventure;Casual,2D;Adventure;Casual;Colorful;Family Friendly;Fantasy;First-Person;Hidden Object;Interactive Fiction;Investigation;Puzzle;Relaxing;Singleplayer;Story Rich,"Elephant Games invites you to share in spirit of Christmas in the latest addition to the beloved Christmas Stories series! It's been a year since your mom went missing, but a magical message from her asking for help brings a renewed hope just in time for the holidays! As you rush to search, you quickly find things amiss in your town. Something’s keeping Christmas magic away, and your only hope lay in the Christmas Tree Forest! Can your holiday cheer save Christmas in time? Find out in this encha","{""text_match"": 0.028868161, ""cosine_similarity"": 0.34931993, ""reranker_score"": -7.490938}"
2026-02-10T19:42:02+00:00,CORTEX_DB.RAW.CAT_GAMES_SVC_1_5,default,"melancholic, story-rich, small town, autumn vibes, weird stuff happening in the woods","melancholic, story-rich, small town, autumn vibes, weird stuff happening in the woods",[],,False,,,,keyword_focus,0.65,10,100,0,1126,1126,,01c2535e-0005-0846-0001-397a00068f2a,,51,51,,8e-06,8e-06,,8e-06,,,,,[],[],[],[],[],[],,,,,,,True,False,[],[],,,,[],[],,,,8,My life as a cat,0.695891025,2024,English,Family Sharing;Single-player,Adventure;Casual;Indie,Adventure;Atmospheric;Cats;Choices Matter;Choose Your Own Adventure;Dark;Emotional;Indie;Interactive Fiction;Multiple Endings;Narration;Nature;Philosophical;Relaxing;Singleplayer;Story Rich;Stylized;Survival;Text-Based;Visual Novel,"'My life as a cat' is a relaxing, slow-paced visual novel about longing for something different than the modern society and searching back to nature. It has AI-generated oil paintings to illustrate the fully voiced and texted story as you progress through it according to your choices. Will you have what it takes to survive out in the wilderness, or will you steer towards a not-so-favorable ending?","{""text_match"": 1.5915917e-07, ""cosine_similarity"": 0.39178205, ""reranker_score"": -8.513784}"
2026-02-10T19:42:02+00:00,CORTEX_DB.RAW.CAT_GAMES_SVC_1_5,default,"melancholic, story-rich, small town, autumn vibes, weird stuff happening in the woods","melancholic, story-rich, small town, autumn vibes, weird stuff happening in the woods",[],,False,,,,keyword_focus,0.65,10,100,0,1126,1126,,01c2535e-0005-0846-0001-397a00068f2a,,51,51,,8e-06,8e-06,,8e-06,,,,,[],[],[],[],[],[],,,,,,,True,False,[],[],,,,[],[],,,,9,Wrapped With a Kiss,0.6781404600000001,2022,English,Family Sharing;Partial Controller Support;Single-player,Indie,2D;Casual;Choices Matter;Choose Your Own Adventure;Cute;Dating Sim;Drama;Emotional;Family Friendly;Female Protagonist;Indie;Interactive Fiction;Multiple Endings;Otome;Romance;Simulation;Singleplayer;Story Rich;Text-Based;Visual Novel,"A Christmas Themed Otome Game After losing her job and being blacklisted from the business world, Noel has no choice but to sell everything in her apartment and move away from the big city. Lucky for her, Noel's older sister offers the woman a place to stay during the holiday season. The only problem? The insurmountable pressure of her father's expectations, being a good aunt, and trying to find something meaningful to do with her time may just shatter Noel's world. Unless of course, the winter ","{""text_match"": 0.0027474102, ""cosine_similarity"": 0.35628092, ""reranker_score"": -7.8728743}"
2026-02-10T19:42:02+00:00,CORTEX_DB.RAW.CAT_GAMES_SVC_1_5,default,"melancholic, story-rich, small town, autumn vibes, weird stuff happening in the woods","melancholic, story-rich, small town, autumn vibes, weird stuff happening in the woods",[],,False,,,,keyword_focus,0.65,10,100,0,1126,1126,,01c2535e-0005-0846-0001-397a00068f2a,,51,51,,8e-06,8e-06,,8e-06,,,,,[],[],[],[],[],[],,,,,,,True,False,[],[],,,,[],[],,,,10,Recursive Ruin,0.6809248649999999,2022,English;French;German;Italian;Russian;Simplified Chinese;Spanish - Spain,Family Sharing;Single-player;Steam Achievements;Steam Trading Cards,Action;Adventure;Casual;Indie,3D;Abstract;Action;Action-Adventure;Adventure;Atmospheric;Cats;Emotional;Experimental;Exploration;First-Person;Linear;Mystery;Philosophical;Puzzle;Puzzle-Platformer;Sci-fi;Singleplayer;Story Rich;Surreal,"Manipulate an infinitely recursive landscape to solve a series of environmental puzzles as you work through your own struggles with grief and a creative crisis. With Behemoth, The Cat at your side — or at least somewhere nearby — unlock an introspective journey through your past and discover new meaning in a chaotic world. A Dying, Visually Stunning World Lose yourself in the Infinite Realms, a dying, fractal world of strange beauty and mind-bending physics that repeats eternally inward and outw","{""text_match"": 0.0010381152, ""cosine_similarity"": 0.36184973, ""reranker_score"": -8.047462}"
2026-02-10T19:42:06+00:00,CORTEX_DB.RAW.CAT_GAMES_SVC_1_5,default,"melancholic, story-rich, small town, autumn vibes, weird stuff happening in the woods","melancholic, story-rich, small town, autumn vibes, weird stuff happening in the woods",[],,False,,,,semantic_focus,0.3,10,100,0,1025,1025,,01c2535e-0005-0843-0001-397a0006d1f6,,33,33,,5e-06,5e-06,,5e-06,,,,,[],[],[],[],[],[],,,,,,,True,False,[],[],,,,[],[],,,,1,Night in the Woods,0.72443115,2017,English;Japanese,Family Sharing;Full controller support;Remote Play on TV;Single-player;Steam Achievements;Steam Cloud;Steam Trading Cards,Adventure,2D;2D Platformer;Adventure;Atmospheric;Capitalism;Cats;Choices Matter;Conversation;Dark Humor;Exploration;Funny;Hand-drawn;Mystery;Narrative;Platformer;Psychological Horror;Singleplayer;Story Rich;Stylized;Visual Novel,"College dropout Mae Borowski returns home to the crumbling former mining town of Possum Springs seeking to resume her aimless former life and reconnect with the friends she left behind. But things aren't the same. Home seems different now and her friends have grown and changed. Leaves are falling and the wind is growing colder. Strange things are happening as the light fades. And there's something in the woods. NIGHT IN THE WOODS is an adventure game focused on exploration, story, and character,","{""text_match"": 0.08682736, ""cosine_similarity"": 0.4488623, ""reranker_score"": -6.2826385}"
2026-02-10T19:42:06+00:00,CORTEX_DB.RAW.CAT_GAMES_SVC_1_5,default,"melancholic, story-rich, small town, autumn vibes, weird stuff happening in the woods","melancholic, story-rich, small town, autumn vibes, weird stuff happening in the woods",[],,False,,,,semantic_focus,0.3,10,100,0,1025,1025,,01c2535e-0005-0843-0001-397a0006d1f6,,33,33,,5e-06,5e-06,,5e-06,,,,,[],[],[],[],[],[],,,,,,,True,False,[],[],,,,[],[],,,,2,The Good Life,0.72390908,2021,English;Japanese;Simplified Chinese;Traditional Chinese,Family Sharing;Full controller support;Single-player;Steam Achievements;Steam Cloud,Indie;RPG,3D;Adventure;Agriculture;Cats;Colorful;Comedy;Crime;Detective;Dog;Immersive Sim;Investigation;Life Sim;Multiple Endings;Mystery;Nature;Open World;RPG;Simulation;Story Rich;Third Person,"Journalist Naomi Hayward is drowning in debt and is at the end of her rope. Having accepted a request from The Morning Bell newspaper to “uncover the mystery of a small English town”, Naomi finds herself far from her home in New York, in Rainy Woods. Upon beginning her investigation, Naomi – camera in hand – soon discovers an inexplicable phenomenon in which the townspeople transform into cats and dogs as night falls... Then, as just she’s looking into that particular mystery, a murder occurs...","{""text_match"": 0.047859944, ""cosine_similarity"": 0.44781816, ""reranker_score"": -7.2004757}"
2026-02-10T19:42:06+00:00,CORTEX_DB.RAW.CAT_GAMES_SVC_1_5,default,"melancholic, story-rich, small town, autumn vibes, weird stuff happening in the woods","melancholic, story-rich, small town, autumn vibes, weird stuff happening in the woods",[],,False,,,,semantic_focus,0.3,10,100,0,1025,1025,,01c2535e-0005-0843-0001-397a0006d1f6,,33,33,,5e-06,5e-06,,5e-06,,,,,[],[],[],[],[],[],,,,,,,True,False,[],[],,,,[],[],,,,3,Brass,0.69850141,2025,English;Italian;Japanese;Korean;Portuguese - Brazil,Camera Comfort;Custom Volume Controls;Family Sharing;Full controller support;Keyboard Only Option;Playable without Timed Input;Save Anytime;Single-player;Steam Achievements;Steam Cloud,Adventure;Casual;Indie,3D;Adventure;Atmospheric;Casual;Cats;Colorful;Controller;Cozy;Cute;Drama;Emotional;Exploration;Indie;Interactive Fiction;Mystery;Nature;Point & Click;Relaxing;Singleplayer;Story Rich,"The only post office in a small village in the mountains, the main character of this story, Brass, works here. His job is to deliver letters and packages to the local people. One day, Brass receives a letter from his grandmother who lives in a town by the sea, and a new adventure begins. A Peaceful, Cozy Adventure Game The story progresses through conversations with the villagers and errands. There is no combat or intense action in this game. Please enjoy it in a relaxed atmosphere. A Little Mys","{""text_match"": 0.019023063, ""cosine_similarity"": 0.39700282, ""reranker_score"": -7.442715}"
2026-02-10T19:42:06+00:00,CORTEX_DB.RAW.CAT_GAMES_SVC_1_5,default,"melancholic, story-rich, small town, autumn vibes, weird stuff happening in the woods","melancholic, story-rich, small town, autumn vibes, weird stuff happening in the woods",[],,False,,,,semantic_focus,0.3,10,100,0,1025,1025,,01c2535e-0005-0843-0001-397a0006d1f6,,33,33,,5e-06,5e-06,,5e-06,,,,,[],[],[],[],[],[],,,,,,,True,False,[],[],,,,[],[],,,,4,Wild Souls,0.71451172,2022,English;French,Family Sharing;Single-player,Casual;Early Access;Indie;Simulation,2D;Agriculture;Atmospheric;Cats;Cute;Dog;Early Access;God Game;Horses;Level Editor;Management;Minimalist;Nature;Relaxing;Resource Management;Sandbox;Simulation;Singleplayer;Stylized;Top-Down,"Plant a tree, watch the forest grow. Wild Souls is a chill ecosystem sim with no time pressure, inspired by Don't Starve and Zoo Tycoon. Build your own world like you would a garden, experiment which animals and plant species can live together, manage and balance the populations, write YOUR stories. You start as a Souls Keeper : a being with the power to gather the souls of recently deceased animals and plants. Those souls can be offered a new life, in a new body. But which body ? You decide. De","{""text_match"": 0.003442812, ""cosine_similarity"": 0.42902344, ""reranker_score"": -8.441682}"
2026-02-10T19:42:06+00:00,CORTEX_DB.RAW.CAT_GAMES_SVC_1_5,default,"melancholic, story-rich, small town, autumn vibes, weird stuff happening in the woods","melancholic, story-rich, small town, autumn vibes, weird stuff happening in the woods",[],,False,,,,semantic_focus,0.3,10,100,0,1025,1025,,01c2535e-0005-0843-0001-397a0006d1f6,,33,33,,5e-06,5e-06,,5e-06,,,,,[],[],[],[],[],[],,,,,,,True,False,[],[],,,,[],[],,,,5,Wilderless: Meadowfell,0.69606504,2025,English,Family Sharing;Partial Controller Support;Single-player,Adventure;Casual;Indie;RPG;Simulation,Atmospheric;Casual;Cats;Colorful;Cute;Dragons;Exploration;Fantasy;First-Person;Flight;Horses;LGBTQ+;Nature;Open World;RPG;Sandbox;Simulation;Stylized;Third Person;Walking Simulator,"From the creator of the indie hidden gems Nimian Legends: BrightRidge and Wilderless comes Wilderless: Meadowfell, a cozy open-world game crafted for those who love to unwind and explore at their own pace. This is a serene, untamed wilderness designed for relaxation and creativity, perfect for players who enjoy non-violent games, exploration, and cozy escapes. A VIVID, UNTAMED WORLD TO EXPLORE • Explore a serene, pastoral landscape filled with gentle rivers, peaceful lakes, rolling hills, and lu","{""text_match"": 1.519123e-07, ""cosine_similarity"": 0.39213008, ""reranker_score"": -8.0210495}"
2026-02-10T19:42:06+00:00,CORTEX_DB.RAW.CAT_GAMES_SVC_1_5,default,"melancholic, story-rich, small town, autumn vibes, weird stuff happening in the woods","melancholic, story-rich, small town, autumn vibes, weird stuff happening in the woods",[],,False,,,,semantic_focus,0.3,10,100,0,1025,1025,,01c2535e-0005-0843-0001-397a0006d1f6,,33,33,,5e-06,5e-06,,5e-06,,,,,[],[],[],[],[],[],,,,,,,True,False,[],[],,,,[],[],,,,6,猫猫旅行社欢迎你！ Momo's Revitalization Project!,0.6846664,2025,English;Japanese;Simplified Chinese;Traditional Chinese,Family Sharing;Single-player,Adventure;Casual;Simulation,2D;Adventure;Anime;Atmospheric;Casual;Cats;Choose Your Own Adventure;Collectathon;Comedy;Cute;Dating Sim;Drama;Economy;Emotional;Modern;Multiple Endings;Romance;Simulation;Text-Based;Visual Novel,"'Welcome to Nekoneko Tourism!!' A visual novel featuring VTuber Momo Mitsuki in the leading role! Can you and Momo successfully carry out the Nekomisaki Town's Revitalization Project together? 🌙🍑 Synopsis 🍑🌙 Nekomisaki Town -- An old, rural seaside town that's seen better days. You've been suddenly transferred to work at a local tourism company based there. The one who greets you upon arrival? Your upbeat senior, Momo Mitsuki . Not long after you arrive, the two of you are summoned by the compan","{""text_match"": 0.0076097515, ""cosine_similarity"": 0.3693328, ""reranker_score"": -7.5815563}"
2026-02-10T19:42:06+00:00,CORTEX_DB.RAW.CAT_GAMES_SVC_1_5,default,"melancholic, story-rich, small town, autumn vibes, weird stuff happening in the woods","melancholic, story-rich, small town, autumn vibes, weird stuff happening in the woods",[],,False,,,,semantic_focus,0.3,10,100,0,1025,1025,,01c2535e-0005-0843-0001-397a0006d1f6,,33,33,,5e-06,5e-06,,5e-06,,,,,[],[],[],[],[],[],,,,,,,True,False,[],[],,,,[],[],,,,7,Christmas Stories: The Christmas Tree Forest Collector's Edition,0.674659965,2020,English,Family Sharing;Single-player,Adventure;Casual,2D;Adventure;Casual;Colorful;Family Friendly;Fantasy;First-Person;Hidden Object;Interactive Fiction;Investigation;Puzzle;Relaxing;Singleplayer;Story Rich,"Elephant Games invites you to share in spirit of Christmas in the latest addition to the beloved Christmas Stories series! It's been a year since your mom went missing, but a magical message from her asking for help brings a renewed hope just in time for the holidays! As you rush to search, you quickly find things amiss in your town. Something’s keeping Christmas magic away, and your only hope lay in the Christmas Tree Forest! Can your holiday cheer save Christmas in time? Find out in this encha","{""text_match"": 0.028868161, ""cosine_similarity"": 0.34931993, ""reranker_score"": -7.490938}"
2026-02-10T19:42:06+00:00,CORTEX_DB.RAW.CAT_GAMES_SVC_1_5,default,"melancholic, story-rich, small town, autumn vibes, weird stuff happening in the woods","melancholic, story-rich, small town, autumn vibes, weird stuff happening in the woods",[],,False,,,,semantic_focus,0.3,10,100,0,1025,1025,,01c2535e-0005-0843-0001-397a0006d1f6,,33,33,,5e-06,5e-06,,5e-06,,,,,[],[],[],[],[],[],,,,,,,True,False,[],[],,,,[],[],,,,8,My life as a cat,0.695891025,2024,English,Family Sharing;Single-player,Adventure;Casual;Indie,Adventure;Atmospheric;Cats;Choices Matter;Choose Your Own Adventure;Dark;Emotional;Indie;Interactive Fiction;Multiple Endings;Narration;Nature;Philosophical;Relaxing;Singleplayer;Story Rich;Stylized;Survival;Text-Based;Visual Novel,"'My life as a cat' is a relaxing, slow-paced visual novel about longing for something different than the modern society and searching back to nature. It has AI-generated oil paintings to illustrate the fully voiced and texted story as you progress through it according to your choices. Will you have what it takes to survive out in the wilderness, or will you steer towards a not-so-favorable ending?","{""text_match"": 1.5915917e-07, ""cosine_similarity"": 0.39178205, ""reranker_score"": -8.513784}"
2026-02-10T19:42:06+00:00,CORTEX_DB.RAW.CAT_GAMES_SVC_1_5,default,"melancholic, story-rich, small town, autumn vibes, weird stuff happening in the woods","melancholic, story-rich, small town, autumn vibes, weird stuff happening in the woods",[],,False,,,,semantic_focus,0.3,10,100,0,1025,1025,,01c2535e-0005-0843-0001-397a0006d1f6,,33,33,,5e-06,5e-06,,5e-06,,,,,[],[],[],[],[],[],,,,,,,True,False,[],[],,,,[],[],,,,9,Wrapped With a Kiss,0.6781404600000001,2022,English,Family Sharing;Partial Controller Support;Single-player,Indie,2D;Casual;Choices Matter;Choose Your Own Adventure;Cute;Dating Sim;Drama;Emotional;Family Friendly;Female Protagonist;Indie;Interactive Fiction;Multiple Endings;Otome;Romance;Simulation;Singleplayer;Story Rich;Text-Based;Visual Novel,"A Christmas Themed Otome Game After losing her job and being blacklisted from the business world, Noel has no choice but to sell everything in her apartment and move away from the big city. Lucky for her, Noel's older sister offers the woman a place to stay during the holiday season. The only problem? The insurmountable pressure of her father's expectations, being a good aunt, and trying to find something meaningful to do with her time may just shatter Noel's world. Unless of course, the winter ","{""text_match"": 0.0027474102, ""cosine_similarity"": 0.35628092, ""reranker_score"": -7.8728743}"
2026-02-10T19:42:06+00:00,CORTEX_DB.RAW.CAT_GAMES_SVC_1_5,default,"melancholic, story-rich, small town, autumn vibes, weird stuff happening in the woods","melancholic, story-rich, small town, autumn vibes, weird stuff happening in the woods",[],,False,,,,semantic_focus,0.3,10,100,0,1025,1025,,01c2535e-0005-0843-0001-397a0006d1f6,,33,33,,5e-06,5e-06,,5e-06,,,,,[],[],[],[],[],[],,,,,,,True,False,[],[],,,,[],[],,,,10,Recursive Ruin,0.6809248649999999,2022,English;French;German;Italian;Russian;Simplified Chinese;Spanish - Spain,Family Sharing;Single-player;Steam Achievements;Steam Trading Cards,Action;Adventure;Casual;Indie,3D;Abstract;Action;Action-Adventure;Adventure;Atmospheric;Cats;Emotional;Experimental;Exploration;First-Person;Linear;Mystery;Philosophical;Puzzle;Puzzle-Platformer;Sci-fi;Singleplayer;Story Rich;Surreal,"Manipulate an infinitely recursive landscape to solve a series of environmental puzzles as you work through your own struggles with grief and a creative crisis. With Behemoth, The Cat at your side — or at least somewhere nearby — unlock an introspective journey through your past and discover new meaning in a chaotic world. A Dying, Visually Stunning World Lose yourself in the Infinite Realms, a dying, fractal world of strange beauty and mind-bending physics that repeats eternally inward and outw","{""text_match"": 0.0010381152, ""cosine_similarity"": 0.36184973, ""reranker_score"": -8.047462}"
2026-02-10T19:42:07+00:00,CORTEX_DB.RAW.CAT_GAMES_SVC_1_5,default,"melancholic, story-rich, small town, autumn vibes, weird stuff happening in the woods","melancholic, story-rich, small town, autumn vibes, weird stuff happening in the woods",[],,False,,,,semantic_focus,0.65,10,100,0,1085,1085,,01c2535e-0005-0847-0001-397a0006c236,,38,38,,6e-06,6e-06,,6e-06,,,,,[],[],[],[],[],[],,,,,,,True,False,[],[],,,,[],[],,,,1,Night in the Woods,0.72443115,2017,English;Japanese,Family Sharing;Full controller support;Remote Play on TV;Single-player;Steam Achievements;Steam Cloud;Steam Trading Cards,Adventure,2D;2D Platformer;Adventure;Atmospheric;Capitalism;Cats;Choices Matter;Conversation;Dark Humor;Exploration;Funny;Hand-drawn;Mystery;Narrative;Platformer;Psychological Horror;Singleplayer;Story Rich;Stylized;Visual Novel,"College dropout Mae Borowski returns home to the crumbling former mining town of Possum Springs seeking to resume her aimless former life and reconnect with the friends she left behind. But things aren't the same. Home seems different now and her friends have grown and changed. Leaves are falling and the wind is growing colder. Strange things are happening as the light fades. And there's something in the woods. NIGHT IN THE WOODS is an adventure game focused on exploration, story, and character,","{""text_match"": 0.08682736, ""cosine_similarity"": 0.4488623, ""reranker_score"": -6.2826385}"
2026-02-10T19:42:07+00:00,CORTEX_DB.RAW.CAT_GAMES_SVC_1_5,default,"melancholic, story-rich, small town, autumn vibes, weird stuff happening in the woods","melancholic, story-rich, small town, autumn vibes, weird stuff happening in the woods",[],,False,,,,semantic_focus,0.65,10,100,0,1085,1085,,01c2535e-0005-0847-0001-397a0006c236,,38,38,,6e-06,6e-06,,6e-06,,,,,[],[],[],[],[],[],,,,,,,True,False,[],[],,,,[],[],,,,2,The Good Life,0.72390908,2021,English;Japanese;Simplified Chinese;Traditional Chinese,Family Sharing;Full controller support;Single-player;Steam Achievements;Steam Cloud,Indie;RPG,3D;Adventure;Agriculture;Cats;Colorful;Comedy;Crime;Detective;Dog;Immersive Sim;Investigation;Life Sim;Multiple Endings;Mystery;Nature;Open World;RPG;Simulation;Story Rich;Third Person,"Journalist Naomi Hayward is drowning in debt and is at the end of her rope. Having accepted a request from The Morning Bell newspaper to “uncover the mystery of a small English town”, Naomi finds herself far from her home in New York, in Rainy Woods. Upon beginning her investigation, Naomi – camera in hand – soon discovers an inexplicable phenomenon in which the townspeople transform into cats and dogs as night falls... Then, as just she’s looking into that particular mystery, a murder occurs...","{""text_match"": 0.047859944, ""cosine_similarity"": 0.44781816, ""reranker_score"": -7.2004757}"
2026-02-10T19:42:07+00:00,CORTEX_DB.RAW.CAT_GAMES_SVC_1_5,default,"melancholic, story-rich, small town, autumn vibes, weird stuff happening in the woods","melancholic, story-rich, small town, autumn vibes, weird stuff happening in the woods",[],,False,,,,semantic_focus,0.65,10,100,0,1085,1085,,01c2535e-0005-0847-0001-397a0006c236,,38,38,,6e-06,6e-06,,6e-06,,,,,[],[],[],[],[],[],,,,,,,True,False,[],[],,,,[],[],,,,3,Brass,0.69850141,2025,English;Italian;Japanese;Korean;Portuguese - Brazil,Camera Comfort;Custom Volume Controls;Family Sharing;Full controller support;Keyboard Only Option;Playable without Timed Input;Save Anytime;Single-player;Steam Achievements;Steam Cloud,Adventure;Casual;Indie,3D;Adventure;Atmospheric;Casual;Cats;Colorful;Controller;Cozy;Cute;Drama;Emotional;Exploration;Indie;Interactive Fiction;Mystery;Nature;Point & Click;Relaxing;Singleplayer;Story Rich,"The only post office in a small village in the mountains, the main character of this story, Brass, works here. His job is to deliver letters and packages to the local people. One day, Brass receives a letter from his grandmother who lives in a town by the sea, and a new adventure begins. A Peaceful, Cozy Adventure Game The story progresses through conversations with the villagers and errands. There is no combat or intense action in this game. Please enjoy it in a relaxed atmosphere. A Little Mys","{""text_match"": 0.019023063, ""cosine_similarity"": 0.39700282, ""reranker_score"": -7.442715}"
2026-02-10T19:42:07+00:00,CORTEX_DB.RAW.CAT_GAMES_SVC_1_5,default,"melancholic, story-rich, small town, autumn vibes, weird stuff happening in the woods","melancholic, story-rich, small town, autumn vibes, weird stuff happening in the woods",[],,False,,,,semantic_focus,0.65,10,100,0,1085,1085,,01c2535e-0005-0847-0001-397a0006c236,,38,38,,6e-06,6e-06,,6e-06,,,,,[],[],[],[],[],[],,,,,,,True,False,[],[],,,,[],[],,,,4,Wild Souls,0.71451172,2022,English;French,Family Sharing;Single-player,Casual;Early Access;Indie;Simulation,2D;Agriculture;Atmospheric;Cats;Cute;Dog;Early Access;God Game;Horses;Level Editor;Management;Minimalist;Nature;Relaxing;Resource Management;Sandbox;Simulation;Singleplayer;Stylized;Top-Down,"Plant a tree, watch the forest grow. Wild Souls is a chill ecosystem sim with no time pressure, inspired by Don't Starve and Zoo Tycoon. Build your own world like you would a garden, experiment which animals and plant species can live together, manage and balance the populations, write YOUR stories. You start as a Souls Keeper : a being with the power to gather the souls of recently deceased animals and plants. Those souls can be offered a new life, in a new body. But which body ? You decide. De","{""text_match"": 0.003442812, ""cosine_similarity"": 0.42902344, ""reranker_score"": -8.441682}"
2026-02-10T19:42:07+00:00,CORTEX_DB.RAW.CAT_GAMES_SVC_1_5,default,"melancholic, story-rich, small town, autumn vibes, weird stuff happening in the woods","melancholic, story-rich, small town, autumn vibes, weird stuff happening in the woods",[],,False,,,,semantic_focus,0.65,10,100,0,1085,1085,,01c2535e-0005-0847-0001-397a0006c236,,38,38,,6e-06,6e-06,,6e-06,,,,,[],[],[],[],[],[],,,,,,,True,False,[],[],,,,[],[],,,,5,Wilderless: Meadowfell,0.69606504,2025,English,Family Sharing;Partial Controller Support;Single-player,Adventure;Casual;Indie;RPG;Simulation,Atmospheric;Casual;Cats;Colorful;Cute;Dragons;Exploration;Fantasy;First-Person;Flight;Horses;LGBTQ+;Nature;Open World;RPG;Sandbox;Simulation;Stylized;Third Person;Walking Simulator,"From the creator of the indie hidden gems Nimian Legends: BrightRidge and Wilderless comes Wilderless: Meadowfell, a cozy open-world game crafted for those who love to unwind and explore at their own pace. This is a serene, untamed wilderness designed for relaxation and creativity, perfect for players who enjoy non-violent games, exploration, and cozy escapes. A VIVID, UNTAMED WORLD TO EXPLORE • Explore a serene, pastoral landscape filled with gentle rivers, peaceful lakes, rolling hills, and lu","{""text_match"": 1.519123e-07, ""cosine_similarity"": 0.39213008, ""reranker_score"": -8.0210495}"
2026-02-10T19:42:07+00:00,CORTEX_DB.RAW.CAT_GAMES_SVC_1_5,default,"melancholic, story-rich, small town, autumn vibes, weird stuff happening in the woods","melancholic, story-rich, small town, autumn vibes, weird stuff happening in the woods",[],,False,,,,semantic_focus,0.65,10,100,0,1085,1085,,01c2535e-0005-0847-0001-397a0006c236,,38,38,,6e-06,6e-06,,6e-06,,,,,[],[],[],[],[],[],,,,,,,True,False,[],[],,,,[],[],,,,6,猫猫旅行社欢迎你！ Momo's Revitalization Project!,0.6846664,2025,English;Japanese;Simplified Chinese;Traditional Chinese,Family Sharing;Single-player,Adventure;Casual;Simulation,2D;Adventure;Anime;Atmospheric;Casual;Cats;Choose Your Own Adventure;Collectathon;Comedy;Cute;Dating Sim;Drama;Economy;Emotional;Modern;Multiple Endings;Romance;Simulation;Text-Based;Visual Novel,"'Welcome to Nekoneko Tourism!!' A visual novel featuring VTuber Momo Mitsuki in the leading role! Can you and Momo successfully carry out the Nekomisaki Town's Revitalization Project together? 🌙🍑 Synopsis 🍑🌙 Nekomisaki Town -- An old, rural seaside town that's seen better days. You've been suddenly transferred to work at a local tourism company based there. The one who greets you upon arrival? Your upbeat senior, Momo Mitsuki . Not long after you arrive, the two of you are summoned by the compan","{""text_match"": 0.0076097515, ""cosine_similarity"": 0.3693328, ""reranker_score"": -7.5815563}"
2026-02-10T19:42:07+00:00,CORTEX_DB.RAW.CAT_GAMES_SVC_1_5,default,"melancholic, story-rich, small town, autumn vibes, weird stuff happening in the woods","melancholic, story-rich, small town, autumn vibes, weird stuff happening in the woods",[],,False,,,,semantic_focus,0.65,10,100,0,1085,1085,,01c2535e-0005-0847-0001-397a0006c236,,38,38,,6e-06,6e-06,,6e-06,,,,,[],[],[],[],[],[],,,,,,,True,False,[],[],,,,[],[],,,,7,Christmas Stories: The Christmas Tree Forest Collector's Edition,0.674659965,2020,English,Family Sharing;Single-player,Adventure;Casual,2D;Adventure;Casual;Colorful;Family Friendly;Fantasy;First-Person;Hidden Object;Interactive Fiction;Investigation;Puzzle;Relaxing;Singleplayer;Story Rich,"Elephant Games invites you to share in spirit of Christmas in the latest addition to the beloved Christmas Stories series! It's been a year since your mom went missing, but a magical message from her asking for help brings a renewed hope just in time for the holidays! As you rush to search, you quickly find things amiss in your town. Something’s keeping Christmas magic away, and your only hope lay in the Christmas Tree Forest! Can your holiday cheer save Christmas in time? Find out in this encha","{""text_match"": 0.028868161, ""cosine_similarity"": 0.34931993, ""reranker_score"": -7.490938}"
2026-02-10T19:42:07+00:00,CORTEX_DB.RAW.CAT_GAMES_SVC_1_5,default,"melancholic, story-rich, small town, autumn vibes, weird stuff happening in the woods","melancholic, story-rich, small town, autumn vibes, weird stuff happening in the woods",[],,False,,,,semantic_focus,0.65,10,100,0,1085,1085,,01c2535e-0005-0847-0001-397a0006c236,,38,38,,6e-06,6e-06,,6e-06,,,,,[],[],[],[],[],[],,,,,,,True,False,[],[],,,,[],[],,,,8,My life as a cat,0.695891025,2024,English,Family Sharing;Single-player,Adventure;Casual;Indie,Adventure;Atmospheric;Cats;Choices Matter;Choose Your Own Adventure;Dark;Emotional;Indie;Interactive Fiction;Multiple Endings;Narration;Nature;Philosophical;Relaxing;Singleplayer;Story Rich;Stylized;Survival;Text-Based;Visual Novel,"'My life as a cat' is a relaxing, slow-paced visual novel about longing for something different than the modern society and searching back to nature. It has AI-generated oil paintings to illustrate the fully voiced and texted story as you progress through it according to your choices. Will you have what it takes to survive out in the wilderness, or will you steer towards a not-so-favorable ending?","{""text_match"": 1.5915917e-07, ""cosine_similarity"": 0.39178205, ""reranker_score"": -8.513784}"
2026-02-10T19:42:07+00:00,CORTEX_DB.RAW.CAT_GAMES_SVC_1_5,default,"melancholic, story-rich, small town, autumn vibes, weird stuff happening in the woods","melancholic, story-rich, small town, autumn vibes, weird stuff happening in the woods",[],,False,,,,semantic_focus,0.65,10,100,0,1085,1085,,01c2535e-0005-0847-0001-397a0006c236,,38,38,,6e-06,6e-06,,6e-06,,,,,[],[],[],[],[],[],,,,,,,True,False,[],[],,,,[],[],,,,9,Wrapped With a Kiss,0.6781404600000001,2022,English,Family Sharing;Partial Controller Support;Single-player,Indie,2D;Casual;Choices Matter;Choose Your Own Adventure;Cute;Dating Sim;Drama;Emotional;Family Friendly;Female Protagonist;Indie;Interactive Fiction;Multiple Endings;Otome;Romance;Simulation;Singleplayer;Story Rich;Text-Based;Visual Novel,"A Christmas Themed Otome Game After losing her job and being blacklisted from the business world, Noel has no choice but to sell everything in her apartment and move away from the big city. Lucky for her, Noel's older sister offers the woman a place to stay during the holiday season. The only problem? The insurmountable pressure of her father's expectations, being a good aunt, and trying to find something meaningful to do with her time may just shatter Noel's world. Unless of course, the winter ","{""text_match"": 0.0027474102, ""cosine_similarity"": 0.35628092, ""reranker_score"": -7.8728743}"
2026-02-10T19:42:07+00:00,CORTEX_DB.RAW.CAT_GAMES_SVC_1_5,default,"melancholic, story-rich, small town, autumn vibes, weird stuff happening in the woods","melancholic, story-rich, small town, autumn vibes, weird stuff happening in the woods",[],,False,,,,semantic_focus,0.65,10,100,0,1085,1085,,01c2535e-0005-0847-0001-397a0006c236,,38,38,,6e-06,6e-06,,6e-06,,,,,[],[],[],[],[],[],,,,,,,True,False,[],[],,,,[],[],,,,10,Recursive Ruin,0.6809248649999999,2022,English;French;German;Italian;Russian;Simplified Chinese;Spanish - Spain,Family Sharing;Single-player;Steam Achievements;Steam Trading Cards,Action;Adventure;Casual;Indie,3D;Abstract;Action;Action-Adventure;Adventure;Atmospheric;Cats;Emotional;Experimental;Exploration;First-Person;Linear;Mystery;Philosophical;Puzzle;Puzzle-Platformer;Sci-fi;Singleplayer;Story Rich;Surreal,"Manipulate an infinitely recursive landscape to solve a series of environmental puzzles as you work through your own struggles with grief and a creative crisis. With Behemoth, The Cat at your side — or at least somewhere nearby — unlock an introspective journey through your past and discover new meaning in a chaotic world. A Dying, Visually Stunning World Lose yourself in the Infinite Realms, a dying, fractal world of strange beauty and mind-bending physics that repeats eternally inward and outw","{""text_match"": 0.0010381152, ""cosine_similarity"": 0.36184973, ""reranker_score"": -8.047462}"
2026-02-10T19:42:11+00:00,CORTEX_DB.RAW.CAT_GAMES_SVC_1_5,default,"melancholic, story-rich, small town, autumn vibes, weird stuff happening in the woods","melancholic, story-rich, small town, autumn vibes, weird stuff happening in the woods",[],,False,,,,keyword_extreme,0.3,10,100,0,1537,1537,,01c2535e-0005-0843-0001-397a0006d20a,,46,46,,7e-06,7e-06,,7e-06,,,,,[],[],[],[],[],[],,,,,,,True,False,[],[],,,,[],[],,,,1,Night in the Woods,0.72443115,2017,English;Japanese,Family Sharing;Full controller support;Remote Play on TV;Single-player;Steam Achievements;Steam Cloud;Steam Trading Cards,Adventure,2D;2D Platformer;Adventure;Atmospheric;Capitalism;Cats;Choices Matter;Conversation;Dark Humor;Exploration;Funny;Hand-drawn;Mystery;Narrative;Platformer;Psychological Horror;Singleplayer;Story Rich;Stylized;Visual Novel,"College dropout Mae Borowski returns home to the crumbling former mining town of Possum Springs seeking to resume her aimless former life and reconnect with the friends she left behind. But things aren't the same. Home seems different now and her friends have grown and changed. Leaves are falling and the wind is growing colder. Strange things are happening as the light fades. And there's something in the woods. NIGHT IN THE WOODS is an adventure game focused on exploration, story, and character,","{""text_match"": 0.08682736, ""cosine_similarity"": 0.4488623, ""reranker_score"": -6.2826385}"
2026-02-10T19:42:11+00:00,CORTEX_DB.RAW.CAT_GAMES_SVC_1_5,default,"melancholic, story-rich, small town, autumn vibes, weird stuff happening in the woods","melancholic, story-rich, small town, autumn vibes, weird stuff happening in the woods",[],,False,,,,keyword_extreme,0.3,10,100,0,1537,1537,,01c2535e-0005-0843-0001-397a0006d20a,,46,46,,7e-06,7e-06,,7e-06,,,,,[],[],[],[],[],[],,,,,,,True,False,[],[],,,,[],[],,,,2,The Good Life,0.72390908,2021,English;Japanese;Simplified Chinese;Traditional Chinese,Family Sharing;Full controller support;Single-player;Steam Achievements;Steam Cloud,Indie;RPG,3D;Adventure;Agriculture;Cats;Colorful;Comedy;Crime;Detective;Dog;Immersive Sim;Investigation;Life Sim;Multiple Endings;Mystery;Nature;Open World;RPG;Simulation;Story Rich;Third Person,"Journalist Naomi Hayward is drowning in debt and is at the end of her rope. Having accepted a request from The Morning Bell newspaper to “uncover the mystery of a small English town”, Naomi finds herself far from her home in New York, in Rainy Woods. Upon beginning her investigation, Naomi – camera in hand – soon discovers an inexplicable phenomenon in which the townspeople transform into cats and dogs as night falls... Then, as just she’s looking into that particular mystery, a murder occurs...","{""text_match"": 0.047859944, ""cosine_similarity"": 0.44781816, ""reranker_score"": -7.2004757}"
2026-02-10T19:42:11+00:00,CORTEX_DB.RAW.CAT_GAMES_SVC_1_5,default,"melancholic, story-rich, small town, autumn vibes, weird stuff happening in the woods","melancholic, story-rich, small town, autumn vibes, weird stuff happening in the woods",[],,False,,,,keyword_extreme,0.3,10,100,0,1537,1537,,01c2535e-0005-0843-0001-397a0006d20a,,46,46,,7e-06,7e-06,,7e-06,,,,,[],[],[],[],[],[],,,,,,,True,False,[],[],,,,[],[],,,,3,Brass,0.69850141,2025,English;Italian;Japanese;Korean;Portuguese - Brazil,Camera Comfort;Custom Volume Controls;Family Sharing;Full controller support;Keyboard Only Option;Playable without Timed Input;Save Anytime;Single-player;Steam Achievements;Steam Cloud,Adventure;Casual;Indie,3D;Adventure;Atmospheric;Casual;Cats;Colorful;Controller;Cozy;Cute;Drama;Emotional;Exploration;Indie;Interactive Fiction;Mystery;Nature;Point & Click;Relaxing;Singleplayer;Story Rich,"The only post office in a small village in the mountains, the main character of this story, Brass, works here. His job is to deliver letters and packages to the local people. One day, Brass receives a letter from his grandmother who lives in a town by the sea, and a new adventure begins. A Peaceful, Cozy Adventure Game The story progresses through conversations with the villagers and errands. There is no combat or intense action in this game. Please enjoy it in a relaxed atmosphere. A Little Mys","{""text_match"": 0.019023063, ""cosine_similarity"": 0.39700282, ""reranker_score"": -7.442715}"
2026-02-10T19:42:11+00:00,CORTEX_DB.RAW.CAT_GAMES_SVC_1_5,default,"melancholic, story-rich, small town, autumn vibes, weird stuff happening in the woods","melancholic, story-rich, small town, autumn vibes, weird stuff happening in the woods",[],,False,,,,keyword_extreme,0.3,10,100,0,1537,1537,,01c2535e-0005-0843-0001-397a0006d20a,,46,46,,7e-06,7e-06,,7e-06,,,,,[],[],[],[],[],[],,,,,,,True,False,[],[],,,,[],[],,,,4,Wild Souls,0.71451172,2022,English;French,Family Sharing;Single-player,Casual;Early Access;Indie;Simulation,2D;Agriculture;Atmospheric;Cats;Cute;Dog;Early Access;God Game;Horses;Level Editor;Management;Minimalist;Nature;Relaxing;Resource Management;Sandbox;Simulation;Singleplayer;Stylized;Top-Down,"Plant a tree, watch the forest grow. Wild Souls is a chill ecosystem sim with no time pressure, inspired by Don't Starve and Zoo Tycoon. Build your own world like you would a garden, experiment which animals and plant species can live together, manage and balance the populations, write YOUR stories. You start as a Souls Keeper : a being with the power to gather the souls of recently deceased animals and plants. Those souls can be offered a new life, in a new body. But which body ? You decide. De","{""text_match"": 0.003442812, ""cosine_similarity"": 0.42902344, ""reranker_score"": -8.441682}"
2026-02-10T19:42:11+00:00,CORTEX_DB.RAW.CAT_GAMES_SVC_1_5,default,"melancholic, story-rich, small town, autumn vibes, weird stuff happening in the woods","melancholic, story-rich, small town, autumn vibes, weird stuff happening in the woods",[],,False,,,,keyword_extreme,0.3,10,100,0,1537,1537,,01c2535e-0005-0843-0001-397a0006d20a,,46,46,,7e-06,7e-06,,7e-06,,,,,[],[],[],[],[],[],,,,,,,True,False,[],[],,,,[],[],,,,5,Wilderless: Meadowfell,0.69606504,2025,English,Family Sharing;Partial Controller Support;Single-player,Adventure;Casual;Indie;RPG;Simulation,Atmospheric;Casual;Cats;Colorful;Cute;Dragons;Exploration;Fantasy;First-Person;Flight;Horses;LGBTQ+;Nature;Open World;RPG;Sandbox;Simulation;Stylized;Third Person;Walking Simulator,"From the creator of the indie hidden gems Nimian Legends: BrightRidge and Wilderless comes Wilderless: Meadowfell, a cozy open-world game crafted for those who love to unwind and explore at their own pace. This is a serene, untamed wilderness designed for relaxation and creativity, perfect for players who enjoy non-violent games, exploration, and cozy escapes. A VIVID, UNTAMED WORLD TO EXPLORE • Explore a serene, pastoral landscape filled with gentle rivers, peaceful lakes, rolling hills, and lu","{""text_match"": 1.519123e-07, ""cosine_similarity"": 0.39213008, ""reranker_score"": -8.0210495}"
2026-02-10T19:42:11+00:00,CORTEX_DB.RAW.CAT_GAMES_SVC_1_5,default,"melancholic, story-rich, small town, autumn vibes, weird stuff happening in the woods","melancholic, story-rich, small town, autumn vibes, weird stuff happening in the woods",[],,False,,,,keyword_extreme,0.3,10,100,0,1537,1537,,01c2535e-0005-0843-0001-397a0006d20a,,46,46,,7e-06,7e-06,,7e-06,,,,,[],[],[],[],[],[],,,,,,,True,False,[],[],,,,[],[],,,,6,猫猫旅行社欢迎你！ Momo's Revitalization Project!,0.6846664,2025,English;Japanese;Simplified Chinese;Traditional Chinese,Family Sharing;Single-player,Adventure;Casual;Simulation,2D;Adventure;Anime;Atmospheric;Casual;Cats;Choose Your Own Adventure;Collectathon;Comedy;Cute;Dating Sim;Drama;Economy;Emotional;Modern;Multiple Endings;Romance;Simulation;Text-Based;Visual Novel,"'Welcome to Nekoneko Tourism!!' A visual novel featuring VTuber Momo Mitsuki in the leading role! Can you and Momo successfully carry out the Nekomisaki Town's Revitalization Project together? 🌙🍑 Synopsis 🍑🌙 Nekomisaki Town -- An old, rural seaside town that's seen better days. You've been suddenly transferred to work at a local tourism company based there. The one who greets you upon arrival? Your upbeat senior, Momo Mitsuki . Not long after you arrive, the two of you are summoned by the compan","{""text_match"": 0.0076097515, ""cosine_similarity"": 0.3693328, ""reranker_score"": -7.5815563}"
2026-02-10T19:42:11+00:00,CORTEX_DB.RAW.CAT_GAMES_SVC_1_5,default,"melancholic, story-rich, small town, autumn vibes, weird stuff happening in the woods","melancholic, story-rich, small town, autumn vibes, weird stuff happening in the woods",[],,False,,,,keyword_extreme,0.3,10,100,0,1537,1537,,01c2535e-0005-0843-0001-397a0006d20a,,46,46,,7e-06,7e-06,,7e-06,,,,,[],[],[],[],[],[],,,,,,,True,False,[],[],,,,[],[],,,,7,Christmas Stories: The Christmas Tree Forest Collector's Edition,0.674659965,2020,English,Family Sharing;Single-player,Adventure;Casual,2D;Adventure;Casual;Colorful;Family Friendly;Fantasy;First-Person;Hidden Object;Interactive Fiction;Investigation;Puzzle;Relaxing;Singleplayer;Story Rich,"Elephant Games invites you to share in spirit of Christmas in the latest addition to the beloved Christmas Stories series! It's been a year since your mom went missing, but a magical message from her asking for help brings a renewed hope just in time for the holidays! As you rush to search, you quickly find things amiss in your town. Something’s keeping Christmas magic away, and your only hope lay in the Christmas Tree Forest! Can your holiday cheer save Christmas in time? Find out in this encha","{""text_match"": 0.028868161, ""cosine_similarity"": 0.34931993, ""reranker_score"": -7.490938}"
2026-02-10T19:42:11+00:00,CORTEX_DB.RAW.CAT_GAMES_SVC_1_5,default,"melancholic, story-rich, small town, autumn vibes, weird stuff happening in the woods","melancholic, story-rich, small town, autumn vibes, weird stuff happening in the woods",[],,False,,,,keyword_extreme,0.3,10,100,0,1537,1537,,01c2535e-0005-0843-0001-397a0006d20a,,46,46,,7e-06,7e-06,,7e-06,,,,,[],[],[],[],[],[],,,,,,,True,False,[],[],,,,[],[],,,,8,My life as a cat,0.695891025,2024,English,Family Sharing;Single-player,Adventure;Casual;Indie,Adventure;Atmospheric;Cats;Choices Matter;Choose Your Own Adventure;Dark;Emotional;Indie;Interactive Fiction;Multiple Endings;Narration;Nature;Philosophical;Relaxing;Singleplayer;Story Rich;Stylized;Survival;Text-Based;Visual Novel,"'My life as a cat' is a relaxing, slow-paced visual novel about longing for something different than the modern society and searching back to nature. It has AI-generated oil paintings to illustrate the fully voiced and texted story as you progress through it according to your choices. Will you have what it takes to survive out in the wilderness, or will you steer towards a not-so-favorable ending?","{""text_match"": 1.5915917e-07, ""cosine_similarity"": 0.39178205, ""reranker_score"": -8.513784}"
2026-02-10T19:42:11+00:00,CORTEX_DB.RAW.CAT_GAMES_SVC_1_5,default,"melancholic, story-rich, small town, autumn vibes, weird stuff happening in the woods","melancholic, story-rich, small town, autumn vibes, weird stuff happening in the woods",[],,False,,,,keyword_extreme,0.3,10,100,0,1537,1537,,01c2535e-0005-0843-0001-397a0006d20a,,46,46,,7e-06,7e-06,,7e-06,,,,,[],[],[],[],[],[],,,,,,,True,False,[],[],,,,[],[],,,,9,Wrapped With a Kiss,0.6781404600000001,2022,English,Family Sharing;Partial Controller Support;Single-player,Indie,2D;Casual;Choices Matter;Choose Your Own Adventure;Cute;Dating Sim;Drama;Emotional;Family Friendly;Female Protagonist;Indie;Interactive Fiction;Multiple Endings;Otome;Romance;Simulation;Singleplayer;Story Rich;Text-Based;Visual Novel,"A Christmas Themed Otome Game After losing her job and being blacklisted from the business world, Noel has no choice but to sell everything in her apartment and move away from the big city. Lucky for her, Noel's older sister offers the woman a place to stay during the holiday season. The only problem? The insurmountable pressure of her father's expectations, being a good aunt, and trying to find something meaningful to do with her time may just shatter Noel's world. Unless of course, the winter ","{""text_match"": 0.0027474102, ""cosine_similarity"": 0.35628092, ""reranker_score"": -7.8728743}"
2026-02-10T19:42:11+00:00,CORTEX_DB.RAW.CAT_GAMES_SVC_1_5,default,"melancholic, story-rich, small town, autumn vibes, weird stuff happening in the woods","melancholic, story-rich, small town, autumn vibes, weird stuff happening in the woods",[],,False,,,,keyword_extreme,0.3,10,100,0,1537,1537,,01c2535e-0005-0843-0001-397a0006d20a,,46,46,,7e-06,7e-06,,7e-06,,,,,[],[],[],[],[],[],,,,,,,True,False,[],[],,,,[],[],,,,10,Recursive Ruin,0.6809248649999999,2022,English;French;German;Italian;Russian;Simplified Chinese;Spanish - Spain,Family Sharing;Single-player;Steam Achievements;Steam Trading Cards,Action;Adventure;Casual;Indie,3D;Abstract;Action;Action-Adventure;Adventure;Atmospheric;Cats;Emotional;Experimental;Exploration;First-Person;Linear;Mystery;Philosophical;Puzzle;Puzzle-Platformer;Sci-fi;Singleplayer;Story Rich;Surreal,"Manipulate an infinitely recursive landscape to solve a series of environmental puzzles as you work through your own struggles with grief and a creative crisis. With Behemoth, The Cat at your side — or at least somewhere nearby — unlock an introspective journey through your past and discover new meaning in a chaotic world. A Dying, Visually Stunning World Lose yourself in the Infinite Realms, a dying, fractal world of strange beauty and mind-bending physics that repeats eternally inward and outw","{""text_match"": 0.0010381152, ""cosine_similarity"": 0.36184973, ""reranker_score"": -8.047462}"
2026-02-10T19:42:12+00:00,CORTEX_DB.RAW.CAT_GAMES_SVC_1_5,default,"melancholic, story-rich, small town, autumn vibes, weird stuff happening in the woods","melancholic, story-rich, small town, autumn vibes, weird stuff happening in the woods",[],,False,,,,keyword_extreme,0.65,10,100,0,1328,1328,,01c2535e-0005-0847-0001-397a0006c246,,35,35,,5e-06,5e-06,,5e-06,,,,,[],[],[],[],[],[],,,,,,,True,False,[],[],,,,[],[],,,,1,Night in the Woods,0.72443115,2017,English;Japanese,Family Sharing;Full controller support;Remote Play on TV;Single-player;Steam Achievements;Steam Cloud;Steam Trading Cards,Adventure,2D;2D Platformer;Adventure;Atmospheric;Capitalism;Cats;Choices Matter;Conversation;Dark Humor;Exploration;Funny;Hand-drawn;Mystery;Narrative;Platformer;Psychological Horror;Singleplayer;Story Rich;Stylized;Visual Novel,"College dropout Mae Borowski returns home to the crumbling former mining town of Possum Springs seeking to resume her aimless former life and reconnect with the friends she left behind. But things aren't the same. Home seems different now and her friends have grown and changed. Leaves are falling and the wind is growing colder. Strange things are happening as the light fades. And there's something in the woods. NIGHT IN THE WOODS is an adventure game focused on exploration, story, and character,","{""text_match"": 0.08682736, ""cosine_similarity"": 0.4488623, ""reranker_score"": -6.2826385}"
2026-02-10T19:42:12+00:00,CORTEX_DB.RAW.CAT_GAMES_SVC_1_5,default,"melancholic, story-rich, small town, autumn vibes, weird stuff happening in the woods","melancholic, story-rich, small town, autumn vibes, weird stuff happening in the woods",[],,False,,,,keyword_extreme,0.65,10,100,0,1328,1328,,01c2535e-0005-0847-0001-397a0006c246,,35,35,,5e-06,5e-06,,5e-06,,,,,[],[],[],[],[],[],,,,,,,True,False,[],[],,,,[],[],,,,2,The Good Life,0.72390908,2021,English;Japanese;Simplified Chinese;Traditional Chinese,Family Sharing;Full controller support;Single-player;Steam Achievements;Steam Cloud,Indie;RPG,3D;Adventure;Agriculture;Cats;Colorful;Comedy;Crime;Detective;Dog;Immersive Sim;Investigation;Life Sim;Multiple Endings;Mystery;Nature;Open World;RPG;Simulation;Story Rich;Third Person,"Journalist Naomi Hayward is drowning in debt and is at the end of her rope. Having accepted a request from The Morning Bell newspaper to “uncover the mystery of a small English town”, Naomi finds herself far from her home in New York, in Rainy Woods. Upon beginning her investigation, Naomi – camera in hand – soon discovers an inexplicable phenomenon in which the townspeople transform into cats and dogs as night falls... Then, as just she’s looking into that particular mystery, a murder occurs...","{""text_match"": 0.047859944, ""cosine_similarity"": 0.44781816, ""reranker_score"": -7.2004757}"
2026-02-10T19:42:12+00:00,CORTEX_DB.RAW.CAT_GAMES_SVC_1_5,default,"melancholic, story-rich, small town, autumn vibes, weird stuff happening in the woods","melancholic, story-rich, small town, autumn vibes, weird stuff happening in the woods",[],,False,,,,keyword_extreme,0.65,10,100,0,1328,1328,,01c2535e-0005-0847-0001-397a0006c246,,35,35,,5e-06,5e-06,,5e-06,,,,,[],[],[],[],[],[],,,,,,,True,False,[],[],,,,[],[],,,,3,Brass,0.69850141,2025,English;Italian;Japanese;Korean;Portuguese - Brazil,Camera Comfort;Custom Volume Controls;Family Sharing;Full controller support;Keyboard Only Option;Playable without Timed Input;Save Anytime;Single-player;Steam Achievements;Steam Cloud,Adventure;Casual;Indie,3D;Adventure;Atmospheric;Casual;Cats;Colorful;Controller;Cozy;Cute;Drama;Emotional;Exploration;Indie;Interactive Fiction;Mystery;Nature;Point & Click;Relaxing;Singleplayer;Story Rich,"The only post office in a small village in the mountains, the main character of this story, Brass, works here. His job is to deliver letters and packages to the local people. One day, Brass receives a letter from his grandmother who lives in a town by the sea, and a new adventure begins. A Peaceful, Cozy Adventure Game The story progresses through conversations with the villagers and errands. There is no combat or intense action in this game. Please enjoy it in a relaxed atmosphere. A Little Mys","{""text_match"": 0.019023063, ""cosine_similarity"": 0.39700282, ""reranker_score"": -7.442715}"
2026-02-10T19:42:12+00:00,CORTEX_DB.RAW.CAT_GAMES_SVC_1_5,default,"melancholic, story-rich, small town, autumn vibes, weird stuff happening in the woods","melancholic, story-rich, small town, autumn vibes, weird stuff happening in the woods",[],,False,,,,keyword_extreme,0.65,10,100,0,1328,1328,,01c2535e-0005-0847-0001-397a0006c246,,35,35,,5e-06,5e-06,,5e-06,,,,,[],[],[],[],[],[],,,,,,,True,False,[],[],,,,[],[],,,,4,Wild Souls,0.71451172,2022,English;French,Family Sharing;Single-player,Casual;Early Access;Indie;Simulation,2D;Agriculture;Atmospheric;Cats;Cute;Dog;Early Access;God Game;Horses;Level Editor;Management;Minimalist;Nature;Relaxing;Resource Management;Sandbox;Simulation;Singleplayer;Stylized;Top-Down,"Plant a tree, watch the forest grow. Wild Souls is a chill ecosystem sim with no time pressure, inspired by Don't Starve and Zoo Tycoon. Build your own world like you would a garden, experiment which animals and plant species can live together, manage and balance the populations, write YOUR stories. You start as a Souls Keeper : a being with the power to gather the souls of recently deceased animals and plants. Those souls can be offered a new life, in a new body. But which body ? You decide. De","{""text_match"": 0.003442812, ""cosine_similarity"": 0.42902344, ""reranker_score"": -8.441682}"
2026-02-10T19:42:12+00:00,CORTEX_DB.RAW.CAT_GAMES_SVC_1_5,default,"melancholic, story-rich, small town, autumn vibes, weird stuff happening in the woods","melancholic, story-rich, small town, autumn vibes, weird stuff happening in the woods",[],,False,,,,keyword_extreme,0.65,10,100,0,1328,1328,,01c2535e-0005-0847-0001-397a0006c246,,35,35,,5e-06,5e-06,,5e-06,,,,,[],[],[],[],[],[],,,,,,,True,False,[],[],,,,[],[],,,,5,Wilderless: Meadowfell,0.69606504,2025,English,Family Sharing;Partial Controller Support;Single-player,Adventure;Casual;Indie;RPG;Simulation,Atmospheric;Casual;Cats;Colorful;Cute;Dragons;Exploration;Fantasy;First-Person;Flight;Horses;LGBTQ+;Nature;Open World;RPG;Sandbox;Simulation;Stylized;Third Person;Walking Simulator,"From the creator of the indie hidden gems Nimian Legends: BrightRidge and Wilderless comes Wilderless: Meadowfell, a cozy open-world game crafted for those who love to unwind and explore at their own pace. This is a serene, untamed wilderness designed for relaxation and creativity, perfect for players who enjoy non-violent games, exploration, and cozy escapes. A VIVID, UNTAMED WORLD TO EXPLORE • Explore a serene, pastoral landscape filled with gentle rivers, peaceful lakes, rolling hills, and lu","{""text_match"": 1.519123e-07, ""cosine_similarity"": 0.39213008, ""reranker_score"": -8.0210495}"
2026-02-10T19:42:12+00:00,CORTEX_DB.RAW.CAT_GAMES_SVC_1_5,default,"melancholic, story-rich, small town, autumn vibes, weird stuff happening in the woods","melancholic, story-rich, small town, autumn vibes, weird stuff happening in the woods",[],,False,,,,keyword_extreme,0.65,10,100,0,1328,1328,,01c2535e-0005-0847-0001-397a0006c246,,35,35,,5e-06,5e-06,,5e-06,,,,,[],[],[],[],[],[],,,,,,,True,False,[],[],,,,[],[],,,,6,猫猫旅行社欢迎你！ Momo's Revitalization Project!,0.6846664,2025,English;Japanese;Simplified Chinese;Traditional Chinese,Family Sharing;Single-player,Adventure;Casual;Simulation,2D;Adventure;Anime;Atmospheric;Casual;Cats;Choose Your Own Adventure;Collectathon;Comedy;Cute;Dating Sim;Drama;Economy;Emotional;Modern;Multiple Endings;Romance;Simulation;Text-Based;Visual Novel,"'Welcome to Nekoneko Tourism!!' A visual novel featuring VTuber Momo Mitsuki in the leading role! Can you and Momo successfully carry out the Nekomisaki Town's Revitalization Project together? 🌙🍑 Synopsis 🍑🌙 Nekomisaki Town -- An old, rural seaside town that's seen better days. You've been suddenly transferred to work at a local tourism company based there. The one who greets you upon arrival? Your upbeat senior, Momo Mitsuki . Not long after you arrive, the two of you are summoned by the compan","{""text_match"": 0.0076097515, ""cosine_similarity"": 0.3693328, ""reranker_score"": -7.5815563}"
2026-02-10T19:42:12+00:00,CORTEX_DB.RAW.CAT_GAMES_SVC_1_5,default,"melancholic, story-rich, small town, autumn vibes, weird stuff happening in the woods","melancholic, story-rich, small town, autumn vibes, weird stuff happening in the woods",[],,False,,,,keyword_extreme,0.65,10,100,0,1328,1328,,01c2535e-0005-0847-0001-397a0006c246,,35,35,,5e-06,5e-06,,5e-06,,,,,[],[],[],[],[],[],,,,,,,True,False,[],[],,,,[],[],,,,7,Christmas Stories: The Christmas Tree Forest Collector's Edition,0.674659965,2020,English,Family Sharing;Single-player,Adventure;Casual,2D;Adventure;Casual;Colorful;Family Friendly;Fantasy;First-Person;Hidden Object;Interactive Fiction;Investigation;Puzzle;Relaxing;Singleplayer;Story Rich,"Elephant Games invites you to share in spirit of Christmas in the latest addition to the beloved Christmas Stories series! It's been a year since your mom went missing, but a magical message from her asking for help brings a renewed hope just in time for the holidays! As you rush to search, you quickly find things amiss in your town. Something’s keeping Christmas magic away, and your only hope lay in the Christmas Tree Forest! Can your holiday cheer save Christmas in time? Find out in this encha","{""text_match"": 0.028868161, ""cosine_similarity"": 0.34931993, ""reranker_score"": -7.490938}"
2026-02-10T19:42:12+00:00,CORTEX_DB.RAW.CAT_GAMES_SVC_1_5,default,"melancholic, story-rich, small town, autumn vibes, weird stuff happening in the woods","melancholic, story-rich, small town, autumn vibes, weird stuff happening in the woods",[],,False,,,,keyword_extreme,0.65,10,100,0,1328,1328,,01c2535e-0005-0847-0001-397a0006c246,,35,35,,5e-06,5e-06,,5e-06,,,,,[],[],[],[],[],[],,,,,,,True,False,[],[],,,,[],[],,,,8,My life as a cat,0.695891025,2024,English,Family Sharing;Single-player,Adventure;Casual;Indie,Adventure;Atmospheric;Cats;Choices Matter;Choose Your Own Adventure;Dark;Emotional;Indie;Interactive Fiction;Multiple Endings;Narration;Nature;Philosophical;Relaxing;Singleplayer;Story Rich;Stylized;Survival;Text-Based;Visual Novel,"'My life as a cat' is a relaxing, slow-paced visual novel about longing for something different than the modern society and searching back to nature. It has AI-generated oil paintings to illustrate the fully voiced and texted story as you progress through it according to your choices. Will you have what it takes to survive out in the wilderness, or will you steer towards a not-so-favorable ending?","{""text_match"": 1.5915917e-07, ""cosine_similarity"": 0.39178205, ""reranker_score"": -8.513784}"
2026-02-10T19:42:12+00:00,CORTEX_DB.RAW.CAT_GAMES_SVC_1_5,default,"melancholic, story-rich, small town, autumn vibes, weird stuff happening in the woods","melancholic, story-rich, small town, autumn vibes, weird stuff happening in the woods",[],,False,,,,keyword_extreme,0.65,10,100,0,1328,1328,,01c2535e-0005-0847-0001-397a0006c246,,35,35,,5e-06,5e-06,,5e-06,,,,,[],[],[],[],[],[],,,,,,,True,False,[],[],,,,[],[],,,,9,Wrapped With a Kiss,0.6781404600000001,2022,English,Family Sharing;Partial Controller Support;Single-player,Indie,2D;Casual;Choices Matter;Choose Your Own Adventure;Cute;Dating Sim;Drama;Emotional;Family Friendly;Female Protagonist;Indie;Interactive Fiction;Multiple Endings;Otome;Romance;Simulation;Singleplayer;Story Rich;Text-Based;Visual Novel,"A Christmas Themed Otome Game After losing her job and being blacklisted from the business world, Noel has no choice but to sell everything in her apartment and move away from the big city. Lucky for her, Noel's older sister offers the woman a place to stay during the holiday season. The only problem? The insurmountable pressure of her father's expectations, being a good aunt, and trying to find something meaningful to do with her time may just shatter Noel's world. Unless of course, the winter ","{""text_match"": 0.0027474102, ""cosine_similarity"": 0.35628092, ""reranker_score"": -7.8728743}"
2026-02-10T19:42:12+00:00,CORTEX_DB.RAW.CAT_GAMES_SVC_1_5,default,"melancholic, story-rich, small town, autumn vibes, weird stuff happening in the woods","melancholic, story-rich, small town, autumn vibes, weird stuff happening in the woods",[],,False,,,,keyword_extreme,0.65,10,100,0,1328,1328,,01c2535e-0005-0847-0001-397a0006c246,,35,35,,5e-06,5e-06,,5e-06,,,,,[],[],[],[],[],[],,,,,,,True,False,[],[],,,,[],[],,,,10,Recursive Ruin,0.6809248649999999,2022,English;French;German;Italian;Russian;Simplified Chinese;Spanish - Spain,Family Sharing;Single-player;Steam Achievements;Steam Trading Cards,Action;Adventure;Casual;Indie,3D;Abstract;Action;Action-Adventure;Adventure;Atmospheric;Cats;Emotional;Experimental;Exploration;First-Person;Linear;Mystery;Philosophical;Puzzle;Puzzle-Platformer;Sci-fi;Singleplayer;Story Rich;Surreal,"Manipulate an infinitely recursive landscape to solve a series of environmental puzzles as you work through your own struggles with grief and a creative crisis. With Behemoth, The Cat at your side — or at least somewhere nearby — unlock an introspective journey through your past and discover new meaning in a chaotic world. A Dying, Visually Stunning World Lose yourself in the Infinite Realms, a dying, fractal world of strange beauty and mind-bending physics that repeats eternally inward and outw","{""text_match"": 0.0010381152, ""cosine_similarity"": 0.36184973, ""reranker_score"": -8.047462}"
2026-02-10T19:42:15+00:00,CORTEX_DB.RAW.CAT_GAMES_SVC_1_5,default,"melancholic, story-rich, small town, autumn vibes, weird stuff happening in the woods","melancholic, story-rich, small town, autumn vibes, weird stuff happening in the woods",[],,False,,,,no_reranker_balanced,0.3,10,100,0,879,879,,01c2535e-0005-0846-0001-397a00068f5e,,45,45,,7e-06,7e-06,,7e-06,,,,,[],[],[],[],[],[],,,,,,,True,False,[],[],,,,[],[],,,,1,Night in the Woods,0.72443115,2017,English;Japanese,Family Sharing;Full controller support;Remote Play on TV;Single-player;Steam Achievements;Steam Cloud;Steam Trading Cards,Adventure,2D;2D Platformer;Adventure;Atmospheric;Capitalism;Cats;Choices Matter;Conversation;Dark Humor;Exploration;Funny;Hand-drawn;Mystery;Narrative;Platformer;Psychological Horror;Singleplayer;Story Rich;Stylized;Visual Novel,"College dropout Mae Borowski returns home to the crumbling former mining town of Possum Springs seeking to resume her aimless former life and reconnect with the friends she left behind. But things aren't the same. Home seems different now and her friends have grown and changed. Leaves are falling and the wind is growing colder. Strange things are happening as the light fades. And there's something in the woods. NIGHT IN THE WOODS is an adventure game focused on exploration, story, and character,","{""text_match"": 0.08682736, ""cosine_similarity"": 0.4488623}"
2026-02-10T19:42:15+00:00,CORTEX_DB.RAW.CAT_GAMES_SVC_1_5,default,"melancholic, story-rich, small town, autumn vibes, weird stuff happening in the woods","melancholic, story-rich, small town, autumn vibes, weird stuff happening in the woods",[],,False,,,,no_reranker_balanced,0.3,10,100,0,879,879,,01c2535e-0005-0846-0001-397a00068f5e,,45,45,,7e-06,7e-06,,7e-06,,,,,[],[],[],[],[],[],,,,,,,True,False,[],[],,,,[],[],,,,2,The Good Life,0.72390908,2021,English;Japanese;Simplified Chinese;Traditional Chinese,Family Sharing;Full controller support;Single-player;Steam Achievements;Steam Cloud,Indie;RPG,3D;Adventure;Agriculture;Cats;Colorful;Comedy;Crime;Detective;Dog;Immersive Sim;Investigation;Life Sim;Multiple Endings;Mystery;Nature;Open World;RPG;Simulation;Story Rich;Third Person,"Journalist Naomi Hayward is drowning in debt and is at the end of her rope. Having accepted a request from The Morning Bell newspaper to “uncover the mystery of a small English town”, Naomi finds herself far from her home in New York, in Rainy Woods. Upon beginning her investigation, Naomi – camera in hand – soon discovers an inexplicable phenomenon in which the townspeople transform into cats and dogs as night falls... Then, as just she’s looking into that particular mystery, a murder occurs...","{""text_match"": 0.047859944, ""cosine_similarity"": 0.44781816}"
2026-02-10T19:42:15+00:00,CORTEX_DB.RAW.CAT_GAMES_SVC_1_5,default,"melancholic, story-rich, small town, autumn vibes, weird stuff happening in the woods","melancholic, story-rich, small town, autumn vibes, weird stuff happening in the woods",[],,False,,,,no_reranker_balanced,0.3,10,100,0,879,879,,01c2535e-0005-0846-0001-397a00068f5e,,45,45,,7e-06,7e-06,,7e-06,,,,,[],[],[],[],[],[],,,,,,,True,False,[],[],,,,[],[],,,,3,Wild Souls,0.71451172,2022,English;French,Family Sharing;Single-player,Casual;Early Access;Indie;Simulation,2D;Agriculture;Atmospheric;Cats;Cute;Dog;Early Access;God Game;Horses;Level Editor;Management;Minimalist;Nature;Relaxing;Resource Management;Sandbox;Simulation;Singleplayer;Stylized;Top-Down,"Plant a tree, watch the forest grow. Wild Souls is a chill ecosystem sim with no time pressure, inspired by Don't Starve and Zoo Tycoon. Build your own world like you would a garden, experiment which animals and plant species can live together, manage and balance the populations, write YOUR stories. You start as a Souls Keeper : a being with the power to gather the souls of recently deceased animals and plants. Those souls can be offered a new life, in a new body. But which body ? You decide. De","{""text_match"": 0.003442812, ""cosine_similarity"": 0.42902344}"
2026-02-10T19:42:15+00:00,CORTEX_DB.RAW.CAT_GAMES_SVC_1_5,default,"melancholic, story-rich, small town, autumn vibes, weird stuff happening in the woods","melancholic, story-rich, small town, autumn vibes, weird stuff happening in the woods",[],,False,,,,no_reranker_balanced,0.3,10,100,0,879,879,,01c2535e-0005-0846-0001-397a00068f5e,,45,45,,7e-06,7e-06,,7e-06,,,,,[],[],[],[],[],[],,,,,,,True,False,[],[],,,,[],[],,,,4,Brass,0.69850141,2025,English;Italian;Japanese;Korean;Portuguese - Brazil,Camera Comfort;Custom Volume Controls;Family Sharing;Full controller support;Keyboard Only Option;Playable without Timed Input;Save Anytime;Single-player;Steam Achievements;Steam Cloud,Adventure;Casual;Indie,3D;Adventure;Atmospheric;Casual;Cats;Colorful;Controller;Cozy;Cute;Drama;Emotional;Exploration;Indie;Interactive Fiction;Mystery;Nature;Point & Click;Relaxing;Singleplayer;Story Rich,"The only post office in a small village in the mountains, the main character of this story, Brass, works here. His job is to deliver letters and packages to the local people. One day, Brass receives a letter from his grandmother who lives in a town by the sea, and a new adventure begins. A Peaceful, Cozy Adventure Game The story progresses through conversations with the villagers and errands. There is no combat or intense action in this game. Please enjoy it in a relaxed atmosphere. A Little Mys","{""text_match"": 0.019023063, ""cosine_similarity"": 0.39700282}"
2026-02-10T19:42:15+00:00,CORTEX_DB.RAW.CAT_GAMES_SVC_1_5,default,"melancholic, story-rich, small town, autumn vibes, weird stuff happening in the woods","melancholic, story-rich, small town, autumn vibes, weird stuff happening in the woods",[],,False,,,,no_reranker_balanced,0.3,10,100,0,879,879,,01c2535e-0005-0846-0001-397a00068f5e,,45,45,,7e-06,7e-06,,7e-06,,,,,[],[],[],[],[],[],,,,,,,True,False,[],[],,,,[],[],,,,5,Wilderless: Meadowfell,0.69606504,2025,English,Family Sharing;Partial Controller Support;Single-player,Adventure;Casual;Indie;RPG;Simulation,Atmospheric;Casual;Cats;Colorful;Cute;Dragons;Exploration;Fantasy;First-Person;Flight;Horses;LGBTQ+;Nature;Open World;RPG;Sandbox;Simulation;Stylized;Third Person;Walking Simulator,"From the creator of the indie hidden gems Nimian Legends: BrightRidge and Wilderless comes Wilderless: Meadowfell, a cozy open-world game crafted for those who love to unwind and explore at their own pace. This is a serene, untamed wilderness designed for relaxation and creativity, perfect for players who enjoy non-violent games, exploration, and cozy escapes. A VIVID, UNTAMED WORLD TO EXPLORE • Explore a serene, pastoral landscape filled with gentle rivers, peaceful lakes, rolling hills, and lu","{""text_match"": 1.519123e-07, ""cosine_similarity"": 0.39213008}"
2026-02-10T19:42:15+00:00,CORTEX_DB.RAW.CAT_GAMES_SVC_1_5,default,"melancholic, story-rich, small town, autumn vibes, weird stuff happening in the woods","melancholic, story-rich, small town, autumn vibes, weird stuff happening in the woods",[],,False,,,,no_reranker_balanced,0.3,10,100,0,879,879,,01c2535e-0005-0846-0001-397a00068f5e,,45,45,,7e-06,7e-06,,7e-06,,,,,[],[],[],[],[],[],,,,,,,True,False,[],[],,,,[],[],,,,6,My life as a cat,0.695891025,2024,English,Family Sharing;Single-player,Adventure;Casual;Indie,Adventure;Atmospheric;Cats;Choices Matter;Choose Your Own Adventure;Dark;Emotional;Indie;Interactive Fiction;Multiple Endings;Narration;Nature;Philosophical;Relaxing;Singleplayer;Story Rich;Stylized;Survival;Text-Based;Visual Novel,"'My life as a cat' is a relaxing, slow-paced visual novel about longing for something different than the modern society and searching back to nature. It has AI-generated oil paintings to illustrate the fully voiced and texted story as you progress through it according to your choices. Will you have what it takes to survive out in the wilderness, or will you steer towards a not-so-favorable ending?","{""text_match"": 1.5915917e-07, ""cosine_similarity"": 0.39178205}"
2026-02-10T19:42:15+00:00,CORTEX_DB.RAW.CAT_GAMES_SVC_1_5,default,"melancholic, story-rich, small town, autumn vibes, weird stuff happening in the woods","melancholic, story-rich, small town, autumn vibes, weird stuff happening in the woods",[],,False,,,,no_reranker_balanced,0.3,10,100,0,879,879,,01c2535e-0005-0846-0001-397a00068f5e,,45,45,,7e-06,7e-06,,7e-06,,,,,[],[],[],[],[],[],,,,,,,True,False,[],[],,,,[],[],,,,7,Summer Memory of Bell,0.68893,2018,English;Russian;Simplified Chinese;Traditional Chinese,Family Sharing;Partial Controller Support;Remote Play on Phone;Remote Play on Tablet;Single-player;Steam Achievements;Steam Cloud;Steam Trading Cards,Adventure;Casual;Indie,Adventure;Anime;Casual;Cats;Emotional;Indie;Visual Novel,"This is a Galgame about pure love which takes place in the summer, produced by Galgame Department of Jinan University's unnamed cartoon club in 2015 and re-optimized three years later. Story Introduction A teenager trapped in the memories of past meets a disoriented girl who has lost her memories. What could they change, and what could they save? Where would the fate lead them? Their story starts from here. Characters Introduction Bell A young girl with cat ears and tail who has been saved by th","{""text_match"": 0.0019399584, ""cosine_similarity"": 0.37786}"
2026-02-10T19:42:15+00:00,CORTEX_DB.RAW.CAT_GAMES_SVC_1_5,default,"melancholic, story-rich, small town, autumn vibes, weird stuff happening in the woods","melancholic, story-rich, small town, autumn vibes, weird stuff happening in the woods",[],,False,,,,no_reranker_balanced,0.3,10,100,0,879,879,,01c2535e-0005-0846-0001-397a00068f5e,,45,45,,7e-06,7e-06,,7e-06,,,,,[],[],[],[],[],[],,,,,,,True,False,[],[],,,,[],[],,,,8,猫猫旅行社欢迎你！ Momo's Revitalization Project!,0.6846664,2025,English;Japanese;Simplified Chinese;Traditional Chinese,Family Sharing;Single-player,Adventure;Casual;Simulation,2D;Adventure;Anime;Atmospheric;Casual;Cats;Choose Your Own Adventure;Collectathon;Comedy;Cute;Dating Sim;Drama;Economy;Emotional;Modern;Multiple Endings;Romance;Simulation;Text-Based;Visual Novel,"'Welcome to Nekoneko Tourism!!' A visual novel featuring VTuber Momo Mitsuki in the leading role! Can you and Momo successfully carry out the Nekomisaki Town's Revitalization Project together? 🌙🍑 Synopsis 🍑🌙 Nekomisaki Town -- An old, rural seaside town that's seen better days. You've been suddenly transferred to work at a local tourism company based there. The one who greets you upon arrival? Your upbeat senior, Momo Mitsuki . Not long after you arrive, the two of you are summoned by the compan","{""text_match"": 0.0076097515, ""cosine_similarity"": 0.3693328}"
2026-02-10T19:42:15+00:00,CORTEX_DB.RAW.CAT_GAMES_SVC_1_5,default,"melancholic, story-rich, small town, autumn vibes, weird stuff happening in the woods","melancholic, story-rich, small town, autumn vibes, weird stuff happening in the woods",[],,False,,,,no_reranker_balanced,0.3,10,100,0,879,879,,01c2535e-0005-0846-0001-397a00068f5e,,45,45,,7e-06,7e-06,,7e-06,,,,,[],[],[],[],[],[],,,,,,,True,False,[],[],,,,[],[],,,,9,Tails and Pines,0.682839125,2022,English,Family Sharing;Single-player,Casual,Anime;Casual;Cats;Comedy;Dating Sim;Drama;Female Protagonist;Funny;Hentai;Indie;LGBTQ+;Mature;NSFW;Nudity;Puzzle;Romance;Sexual Content;Singleplayer;Story Rich;Visual Novel,"This is a story about two friends, Stacey and April, who haven’t seen each other in nearly a decade. After graduating from school, Stacey moved to a big city, while April stayed in their hometown. Now, as they reunite, new and unfamiliar feelings arise between them. But first, they must understand each other and reminisce about their past in order to be together. Tails and Pines is a short novel about envy, love, relationships, and pursuing your dreams. Do you realize your dreams at the cost of ","{""text_match"": 0.0003043432, ""cosine_similarity"": 0.36567825}"
2026-02-10T19:42:15+00:00,CORTEX_DB.RAW.CAT_GAMES_SVC_1_5,default,"melancholic, story-rich, small town, autumn vibes, weird stuff happening in the woods","melancholic, story-rich, small town, autumn vibes, weird stuff happening in the woods",[],,False,,,,no_reranker_balanced,0.3,10,100,0,879,879,,01c2535e-0005-0846-0001-397a00068f5e,,45,45,,7e-06,7e-06,,7e-06,,,,,[],[],[],[],[],[],,,,,,,True,False,[],[],,,,[],[],,,,10,Purrfect Apawcalypse: Patches' Infurno,0.682839125,2021,English;Japanese;Portuguese - Brazil;Russian;Simplified Chinese,Family Sharing;Single-player;Steam Achievements,Adventure;Indie;RPG,Cats;Choices Matter;Choose Your Own Adventure;Cute;Dark Humor;Dating Sim;Dog;Funny;Horror;Interactive Fiction;LGBTQ+;Magic;Multiple Endings;Point & Click;Post-apocalyptic;Puzzle;RPG;Romance;Story Rich;Visual Novel,"Patches is dragged to school for the first ever cat-and-dog school day! With Coco and Brownie distracted with home ec class, Olive and Angel busy with literature, and Sparky and Ginger occupied by gym, Patches has free reign over the school... Almost. All he needs to do is get this damn collar off and wreak some havoc! Will he prove cats and dogs can get along, or will he make this the Purrfect Apawcalypse? This game contains cartoon gore, bifurcated dogs, headless dogs, generally dogs not havin","{""text_match"": 1.4550778e-07, ""cosine_similarity"": 0.36567825}"
2026-02-10T19:42:18+00:00,CORTEX_DB.RAW.CAT_GAMES_SVC_1_5,default,"melancholic, story-rich, small town, autumn vibes, weird stuff happening in the woods","melancholic, story-rich, small town, autumn vibes, weird stuff happening in the woods",[],,False,,,,no_reranker_balanced,0.65,10,100,0,3172,3172,,01c2535e-0005-0843-0001-397a0006d21e,,32,32,,5e-06,5e-06,,5e-06,,,,,[],[],[],[],[],[],,,,,,,True,False,[],[],,,,[],[],,,,1,Night in the Woods,0.72443115,2017,English;Japanese,Family Sharing;Full controller support;Remote Play on TV;Single-player;Steam Achievements;Steam Cloud;Steam Trading Cards,Adventure,2D;2D Platformer;Adventure;Atmospheric;Capitalism;Cats;Choices Matter;Conversation;Dark Humor;Exploration;Funny;Hand-drawn;Mystery;Narrative;Platformer;Psychological Horror;Singleplayer;Story Rich;Stylized;Visual Novel,"College dropout Mae Borowski returns home to the crumbling former mining town of Possum Springs seeking to resume her aimless former life and reconnect with the friends she left behind. But things aren't the same. Home seems different now and her friends have grown and changed. Leaves are falling and the wind is growing colder. Strange things are happening as the light fades. And there's something in the woods. NIGHT IN THE WOODS is an adventure game focused on exploration, story, and character,","{""text_match"": 0.08682736, ""cosine_similarity"": 0.4488623}"
2026-02-10T19:42:18+00:00,CORTEX_DB.RAW.CAT_GAMES_SVC_1_5,default,"melancholic, story-rich, small town, autumn vibes, weird stuff happening in the woods","melancholic, story-rich, small town, autumn vibes, weird stuff happening in the woods",[],,False,,,,no_reranker_balanced,0.65,10,100,0,3172,3172,,01c2535e-0005-0843-0001-397a0006d21e,,32,32,,5e-06,5e-06,,5e-06,,,,,[],[],[],[],[],[],,,,,,,True,False,[],[],,,,[],[],,,,2,The Good Life,0.72390908,2021,English;Japanese;Simplified Chinese;Traditional Chinese,Family Sharing;Full controller support;Single-player;Steam Achievements;Steam Cloud,Indie;RPG,3D;Adventure;Agriculture;Cats;Colorful;Comedy;Crime;Detective;Dog;Immersive Sim;Investigation;Life Sim;Multiple Endings;Mystery;Nature;Open World;RPG;Simulation;Story Rich;Third Person,"Journalist Naomi Hayward is drowning in debt and is at the end of her rope. Having accepted a request from The Morning Bell newspaper to “uncover the mystery of a small English town”, Naomi finds herself far from her home in New York, in Rainy Woods. Upon beginning her investigation, Naomi – camera in hand – soon discovers an inexplicable phenomenon in which the townspeople transform into cats and dogs as night falls... Then, as just she’s looking into that particular mystery, a murder occurs...","{""text_match"": 0.047859944, ""cosine_similarity"": 0.44781816}"
2026-02-10T19:42:18+00:00,CORTEX_DB.RAW.CAT_GAMES_SVC_1_5,default,"melancholic, story-rich, small town, autumn vibes, weird stuff happening in the woods","melancholic, story-rich, small town, autumn vibes, weird stuff happening in the woods",[],,False,,,,no_reranker_balanced,0.65,10,100,0,3172,3172,,01c2535e-0005-0843-0001-397a0006d21e,,32,32,,5e-06,5e-06,,5e-06,,,,,[],[],[],[],[],[],,,,,,,True,False,[],[],,,,[],[],,,,3,Wild Souls,0.71451172,2022,English;French,Family Sharing;Single-player,Casual;Early Access;Indie;Simulation,2D;Agriculture;Atmospheric;Cats;Cute;Dog;Early Access;God Game;Horses;Level Editor;Management;Minimalist;Nature;Relaxing;Resource Management;Sandbox;Simulation;Singleplayer;Stylized;Top-Down,"Plant a tree, watch the forest grow. Wild Souls is a chill ecosystem sim with no time pressure, inspired by Don't Starve and Zoo Tycoon. Build your own world like you would a garden, experiment which animals and plant species can live together, manage and balance the populations, write YOUR stories. You start as a Souls Keeper : a being with the power to gather the souls of recently deceased animals and plants. Those souls can be offered a new life, in a new body. But which body ? You decide. De","{""text_match"": 0.003442812, ""cosine_similarity"": 0.42902344}"
2026-02-10T19:42:18+00:00,CORTEX_DB.RAW.CAT_GAMES_SVC_1_5,default,"melancholic, story-rich, small town, autumn vibes, weird stuff happening in the woods","melancholic, story-rich, small town, autumn vibes, weird stuff happening in the woods",[],,False,,,,no_reranker_balanced,0.65,10,100,0,3172,3172,,01c2535e-0005-0843-0001-397a0006d21e,,32,32,,5e-06,5e-06,,5e-06,,,,,[],[],[],[],[],[],,,,,,,True,False,[],[],,,,[],[],,,,4,Brass,0.69850141,2025,English;Italian;Japanese;Korean;Portuguese - Brazil,Camera Comfort;Custom Volume Controls;Family Sharing;Full controller support;Keyboard Only Option;Playable without Timed Input;Save Anytime;Single-player;Steam Achievements;Steam Cloud,Adventure;Casual;Indie,3D;Adventure;Atmospheric;Casual;Cats;Colorful;Controller;Cozy;Cute;Drama;Emotional;Exploration;Indie;Interactive Fiction;Mystery;Nature;Point & Click;Relaxing;Singleplayer;Story Rich,"The only post office in a small village in the mountains, the main character of this story, Brass, works here. His job is to deliver letters and packages to the local people. One day, Brass receives a letter from his grandmother who lives in a town by the sea, and a new adventure begins. A Peaceful, Cozy Adventure Game The story progresses through conversations with the villagers and errands. There is no combat or intense action in this game. Please enjoy it in a relaxed atmosphere. A Little Mys","{""text_match"": 0.019023063, ""cosine_similarity"": 0.39700282}"
2026-02-10T19:42:18+00:00,CORTEX_DB.RAW.CAT_GAMES_SVC_1_5,default,"melancholic, story-rich, small town, autumn vibes, weird stuff happening in the woods","melancholic, story-rich, small town, autumn vibes, weird stuff happening in the woods",[],,False,,,,no_reranker_balanced,0.65,10,100,0,3172,3172,,01c2535e-0005-0843-0001-397a0006d21e,,32,32,,5e-06,5e-06,,5e-06,,,,,[],[],[],[],[],[],,,,,,,True,False,[],[],,,,[],[],,,,5,Wilderless: Meadowfell,0.69606504,2025,English,Family Sharing;Partial Controller Support;Single-player,Adventure;Casual;Indie;RPG;Simulation,Atmospheric;Casual;Cats;Colorful;Cute;Dragons;Exploration;Fantasy;First-Person;Flight;Horses;LGBTQ+;Nature;Open World;RPG;Sandbox;Simulation;Stylized;Third Person;Walking Simulator,"From the creator of the indie hidden gems Nimian Legends: BrightRidge and Wilderless comes Wilderless: Meadowfell, a cozy open-world game crafted for those who love to unwind and explore at their own pace. This is a serene, untamed wilderness designed for relaxation and creativity, perfect for players who enjoy non-violent games, exploration, and cozy escapes. A VIVID, UNTAMED WORLD TO EXPLORE • Explore a serene, pastoral landscape filled with gentle rivers, peaceful lakes, rolling hills, and lu","{""text_match"": 1.519123e-07, ""cosine_similarity"": 0.39213008}"
2026-02-10T19:42:18+00:00,CORTEX_DB.RAW.CAT_GAMES_SVC_1_5,default,"melancholic, story-rich, small town, autumn vibes, weird stuff happening in the woods","melancholic, story-rich, small town, autumn vibes, weird stuff happening in the woods",[],,False,,,,no_reranker_balanced,0.65,10,100,0,3172,3172,,01c2535e-0005-0843-0001-397a0006d21e,,32,32,,5e-06,5e-06,,5e-06,,,,,[],[],[],[],[],[],,,,,,,True,False,[],[],,,,[],[],,,,6,My life as a cat,0.695891025,2024,English,Family Sharing;Single-player,Adventure;Casual;Indie,Adventure;Atmospheric;Cats;Choices Matter;Choose Your Own Adventure;Dark;Emotional;Indie;Interactive Fiction;Multiple Endings;Narration;Nature;Philosophical;Relaxing;Singleplayer;Story Rich;Stylized;Survival;Text-Based;Visual Novel,"'My life as a cat' is a relaxing, slow-paced visual novel about longing for something different than the modern society and searching back to nature. It has AI-generated oil paintings to illustrate the fully voiced and texted story as you progress through it according to your choices. Will you have what it takes to survive out in the wilderness, or will you steer towards a not-so-favorable ending?","{""text_match"": 1.5915917e-07, ""cosine_similarity"": 0.39178205}"
2026-02-10T19:42:18+00:00,CORTEX_DB.RAW.CAT_GAMES_SVC_1_5,default,"melancholic, story-rich, small town, autumn vibes, weird stuff happening in the woods","melancholic, story-rich, small town, autumn vibes, weird stuff happening in the woods",[],,False,,,,no_reranker_balanced,0.65,10,100,0,3172,3172,,01c2535e-0005-0843-0001-397a0006d21e,,32,32,,5e-06,5e-06,,5e-06,,,,,[],[],[],[],[],[],,,,,,,True,False,[],[],,,,[],[],,,,7,Summer Memory of Bell,0.68893,2018,English;Russian;Simplified Chinese;Traditional Chinese,Family Sharing;Partial Controller Support;Remote Play on Phone;Remote Play on Tablet;Single-player;Steam Achievements;Steam Cloud;Steam Trading Cards,Adventure;Casual;Indie,Adventure;Anime;Casual;Cats;Emotional;Indie;Visual Novel,"This is a Galgame about pure love which takes place in the summer, produced by Galgame Department of Jinan University's unnamed cartoon club in 2015 and re-optimized three years later. Story Introduction A teenager trapped in the memories of past meets a disoriented girl who has lost her memories. What could they change, and what could they save? Where would the fate lead them? Their story starts from here. Characters Introduction Bell A young girl with cat ears and tail who has been saved by th","{""text_match"": 0.0019399584, ""cosine_similarity"": 0.37786}"
2026-02-10T19:42:18+00:00,CORTEX_DB.RAW.CAT_GAMES_SVC_1_5,default,"melancholic, story-rich, small town, autumn vibes, weird stuff happening in the woods","melancholic, story-rich, small town, autumn vibes, weird stuff happening in the woods",[],,False,,,,no_reranker_balanced,0.65,10,100,0,3172,3172,,01c2535e-0005-0843-0001-397a0006d21e,,32,32,,5e-06,5e-06,,5e-06,,,,,[],[],[],[],[],[],,,,,,,True,False,[],[],,,,[],[],,,,8,猫猫旅行社欢迎你！ Momo's Revitalization Project!,0.6846664,2025,English;Japanese;Simplified Chinese;Traditional Chinese,Family Sharing;Single-player,Adventure;Casual;Simulation,2D;Adventure;Anime;Atmospheric;Casual;Cats;Choose Your Own Adventure;Collectathon;Comedy;Cute;Dating Sim;Drama;Economy;Emotional;Modern;Multiple Endings;Romance;Simulation;Text-Based;Visual Novel,"'Welcome to Nekoneko Tourism!!' A visual novel featuring VTuber Momo Mitsuki in the leading role! Can you and Momo successfully carry out the Nekomisaki Town's Revitalization Project together? 🌙🍑 Synopsis 🍑🌙 Nekomisaki Town -- An old, rural seaside town that's seen better days. You've been suddenly transferred to work at a local tourism company based there. The one who greets you upon arrival? Your upbeat senior, Momo Mitsuki . Not long after you arrive, the two of you are summoned by the compan","{""text_match"": 0.0076097515, ""cosine_similarity"": 0.3693328}"
2026-02-10T19:42:18+00:00,CORTEX_DB.RAW.CAT_GAMES_SVC_1_5,default,"melancholic, story-rich, small town, autumn vibes, weird stuff happening in the woods","melancholic, story-rich, small town, autumn vibes, weird stuff happening in the woods",[],,False,,,,no_reranker_balanced,0.65,10,100,0,3172,3172,,01c2535e-0005-0843-0001-397a0006d21e,,32,32,,5e-06,5e-06,,5e-06,,,,,[],[],[],[],[],[],,,,,,,True,False,[],[],,,,[],[],,,,9,Tails and Pines,0.682839125,2022,English,Family Sharing;Single-player,Casual,Anime;Casual;Cats;Comedy;Dating Sim;Drama;Female Protagonist;Funny;Hentai;Indie;LGBTQ+;Mature;NSFW;Nudity;Puzzle;Romance;Sexual Content;Singleplayer;Story Rich;Visual Novel,"This is a story about two friends, Stacey and April, who haven’t seen each other in nearly a decade. After graduating from school, Stacey moved to a big city, while April stayed in their hometown. Now, as they reunite, new and unfamiliar feelings arise between them. But first, they must understand each other and reminisce about their past in order to be together. Tails and Pines is a short novel about envy, love, relationships, and pursuing your dreams. Do you realize your dreams at the cost of ","{""text_match"": 0.0003043432, ""cosine_similarity"": 0.36567825}"
2026-02-10T19:42:18+00:00,CORTEX_DB.RAW.CAT_GAMES_SVC_1_5,default,"melancholic, story-rich, small town, autumn vibes, weird stuff happening in the woods","melancholic, story-rich, small town, autumn vibes, weird stuff happening in the woods",[],,False,,,,no_reranker_balanced,0.65,10,100,0,3172,3172,,01c2535e-0005-0843-0001-397a0006d21e,,32,32,,5e-06,5e-06,,5e-06,,,,,[],[],[],[],[],[],,,,,,,True,False,[],[],,,,[],[],,,,10,Purrfect Apawcalypse: Patches' Infurno,0.682839125,2021,English;Japanese;Portuguese - Brazil;Russian;Simplified Chinese,Family Sharing;Single-player;Steam Achievements,Adventure;Indie;RPG,Cats;Choices Matter;Choose Your Own Adventure;Cute;Dark Humor;Dating Sim;Dog;Funny;Horror;Interactive Fiction;LGBTQ+;Magic;Multiple Endings;Point & Click;Post-apocalyptic;Puzzle;RPG;Romance;Story Rich;Visual Novel,"Patches is dragged to school for the first ever cat-and-dog school day! With Coco and Brownie distracted with home ec class, Olive and Angel busy with literature, and Sparky and Ginger occupied by gym, Patches has free reign over the school... Almost. All he needs to do is get this damn collar off and wreak some havoc! Will he prove cats and dogs can get along, or will he make this the Purrfect Apawcalypse? This game contains cartoon gore, bifurcated dogs, headless dogs, generally dogs not havin","{""text_match"": 1.4550778e-07, ""cosine_similarity"": 0.36567825}"
2026-02-10T19:42:21+00:00,CORTEX_DB.RAW.CAT_GAMES_SVC_1_5,default,"melancholic, story-rich, small town, autumn vibes, weird stuff happening in the woods","melancholic, story-rich, small town, autumn vibes, weird stuff happening in the woods",[],,False,,,,low_latency,0.3,10,100,0,874,874,,01c2535e-0005-0846-0001-397a00068f6a,,51,51,,8e-06,8e-06,,8e-06,,,,,[],[],[],[],[],[],,,,,,,True,False,[],[],,,,[],[],,,,1,Night in the Woods,0.72443115,2017,English;Japanese,Family Sharing;Full controller support;Remote Play on TV;Single-player;Steam Achievements;Steam Cloud;Steam Trading Cards,Adventure,2D;2D Platformer;Adventure;Atmospheric;Capitalism;Cats;Choices Matter;Conversation;Dark Humor;Exploration;Funny;Hand-drawn;Mystery;Narrative;Platformer;Psychological Horror;Singleplayer;Story Rich;Stylized;Visual Novel,"College dropout Mae Borowski returns home to the crumbling former mining town of Possum Springs seeking to resume her aimless former life and reconnect with the friends she left behind. But things aren't the same. Home seems different now and her friends have grown and changed. Leaves are falling and the wind is growing colder. Strange things are happening as the light fades. And there's something in the woods. NIGHT IN THE WOODS is an adventure game focused on exploration, story, and character,","{""text_match"": 0.08682736, ""cosine_similarity"": 0.4488623}"
2026-02-10T19:42:21+00:00,CORTEX_DB.RAW.CAT_GAMES_SVC_1_5,default,"melancholic, story-rich, small town, autumn vibes, weird stuff happening in the woods","melancholic, story-rich, small town, autumn vibes, weird stuff happening in the woods",[],,False,,,,low_latency,0.3,10,100,0,874,874,,01c2535e-0005-0846-0001-397a00068f6a,,51,51,,8e-06,8e-06,,8e-06,,,,,[],[],[],[],[],[],,,,,,,True,False,[],[],,,,[],[],,,,2,The Good Life,0.72390908,2021,English;Japanese;Simplified Chinese;Traditional Chinese,Family Sharing;Full controller support;Single-player;Steam Achievements;Steam Cloud,Indie;RPG,3D;Adventure;Agriculture;Cats;Colorful;Comedy;Crime;Detective;Dog;Immersive Sim;Investigation;Life Sim;Multiple Endings;Mystery;Nature;Open World;RPG;Simulation;Story Rich;Third Person,"Journalist Naomi Hayward is drowning in debt and is at the end of her rope. Having accepted a request from The Morning Bell newspaper to “uncover the mystery of a small English town”, Naomi finds herself far from her home in New York, in Rainy Woods. Upon beginning her investigation, Naomi – camera in hand – soon discovers an inexplicable phenomenon in which the townspeople transform into cats and dogs as night falls... Then, as just she’s looking into that particular mystery, a murder occurs...","{""text_match"": 0.047859944, ""cosine_similarity"": 0.44781816}"
2026-02-10T19:42:21+00:00,CORTEX_DB.RAW.CAT_GAMES_SVC_1_5,default,"melancholic, story-rich, small town, autumn vibes, weird stuff happening in the woods","melancholic, story-rich, small town, autumn vibes, weird stuff happening in the woods",[],,False,,,,low_latency,0.3,10,100,0,874,874,,01c2535e-0005-0846-0001-397a00068f6a,,51,51,,8e-06,8e-06,,8e-06,,,,,[],[],[],[],[],[],,,,,,,True,False,[],[],,,,[],[],,,,3,Wild Souls,0.71451172,2022,English;French,Family Sharing;Single-player,Casual;Early Access;Indie;Simulation,2D;Agriculture;Atmospheric;Cats;Cute;Dog;Early Access;God Game;Horses;Level Editor;Management;Minimalist;Nature;Relaxing;Resource Management;Sandbox;Simulation;Singleplayer;Stylized;Top-Down,"Plant a tree, watch the forest grow. Wild Souls is a chill ecosystem sim with no time pressure, inspired by Don't Starve and Zoo Tycoon. Build your own world like you would a garden, experiment which animals and plant species can live together, manage and balance the populations, write YOUR stories. You start as a Souls Keeper : a being with the power to gather the souls of recently deceased animals and plants. Those souls can be offered a new life, in a new body. But which body ? You decide. De","{""text_match"": 0.003442812, ""cosine_similarity"": 0.42902344}"
2026-02-10T19:42:21+00:00,CORTEX_DB.RAW.CAT_GAMES_SVC_1_5,default,"melancholic, story-rich, small town, autumn vibes, weird stuff happening in the woods","melancholic, story-rich, small town, autumn vibes, weird stuff happening in the woods",[],,False,,,,low_latency,0.3,10,100,0,874,874,,01c2535e-0005-0846-0001-397a00068f6a,,51,51,,8e-06,8e-06,,8e-06,,,,,[],[],[],[],[],[],,,,,,,True,False,[],[],,,,[],[],,,,4,Brass,0.69850141,2025,English;Italian;Japanese;Korean;Portuguese - Brazil,Camera Comfort;Custom Volume Controls;Family Sharing;Full controller support;Keyboard Only Option;Playable without Timed Input;Save Anytime;Single-player;Steam Achievements;Steam Cloud,Adventure;Casual;Indie,3D;Adventure;Atmospheric;Casual;Cats;Colorful;Controller;Cozy;Cute;Drama;Emotional;Exploration;Indie;Interactive Fiction;Mystery;Nature;Point & Click;Relaxing;Singleplayer;Story Rich,"The only post office in a small village in the mountains, the main character of this story, Brass, works here. His job is to deliver letters and packages to the local people. One day, Brass receives a letter from his grandmother who lives in a town by the sea, and a new adventure begins. A Peaceful, Cozy Adventure Game The story progresses through conversations with the villagers and errands. There is no combat or intense action in this game. Please enjoy it in a relaxed atmosphere. A Little Mys","{""text_match"": 0.019023063, ""cosine_similarity"": 0.39700282}"
2026-02-10T19:42:21+00:00,CORTEX_DB.RAW.CAT_GAMES_SVC_1_5,default,"melancholic, story-rich, small town, autumn vibes, weird stuff happening in the woods","melancholic, story-rich, small town, autumn vibes, weird stuff happening in the woods",[],,False,,,,low_latency,0.3,10,100,0,874,874,,01c2535e-0005-0846-0001-397a00068f6a,,51,51,,8e-06,8e-06,,8e-06,,,,,[],[],[],[],[],[],,,,,,,True,False,[],[],,,,[],[],,,,5,Wilderless: Meadowfell,0.69606504,2025,English,Family Sharing;Partial Controller Support;Single-player,Adventure;Casual;Indie;RPG;Simulation,Atmospheric;Casual;Cats;Colorful;Cute;Dragons;Exploration;Fantasy;First-Person;Flight;Horses;LGBTQ+;Nature;Open World;RPG;Sandbox;Simulation;Stylized;Third Person;Walking Simulator,"From the creator of the indie hidden gems Nimian Legends: BrightRidge and Wilderless comes Wilderless: Meadowfell, a cozy open-world game crafted for those who love to unwind and explore at their own pace. This is a serene, untamed wilderness designed for relaxation and creativity, perfect for players who enjoy non-violent games, exploration, and cozy escapes. A VIVID, UNTAMED WORLD TO EXPLORE • Explore a serene, pastoral landscape filled with gentle rivers, peaceful lakes, rolling hills, and lu","{""text_match"": 1.519123e-07, ""cosine_similarity"": 0.39213008}"
2026-02-10T19:42:21+00:00,CORTEX_DB.RAW.CAT_GAMES_SVC_1_5,default,"melancholic, story-rich, small town, autumn vibes, weird stuff happening in the woods","melancholic, story-rich, small town, autumn vibes, weird stuff happening in the woods",[],,False,,,,low_latency,0.3,10,100,0,874,874,,01c2535e-0005-0846-0001-397a00068f6a,,51,51,,8e-06,8e-06,,8e-06,,,,,[],[],[],[],[],[],,,,,,,True,False,[],[],,,,[],[],,,,6,My life as a cat,0.695891025,2024,English,Family Sharing;Single-player,Adventure;Casual;Indie,Adventure;Atmospheric;Cats;Choices Matter;Choose Your Own Adventure;Dark;Emotional;Indie;Interactive Fiction;Multiple Endings;Narration;Nature;Philosophical;Relaxing;Singleplayer;Story Rich;Stylized;Survival;Text-Based;Visual Novel,"'My life as a cat' is a relaxing, slow-paced visual novel about longing for something different than the modern society and searching back to nature. It has AI-generated oil paintings to illustrate the fully voiced and texted story as you progress through it according to your choices. Will you have what it takes to survive out in the wilderness, or will you steer towards a not-so-favorable ending?","{""text_match"": 1.5915917e-07, ""cosine_similarity"": 0.39178205}"
2026-02-10T19:42:21+00:00,CORTEX_DB.RAW.CAT_GAMES_SVC_1_5,default,"melancholic, story-rich, small town, autumn vibes, weird stuff happening in the woods","melancholic, story-rich, small town, autumn vibes, weird stuff happening in the woods",[],,False,,,,low_latency,0.3,10,100,0,874,874,,01c2535e-0005-0846-0001-397a00068f6a,,51,51,,8e-06,8e-06,,8e-06,,,,,[],[],[],[],[],[],,,,,,,True,False,[],[],,,,[],[],,,,7,Summer Memory of Bell,0.68893,2018,English;Russian;Simplified Chinese;Traditional Chinese,Family Sharing;Partial Controller Support;Remote Play on Phone;Remote Play on Tablet;Single-player;Steam Achievements;Steam Cloud;Steam Trading Cards,Adventure;Casual;Indie,Adventure;Anime;Casual;Cats;Emotional;Indie;Visual Novel,"This is a Galgame about pure love which takes place in the summer, produced by Galgame Department of Jinan University's unnamed cartoon club in 2015 and re-optimized three years later. Story Introduction A teenager trapped in the memories of past meets a disoriented girl who has lost her memories. What could they change, and what could they save? Where would the fate lead them? Their story starts from here. Characters Introduction Bell A young girl with cat ears and tail who has been saved by th","{""text_match"": 0.0019399584, ""cosine_similarity"": 0.37786}"
2026-02-10T19:42:21+00:00,CORTEX_DB.RAW.CAT_GAMES_SVC_1_5,default,"melancholic, story-rich, small town, autumn vibes, weird stuff happening in the woods","melancholic, story-rich, small town, autumn vibes, weird stuff happening in the woods",[],,False,,,,low_latency,0.3,10,100,0,874,874,,01c2535e-0005-0846-0001-397a00068f6a,,51,51,,8e-06,8e-06,,8e-06,,,,,[],[],[],[],[],[],,,,,,,True,False,[],[],,,,[],[],,,,8,猫猫旅行社欢迎你！ Momo's Revitalization Project!,0.6846664,2025,English;Japanese;Simplified Chinese;Traditional Chinese,Family Sharing;Single-player,Adventure;Casual;Simulation,2D;Adventure;Anime;Atmospheric;Casual;Cats;Choose Your Own Adventure;Collectathon;Comedy;Cute;Dating Sim;Drama;Economy;Emotional;Modern;Multiple Endings;Romance;Simulation;Text-Based;Visual Novel,"'Welcome to Nekoneko Tourism!!' A visual novel featuring VTuber Momo Mitsuki in the leading role! Can you and Momo successfully carry out the Nekomisaki Town's Revitalization Project together? 🌙🍑 Synopsis 🍑🌙 Nekomisaki Town -- An old, rural seaside town that's seen better days. You've been suddenly transferred to work at a local tourism company based there. The one who greets you upon arrival? Your upbeat senior, Momo Mitsuki . Not long after you arrive, the two of you are summoned by the compan","{""text_match"": 0.0076097515, ""cosine_similarity"": 0.3693328}"
2026-02-10T19:42:21+00:00,CORTEX_DB.RAW.CAT_GAMES_SVC_1_5,default,"melancholic, story-rich, small town, autumn vibes, weird stuff happening in the woods","melancholic, story-rich, small town, autumn vibes, weird stuff happening in the woods",[],,False,,,,low_latency,0.3,10,100,0,874,874,,01c2535e-0005-0846-0001-397a00068f6a,,51,51,,8e-06,8e-06,,8e-06,,,,,[],[],[],[],[],[],,,,,,,True,False,[],[],,,,[],[],,,,9,Tails and Pines,0.682839125,2022,English,Family Sharing;Single-player,Casual,Anime;Casual;Cats;Comedy;Dating Sim;Drama;Female Protagonist;Funny;Hentai;Indie;LGBTQ+;Mature;NSFW;Nudity;Puzzle;Romance;Sexual Content;Singleplayer;Story Rich;Visual Novel,"This is a story about two friends, Stacey and April, who haven’t seen each other in nearly a decade. After graduating from school, Stacey moved to a big city, while April stayed in their hometown. Now, as they reunite, new and unfamiliar feelings arise between them. But first, they must understand each other and reminisce about their past in order to be together. Tails and Pines is a short novel about envy, love, relationships, and pursuing your dreams. Do you realize your dreams at the cost of ","{""text_match"": 0.0003043432, ""cosine_similarity"": 0.36567825}"
2026-02-10T19:42:21+00:00,CORTEX_DB.RAW.CAT_GAMES_SVC_1_5,default,"melancholic, story-rich, small town, autumn vibes, weird stuff happening in the woods","melancholic, story-rich, small town, autumn vibes, weird stuff happening in the woods",[],,False,,,,low_latency,0.3,10,100,0,874,874,,01c2535e-0005-0846-0001-397a00068f6a,,51,51,,8e-06,8e-06,,8e-06,,,,,[],[],[],[],[],[],,,,,,,True,False,[],[],,,,[],[],,,,10,Purrfect Apawcalypse: Patches' Infurno,0.682839125,2021,English;Japanese;Portuguese - Brazil;Russian;Simplified Chinese,Family Sharing;Single-player;Steam Achievements,Adventure;Indie;RPG,Cats;Choices Matter;Choose Your Own Adventure;Cute;Dark Humor;Dating Sim;Dog;Funny;Horror;Interactive Fiction;LGBTQ+;Magic;Multiple Endings;Point & Click;Post-apocalyptic;Puzzle;RPG;Romance;Story Rich;Visual Novel,"Patches is dragged to school for the first ever cat-and-dog school day! With Coco and Brownie distracted with home ec class, Olive and Angel busy with literature, and Sparky and Ginger occupied by gym, Patches has free reign over the school... Almost. All he needs to do is get this damn collar off and wreak some havoc! Will he prove cats and dogs can get along, or will he make this the Purrfect Apawcalypse? This game contains cartoon gore, bifurcated dogs, headless dogs, generally dogs not havin","{""text_match"": 1.4550778e-07, ""cosine_similarity"": 0.36567825}"
2026-02-10T19:42:22+00:00,CORTEX_DB.RAW.CAT_GAMES_SVC_1_5,default,"melancholic, story-rich, small town, autumn vibes, weird stuff happening in the woods","melancholic, story-rich, small town, autumn vibes, weird stuff happening in the woods",[],,False,,,,low_latency,0.65,10,100,0,921,921,,01c2535e-0005-0846-0001-397a00068f6e,,38,38,,6e-06,6e-06,,6e-06,,,,,[],[],[],[],[],[],,,,,,,True,False,[],[],,,,[],[],,,,1,Night in the Woods,0.72443115,2017,English;Japanese,Family Sharing;Full controller support;Remote Play on TV;Single-player;Steam Achievements;Steam Cloud;Steam Trading Cards,Adventure,2D;2D Platformer;Adventure;Atmospheric;Capitalism;Cats;Choices Matter;Conversation;Dark Humor;Exploration;Funny;Hand-drawn;Mystery;Narrative;Platformer;Psychological Horror;Singleplayer;Story Rich;Stylized;Visual Novel,"College dropout Mae Borowski returns home to the crumbling former mining town of Possum Springs seeking to resume her aimless former life and reconnect with the friends she left behind. But things aren't the same. Home seems different now and her friends have grown and changed. Leaves are falling and the wind is growing colder. Strange things are happening as the light fades. And there's something in the woods. NIGHT IN THE WOODS is an adventure game focused on exploration, story, and character,","{""text_match"": 0.08682736, ""cosine_similarity"": 0.4488623}"
2026-02-10T19:42:22+00:00,CORTEX_DB.RAW.CAT_GAMES_SVC_1_5,default,"melancholic, story-rich, small town, autumn vibes, weird stuff happening in the woods","melancholic, story-rich, small town, autumn vibes, weird stuff happening in the woods",[],,False,,,,low_latency,0.65,10,100,0,921,921,,01c2535e-0005-0846-0001-397a00068f6e,,38,38,,6e-06,6e-06,,6e-06,,,,,[],[],[],[],[],[],,,,,,,True,False,[],[],,,,[],[],,,,2,The Good Life,0.72390908,2021,English;Japanese;Simplified Chinese;Traditional Chinese,Family Sharing;Full controller support;Single-player;Steam Achievements;Steam Cloud,Indie;RPG,3D;Adventure;Agriculture;Cats;Colorful;Comedy;Crime;Detective;Dog;Immersive Sim;Investigation;Life Sim;Multiple Endings;Mystery;Nature;Open World;RPG;Simulation;Story Rich;Third Person,"Journalist Naomi Hayward is drowning in debt and is at the end of her rope. Having accepted a request from The Morning Bell newspaper to “uncover the mystery of a small English town”, Naomi finds herself far from her home in New York, in Rainy Woods. Upon beginning her investigation, Naomi – camera in hand – soon discovers an inexplicable phenomenon in which the townspeople transform into cats and dogs as night falls... Then, as just she’s looking into that particular mystery, a murder occurs...","{""text_match"": 0.047859944, ""cosine_similarity"": 0.44781816}"
2026-02-10T19:42:22+00:00,CORTEX_DB.RAW.CAT_GAMES_SVC_1_5,default,"melancholic, story-rich, small town, autumn vibes, weird stuff happening in the woods","melancholic, story-rich, small town, autumn vibes, weird stuff happening in the woods",[],,False,,,,low_latency,0.65,10,100,0,921,921,,01c2535e-0005-0846-0001-397a00068f6e,,38,38,,6e-06,6e-06,,6e-06,,,,,[],[],[],[],[],[],,,,,,,True,False,[],[],,,,[],[],,,,3,Wild Souls,0.71451172,2022,English;French,Family Sharing;Single-player,Casual;Early Access;Indie;Simulation,2D;Agriculture;Atmospheric;Cats;Cute;Dog;Early Access;God Game;Horses;Level Editor;Management;Minimalist;Nature;Relaxing;Resource Management;Sandbox;Simulation;Singleplayer;Stylized;Top-Down,"Plant a tree, watch the forest grow. Wild Souls is a chill ecosystem sim with no time pressure, inspired by Don't Starve and Zoo Tycoon. Build your own world like you would a garden, experiment which animals and plant species can live together, manage and balance the populations, write YOUR stories. You start as a Souls Keeper : a being with the power to gather the souls of recently deceased animals and plants. Those souls can be offered a new life, in a new body. But which body ? You decide. De","{""text_match"": 0.003442812, ""cosine_similarity"": 0.42902344}"
2026-02-10T19:42:22+00:00,CORTEX_DB.RAW.CAT_GAMES_SVC_1_5,default,"melancholic, story-rich, small town, autumn vibes, weird stuff happening in the woods","melancholic, story-rich, small town, autumn vibes, weird stuff happening in the woods",[],,False,,,,low_latency,0.65,10,100,0,921,921,,01c2535e-0005-0846-0001-397a00068f6e,,38,38,,6e-06,6e-06,,6e-06,,,,,[],[],[],[],[],[],,,,,,,True,False,[],[],,,,[],[],,,,4,Brass,0.69850141,2025,English;Italian;Japanese;Korean;Portuguese - Brazil,Camera Comfort;Custom Volume Controls;Family Sharing;Full controller support;Keyboard Only Option;Playable without Timed Input;Save Anytime;Single-player;Steam Achievements;Steam Cloud,Adventure;Casual;Indie,3D;Adventure;Atmospheric;Casual;Cats;Colorful;Controller;Cozy;Cute;Drama;Emotional;Exploration;Indie;Interactive Fiction;Mystery;Nature;Point & Click;Relaxing;Singleplayer;Story Rich,"The only post office in a small village in the mountains, the main character of this story, Brass, works here. His job is to deliver letters and packages to the local people. One day, Brass receives a letter from his grandmother who lives in a town by the sea, and a new adventure begins. A Peaceful, Cozy Adventure Game The story progresses through conversations with the villagers and errands. There is no combat or intense action in this game. Please enjoy it in a relaxed atmosphere. A Little Mys","{""text_match"": 0.019023063, ""cosine_similarity"": 0.39700282}"
2026-02-10T19:42:22+00:00,CORTEX_DB.RAW.CAT_GAMES_SVC_1_5,default,"melancholic, story-rich, small town, autumn vibes, weird stuff happening in the woods","melancholic, story-rich, small town, autumn vibes, weird stuff happening in the woods",[],,False,,,,low_latency,0.65,10,100,0,921,921,,01c2535e-0005-0846-0001-397a00068f6e,,38,38,,6e-06,6e-06,,6e-06,,,,,[],[],[],[],[],[],,,,,,,True,False,[],[],,,,[],[],,,,5,Wilderless: Meadowfell,0.69606504,2025,English,Family Sharing;Partial Controller Support;Single-player,Adventure;Casual;Indie;RPG;Simulation,Atmospheric;Casual;Cats;Colorful;Cute;Dragons;Exploration;Fantasy;First-Person;Flight;Horses;LGBTQ+;Nature;Open World;RPG;Sandbox;Simulation;Stylized;Third Person;Walking Simulator,"From the creator of the indie hidden gems Nimian Legends: BrightRidge and Wilderless comes Wilderless: Meadowfell, a cozy open-world game crafted for those who love to unwind and explore at their own pace. This is a serene, untamed wilderness designed for relaxation and creativity, perfect for players who enjoy non-violent games, exploration, and cozy escapes. A VIVID, UNTAMED WORLD TO EXPLORE • Explore a serene, pastoral landscape filled with gentle rivers, peaceful lakes, rolling hills, and lu","{""text_match"": 1.519123e-07, ""cosine_similarity"": 0.39213008}"
2026-02-10T19:42:22+00:00,CORTEX_DB.RAW.CAT_GAMES_SVC_1_5,default,"melancholic, story-rich, small town, autumn vibes, weird stuff happening in the woods","melancholic, story-rich, small town, autumn vibes, weird stuff happening in the woods",[],,False,,,,low_latency,0.65,10,100,0,921,921,,01c2535e-0005-0846-0001-397a00068f6e,,38,38,,6e-06,6e-06,,6e-06,,,,,[],[],[],[],[],[],,,,,,,True,False,[],[],,,,[],[],,,,6,My life as a cat,0.695891025,2024,English,Family Sharing;Single-player,Adventure;Casual;Indie,Adventure;Atmospheric;Cats;Choices Matter;Choose Your Own Adventure;Dark;Emotional;Indie;Interactive Fiction;Multiple Endings;Narration;Nature;Philosophical;Relaxing;Singleplayer;Story Rich;Stylized;Survival;Text-Based;Visual Novel,"'My life as a cat' is a relaxing, slow-paced visual novel about longing for something different than the modern society and searching back to nature. It has AI-generated oil paintings to illustrate the fully voiced and texted story as you progress through it according to your choices. Will you have what it takes to survive out in the wilderness, or will you steer towards a not-so-favorable ending?","{""text_match"": 1.5915917e-07, ""cosine_similarity"": 0.39178205}"
2026-02-10T19:42:22+00:00,CORTEX_DB.RAW.CAT_GAMES_SVC_1_5,default,"melancholic, story-rich, small town, autumn vibes, weird stuff happening in the woods","melancholic, story-rich, small town, autumn vibes, weird stuff happening in the woods",[],,False,,,,low_latency,0.65,10,100,0,921,921,,01c2535e-0005-0846-0001-397a00068f6e,,38,38,,6e-06,6e-06,,6e-06,,,,,[],[],[],[],[],[],,,,,,,True,False,[],[],,,,[],[],,,,7,Summer Memory of Bell,0.68893,2018,English;Russian;Simplified Chinese;Traditional Chinese,Family Sharing;Partial Controller Support;Remote Play on Phone;Remote Play on Tablet;Single-player;Steam Achievements;Steam Cloud;Steam Trading Cards,Adventure;Casual;Indie,Adventure;Anime;Casual;Cats;Emotional;Indie;Visual Novel,"This is a Galgame about pure love which takes place in the summer, produced by Galgame Department of Jinan University's unnamed cartoon club in 2015 and re-optimized three years later. Story Introduction A teenager trapped in the memories of past meets a disoriented girl who has lost her memories. What could they change, and what could they save? Where would the fate lead them? Their story starts from here. Characters Introduction Bell A young girl with cat ears and tail who has been saved by th","{""text_match"": 0.0019399584, ""cosine_similarity"": 0.37786}"
2026-02-10T19:42:22+00:00,CORTEX_DB.RAW.CAT_GAMES_SVC_1_5,default,"melancholic, story-rich, small town, autumn vibes, weird stuff happening in the woods","melancholic, story-rich, small town, autumn vibes, weird stuff happening in the woods",[],,False,,,,low_latency,0.65,10,100,0,921,921,,01c2535e-0005-0846-0001-397a00068f6e,,38,38,,6e-06,6e-06,,6e-06,,,,,[],[],[],[],[],[],,,,,,,True,False,[],[],,,,[],[],,,,8,猫猫旅行社欢迎你！ Momo's Revitalization Project!,0.6846664,2025,English;Japanese;Simplified Chinese;Traditional Chinese,Family Sharing;Single-player,Adventure;Casual;Simulation,2D;Adventure;Anime;Atmospheric;Casual;Cats;Choose Your Own Adventure;Collectathon;Comedy;Cute;Dating Sim;Drama;Economy;Emotional;Modern;Multiple Endings;Romance;Simulation;Text-Based;Visual Novel,"'Welcome to Nekoneko Tourism!!' A visual novel featuring VTuber Momo Mitsuki in the leading role! Can you and Momo successfully carry out the Nekomisaki Town's Revitalization Project together? 🌙🍑 Synopsis 🍑🌙 Nekomisaki Town -- An old, rural seaside town that's seen better days. You've been suddenly transferred to work at a local tourism company based there. The one who greets you upon arrival? Your upbeat senior, Momo Mitsuki . Not long after you arrive, the two of you are summoned by the compan","{""text_match"": 0.0076097515, ""cosine_similarity"": 0.3693328}"
2026-02-10T19:42:22+00:00,CORTEX_DB.RAW.CAT_GAMES_SVC_1_5,default,"melancholic, story-rich, small town, autumn vibes, weird stuff happening in the woods","melancholic, story-rich, small town, autumn vibes, weird stuff happening in the woods",[],,False,,,,low_latency,0.65,10,100,0,921,921,,01c2535e-0005-0846-0001-397a00068f6e,,38,38,,6e-06,6e-06,,6e-06,,,,,[],[],[],[],[],[],,,,,,,True,False,[],[],,,,[],[],,,,9,Tails and Pines,0.682839125,2022,English,Family Sharing;Single-player,Casual,Anime;Casual;Cats;Comedy;Dating Sim;Drama;Female Protagonist;Funny;Hentai;Indie;LGBTQ+;Mature;NSFW;Nudity;Puzzle;Romance;Sexual Content;Singleplayer;Story Rich;Visual Novel,"This is a story about two friends, Stacey and April, who haven’t seen each other in nearly a decade. After graduating from school, Stacey moved to a big city, while April stayed in their hometown. Now, as they reunite, new and unfamiliar feelings arise between them. But first, they must understand each other and reminisce about their past in order to be together. Tails and Pines is a short novel about envy, love, relationships, and pursuing your dreams. Do you realize your dreams at the cost of ","{""text_match"": 0.0003043432, ""cosine_similarity"": 0.36567825}"
2026-02-10T19:42:22+00:00,CORTEX_DB.RAW.CAT_GAMES_SVC_1_5,default,"melancholic, story-rich, small town, autumn vibes, weird stuff happening in the woods","melancholic, story-rich, small town, autumn vibes, weird stuff happening in the woods",[],,False,,,,low_latency,0.65,10,100,0,921,921,,01c2535e-0005-0846-0001-397a00068f6e,,38,38,,6e-06,6e-06,,6e-06,,,,,[],[],[],[],[],[],,,,,,,True,False,[],[],,,,[],[],,,,10,Purrfect Apawcalypse: Patches' Infurno,0.682839125,2021,English;Japanese;Portuguese - Brazil;Russian;Simplified Chinese,Family Sharing;Single-player;Steam Achievements,Adventure;Indie;RPG,Cats;Choices Matter;Choose Your Own Adventure;Cute;Dark Humor;Dating Sim;Dog;Funny;Horror;Interactive Fiction;LGBTQ+;Magic;Multiple Endings;Point & Click;Post-apocalyptic;Puzzle;RPG;Romance;Story Rich;Visual Novel,"Patches is dragged to school for the first ever cat-and-dog school day! With Coco and Brownie distracted with home ec class, Olive and Angel busy with literature, and Sparky and Ginger occupied by gym, Patches has free reign over the school... Almost. All he needs to do is get this damn collar off and wreak some havoc! Will he prove cats and dogs can get along, or will he make this the Purrfect Apawcalypse? This game contains cartoon gore, bifurcated dogs, headless dogs, generally dogs not havin","{""text_match"": 1.4550778e-07, ""cosine_similarity"": 0.36567825}"
2026-02-10T19:42:25+00:00,CORTEX_DB.RAW.CAT_GAMES_SVC_1_5,default,"melancholic, story-rich, small town, autumn vibes, weird stuff happening in the woods","melancholic, story-rich, small town, autumn vibes, weird stuff happening in the woods",[],,False,,,,reranker_heavy,0.3,10,100,0,1844,1844,,01c2535e-0005-0847-0001-397a0006c27a,,37,37,,6e-06,6e-06,,6e-06,,,,,[],[],[],[],[],[],,,,,,,True,False,[],[],,,,[],[],,,,1,Night in the Woods,0.72443115,2017,English;Japanese,Family Sharing;Full controller support;Remote Play on TV;Single-player;Steam Achievements;Steam Cloud;Steam Trading Cards,Adventure,2D;2D Platformer;Adventure;Atmospheric;Capitalism;Cats;Choices Matter;Conversation;Dark Humor;Exploration;Funny;Hand-drawn;Mystery;Narrative;Platformer;Psychological Horror;Singleplayer;Story Rich;Stylized;Visual Novel,"College dropout Mae Borowski returns home to the crumbling former mining town of Possum Springs seeking to resume her aimless former life and reconnect with the friends she left behind. But things aren't the same. Home seems different now and her friends have grown and changed. Leaves are falling and the wind is growing colder. Strange things are happening as the light fades. And there's something in the woods. NIGHT IN THE WOODS is an adventure game focused on exploration, story, and character,","{""text_match"": 0.08682736, ""cosine_similarity"": 0.4488623, ""reranker_score"": -6.2826385}"
2026-02-10T19:42:25+00:00,CORTEX_DB.RAW.CAT_GAMES_SVC_1_5,default,"melancholic, story-rich, small town, autumn vibes, weird stuff happening in the woods","melancholic, story-rich, small town, autumn vibes, weird stuff happening in the woods",[],,False,,,,reranker_heavy,0.3,10,100,0,1844,1844,,01c2535e-0005-0847-0001-397a0006c27a,,37,37,,6e-06,6e-06,,6e-06,,,,,[],[],[],[],[],[],,,,,,,True,False,[],[],,,,[],[],,,,2,The Good Life,0.72390908,2021,English;Japanese;Simplified Chinese;Traditional Chinese,Family Sharing;Full controller support;Single-player;Steam Achievements;Steam Cloud,Indie;RPG,3D;Adventure;Agriculture;Cats;Colorful;Comedy;Crime;Detective;Dog;Immersive Sim;Investigation;Life Sim;Multiple Endings;Mystery;Nature;Open World;RPG;Simulation;Story Rich;Third Person,"Journalist Naomi Hayward is drowning in debt and is at the end of her rope. Having accepted a request from The Morning Bell newspaper to “uncover the mystery of a small English town”, Naomi finds herself far from her home in New York, in Rainy Woods. Upon beginning her investigation, Naomi – camera in hand – soon discovers an inexplicable phenomenon in which the townspeople transform into cats and dogs as night falls... Then, as just she’s looking into that particular mystery, a murder occurs...","{""text_match"": 0.047859944, ""cosine_similarity"": 0.44781816, ""reranker_score"": -7.2004757}"
2026-02-10T19:42:25+00:00,CORTEX_DB.RAW.CAT_GAMES_SVC_1_5,default,"melancholic, story-rich, small town, autumn vibes, weird stuff happening in the woods","melancholic, story-rich, small town, autumn vibes, weird stuff happening in the woods",[],,False,,,,reranker_heavy,0.3,10,100,0,1844,1844,,01c2535e-0005-0847-0001-397a0006c27a,,37,37,,6e-06,6e-06,,6e-06,,,,,[],[],[],[],[],[],,,,,,,True,False,[],[],,,,[],[],,,,3,Brass,0.69850141,2025,English;Italian;Japanese;Korean;Portuguese - Brazil,Camera Comfort;Custom Volume Controls;Family Sharing;Full controller support;Keyboard Only Option;Playable without Timed Input;Save Anytime;Single-player;Steam Achievements;Steam Cloud,Adventure;Casual;Indie,3D;Adventure;Atmospheric;Casual;Cats;Colorful;Controller;Cozy;Cute;Drama;Emotional;Exploration;Indie;Interactive Fiction;Mystery;Nature;Point & Click;Relaxing;Singleplayer;Story Rich,"The only post office in a small village in the mountains, the main character of this story, Brass, works here. His job is to deliver letters and packages to the local people. One day, Brass receives a letter from his grandmother who lives in a town by the sea, and a new adventure begins. A Peaceful, Cozy Adventure Game The story progresses through conversations with the villagers and errands. There is no combat or intense action in this game. Please enjoy it in a relaxed atmosphere. A Little Mys","{""text_match"": 0.019023063, ""cosine_similarity"": 0.39700282, ""reranker_score"": -7.442715}"
2026-02-10T19:42:25+00:00,CORTEX_DB.RAW.CAT_GAMES_SVC_1_5,default,"melancholic, story-rich, small town, autumn vibes, weird stuff happening in the woods","melancholic, story-rich, small town, autumn vibes, weird stuff happening in the woods",[],,False,,,,reranker_heavy,0.3,10,100,0,1844,1844,,01c2535e-0005-0847-0001-397a0006c27a,,37,37,,6e-06,6e-06,,6e-06,,,,,[],[],[],[],[],[],,,,,,,True,False,[],[],,,,[],[],,,,4,Wild Souls,0.71451172,2022,English;French,Family Sharing;Single-player,Casual;Early Access;Indie;Simulation,2D;Agriculture;Atmospheric;Cats;Cute;Dog;Early Access;God Game;Horses;Level Editor;Management;Minimalist;Nature;Relaxing;Resource Management;Sandbox;Simulation;Singleplayer;Stylized;Top-Down,"Plant a tree, watch the forest grow. Wild Souls is a chill ecosystem sim with no time pressure, inspired by Don't Starve and Zoo Tycoon. Build your own world like you would a garden, experiment which animals and plant species can live together, manage and balance the populations, write YOUR stories. You start as a Souls Keeper : a being with the power to gather the souls of recently deceased animals and plants. Those souls can be offered a new life, in a new body. But which body ? You decide. De","{""text_match"": 0.003442812, ""cosine_similarity"": 0.42902344, ""reranker_score"": -8.441682}"
2026-02-10T19:42:25+00:00,CORTEX_DB.RAW.CAT_GAMES_SVC_1_5,default,"melancholic, story-rich, small town, autumn vibes, weird stuff happening in the woods","melancholic, story-rich, small town, autumn vibes, weird stuff happening in the woods",[],,False,,,,reranker_heavy,0.3,10,100,0,1844,1844,,01c2535e-0005-0847-0001-397a0006c27a,,37,37,,6e-06,6e-06,,6e-06,,,,,[],[],[],[],[],[],,,,,,,True,False,[],[],,,,[],[],,,,5,Wilderless: Meadowfell,0.69606504,2025,English,Family Sharing;Partial Controller Support;Single-player,Adventure;Casual;Indie;RPG;Simulation,Atmospheric;Casual;Cats;Colorful;Cute;Dragons;Exploration;Fantasy;First-Person;Flight;Horses;LGBTQ+;Nature;Open World;RPG;Sandbox;Simulation;Stylized;Third Person;Walking Simulator,"From the creator of the indie hidden gems Nimian Legends: BrightRidge and Wilderless comes Wilderless: Meadowfell, a cozy open-world game crafted for those who love to unwind and explore at their own pace. This is a serene, untamed wilderness designed for relaxation and creativity, perfect for players who enjoy non-violent games, exploration, and cozy escapes. A VIVID, UNTAMED WORLD TO EXPLORE • Explore a serene, pastoral landscape filled with gentle rivers, peaceful lakes, rolling hills, and lu","{""text_match"": 1.519123e-07, ""cosine_similarity"": 0.39213008, ""reranker_score"": -8.0210495}"
2026-02-10T19:42:25+00:00,CORTEX_DB.RAW.CAT_GAMES_SVC_1_5,default,"melancholic, story-rich, small town, autumn vibes, weird stuff happening in the woods","melancholic, story-rich, small town, autumn vibes, weird stuff happening in the woods",[],,False,,,,reranker_heavy,0.3,10,100,0,1844,1844,,01c2535e-0005-0847-0001-397a0006c27a,,37,37,,6e-06,6e-06,,6e-06,,,,,[],[],[],[],[],[],,,,,,,True,False,[],[],,,,[],[],,,,6,猫猫旅行社欢迎你！ Momo's Revitalization Project!,0.6846664,2025,English;Japanese;Simplified Chinese;Traditional Chinese,Family Sharing;Single-player,Adventure;Casual;Simulation,2D;Adventure;Anime;Atmospheric;Casual;Cats;Choose Your Own Adventure;Collectathon;Comedy;Cute;Dating Sim;Drama;Economy;Emotional;Modern;Multiple Endings;Romance;Simulation;Text-Based;Visual Novel,"'Welcome to Nekoneko Tourism!!' A visual novel featuring VTuber Momo Mitsuki in the leading role! Can you and Momo successfully carry out the Nekomisaki Town's Revitalization Project together? 🌙🍑 Synopsis 🍑🌙 Nekomisaki Town -- An old, rural seaside town that's seen better days. You've been suddenly transferred to work at a local tourism company based there. The one who greets you upon arrival? Your upbeat senior, Momo Mitsuki . Not long after you arrive, the two of you are summoned by the compan","{""text_match"": 0.0076097515, ""cosine_similarity"": 0.3693328, ""reranker_score"": -7.5815563}"
2026-02-10T19:42:25+00:00,CORTEX_DB.RAW.CAT_GAMES_SVC_1_5,default,"melancholic, story-rich, small town, autumn vibes, weird stuff happening in the woods","melancholic, story-rich, small town, autumn vibes, weird stuff happening in the woods",[],,False,,,,reranker_heavy,0.3,10,100,0,1844,1844,,01c2535e-0005-0847-0001-397a0006c27a,,37,37,,6e-06,6e-06,,6e-06,,,,,[],[],[],[],[],[],,,,,,,True,False,[],[],,,,[],[],,,,7,Christmas Stories: The Christmas Tree Forest Collector's Edition,0.674659965,2020,English,Family Sharing;Single-player,Adventure;Casual,2D;Adventure;Casual;Colorful;Family Friendly;Fantasy;First-Person;Hidden Object;Interactive Fiction;Investigation;Puzzle;Relaxing;Singleplayer;Story Rich,"Elephant Games invites you to share in spirit of Christmas in the latest addition to the beloved Christmas Stories series! It's been a year since your mom went missing, but a magical message from her asking for help brings a renewed hope just in time for the holidays! As you rush to search, you quickly find things amiss in your town. Something’s keeping Christmas magic away, and your only hope lay in the Christmas Tree Forest! Can your holiday cheer save Christmas in time? Find out in this encha","{""text_match"": 0.028868161, ""cosine_similarity"": 0.34931993, ""reranker_score"": -7.490938}"
2026-02-10T19:42:25+00:00,CORTEX_DB.RAW.CAT_GAMES_SVC_1_5,default,"melancholic, story-rich, small town, autumn vibes, weird stuff happening in the woods","melancholic, story-rich, small town, autumn vibes, weird stuff happening in the woods",[],,False,,,,reranker_heavy,0.3,10,100,0,1844,1844,,01c2535e-0005-0847-0001-397a0006c27a,,37,37,,6e-06,6e-06,,6e-06,,,,,[],[],[],[],[],[],,,,,,,True,False,[],[],,,,[],[],,,,8,My life as a cat,0.695891025,2024,English,Family Sharing;Single-player,Adventure;Casual;Indie,Adventure;Atmospheric;Cats;Choices Matter;Choose Your Own Adventure;Dark;Emotional;Indie;Interactive Fiction;Multiple Endings;Narration;Nature;Philosophical;Relaxing;Singleplayer;Story Rich;Stylized;Survival;Text-Based;Visual Novel,"'My life as a cat' is a relaxing, slow-paced visual novel about longing for something different than the modern society and searching back to nature. It has AI-generated oil paintings to illustrate the fully voiced and texted story as you progress through it according to your choices. Will you have what it takes to survive out in the wilderness, or will you steer towards a not-so-favorable ending?","{""text_match"": 1.5915917e-07, ""cosine_similarity"": 0.39178205, ""reranker_score"": -8.513784}"
2026-02-10T19:42:25+00:00,CORTEX_DB.RAW.CAT_GAMES_SVC_1_5,default,"melancholic, story-rich, small town, autumn vibes, weird stuff happening in the woods","melancholic, story-rich, small town, autumn vibes, weird stuff happening in the woods",[],,False,,,,reranker_heavy,0.3,10,100,0,1844,1844,,01c2535e-0005-0847-0001-397a0006c27a,,37,37,,6e-06,6e-06,,6e-06,,,,,[],[],[],[],[],[],,,,,,,True,False,[],[],,,,[],[],,,,9,Wrapped With a Kiss,0.6781404600000001,2022,English,Family Sharing;Partial Controller Support;Single-player,Indie,2D;Casual;Choices Matter;Choose Your Own Adventure;Cute;Dating Sim;Drama;Emotional;Family Friendly;Female Protagonist;Indie;Interactive Fiction;Multiple Endings;Otome;Romance;Simulation;Singleplayer;Story Rich;Text-Based;Visual Novel,"A Christmas Themed Otome Game After losing her job and being blacklisted from the business world, Noel has no choice but to sell everything in her apartment and move away from the big city. Lucky for her, Noel's older sister offers the woman a place to stay during the holiday season. The only problem? The insurmountable pressure of her father's expectations, being a good aunt, and trying to find something meaningful to do with her time may just shatter Noel's world. Unless of course, the winter ","{""text_match"": 0.0027474102, ""cosine_similarity"": 0.35628092, ""reranker_score"": -7.8728743}"
2026-02-10T19:42:25+00:00,CORTEX_DB.RAW.CAT_GAMES_SVC_1_5,default,"melancholic, story-rich, small town, autumn vibes, weird stuff happening in the woods","melancholic, story-rich, small town, autumn vibes, weird stuff happening in the woods",[],,False,,,,reranker_heavy,0.3,10,100,0,1844,1844,,01c2535e-0005-0847-0001-397a0006c27a,,37,37,,6e-06,6e-06,,6e-06,,,,,[],[],[],[],[],[],,,,,,,True,False,[],[],,,,[],[],,,,10,Recursive Ruin,0.6809248649999999,2022,English;French;German;Italian;Russian;Simplified Chinese;Spanish - Spain,Family Sharing;Single-player;Steam Achievements;Steam Trading Cards,Action;Adventure;Casual;Indie,3D;Abstract;Action;Action-Adventure;Adventure;Atmospheric;Cats;Emotional;Experimental;Exploration;First-Person;Linear;Mystery;Philosophical;Puzzle;Puzzle-Platformer;Sci-fi;Singleplayer;Story Rich;Surreal,"Manipulate an infinitely recursive landscape to solve a series of environmental puzzles as you work through your own struggles with grief and a creative crisis. With Behemoth, The Cat at your side — or at least somewhere nearby — unlock an introspective journey through your past and discover new meaning in a chaotic world. A Dying, Visually Stunning World Lose yourself in the Infinite Realms, a dying, fractal world of strange beauty and mind-bending physics that repeats eternally inward and outw","{""text_match"": 0.0010381152, ""cosine_similarity"": 0.36184973, ""reranker_score"": -8.047462}"
2026-02-10T19:42:27+00:00,CORTEX_DB.RAW.CAT_GAMES_SVC_1_5,default,"melancholic, story-rich, small town, autumn vibes, weird stuff happening in the woods","melancholic, story-rich, small town, autumn vibes, weird stuff happening in the woods",[],,False,,,,reranker_heavy,0.65,10,100,0,1740,1740,,01c2535e-0005-0843-0001-397a0006d23e,,45,45,,7e-06,7e-06,,7e-06,,,,,[],[],[],[],[],[],,,,,,,True,False,[],[],,,,[],[],,,,1,Night in the Woods,0.72443115,2017,English;Japanese,Family Sharing;Full controller support;Remote Play on TV;Single-player;Steam Achievements;Steam Cloud;Steam Trading Cards,Adventure,2D;2D Platformer;Adventure;Atmospheric;Capitalism;Cats;Choices Matter;Conversation;Dark Humor;Exploration;Funny;Hand-drawn;Mystery;Narrative;Platformer;Psychological Horror;Singleplayer;Story Rich;Stylized;Visual Novel,"College dropout Mae Borowski returns home to the crumbling former mining town of Possum Springs seeking to resume her aimless former life and reconnect with the friends she left behind. But things aren't the same. Home seems different now and her friends have grown and changed. Leaves are falling and the wind is growing colder. Strange things are happening as the light fades. And there's something in the woods. NIGHT IN THE WOODS is an adventure game focused on exploration, story, and character,","{""text_match"": 0.08682736, ""cosine_similarity"": 0.4488623, ""reranker_score"": -6.2826385}"
2026-02-10T19:42:27+00:00,CORTEX_DB.RAW.CAT_GAMES_SVC_1_5,default,"melancholic, story-rich, small town, autumn vibes, weird stuff happening in the woods","melancholic, story-rich, small town, autumn vibes, weird stuff happening in the woods",[],,False,,,,reranker_heavy,0.65,10,100,0,1740,1740,,01c2535e-0005-0843-0001-397a0006d23e,,45,45,,7e-06,7e-06,,7e-06,,,,,[],[],[],[],[],[],,,,,,,True,False,[],[],,,,[],[],,,,2,The Good Life,0.72390908,2021,English;Japanese;Simplified Chinese;Traditional Chinese,Family Sharing;Full controller support;Single-player;Steam Achievements;Steam Cloud,Indie;RPG,3D;Adventure;Agriculture;Cats;Colorful;Comedy;Crime;Detective;Dog;Immersive Sim;Investigation;Life Sim;Multiple Endings;Mystery;Nature;Open World;RPG;Simulation;Story Rich;Third Person,"Journalist Naomi Hayward is drowning in debt and is at the end of her rope. Having accepted a request from The Morning Bell newspaper to “uncover the mystery of a small English town”, Naomi finds herself far from her home in New York, in Rainy Woods. Upon beginning her investigation, Naomi – camera in hand – soon discovers an inexplicable phenomenon in which the townspeople transform into cats and dogs as night falls... Then, as just she’s looking into that particular mystery, a murder occurs...","{""text_match"": 0.047859944, ""cosine_similarity"": 0.44781816, ""reranker_score"": -7.2004757}"
2026-02-10T19:42:27+00:00,CORTEX_DB.RAW.CAT_GAMES_SVC_1_5,default,"melancholic, story-rich, small town, autumn vibes, weird stuff happening in the woods","melancholic, story-rich, small town, autumn vibes, weird stuff happening in the woods",[],,False,,,,reranker_heavy,0.65,10,100,0,1740,1740,,01c2535e-0005-0843-0001-397a0006d23e,,45,45,,7e-06,7e-06,,7e-06,,,,,[],[],[],[],[],[],,,,,,,True,False,[],[],,,,[],[],,,,3,Brass,0.69850141,2025,English;Italian;Japanese;Korean;Portuguese - Brazil,Camera Comfort;Custom Volume Controls;Family Sharing;Full controller support;Keyboard Only Option;Playable without Timed Input;Save Anytime;Single-player;Steam Achievements;Steam Cloud,Adventure;Casual;Indie,3D;Adventure;Atmospheric;Casual;Cats;Colorful;Controller;Cozy;Cute;Drama;Emotional;Exploration;Indie;Interactive Fiction;Mystery;Nature;Point & Click;Relaxing;Singleplayer;Story Rich,"The only post office in a small village in the mountains, the main character of this story, Brass, works here. His job is to deliver letters and packages to the local people. One day, Brass receives a letter from his grandmother who lives in a town by the sea, and a new adventure begins. A Peaceful, Cozy Adventure Game The story progresses through conversations with the villagers and errands. There is no combat or intense action in this game. Please enjoy it in a relaxed atmosphere. A Little Mys","{""text_match"": 0.019023063, ""cosine_similarity"": 0.39700282, ""reranker_score"": -7.442715}"
2026-02-10T19:42:27+00:00,CORTEX_DB.RAW.CAT_GAMES_SVC_1_5,default,"melancholic, story-rich, small town, autumn vibes, weird stuff happening in the woods","melancholic, story-rich, small town, autumn vibes, weird stuff happening in the woods",[],,False,,,,reranker_heavy,0.65,10,100,0,1740,1740,,01c2535e-0005-0843-0001-397a0006d23e,,45,45,,7e-06,7e-06,,7e-06,,,,,[],[],[],[],[],[],,,,,,,True,False,[],[],,,,[],[],,,,4,Wild Souls,0.71451172,2022,English;French,Family Sharing;Single-player,Casual;Early Access;Indie;Simulation,2D;Agriculture;Atmospheric;Cats;Cute;Dog;Early Access;God Game;Horses;Level Editor;Management;Minimalist;Nature;Relaxing;Resource Management;Sandbox;Simulation;Singleplayer;Stylized;Top-Down,"Plant a tree, watch the forest grow. Wild Souls is a chill ecosystem sim with no time pressure, inspired by Don't Starve and Zoo Tycoon. Build your own world like you would a garden, experiment which animals and plant species can live together, manage and balance the populations, write YOUR stories. You start as a Souls Keeper : a being with the power to gather the souls of recently deceased animals and plants. Those souls can be offered a new life, in a new body. But which body ? You decide. De","{""text_match"": 0.003442812, ""cosine_similarity"": 0.42902344, ""reranker_score"": -8.441682}"
2026-02-10T19:42:27+00:00,CORTEX_DB.RAW.CAT_GAMES_SVC_1_5,default,"melancholic, story-rich, small town, autumn vibes, weird stuff happening in the woods","melancholic, story-rich, small town, autumn vibes, weird stuff happening in the woods",[],,False,,,,reranker_heavy,0.65,10,100,0,1740,1740,,01c2535e-0005-0843-0001-397a0006d23e,,45,45,,7e-06,7e-06,,7e-06,,,,,[],[],[],[],[],[],,,,,,,True,False,[],[],,,,[],[],,,,5,Wilderless: Meadowfell,0.69606504,2025,English,Family Sharing;Partial Controller Support;Single-player,Adventure;Casual;Indie;RPG;Simulation,Atmospheric;Casual;Cats;Colorful;Cute;Dragons;Exploration;Fantasy;First-Person;Flight;Horses;LGBTQ+;Nature;Open World;RPG;Sandbox;Simulation;Stylized;Third Person;Walking Simulator,"From the creator of the indie hidden gems Nimian Legends: BrightRidge and Wilderless comes Wilderless: Meadowfell, a cozy open-world game crafted for those who love to unwind and explore at their own pace. This is a serene, untamed wilderness designed for relaxation and creativity, perfect for players who enjoy non-violent games, exploration, and cozy escapes. A VIVID, UNTAMED WORLD TO EXPLORE • Explore a serene, pastoral landscape filled with gentle rivers, peaceful lakes, rolling hills, and lu","{""text_match"": 1.519123e-07, ""cosine_similarity"": 0.39213008, ""reranker_score"": -8.0210495}"
2026-02-10T19:42:27+00:00,CORTEX_DB.RAW.CAT_GAMES_SVC_1_5,default,"melancholic, story-rich, small town, autumn vibes, weird stuff happening in the woods","melancholic, story-rich, small town, autumn vibes, weird stuff happening in the woods",[],,False,,,,reranker_heavy,0.65,10,100,0,1740,1740,,01c2535e-0005-0843-0001-397a0006d23e,,45,45,,7e-06,7e-06,,7e-06,,,,,[],[],[],[],[],[],,,,,,,True,False,[],[],,,,[],[],,,,6,猫猫旅行社欢迎你！ Momo's Revitalization Project!,0.6846664,2025,English;Japanese;Simplified Chinese;Traditional Chinese,Family Sharing;Single-player,Adventure;Casual;Simulation,2D;Adventure;Anime;Atmospheric;Casual;Cats;Choose Your Own Adventure;Collectathon;Comedy;Cute;Dating Sim;Drama;Economy;Emotional;Modern;Multiple Endings;Romance;Simulation;Text-Based;Visual Novel,"'Welcome to Nekoneko Tourism!!' A visual novel featuring VTuber Momo Mitsuki in the leading role! Can you and Momo successfully carry out the Nekomisaki Town's Revitalization Project together? 🌙🍑 Synopsis 🍑🌙 Nekomisaki Town -- An old, rural seaside town that's seen better days. You've been suddenly transferred to work at a local tourism company based there. The one who greets you upon arrival? Your upbeat senior, Momo Mitsuki . Not long after you arrive, the two of you are summoned by the compan","{""text_match"": 0.0076097515, ""cosine_similarity"": 0.3693328, ""reranker_score"": -7.5815563}"
2026-02-10T19:42:27+00:00,CORTEX_DB.RAW.CAT_GAMES_SVC_1_5,default,"melancholic, story-rich, small town, autumn vibes, weird stuff happening in the woods","melancholic, story-rich, small town, autumn vibes, weird stuff happening in the woods",[],,False,,,,reranker_heavy,0.65,10,100,0,1740,1740,,01c2535e-0005-0843-0001-397a0006d23e,,45,45,,7e-06,7e-06,,7e-06,,,,,[],[],[],[],[],[],,,,,,,True,False,[],[],,,,[],[],,,,7,Christmas Stories: The Christmas Tree Forest Collector's Edition,0.674659965,2020,English,Family Sharing;Single-player,Adventure;Casual,2D;Adventure;Casual;Colorful;Family Friendly;Fantasy;First-Person;Hidden Object;Interactive Fiction;Investigation;Puzzle;Relaxing;Singleplayer;Story Rich,"Elephant Games invites you to share in spirit of Christmas in the latest addition to the beloved Christmas Stories series! It's been a year since your mom went missing, but a magical message from her asking for help brings a renewed hope just in time for the holidays! As you rush to search, you quickly find things amiss in your town. Something’s keeping Christmas magic away, and your only hope lay in the Christmas Tree Forest! Can your holiday cheer save Christmas in time? Find out in this encha","{""text_match"": 0.028868161, ""cosine_similarity"": 0.34931993, ""reranker_score"": -7.490938}"
2026-02-10T19:42:27+00:00,CORTEX_DB.RAW.CAT_GAMES_SVC_1_5,default,"melancholic, story-rich, small town, autumn vibes, weird stuff happening in the woods","melancholic, story-rich, small town, autumn vibes, weird stuff happening in the woods",[],,False,,,,reranker_heavy,0.65,10,100,0,1740,1740,,01c2535e-0005-0843-0001-397a0006d23e,,45,45,,7e-06,7e-06,,7e-06,,,,,[],[],[],[],[],[],,,,,,,True,False,[],[],,,,[],[],,,,8,My life as a cat,0.695891025,2024,English,Family Sharing;Single-player,Adventure;Casual;Indie,Adventure;Atmospheric;Cats;Choices Matter;Choose Your Own Adventure;Dark;Emotional;Indie;Interactive Fiction;Multiple Endings;Narration;Nature;Philosophical;Relaxing;Singleplayer;Story Rich;Stylized;Survival;Text-Based;Visual Novel,"'My life as a cat' is a relaxing, slow-paced visual novel about longing for something different than the modern society and searching back to nature. It has AI-generated oil paintings to illustrate the fully voiced and texted story as you progress through it according to your choices. Will you have what it takes to survive out in the wilderness, or will you steer towards a not-so-favorable ending?","{""text_match"": 1.5915917e-07, ""cosine_similarity"": 0.39178205, ""reranker_score"": -8.513784}"
2026-02-10T19:42:27+00:00,CORTEX_DB.RAW.CAT_GAMES_SVC_1_5,default,"melancholic, story-rich, small town, autumn vibes, weird stuff happening in the woods","melancholic, story-rich, small town, autumn vibes, weird stuff happening in the woods",[],,False,,,,reranker_heavy,0.65,10,100,0,1740,1740,,01c2535e-0005-0843-0001-397a0006d23e,,45,45,,7e-06,7e-06,,7e-06,,,,,[],[],[],[],[],[],,,,,,,True,False,[],[],,,,[],[],,,,9,Wrapped With a Kiss,0.6781404600000001,2022,English,Family Sharing;Partial Controller Support;Single-player,Indie,2D;Casual;Choices Matter;Choose Your Own Adventure;Cute;Dating Sim;Drama;Emotional;Family Friendly;Female Protagonist;Indie;Interactive Fiction;Multiple Endings;Otome;Romance;Simulation;Singleplayer;Story Rich;Text-Based;Visual Novel,"A Christmas Themed Otome Game After losing her job and being blacklisted from the business world, Noel has no choice but to sell everything in her apartment and move away from the big city. Lucky for her, Noel's older sister offers the woman a place to stay during the holiday season. The only problem? The insurmountable pressure of her father's expectations, being a good aunt, and trying to find something meaningful to do with her time may just shatter Noel's world. Unless of course, the winter ","{""text_match"": 0.0027474102, ""cosine_similarity"": 0.35628092, ""reranker_score"": -7.8728743}"
2026-02-10T19:42:27+00:00,CORTEX_DB.RAW.CAT_GAMES_SVC_1_5,default,"melancholic, story-rich, small town, autumn vibes, weird stuff happening in the woods","melancholic, story-rich, small town, autumn vibes, weird stuff happening in the woods",[],,False,,,,reranker_heavy,0.65,10,100,0,1740,1740,,01c2535e-0005-0843-0001-397a0006d23e,,45,45,,7e-06,7e-06,,7e-06,,,,,[],[],[],[],[],[],,,,,,,True,False,[],[],,,,[],[],,,,10,Recursive Ruin,0.6809248649999999,2022,English;French;German;Italian;Russian;Simplified Chinese;Spanish - Spain,Family Sharing;Single-player;Steam Achievements;Steam Trading Cards,Action;Adventure;Casual;Indie,3D;Abstract;Action;Action-Adventure;Adventure;Atmospheric;Cats;Emotional;Experimental;Exploration;First-Person;Linear;Mystery;Philosophical;Puzzle;Puzzle-Platformer;Sci-fi;Singleplayer;Story Rich;Surreal,"Manipulate an infinitely recursive landscape to solve a series of environmental puzzles as you work through your own struggles with grief and a creative crisis. With Behemoth, The Cat at your side — or at least somewhere nearby — unlock an introspective journey through your past and discover new meaning in a chaotic world. A Dying, Visually Stunning World Lose yourself in the Infinite Realms, a dying, fractal world of strange beauty and mind-bending physics that repeats eternally inward and outw","{""text_match"": 0.0010381152, ""cosine_similarity"": 0.36184973, ""reranker_score"": -8.047462}"
2026-02-10T19:42:30+00:00,CORTEX_DB.RAW.CAT_GAMES_SVC_1_5,default,"cute-but-gory dark comedy apocalypse with cats/dogs, choices matter","cute-but-gory dark comedy apocalypse with cats/dogs, choices matter",[],,False,,,,balanced_default,0.3,10,100,0,1011,1011,,01c2535e-0005-0843-0001-397a0006d246,,35,35,,5e-06,5e-06,,5e-06,,,,,[],[],[],[],[],[],,,,,,,True,False,[],[],,,,[],[],,,,1,Purrfect Apawcalypse: Love at Furst Bite,0.783659815,2021,English;Japanese;Korean;Polish;Portuguese - Brazil;Simplified Chinese;Spanish - Spain;Ukrainian,Family Sharing;Single-player;Steam Achievements,Adventure;Indie;RPG,Adventure;Cartoon;Cats;Choices Matter;Choose Your Own Adventure;Cute;Dark Comedy;Dating Sim;Demons;Dog;Horror;Interactive Fiction;LGBTQ+;Magic;Multiple Endings;Post-apocalyptic;RPG;Story Rich;Supernatural;Visual Novel,"Olive the mutt finds themself trapped in Hachiko High School during the apocalypse! Demons have been slaughtering their classmates and they're certain it's inevitable that they too will meet their untimely end... Which means there's only so many dogs left to spend their last moments with! Join Olive in their grisly search for a special someone! Will it be Brownie the snack-loving corgi, Sparky the sporty husky or Patches the dalmatian bookworm? It's all up to you! This game contains cartoon gore","{""text_match"": 0.10909046, ""cosine_similarity"": 0.56731963, ""reranker_score"": 0.4787268}"
2026-02-10T19:42:30+00:00,CORTEX_DB.RAW.CAT_GAMES_SVC_1_5,default,"cute-but-gory dark comedy apocalypse with cats/dogs, choices matter","cute-but-gory dark comedy apocalypse with cats/dogs, choices matter",[],,False,,,,balanced_default,0.3,10,100,0,1011,1011,,01c2535e-0005-0843-0001-397a0006d246,,35,35,,5e-06,5e-06,,5e-06,,,,,[],[],[],[],[],[],,,,,,,True,False,[],[],,,,[],[],,,,2,Purrfect Apawcalypse: Patches' Infurno,0.7681422250000001,2021,English;Japanese;Portuguese - Brazil;Russian;Simplified Chinese,Family Sharing;Single-player;Steam Achievements,Adventure;Indie;RPG,Cats;Choices Matter;Choose Your Own Adventure;Cute;Dark Humor;Dating Sim;Dog;Funny;Horror;Interactive Fiction;LGBTQ+;Magic;Multiple Endings;Point & Click;Post-apocalyptic;Puzzle;RPG;Romance;Story Rich;Visual Novel,"Patches is dragged to school for the first ever cat-and-dog school day! With Coco and Brownie distracted with home ec class, Olive and Angel busy with literature, and Sparky and Ginger occupied by gym, Patches has free reign over the school... Almost. All he needs to do is get this damn collar off and wreak some havoc! Will he prove cats and dogs can get along, or will he make this the Purrfect Apawcalypse? This game contains cartoon gore, bifurcated dogs, headless dogs, generally dogs not havin","{""text_match"": 0.08750561, ""cosine_similarity"": 0.53628445, ""reranker_score"": 0.54800826}"
2026-02-10T19:42:30+00:00,CORTEX_DB.RAW.CAT_GAMES_SVC_1_5,default,"cute-but-gory dark comedy apocalypse with cats/dogs, choices matter","cute-but-gory dark comedy apocalypse with cats/dogs, choices matter",[],,False,,,,balanced_default,0.3,10,100,0,1011,1011,,01c2535e-0005-0843-0001-397a0006d246,,35,35,,5e-06,5e-06,,5e-06,,,,,[],[],[],[],[],[],,,,,,,True,False,[],[],,,,[],[],,,,3,Gori: Cuddly Carnage,0.74829179,2024,English;French;German;Italian;Japanese;Korean;Polish;Portuguese - Brazil;Simplified Chinese;Spanish - Spain;Traditional Chinese,Adjustable Difficulty;Adjustable Text Size;Custom Volume Controls;Family Sharing;Full controller support;Single-player;Steam Achievements;Steam Cloud;Steam Trading Cards;Stereo Sound;Surround Sound,Action;Adventure;Indie,3D Platformer;Action;Action-Adventure;Adventure;Blood;Cats;Character Customization;Combat;Comedy;Controller;Cyberpunk;Destruction;Difficult;Gore;Hack and Slash;Horror;Metroidvania;Singleplayer;Stylized;Third Person,"Humanity has been destroyed - and it's up to Gori, along with his deadly but wise-cracking sentient hoverboard, F.R.A.N.K, and morose A.I companion, CH1-P, to slay the evil Adorable Army with lethal combos. Fuelled by insatiable demand, 'Cool-Toyz Inc.' created 'Ultra Pets'. The ultimate companions that never hunger, never require bathroom breaks and are impervious to the ravages of time. Little did anyone expect the mutation that transformed these perfect pets into twisted toys straight from yo","{""text_match"": 0.00963187, ""cosine_similarity"": 0.49658358, ""reranker_score"": -5.6995664}"
2026-02-10T19:42:30+00:00,CORTEX_DB.RAW.CAT_GAMES_SVC_1_5,default,"cute-but-gory dark comedy apocalypse with cats/dogs, choices matter","cute-but-gory dark comedy apocalypse with cats/dogs, choices matter",[],,False,,,,balanced_default,0.3,10,100,0,1011,1011,,01c2535e-0005-0843-0001-397a0006d246,,35,35,,5e-06,5e-06,,5e-06,,,,,[],[],[],[],[],[],,,,,,,True,False,[],[],,,,[],[],,,,4,Cat's Menace,0.720884085,2021,English;Russian,Family Sharing;Single-player,Adventure;Casual;Indie;Simulation;Strategy,Atmospheric;Choices Matter;Comedy;Creature Collector;Cute;Dark;Dark Humor;Detective;Experimental;Hand-drawn;Idler;Investigation;Narration;Noir;Puzzle;Satire;Story Rich;Stylized;Surreal;Visual Novel,"The dark story from the life of cats and people. Who will own the city? After one dramatic incident the whole city turned against the cats. In the city cats are now banned. Having cats was punishable by a fine or even a prison. People began to exterminate cats. Someone took the cats out of town, someone killed them. But the cats still returned. People were amazed that the number of cats did not decrease, but they did not stop and continued to get rid of them. But the townspeople didn’t know that","{""text_match"": 0.025956146, ""cosine_similarity"": 0.44176817, ""reranker_score"": -4.6160564}"
2026-02-10T19:42:30+00:00,CORTEX_DB.RAW.CAT_GAMES_SVC_1_5,default,"cute-but-gory dark comedy apocalypse with cats/dogs, choices matter","cute-but-gory dark comedy apocalypse with cats/dogs, choices matter",[],,False,,,,balanced_default,0.3,10,100,0,1011,1011,,01c2535e-0005-0843-0001-397a0006d246,,35,35,,5e-06,5e-06,,5e-06,,,,,[],[],[],[],[],[],,,,,,,True,False,[],[],,,,[],[],,,,5,Bear's Restaurant,0.73045662,2021,English;French;German;Indonesian;Italian;Japanese;Korean;Portuguese - Brazil;Russian;Simplified Chinese;Spanish - Latin America;Spanish - Spain;Traditional Chinese;Turkish;Vietnamese,Family Sharing;Full controller support;Single-player;Steam Achievements;Steam Cloud,Adventure;Indie;RPG,2D;Adventure;Atmospheric;Cats;Choices Matter;Cute;Dark;Emotional;Exploration;Indie;Interactive Fiction;JRPG;Linear;Philosophical;Pixel Graphics;RPG;Retro;Singleplayer;Soundtrack;Story Rich,"Where do we go after we die? And more importantly, what do we eat? In Bear’s Restaurant, you play as a little cat who just landed a job at the afterlife’s coziest eatery. As the lone waiter assisting the friendly bear who owns the joint, it’s your job to greet the newly deceased, take their orders, and deliver them each a final meal to help their souls rest in peace. The only problem is, the clientele here come from all walks of death, and in many cases, they’re awfully indecisive. In order to h","{""text_match"": 0.021099625, ""cosine_similarity"": 0.46091324, ""reranker_score"": -5.807658}"
2026-02-10T19:42:30+00:00,CORTEX_DB.RAW.CAT_GAMES_SVC_1_5,default,"cute-but-gory dark comedy apocalypse with cats/dogs, choices matter","cute-but-gory dark comedy apocalypse with cats/dogs, choices matter",[],,False,,,,balanced_default,0.3,10,100,0,1011,1011,,01c2535e-0005-0843-0001-397a0006d246,,35,35,,5e-06,5e-06,,5e-06,,,,,[],[],[],[],[],[],,,,,,,True,False,[],[],,,,[],[],,,,6,Postal III,0.72793755,2012,English;French;German;Japanese;Polish;Portuguese - Brazil;Russian,Family Sharing;Single-player;Steam Achievements,Action,Action;Adventure;Anime;Comedy;Dark Humor;Funny;Gore;Great Soundtrack;Hentai;Mature;Nudity;Open World;Psychological Horror;Sandbox;Sexual Content;Shooter;Singleplayer;Third Person;Third-Person Shooter;Violent,"Good or Insane? The choice is yours. Following the Apocalyptic end to the Postal Dude’s week in Paradise, we follow him and his insane pitbull Champ as they emigrate to its appropriately named sister city, Catharsis. Unfortunately, due to the Global Economic Meltdown, psychotic left-wing “Green” extremism and hypocritical Government corruption, it turns out Catharsis isn’t a much better place to live. What path will you choose when faced with the antics of a hypocritical scheming Mayor? A berser","{""text_match"": 0.01511847, ""cosine_similarity"": 0.4558751, ""reranker_score"": -6.66167}"
2026-02-10T19:42:30+00:00,CORTEX_DB.RAW.CAT_GAMES_SVC_1_5,default,"cute-but-gory dark comedy apocalypse with cats/dogs, choices matter","cute-but-gory dark comedy apocalypse with cats/dogs, choices matter",[],,False,,,,balanced_default,0.3,10,100,0,1011,1011,,01c2535e-0005-0843-0001-397a0006d246,,35,35,,5e-06,5e-06,,5e-06,,,,,[],[],[],[],[],[],,,,,,,True,False,[],[],,,,[],[],,,,7,"Cats, Guns & Robots",0.7249146399999999,2024,English;French;German;Italian;Japanese;Portuguese - Brazil;Russian;Simplified Chinese;Spanish - Spain;Traditional Chinese;Turkish,Family Sharing;Single-player,Action;Casual;Early Access;Indie;RPG,Action;Action RPG;Action Roguelike;Arena Shooter;Bullet Hell;Dark Fantasy;Difficult;Dungeon Crawler;Early Access;Hack and Slash;Isometric;Perma Death;RPG;Replay Value;Rogue-like;Rogue-lite;Sci-fi;Shooter;Singleplayer;Survival,"In this action rogue-like game, survive evil robot attacks, gain XP by killing them and upgrade your weapons and character for the next room. It's all about strategy, reflexes, and smart choices. Exciting Action-Packed Roguelike Gameplay! Buy and upgrade your weapons and equipment! Gain XP by killing evil robots and upgrade your character! Careful choice of weapons and character abilities will be the key to winning! THE STORY Humans and advanced robots have been living in peace and harmony for c","{""text_match"": 0.0047929413, ""cosine_similarity"": 0.44982928, ""reranker_score"": -7.9096055}"
2026-02-10T19:42:30+00:00,CORTEX_DB.RAW.CAT_GAMES_SVC_1_5,default,"cute-but-gory dark comedy apocalypse with cats/dogs, choices matter","cute-but-gory dark comedy apocalypse with cats/dogs, choices matter",[],,False,,,,balanced_default,0.3,10,100,0,1011,1011,,01c2535e-0005-0843-0001-397a0006d246,,35,35,,5e-06,5e-06,,5e-06,,,,,[],[],[],[],[],[],,,,,,,True,False,[],[],,,,[],[],,,,8,Messy Up,0.72118637,2024,English;French;German;Italian;Japanese;Korean;Portuguese - Brazil;Russian;Simplified Chinese;Traditional Chinese,Co-op;Custom Volume Controls;Family Sharing;LAN Co-op;LAN PvP;Multi-player;Online Co-op;Online PvP;Partial Controller Support;Playable without Timed Input;PvP;Remote Play Together;Save Anytime;Shared/Split Screen;Shared/Split Screen Co-op;Shared/Split Screen PvP;Single-player;Steam Achievements;Steam Cloud;Steam Trading Cards,Action;Casual;Indie;RPG;Simulation,3D;Cartoony;Casual;Co-op;Cute;Family Friendly;Funny;Indie;Local Multiplayer;Online Co-Op;Party;Party Game;Physics;PvP;RPG;Relaxing;Simulation;Singleplayer;Stylized;Top-Down,"'Messy UP' is a cute pet collaboration game featuring cats and dogs~ Due to the owner's busy life after graduation and starting work, there is less time to spend with the pets. The pets plan to create a big mess at home to grab the owner's attention and encourage them to spend more time together. After all, what mischief could a little dog possibly have in mind? Take on the role of cats and dogs and go wild, wreaking havoc at home! Each pet possesses unique abilities and skills, with various typ","{""text_match"": 0.010782332, ""cosine_similarity"": 0.44237274, ""reranker_score"": -7.873347}"
2026-02-10T19:42:30+00:00,CORTEX_DB.RAW.CAT_GAMES_SVC_1_5,default,"cute-but-gory dark comedy apocalypse with cats/dogs, choices matter","cute-but-gory dark comedy apocalypse with cats/dogs, choices matter",[],,False,,,,balanced_default,0.3,10,100,0,1011,1011,,01c2535e-0005-0843-0001-397a0006d246,,35,35,,5e-06,5e-06,,5e-06,,,,,[],[],[],[],[],[],,,,,,,True,False,[],[],,,,[],[],,,,9,Little Survivors,0.716450485,2024,English;French;German;Italian;Japanese;Korean;Portuguese - Brazil;Portuguese - Portugal;Russian;Simplified Chinese;Spanish - Latin America;Spanish - Spain;Traditional Chinese,Family Sharing;Full controller support;Single-player;Steam Achievements;Steam Cloud,Action;Casual;Indie,2.5D;Action;Action Roguelike;Arcade;Cartoon;Cartoony;Casual;Colorful;Combat;Comic Book;Cute;Dog;Family Friendly;Fantasy;Medieval;Procedural Generation;Rogue-like;Rogue-lite;Top-Down;Top-Down Shooter,"Help Marco and Eva dive into the pages of colorful comics to rescue animals imprisoned by the evil Glurks. Marco whistles to call for his pet dogs to charge to his aid. Eva squeezes her pet birds to make them lay explosive eggs. Ann twirls to make her cats pounce. Each character has 4 breeds to find, unlocking new powers. Six secondary animals that attack automatically. Easy to control, with only one action button per character. Four chapters and an infinite mode. The chapters are procedurally g","{""text_match"": 0.006272807, ""cosine_similarity"": 0.43290097, ""reranker_score"": -7.4567146}"
2026-02-10T19:42:30+00:00,CORTEX_DB.RAW.CAT_GAMES_SVC_1_5,default,"cute-but-gory dark comedy apocalypse with cats/dogs, choices matter","cute-but-gory dark comedy apocalypse with cats/dogs, choices matter",[],,False,,,,balanced_default,0.3,10,100,0,1011,1011,,01c2535e-0005-0843-0001-397a0006d246,,35,35,,5e-06,5e-06,,5e-06,,,,,[],[],[],[],[],[],,,,,,,True,False,[],[],,,,[],[],,,,10,Bad Rats Show,0.710404665,2016,English,Captions available;Family Sharing;Includes level editor;Partial Controller Support;Single-player;Stats;Steam Achievements;Steam Leaderboards;Steam Workshop,Action;Casual;Indie;Simulation;Strategy,Action;Adventure;Casual;Cold War;Comedy;Cult Classic;Dark;Difficult;Education;Gore;Great Soundtrack;Hentai;Indie;Mature;Memes;Puzzle;Replay Value;Simulation;Singleplayer;Violent,"Bad Rats Show is a physics puzzle game where the rats exact their bloody revenge against their main enemies: the Cats. Solve puzzles in 2D and 3D maps using physics, objects and specially trained Rats. All new Rats and Cats, but with the same classic and questionable Bad Rats humor. With the new map editor you can download, create and share new levels. With unlimited solutions for each puzzle, flex your creativity and enjoy the show! - Comic cartoon violence and cartoon blood - Realistic bad rat","{""text_match"": 0.01875484, ""cosine_similarity"": 0.42080933, ""reranker_score"": -7.0847936}"
2026-02-10T19:42:31+00:00,CORTEX_DB.RAW.CAT_GAMES_SVC_1_5,default,"cute-but-gory dark comedy apocalypse with cats/dogs, choices matter","cute-but-gory dark comedy apocalypse with cats/dogs, choices matter",[],,False,,,,balanced_default,0.65,10,100,0,1077,1077,,01c2535e-0005-0847-0001-397a0006c28e,,35,35,,5e-06,5e-06,,5e-06,,,,,[],[],[],[],[],[],,,,,,,True,False,[],[],,,,[],[],,,,1,Purrfect Apawcalypse: Love at Furst Bite,0.783659815,2021,English;Japanese;Korean;Polish;Portuguese - Brazil;Simplified Chinese;Spanish - Spain;Ukrainian,Family Sharing;Single-player;Steam Achievements,Adventure;Indie;RPG,Adventure;Cartoon;Cats;Choices Matter;Choose Your Own Adventure;Cute;Dark Comedy;Dating Sim;Demons;Dog;Horror;Interactive Fiction;LGBTQ+;Magic;Multiple Endings;Post-apocalyptic;RPG;Story Rich;Supernatural;Visual Novel,"Olive the mutt finds themself trapped in Hachiko High School during the apocalypse! Demons have been slaughtering their classmates and they're certain it's inevitable that they too will meet their untimely end... Which means there's only so many dogs left to spend their last moments with! Join Olive in their grisly search for a special someone! Will it be Brownie the snack-loving corgi, Sparky the sporty husky or Patches the dalmatian bookworm? It's all up to you! This game contains cartoon gore","{""text_match"": 0.10909046, ""cosine_similarity"": 0.56731963, ""reranker_score"": 0.4787268}"
2026-02-10T19:42:31+00:00,CORTEX_DB.RAW.CAT_GAMES_SVC_1_5,default,"cute-but-gory dark comedy apocalypse with cats/dogs, choices matter","cute-but-gory dark comedy apocalypse with cats/dogs, choices matter",[],,False,,,,balanced_default,0.65,10,100,0,1077,1077,,01c2535e-0005-0847-0001-397a0006c28e,,35,35,,5e-06,5e-06,,5e-06,,,,,[],[],[],[],[],[],,,,,,,True,False,[],[],,,,[],[],,,,2,Purrfect Apawcalypse: Patches' Infurno,0.7681422250000001,2021,English;Japanese;Portuguese - Brazil;Russian;Simplified Chinese,Family Sharing;Single-player;Steam Achievements,Adventure;Indie;RPG,Cats;Choices Matter;Choose Your Own Adventure;Cute;Dark Humor;Dating Sim;Dog;Funny;Horror;Interactive Fiction;LGBTQ+;Magic;Multiple Endings;Point & Click;Post-apocalyptic;Puzzle;RPG;Romance;Story Rich;Visual Novel,"Patches is dragged to school for the first ever cat-and-dog school day! With Coco and Brownie distracted with home ec class, Olive and Angel busy with literature, and Sparky and Ginger occupied by gym, Patches has free reign over the school... Almost. All he needs to do is get this damn collar off and wreak some havoc! Will he prove cats and dogs can get along, or will he make this the Purrfect Apawcalypse? This game contains cartoon gore, bifurcated dogs, headless dogs, generally dogs not havin","{""text_match"": 0.08750561, ""cosine_similarity"": 0.53628445, ""reranker_score"": 0.54800826}"
2026-02-10T19:42:31+00:00,CORTEX_DB.RAW.CAT_GAMES_SVC_1_5,default,"cute-but-gory dark comedy apocalypse with cats/dogs, choices matter","cute-but-gory dark comedy apocalypse with cats/dogs, choices matter",[],,False,,,,balanced_default,0.65,10,100,0,1077,1077,,01c2535e-0005-0847-0001-397a0006c28e,,35,35,,5e-06,5e-06,,5e-06,,,,,[],[],[],[],[],[],,,,,,,True,False,[],[],,,,[],[],,,,3,Gori: Cuddly Carnage,0.74829179,2024,English;French;German;Italian;Japanese;Korean;Polish;Portuguese - Brazil;Simplified Chinese;Spanish - Spain;Traditional Chinese,Adjustable Difficulty;Adjustable Text Size;Custom Volume Controls;Family Sharing;Full controller support;Single-player;Steam Achievements;Steam Cloud;Steam Trading Cards;Stereo Sound;Surround Sound,Action;Adventure;Indie,3D Platformer;Action;Action-Adventure;Adventure;Blood;Cats;Character Customization;Combat;Comedy;Controller;Cyberpunk;Destruction;Difficult;Gore;Hack and Slash;Horror;Metroidvania;Singleplayer;Stylized;Third Person,"Humanity has been destroyed - and it's up to Gori, along with his deadly but wise-cracking sentient hoverboard, F.R.A.N.K, and morose A.I companion, CH1-P, to slay the evil Adorable Army with lethal combos. Fuelled by insatiable demand, 'Cool-Toyz Inc.' created 'Ultra Pets'. The ultimate companions that never hunger, never require bathroom breaks and are impervious to the ravages of time. Little did anyone expect the mutation that transformed these perfect pets into twisted toys straight from yo","{""text_match"": 0.00963187, ""cosine_similarity"": 0.49658358, ""reranker_score"": -5.6995664}"
2026-02-10T19:42:31+00:00,CORTEX_DB.RAW.CAT_GAMES_SVC_1_5,default,"cute-but-gory dark comedy apocalypse with cats/dogs, choices matter","cute-but-gory dark comedy apocalypse with cats/dogs, choices matter",[],,False,,,,balanced_default,0.65,10,100,0,1077,1077,,01c2535e-0005-0847-0001-397a0006c28e,,35,35,,5e-06,5e-06,,5e-06,,,,,[],[],[],[],[],[],,,,,,,True,False,[],[],,,,[],[],,,,4,Cat's Menace,0.720884085,2021,English;Russian,Family Sharing;Single-player,Adventure;Casual;Indie;Simulation;Strategy,Atmospheric;Choices Matter;Comedy;Creature Collector;Cute;Dark;Dark Humor;Detective;Experimental;Hand-drawn;Idler;Investigation;Narration;Noir;Puzzle;Satire;Story Rich;Stylized;Surreal;Visual Novel,"The dark story from the life of cats and people. Who will own the city? After one dramatic incident the whole city turned against the cats. In the city cats are now banned. Having cats was punishable by a fine or even a prison. People began to exterminate cats. Someone took the cats out of town, someone killed them. But the cats still returned. People were amazed that the number of cats did not decrease, but they did not stop and continued to get rid of them. But the townspeople didn’t know that","{""text_match"": 0.025956146, ""cosine_similarity"": 0.44176817, ""reranker_score"": -4.6160564}"
2026-02-10T19:42:31+00:00,CORTEX_DB.RAW.CAT_GAMES_SVC_1_5,default,"cute-but-gory dark comedy apocalypse with cats/dogs, choices matter","cute-but-gory dark comedy apocalypse with cats/dogs, choices matter",[],,False,,,,balanced_default,0.65,10,100,0,1077,1077,,01c2535e-0005-0847-0001-397a0006c28e,,35,35,,5e-06,5e-06,,5e-06,,,,,[],[],[],[],[],[],,,,,,,True,False,[],[],,,,[],[],,,,5,Bear's Restaurant,0.73045662,2021,English;French;German;Indonesian;Italian;Japanese;Korean;Portuguese - Brazil;Russian;Simplified Chinese;Spanish - Latin America;Spanish - Spain;Traditional Chinese;Turkish;Vietnamese,Family Sharing;Full controller support;Single-player;Steam Achievements;Steam Cloud,Adventure;Indie;RPG,2D;Adventure;Atmospheric;Cats;Choices Matter;Cute;Dark;Emotional;Exploration;Indie;Interactive Fiction;JRPG;Linear;Philosophical;Pixel Graphics;RPG;Retro;Singleplayer;Soundtrack;Story Rich,"Where do we go after we die? And more importantly, what do we eat? In Bear’s Restaurant, you play as a little cat who just landed a job at the afterlife’s coziest eatery. As the lone waiter assisting the friendly bear who owns the joint, it’s your job to greet the newly deceased, take their orders, and deliver them each a final meal to help their souls rest in peace. The only problem is, the clientele here come from all walks of death, and in many cases, they’re awfully indecisive. In order to h","{""text_match"": 0.021099625, ""cosine_similarity"": 0.46091324, ""reranker_score"": -5.807658}"
2026-02-10T19:42:31+00:00,CORTEX_DB.RAW.CAT_GAMES_SVC_1_5,default,"cute-but-gory dark comedy apocalypse with cats/dogs, choices matter","cute-but-gory dark comedy apocalypse with cats/dogs, choices matter",[],,False,,,,balanced_default,0.65,10,100,0,1077,1077,,01c2535e-0005-0847-0001-397a0006c28e,,35,35,,5e-06,5e-06,,5e-06,,,,,[],[],[],[],[],[],,,,,,,True,False,[],[],,,,[],[],,,,6,Postal III,0.72793755,2012,English;French;German;Japanese;Polish;Portuguese - Brazil;Russian,Family Sharing;Single-player;Steam Achievements,Action,Action;Adventure;Anime;Comedy;Dark Humor;Funny;Gore;Great Soundtrack;Hentai;Mature;Nudity;Open World;Psychological Horror;Sandbox;Sexual Content;Shooter;Singleplayer;Third Person;Third-Person Shooter;Violent,"Good or Insane? The choice is yours. Following the Apocalyptic end to the Postal Dude’s week in Paradise, we follow him and his insane pitbull Champ as they emigrate to its appropriately named sister city, Catharsis. Unfortunately, due to the Global Economic Meltdown, psychotic left-wing “Green” extremism and hypocritical Government corruption, it turns out Catharsis isn’t a much better place to live. What path will you choose when faced with the antics of a hypocritical scheming Mayor? A berser","{""text_match"": 0.01511847, ""cosine_similarity"": 0.4558751, ""reranker_score"": -6.66167}"
2026-02-10T19:42:31+00:00,CORTEX_DB.RAW.CAT_GAMES_SVC_1_5,default,"cute-but-gory dark comedy apocalypse with cats/dogs, choices matter","cute-but-gory dark comedy apocalypse with cats/dogs, choices matter",[],,False,,,,balanced_default,0.65,10,100,0,1077,1077,,01c2535e-0005-0847-0001-397a0006c28e,,35,35,,5e-06,5e-06,,5e-06,,,,,[],[],[],[],[],[],,,,,,,True,False,[],[],,,,[],[],,,,7,"Cats, Guns & Robots",0.7249146399999999,2024,English;French;German;Italian;Japanese;Portuguese - Brazil;Russian;Simplified Chinese;Spanish - Spain;Traditional Chinese;Turkish,Family Sharing;Single-player,Action;Casual;Early Access;Indie;RPG,Action;Action RPG;Action Roguelike;Arena Shooter;Bullet Hell;Dark Fantasy;Difficult;Dungeon Crawler;Early Access;Hack and Slash;Isometric;Perma Death;RPG;Replay Value;Rogue-like;Rogue-lite;Sci-fi;Shooter;Singleplayer;Survival,"In this action rogue-like game, survive evil robot attacks, gain XP by killing them and upgrade your weapons and character for the next room. It's all about strategy, reflexes, and smart choices. Exciting Action-Packed Roguelike Gameplay! Buy and upgrade your weapons and equipment! Gain XP by killing evil robots and upgrade your character! Careful choice of weapons and character abilities will be the key to winning! THE STORY Humans and advanced robots have been living in peace and harmony for c","{""text_match"": 0.0047929413, ""cosine_similarity"": 0.44982928, ""reranker_score"": -7.9096055}"
2026-02-10T19:42:31+00:00,CORTEX_DB.RAW.CAT_GAMES_SVC_1_5,default,"cute-but-gory dark comedy apocalypse with cats/dogs, choices matter","cute-but-gory dark comedy apocalypse with cats/dogs, choices matter",[],,False,,,,balanced_default,0.65,10,100,0,1077,1077,,01c2535e-0005-0847-0001-397a0006c28e,,35,35,,5e-06,5e-06,,5e-06,,,,,[],[],[],[],[],[],,,,,,,True,False,[],[],,,,[],[],,,,8,Messy Up,0.72118637,2024,English;French;German;Italian;Japanese;Korean;Portuguese - Brazil;Russian;Simplified Chinese;Traditional Chinese,Co-op;Custom Volume Controls;Family Sharing;LAN Co-op;LAN PvP;Multi-player;Online Co-op;Online PvP;Partial Controller Support;Playable without Timed Input;PvP;Remote Play Together;Save Anytime;Shared/Split Screen;Shared/Split Screen Co-op;Shared/Split Screen PvP;Single-player;Steam Achievements;Steam Cloud;Steam Trading Cards,Action;Casual;Indie;RPG;Simulation,3D;Cartoony;Casual;Co-op;Cute;Family Friendly;Funny;Indie;Local Multiplayer;Online Co-Op;Party;Party Game;Physics;PvP;RPG;Relaxing;Simulation;Singleplayer;Stylized;Top-Down,"'Messy UP' is a cute pet collaboration game featuring cats and dogs~ Due to the owner's busy life after graduation and starting work, there is less time to spend with the pets. The pets plan to create a big mess at home to grab the owner's attention and encourage them to spend more time together. After all, what mischief could a little dog possibly have in mind? Take on the role of cats and dogs and go wild, wreaking havoc at home! Each pet possesses unique abilities and skills, with various typ","{""text_match"": 0.010782332, ""cosine_similarity"": 0.44237274, ""reranker_score"": -7.873347}"
2026-02-10T19:42:31+00:00,CORTEX_DB.RAW.CAT_GAMES_SVC_1_5,default,"cute-but-gory dark comedy apocalypse with cats/dogs, choices matter","cute-but-gory dark comedy apocalypse with cats/dogs, choices matter",[],,False,,,,balanced_default,0.65,10,100,0,1077,1077,,01c2535e-0005-0847-0001-397a0006c28e,,35,35,,5e-06,5e-06,,5e-06,,,,,[],[],[],[],[],[],,,,,,,True,False,[],[],,,,[],[],,,,9,Little Survivors,0.716450485,2024,English;French;German;Italian;Japanese;Korean;Portuguese - Brazil;Portuguese - Portugal;Russian;Simplified Chinese;Spanish - Latin America;Spanish - Spain;Traditional Chinese,Family Sharing;Full controller support;Single-player;Steam Achievements;Steam Cloud,Action;Casual;Indie,2.5D;Action;Action Roguelike;Arcade;Cartoon;Cartoony;Casual;Colorful;Combat;Comic Book;Cute;Dog;Family Friendly;Fantasy;Medieval;Procedural Generation;Rogue-like;Rogue-lite;Top-Down;Top-Down Shooter,"Help Marco and Eva dive into the pages of colorful comics to rescue animals imprisoned by the evil Glurks. Marco whistles to call for his pet dogs to charge to his aid. Eva squeezes her pet birds to make them lay explosive eggs. Ann twirls to make her cats pounce. Each character has 4 breeds to find, unlocking new powers. Six secondary animals that attack automatically. Easy to control, with only one action button per character. Four chapters and an infinite mode. The chapters are procedurally g","{""text_match"": 0.006272807, ""cosine_similarity"": 0.43290097, ""reranker_score"": -7.4567146}"
2026-02-10T19:42:31+00:00,CORTEX_DB.RAW.CAT_GAMES_SVC_1_5,default,"cute-but-gory dark comedy apocalypse with cats/dogs, choices matter","cute-but-gory dark comedy apocalypse with cats/dogs, choices matter",[],,False,,,,balanced_default,0.65,10,100,0,1077,1077,,01c2535e-0005-0847-0001-397a0006c28e,,35,35,,5e-06,5e-06,,5e-06,,,,,[],[],[],[],[],[],,,,,,,True,False,[],[],,,,[],[],,,,10,Bad Rats Show,0.710404665,2016,English,Captions available;Family Sharing;Includes level editor;Partial Controller Support;Single-player;Stats;Steam Achievements;Steam Leaderboards;Steam Workshop,Action;Casual;Indie;Simulation;Strategy,Action;Adventure;Casual;Cold War;Comedy;Cult Classic;Dark;Difficult;Education;Gore;Great Soundtrack;Hentai;Indie;Mature;Memes;Puzzle;Replay Value;Simulation;Singleplayer;Violent,"Bad Rats Show is a physics puzzle game where the rats exact their bloody revenge against their main enemies: the Cats. Solve puzzles in 2D and 3D maps using physics, objects and specially trained Rats. All new Rats and Cats, but with the same classic and questionable Bad Rats humor. With the new map editor you can download, create and share new levels. With unlimited solutions for each puzzle, flex your creativity and enjoy the show! - Comic cartoon violence and cartoon blood - Realistic bad rat","{""text_match"": 0.01875484, ""cosine_similarity"": 0.42080933, ""reranker_score"": -7.0847936}"
2026-02-10T19:42:32+00:00,CORTEX_DB.RAW.CAT_GAMES_SVC_1_5,default,"cute-but-gory dark comedy apocalypse with cats/dogs, choices matter","cute-but-gory dark comedy apocalypse with cats/dogs, choices matter",[],,False,,,,balanced_default,0.75,10,100,0,1064,1064,,01c2535e-0005-0846-0001-397a00068f96,,33,33,,5e-06,5e-06,,5e-06,,,,,[],[],[],[],[],[],,,,,,,True,False,[],[],,,,[],[],,,,1,Purrfect Apawcalypse: Love at Furst Bite,0.783659815,2021,English;Japanese;Korean;Polish;Portuguese - Brazil;Simplified Chinese;Spanish - Spain;Ukrainian,Family Sharing;Single-player;Steam Achievements,Adventure;Indie;RPG,Adventure;Cartoon;Cats;Choices Matter;Choose Your Own Adventure;Cute;Dark Comedy;Dating Sim;Demons;Dog;Horror;Interactive Fiction;LGBTQ+;Magic;Multiple Endings;Post-apocalyptic;RPG;Story Rich;Supernatural;Visual Novel,"Olive the mutt finds themself trapped in Hachiko High School during the apocalypse! Demons have been slaughtering their classmates and they're certain it's inevitable that they too will meet their untimely end... Which means there's only so many dogs left to spend their last moments with! Join Olive in their grisly search for a special someone! Will it be Brownie the snack-loving corgi, Sparky the sporty husky or Patches the dalmatian bookworm? It's all up to you! This game contains cartoon gore","{""text_match"": 0.10909046, ""cosine_similarity"": 0.56731963, ""reranker_score"": 0.4787268}"
2026-02-10T19:42:32+00:00,CORTEX_DB.RAW.CAT_GAMES_SVC_1_5,default,"cute-but-gory dark comedy apocalypse with cats/dogs, choices matter","cute-but-gory dark comedy apocalypse with cats/dogs, choices matter",[],,False,,,,balanced_default,0.75,10,100,0,1064,1064,,01c2535e-0005-0846-0001-397a00068f96,,33,33,,5e-06,5e-06,,5e-06,,,,,[],[],[],[],[],[],,,,,,,True,False,[],[],,,,[],[],,,,2,Purrfect Apawcalypse: Patches' Infurno,0.7681422250000001,2021,English;Japanese;Portuguese - Brazil;Russian;Simplified Chinese,Family Sharing;Single-player;Steam Achievements,Adventure;Indie;RPG,Cats;Choices Matter;Choose Your Own Adventure;Cute;Dark Humor;Dating Sim;Dog;Funny;Horror;Interactive Fiction;LGBTQ+;Magic;Multiple Endings;Point & Click;Post-apocalyptic;Puzzle;RPG;Romance;Story Rich;Visual Novel,"Patches is dragged to school for the first ever cat-and-dog school day! With Coco and Brownie distracted with home ec class, Olive and Angel busy with literature, and Sparky and Ginger occupied by gym, Patches has free reign over the school... Almost. All he needs to do is get this damn collar off and wreak some havoc! Will he prove cats and dogs can get along, or will he make this the Purrfect Apawcalypse? This game contains cartoon gore, bifurcated dogs, headless dogs, generally dogs not havin","{""text_match"": 0.08750561, ""cosine_similarity"": 0.53628445, ""reranker_score"": 0.54800826}"
2026-02-10T19:42:35+00:00,CORTEX_DB.RAW.CAT_GAMES_SVC_1_5,default,"cute-but-gory dark comedy apocalypse with cats/dogs, choices matter","cute-but-gory dark comedy apocalypse with cats/dogs, choices matter",[],,False,,,,keyword_focus,0.3,10,100,0,1125,1125,,01c2535e-0005-0847-0001-397a0006c296,,42,42,,6e-06,6e-06,,6e-06,,,,,[],[],[],[],[],[],,,,,,,True,False,[],[],,,,[],[],,,,1,Purrfect Apawcalypse: Love at Furst Bite,0.783659815,2021,English;Japanese;Korean;Polish;Portuguese - Brazil;Simplified Chinese;Spanish - Spain;Ukrainian,Family Sharing;Single-player;Steam Achievements,Adventure;Indie;RPG,Adventure;Cartoon;Cats;Choices Matter;Choose Your Own Adventure;Cute;Dark Comedy;Dating Sim;Demons;Dog;Horror;Interactive Fiction;LGBTQ+;Magic;Multiple Endings;Post-apocalyptic;RPG;Story Rich;Supernatural;Visual Novel,"Olive the mutt finds themself trapped in Hachiko High School during the apocalypse! Demons have been slaughtering their classmates and they're certain it's inevitable that they too will meet their untimely end... Which means there's only so many dogs left to spend their last moments with! Join Olive in their grisly search for a special someone! Will it be Brownie the snack-loving corgi, Sparky the sporty husky or Patches the dalmatian bookworm? It's all up to you! This game contains cartoon gore","{""text_match"": 0.10909046, ""cosine_similarity"": 0.56731963, ""reranker_score"": 0.4787268}"
2026-02-10T19:42:35+00:00,CORTEX_DB.RAW.CAT_GAMES_SVC_1_5,default,"cute-but-gory dark comedy apocalypse with cats/dogs, choices matter","cute-but-gory dark comedy apocalypse with cats/dogs, choices matter",[],,False,,,,keyword_focus,0.3,10,100,0,1125,1125,,01c2535e-0005-0847-0001-397a0006c296,,42,42,,6e-06,6e-06,,6e-06,,,,,[],[],[],[],[],[],,,,,,,True,False,[],[],,,,[],[],,,,2,Purrfect Apawcalypse: Patches' Infurno,0.7681422250000001,2021,English;Japanese;Portuguese - Brazil;Russian;Simplified Chinese,Family Sharing;Single-player;Steam Achievements,Adventure;Indie;RPG,Cats;Choices Matter;Choose Your Own Adventure;Cute;Dark Humor;Dating Sim;Dog;Funny;Horror;Interactive Fiction;LGBTQ+;Magic;Multiple Endings;Point & Click;Post-apocalyptic;Puzzle;RPG;Romance;Story Rich;Visual Novel,"Patches is dragged to school for the first ever cat-and-dog school day! With Coco and Brownie distracted with home ec class, Olive and Angel busy with literature, and Sparky and Ginger occupied by gym, Patches has free reign over the school... Almost. All he needs to do is get this damn collar off and wreak some havoc! Will he prove cats and dogs can get along, or will he make this the Purrfect Apawcalypse? This game contains cartoon gore, bifurcated dogs, headless dogs, generally dogs not havin","{""text_match"": 0.08750561, ""cosine_similarity"": 0.53628445, ""reranker_score"": 0.54800826}"
2026-02-10T19:42:35+00:00,CORTEX_DB.RAW.CAT_GAMES_SVC_1_5,default,"cute-but-gory dark comedy apocalypse with cats/dogs, choices matter","cute-but-gory dark comedy apocalypse with cats/dogs, choices matter",[],,False,,,,keyword_focus,0.3,10,100,0,1125,1125,,01c2535e-0005-0847-0001-397a0006c296,,42,42,,6e-06,6e-06,,6e-06,,,,,[],[],[],[],[],[],,,,,,,True,False,[],[],,,,[],[],,,,3,Gori: Cuddly Carnage,0.74829179,2024,English;French;German;Italian;Japanese;Korean;Polish;Portuguese - Brazil;Simplified Chinese;Spanish - Spain;Traditional Chinese,Adjustable Difficulty;Adjustable Text Size;Custom Volume Controls;Family Sharing;Full controller support;Single-player;Steam Achievements;Steam Cloud;Steam Trading Cards;Stereo Sound;Surround Sound,Action;Adventure;Indie,3D Platformer;Action;Action-Adventure;Adventure;Blood;Cats;Character Customization;Combat;Comedy;Controller;Cyberpunk;Destruction;Difficult;Gore;Hack and Slash;Horror;Metroidvania;Singleplayer;Stylized;Third Person,"Humanity has been destroyed - and it's up to Gori, along with his deadly but wise-cracking sentient hoverboard, F.R.A.N.K, and morose A.I companion, CH1-P, to slay the evil Adorable Army with lethal combos. Fuelled by insatiable demand, 'Cool-Toyz Inc.' created 'Ultra Pets'. The ultimate companions that never hunger, never require bathroom breaks and are impervious to the ravages of time. Little did anyone expect the mutation that transformed these perfect pets into twisted toys straight from yo","{""text_match"": 0.00963187, ""cosine_similarity"": 0.49658358, ""reranker_score"": -5.6995664}"
2026-02-10T19:42:35+00:00,CORTEX_DB.RAW.CAT_GAMES_SVC_1_5,default,"cute-but-gory dark comedy apocalypse with cats/dogs, choices matter","cute-but-gory dark comedy apocalypse with cats/dogs, choices matter",[],,False,,,,keyword_focus,0.3,10,100,0,1125,1125,,01c2535e-0005-0847-0001-397a0006c296,,42,42,,6e-06,6e-06,,6e-06,,,,,[],[],[],[],[],[],,,,,,,True,False,[],[],,,,[],[],,,,4,Cat's Menace,0.720884085,2021,English;Russian,Family Sharing;Single-player,Adventure;Casual;Indie;Simulation;Strategy,Atmospheric;Choices Matter;Comedy;Creature Collector;Cute;Dark;Dark Humor;Detective;Experimental;Hand-drawn;Idler;Investigation;Narration;Noir;Puzzle;Satire;Story Rich;Stylized;Surreal;Visual Novel,"The dark story from the life of cats and people. Who will own the city? After one dramatic incident the whole city turned against the cats. In the city cats are now banned. Having cats was punishable by a fine or even a prison. People began to exterminate cats. Someone took the cats out of town, someone killed them. But the cats still returned. People were amazed that the number of cats did not decrease, but they did not stop and continued to get rid of them. But the townspeople didn’t know that","{""text_match"": 0.025956146, ""cosine_similarity"": 0.44176817, ""reranker_score"": -4.6160564}"
2026-02-10T19:42:35+00:00,CORTEX_DB.RAW.CAT_GAMES_SVC_1_5,default,"cute-but-gory dark comedy apocalypse with cats/dogs, choices matter","cute-but-gory dark comedy apocalypse with cats/dogs, choices matter",[],,False,,,,keyword_focus,0.3,10,100,0,1125,1125,,01c2535e-0005-0847-0001-397a0006c296,,42,42,,6e-06,6e-06,,6e-06,,,,,[],[],[],[],[],[],,,,,,,True,False,[],[],,,,[],[],,,,5,Bear's Restaurant,0.73045662,2021,English;French;German;Indonesian;Italian;Japanese;Korean;Portuguese - Brazil;Russian;Simplified Chinese;Spanish - Latin America;Spanish - Spain;Traditional Chinese;Turkish;Vietnamese,Family Sharing;Full controller support;Single-player;Steam Achievements;Steam Cloud,Adventure;Indie;RPG,2D;Adventure;Atmospheric;Cats;Choices Matter;Cute;Dark;Emotional;Exploration;Indie;Interactive Fiction;JRPG;Linear;Philosophical;Pixel Graphics;RPG;Retro;Singleplayer;Soundtrack;Story Rich,"Where do we go after we die? And more importantly, what do we eat? In Bear’s Restaurant, you play as a little cat who just landed a job at the afterlife’s coziest eatery. As the lone waiter assisting the friendly bear who owns the joint, it’s your job to greet the newly deceased, take their orders, and deliver them each a final meal to help their souls rest in peace. The only problem is, the clientele here come from all walks of death, and in many cases, they’re awfully indecisive. In order to h","{""text_match"": 0.021099625, ""cosine_similarity"": 0.46091324, ""reranker_score"": -5.807658}"
2026-02-10T19:42:35+00:00,CORTEX_DB.RAW.CAT_GAMES_SVC_1_5,default,"cute-but-gory dark comedy apocalypse with cats/dogs, choices matter","cute-but-gory dark comedy apocalypse with cats/dogs, choices matter",[],,False,,,,keyword_focus,0.3,10,100,0,1125,1125,,01c2535e-0005-0847-0001-397a0006c296,,42,42,,6e-06,6e-06,,6e-06,,,,,[],[],[],[],[],[],,,,,,,True,False,[],[],,,,[],[],,,,6,Postal III,0.72793755,2012,English;French;German;Japanese;Polish;Portuguese - Brazil;Russian,Family Sharing;Single-player;Steam Achievements,Action,Action;Adventure;Anime;Comedy;Dark Humor;Funny;Gore;Great Soundtrack;Hentai;Mature;Nudity;Open World;Psychological Horror;Sandbox;Sexual Content;Shooter;Singleplayer;Third Person;Third-Person Shooter;Violent,"Good or Insane? The choice is yours. Following the Apocalyptic end to the Postal Dude’s week in Paradise, we follow him and his insane pitbull Champ as they emigrate to its appropriately named sister city, Catharsis. Unfortunately, due to the Global Economic Meltdown, psychotic left-wing “Green” extremism and hypocritical Government corruption, it turns out Catharsis isn’t a much better place to live. What path will you choose when faced with the antics of a hypocritical scheming Mayor? A berser","{""text_match"": 0.01511847, ""cosine_similarity"": 0.4558751, ""reranker_score"": -6.66167}"
2026-02-10T19:42:35+00:00,CORTEX_DB.RAW.CAT_GAMES_SVC_1_5,default,"cute-but-gory dark comedy apocalypse with cats/dogs, choices matter","cute-but-gory dark comedy apocalypse with cats/dogs, choices matter",[],,False,,,,keyword_focus,0.3,10,100,0,1125,1125,,01c2535e-0005-0847-0001-397a0006c296,,42,42,,6e-06,6e-06,,6e-06,,,,,[],[],[],[],[],[],,,,,,,True,False,[],[],,,,[],[],,,,7,"Cats, Guns & Robots",0.7249146399999999,2024,English;French;German;Italian;Japanese;Portuguese - Brazil;Russian;Simplified Chinese;Spanish - Spain;Traditional Chinese;Turkish,Family Sharing;Single-player,Action;Casual;Early Access;Indie;RPG,Action;Action RPG;Action Roguelike;Arena Shooter;Bullet Hell;Dark Fantasy;Difficult;Dungeon Crawler;Early Access;Hack and Slash;Isometric;Perma Death;RPG;Replay Value;Rogue-like;Rogue-lite;Sci-fi;Shooter;Singleplayer;Survival,"In this action rogue-like game, survive evil robot attacks, gain XP by killing them and upgrade your weapons and character for the next room. It's all about strategy, reflexes, and smart choices. Exciting Action-Packed Roguelike Gameplay! Buy and upgrade your weapons and equipment! Gain XP by killing evil robots and upgrade your character! Careful choice of weapons and character abilities will be the key to winning! THE STORY Humans and advanced robots have been living in peace and harmony for c","{""text_match"": 0.0047929413, ""cosine_similarity"": 0.44982928, ""reranker_score"": -7.9096055}"
2026-02-10T19:42:35+00:00,CORTEX_DB.RAW.CAT_GAMES_SVC_1_5,default,"cute-but-gory dark comedy apocalypse with cats/dogs, choices matter","cute-but-gory dark comedy apocalypse with cats/dogs, choices matter",[],,False,,,,keyword_focus,0.3,10,100,0,1125,1125,,01c2535e-0005-0847-0001-397a0006c296,,42,42,,6e-06,6e-06,,6e-06,,,,,[],[],[],[],[],[],,,,,,,True,False,[],[],,,,[],[],,,,8,Messy Up,0.72118637,2024,English;French;German;Italian;Japanese;Korean;Portuguese - Brazil;Russian;Simplified Chinese;Traditional Chinese,Co-op;Custom Volume Controls;Family Sharing;LAN Co-op;LAN PvP;Multi-player;Online Co-op;Online PvP;Partial Controller Support;Playable without Timed Input;PvP;Remote Play Together;Save Anytime;Shared/Split Screen;Shared/Split Screen Co-op;Shared/Split Screen PvP;Single-player;Steam Achievements;Steam Cloud;Steam Trading Cards,Action;Casual;Indie;RPG;Simulation,3D;Cartoony;Casual;Co-op;Cute;Family Friendly;Funny;Indie;Local Multiplayer;Online Co-Op;Party;Party Game;Physics;PvP;RPG;Relaxing;Simulation;Singleplayer;Stylized;Top-Down,"'Messy UP' is a cute pet collaboration game featuring cats and dogs~ Due to the owner's busy life after graduation and starting work, there is less time to spend with the pets. The pets plan to create a big mess at home to grab the owner's attention and encourage them to spend more time together. After all, what mischief could a little dog possibly have in mind? Take on the role of cats and dogs and go wild, wreaking havoc at home! Each pet possesses unique abilities and skills, with various typ","{""text_match"": 0.010782332, ""cosine_similarity"": 0.44237274, ""reranker_score"": -7.873347}"
2026-02-10T19:42:35+00:00,CORTEX_DB.RAW.CAT_GAMES_SVC_1_5,default,"cute-but-gory dark comedy apocalypse with cats/dogs, choices matter","cute-but-gory dark comedy apocalypse with cats/dogs, choices matter",[],,False,,,,keyword_focus,0.3,10,100,0,1125,1125,,01c2535e-0005-0847-0001-397a0006c296,,42,42,,6e-06,6e-06,,6e-06,,,,,[],[],[],[],[],[],,,,,,,True,False,[],[],,,,[],[],,,,9,Little Survivors,0.716450485,2024,English;French;German;Italian;Japanese;Korean;Portuguese - Brazil;Portuguese - Portugal;Russian;Simplified Chinese;Spanish - Latin America;Spanish - Spain;Traditional Chinese,Family Sharing;Full controller support;Single-player;Steam Achievements;Steam Cloud,Action;Casual;Indie,2.5D;Action;Action Roguelike;Arcade;Cartoon;Cartoony;Casual;Colorful;Combat;Comic Book;Cute;Dog;Family Friendly;Fantasy;Medieval;Procedural Generation;Rogue-like;Rogue-lite;Top-Down;Top-Down Shooter,"Help Marco and Eva dive into the pages of colorful comics to rescue animals imprisoned by the evil Glurks. Marco whistles to call for his pet dogs to charge to his aid. Eva squeezes her pet birds to make them lay explosive eggs. Ann twirls to make her cats pounce. Each character has 4 breeds to find, unlocking new powers. Six secondary animals that attack automatically. Easy to control, with only one action button per character. Four chapters and an infinite mode. The chapters are procedurally g","{""text_match"": 0.006272807, ""cosine_similarity"": 0.43290097, ""reranker_score"": -7.4567146}"
2026-02-10T19:42:35+00:00,CORTEX_DB.RAW.CAT_GAMES_SVC_1_5,default,"cute-but-gory dark comedy apocalypse with cats/dogs, choices matter","cute-but-gory dark comedy apocalypse with cats/dogs, choices matter",[],,False,,,,keyword_focus,0.3,10,100,0,1125,1125,,01c2535e-0005-0847-0001-397a0006c296,,42,42,,6e-06,6e-06,,6e-06,,,,,[],[],[],[],[],[],,,,,,,True,False,[],[],,,,[],[],,,,10,Bad Rats Show,0.710404665,2016,English,Captions available;Family Sharing;Includes level editor;Partial Controller Support;Single-player;Stats;Steam Achievements;Steam Leaderboards;Steam Workshop,Action;Casual;Indie;Simulation;Strategy,Action;Adventure;Casual;Cold War;Comedy;Cult Classic;Dark;Difficult;Education;Gore;Great Soundtrack;Hentai;Indie;Mature;Memes;Puzzle;Replay Value;Simulation;Singleplayer;Violent,"Bad Rats Show is a physics puzzle game where the rats exact their bloody revenge against their main enemies: the Cats. Solve puzzles in 2D and 3D maps using physics, objects and specially trained Rats. All new Rats and Cats, but with the same classic and questionable Bad Rats humor. With the new map editor you can download, create and share new levels. With unlimited solutions for each puzzle, flex your creativity and enjoy the show! - Comic cartoon violence and cartoon blood - Realistic bad rat","{""text_match"": 0.01875484, ""cosine_similarity"": 0.42080933, ""reranker_score"": -7.0847936}"
2026-02-10T19:42:36+00:00,CORTEX_DB.RAW.CAT_GAMES_SVC_1_5,default,"cute-but-gory dark comedy apocalypse with cats/dogs, choices matter","cute-but-gory dark comedy apocalypse with cats/dogs, choices matter",[],,False,,,,keyword_focus,0.65,10,100,0,1127,1127,,01c2535e-0005-0846-0001-397a00068fa6,,34,34,,5e-06,5e-06,,5e-06,,,,,[],[],[],[],[],[],,,,,,,True,False,[],[],,,,[],[],,,,1,Purrfect Apawcalypse: Love at Furst Bite,0.783659815,2021,English;Japanese;Korean;Polish;Portuguese - Brazil;Simplified Chinese;Spanish - Spain;Ukrainian,Family Sharing;Single-player;Steam Achievements,Adventure;Indie;RPG,Adventure;Cartoon;Cats;Choices Matter;Choose Your Own Adventure;Cute;Dark Comedy;Dating Sim;Demons;Dog;Horror;Interactive Fiction;LGBTQ+;Magic;Multiple Endings;Post-apocalyptic;RPG;Story Rich;Supernatural;Visual Novel,"Olive the mutt finds themself trapped in Hachiko High School during the apocalypse! Demons have been slaughtering their classmates and they're certain it's inevitable that they too will meet their untimely end... Which means there's only so many dogs left to spend their last moments with! Join Olive in their grisly search for a special someone! Will it be Brownie the snack-loving corgi, Sparky the sporty husky or Patches the dalmatian bookworm? It's all up to you! This game contains cartoon gore","{""text_match"": 0.10909046, ""cosine_similarity"": 0.56731963, ""reranker_score"": 0.4787268}"
2026-02-10T19:42:36+00:00,CORTEX_DB.RAW.CAT_GAMES_SVC_1_5,default,"cute-but-gory dark comedy apocalypse with cats/dogs, choices matter","cute-but-gory dark comedy apocalypse with cats/dogs, choices matter",[],,False,,,,keyword_focus,0.65,10,100,0,1127,1127,,01c2535e-0005-0846-0001-397a00068fa6,,34,34,,5e-06,5e-06,,5e-06,,,,,[],[],[],[],[],[],,,,,,,True,False,[],[],,,,[],[],,,,2,Purrfect Apawcalypse: Patches' Infurno,0.7681422250000001,2021,English;Japanese;Portuguese - Brazil;Russian;Simplified Chinese,Family Sharing;Single-player;Steam Achievements,Adventure;Indie;RPG,Cats;Choices Matter;Choose Your Own Adventure;Cute;Dark Humor;Dating Sim;Dog;Funny;Horror;Interactive Fiction;LGBTQ+;Magic;Multiple Endings;Point & Click;Post-apocalyptic;Puzzle;RPG;Romance;Story Rich;Visual Novel,"Patches is dragged to school for the first ever cat-and-dog school day! With Coco and Brownie distracted with home ec class, Olive and Angel busy with literature, and Sparky and Ginger occupied by gym, Patches has free reign over the school... Almost. All he needs to do is get this damn collar off and wreak some havoc! Will he prove cats and dogs can get along, or will he make this the Purrfect Apawcalypse? This game contains cartoon gore, bifurcated dogs, headless dogs, generally dogs not havin","{""text_match"": 0.08750561, ""cosine_similarity"": 0.53628445, ""reranker_score"": 0.54800826}"
2026-02-10T19:42:36+00:00,CORTEX_DB.RAW.CAT_GAMES_SVC_1_5,default,"cute-but-gory dark comedy apocalypse with cats/dogs, choices matter","cute-but-gory dark comedy apocalypse with cats/dogs, choices matter",[],,False,,,,keyword_focus,0.65,10,100,0,1127,1127,,01c2535e-0005-0846-0001-397a00068fa6,,34,34,,5e-06,5e-06,,5e-06,,,,,[],[],[],[],[],[],,,,,,,True,False,[],[],,,,[],[],,,,3,Gori: Cuddly Carnage,0.74829179,2024,English;French;German;Italian;Japanese;Korean;Polish;Portuguese - Brazil;Simplified Chinese;Spanish - Spain;Traditional Chinese,Adjustable Difficulty;Adjustable Text Size;Custom Volume Controls;Family Sharing;Full controller support;Single-player;Steam Achievements;Steam Cloud;Steam Trading Cards;Stereo Sound;Surround Sound,Action;Adventure;Indie,3D Platformer;Action;Action-Adventure;Adventure;Blood;Cats;Character Customization;Combat;Comedy;Controller;Cyberpunk;Destruction;Difficult;Gore;Hack and Slash;Horror;Metroidvania;Singleplayer;Stylized;Third Person,"Humanity has been destroyed - and it's up to Gori, along with his deadly but wise-cracking sentient hoverboard, F.R.A.N.K, and morose A.I companion, CH1-P, to slay the evil Adorable Army with lethal combos. Fuelled by insatiable demand, 'Cool-Toyz Inc.' created 'Ultra Pets'. The ultimate companions that never hunger, never require bathroom breaks and are impervious to the ravages of time. Little did anyone expect the mutation that transformed these perfect pets into twisted toys straight from yo","{""text_match"": 0.00963187, ""cosine_similarity"": 0.49658358, ""reranker_score"": -5.6995664}"
2026-02-10T19:42:36+00:00,CORTEX_DB.RAW.CAT_GAMES_SVC_1_5,default,"cute-but-gory dark comedy apocalypse with cats/dogs, choices matter","cute-but-gory dark comedy apocalypse with cats/dogs, choices matter",[],,False,,,,keyword_focus,0.65,10,100,0,1127,1127,,01c2535e-0005-0846-0001-397a00068fa6,,34,34,,5e-06,5e-06,,5e-06,,,,,[],[],[],[],[],[],,,,,,,True,False,[],[],,,,[],[],,,,4,Cat's Menace,0.720884085,2021,English;Russian,Family Sharing;Single-player,Adventure;Casual;Indie;Simulation;Strategy,Atmospheric;Choices Matter;Comedy;Creature Collector;Cute;Dark;Dark Humor;Detective;Experimental;Hand-drawn;Idler;Investigation;Narration;Noir;Puzzle;Satire;Story Rich;Stylized;Surreal;Visual Novel,"The dark story from the life of cats and people. Who will own the city? After one dramatic incident the whole city turned against the cats. In the city cats are now banned. Having cats was punishable by a fine or even a prison. People began to exterminate cats. Someone took the cats out of town, someone killed them. But the cats still returned. People were amazed that the number of cats did not decrease, but they did not stop and continued to get rid of them. But the townspeople didn’t know that","{""text_match"": 0.025956146, ""cosine_similarity"": 0.44176817, ""reranker_score"": -4.6160564}"
2026-02-10T19:42:36+00:00,CORTEX_DB.RAW.CAT_GAMES_SVC_1_5,default,"cute-but-gory dark comedy apocalypse with cats/dogs, choices matter","cute-but-gory dark comedy apocalypse with cats/dogs, choices matter",[],,False,,,,keyword_focus,0.65,10,100,0,1127,1127,,01c2535e-0005-0846-0001-397a00068fa6,,34,34,,5e-06,5e-06,,5e-06,,,,,[],[],[],[],[],[],,,,,,,True,False,[],[],,,,[],[],,,,5,Bear's Restaurant,0.73045662,2021,English;French;German;Indonesian;Italian;Japanese;Korean;Portuguese - Brazil;Russian;Simplified Chinese;Spanish - Latin America;Spanish - Spain;Traditional Chinese;Turkish;Vietnamese,Family Sharing;Full controller support;Single-player;Steam Achievements;Steam Cloud,Adventure;Indie;RPG,2D;Adventure;Atmospheric;Cats;Choices Matter;Cute;Dark;Emotional;Exploration;Indie;Interactive Fiction;JRPG;Linear;Philosophical;Pixel Graphics;RPG;Retro;Singleplayer;Soundtrack;Story Rich,"Where do we go after we die? And more importantly, what do we eat? In Bear’s Restaurant, you play as a little cat who just landed a job at the afterlife’s coziest eatery. As the lone waiter assisting the friendly bear who owns the joint, it’s your job to greet the newly deceased, take their orders, and deliver them each a final meal to help their souls rest in peace. The only problem is, the clientele here come from all walks of death, and in many cases, they’re awfully indecisive. In order to h","{""text_match"": 0.021099625, ""cosine_similarity"": 0.46091324, ""reranker_score"": -5.807658}"
2026-02-10T19:42:36+00:00,CORTEX_DB.RAW.CAT_GAMES_SVC_1_5,default,"cute-but-gory dark comedy apocalypse with cats/dogs, choices matter","cute-but-gory dark comedy apocalypse with cats/dogs, choices matter",[],,False,,,,keyword_focus,0.65,10,100,0,1127,1127,,01c2535e-0005-0846-0001-397a00068fa6,,34,34,,5e-06,5e-06,,5e-06,,,,,[],[],[],[],[],[],,,,,,,True,False,[],[],,,,[],[],,,,6,Postal III,0.72793755,2012,English;French;German;Japanese;Polish;Portuguese - Brazil;Russian,Family Sharing;Single-player;Steam Achievements,Action,Action;Adventure;Anime;Comedy;Dark Humor;Funny;Gore;Great Soundtrack;Hentai;Mature;Nudity;Open World;Psychological Horror;Sandbox;Sexual Content;Shooter;Singleplayer;Third Person;Third-Person Shooter;Violent,"Good or Insane? The choice is yours. Following the Apocalyptic end to the Postal Dude’s week in Paradise, we follow him and his insane pitbull Champ as they emigrate to its appropriately named sister city, Catharsis. Unfortunately, due to the Global Economic Meltdown, psychotic left-wing “Green” extremism and hypocritical Government corruption, it turns out Catharsis isn’t a much better place to live. What path will you choose when faced with the antics of a hypocritical scheming Mayor? A berser","{""text_match"": 0.01511847, ""cosine_similarity"": 0.4558751, ""reranker_score"": -6.66167}"
2026-02-10T19:42:36+00:00,CORTEX_DB.RAW.CAT_GAMES_SVC_1_5,default,"cute-but-gory dark comedy apocalypse with cats/dogs, choices matter","cute-but-gory dark comedy apocalypse with cats/dogs, choices matter",[],,False,,,,keyword_focus,0.65,10,100,0,1127,1127,,01c2535e-0005-0846-0001-397a00068fa6,,34,34,,5e-06,5e-06,,5e-06,,,,,[],[],[],[],[],[],,,,,,,True,False,[],[],,,,[],[],,,,7,"Cats, Guns & Robots",0.7249146399999999,2024,English;French;German;Italian;Japanese;Portuguese - Brazil;Russian;Simplified Chinese;Spanish - Spain;Traditional Chinese;Turkish,Family Sharing;Single-player,Action;Casual;Early Access;Indie;RPG,Action;Action RPG;Action Roguelike;Arena Shooter;Bullet Hell;Dark Fantasy;Difficult;Dungeon Crawler;Early Access;Hack and Slash;Isometric;Perma Death;RPG;Replay Value;Rogue-like;Rogue-lite;Sci-fi;Shooter;Singleplayer;Survival,"In this action rogue-like game, survive evil robot attacks, gain XP by killing them and upgrade your weapons and character for the next room. It's all about strategy, reflexes, and smart choices. Exciting Action-Packed Roguelike Gameplay! Buy and upgrade your weapons and equipment! Gain XP by killing evil robots and upgrade your character! Careful choice of weapons and character abilities will be the key to winning! THE STORY Humans and advanced robots have been living in peace and harmony for c","{""text_match"": 0.0047929413, ""cosine_similarity"": 0.44982928, ""reranker_score"": -7.9096055}"
2026-02-10T19:42:36+00:00,CORTEX_DB.RAW.CAT_GAMES_SVC_1_5,default,"cute-but-gory dark comedy apocalypse with cats/dogs, choices matter","cute-but-gory dark comedy apocalypse with cats/dogs, choices matter",[],,False,,,,keyword_focus,0.65,10,100,0,1127,1127,,01c2535e-0005-0846-0001-397a00068fa6,,34,34,,5e-06,5e-06,,5e-06,,,,,[],[],[],[],[],[],,,,,,,True,False,[],[],,,,[],[],,,,8,Messy Up,0.72118637,2024,English;French;German;Italian;Japanese;Korean;Portuguese - Brazil;Russian;Simplified Chinese;Traditional Chinese,Co-op;Custom Volume Controls;Family Sharing;LAN Co-op;LAN PvP;Multi-player;Online Co-op;Online PvP;Partial Controller Support;Playable without Timed Input;PvP;Remote Play Together;Save Anytime;Shared/Split Screen;Shared/Split Screen Co-op;Shared/Split Screen PvP;Single-player;Steam Achievements;Steam Cloud;Steam Trading Cards,Action;Casual;Indie;RPG;Simulation,3D;Cartoony;Casual;Co-op;Cute;Family Friendly;Funny;Indie;Local Multiplayer;Online Co-Op;Party;Party Game;Physics;PvP;RPG;Relaxing;Simulation;Singleplayer;Stylized;Top-Down,"'Messy UP' is a cute pet collaboration game featuring cats and dogs~ Due to the owner's busy life after graduation and starting work, there is less time to spend with the pets. The pets plan to create a big mess at home to grab the owner's attention and encourage them to spend more time together. After all, what mischief could a little dog possibly have in mind? Take on the role of cats and dogs and go wild, wreaking havoc at home! Each pet possesses unique abilities and skills, with various typ","{""text_match"": 0.010782332, ""cosine_similarity"": 0.44237274, ""reranker_score"": -7.873347}"
2026-02-10T19:42:36+00:00,CORTEX_DB.RAW.CAT_GAMES_SVC_1_5,default,"cute-but-gory dark comedy apocalypse with cats/dogs, choices matter","cute-but-gory dark comedy apocalypse with cats/dogs, choices matter",[],,False,,,,keyword_focus,0.65,10,100,0,1127,1127,,01c2535e-0005-0846-0001-397a00068fa6,,34,34,,5e-06,5e-06,,5e-06,,,,,[],[],[],[],[],[],,,,,,,True,False,[],[],,,,[],[],,,,9,Little Survivors,0.716450485,2024,English;French;German;Italian;Japanese;Korean;Portuguese - Brazil;Portuguese - Portugal;Russian;Simplified Chinese;Spanish - Latin America;Spanish - Spain;Traditional Chinese,Family Sharing;Full controller support;Single-player;Steam Achievements;Steam Cloud,Action;Casual;Indie,2.5D;Action;Action Roguelike;Arcade;Cartoon;Cartoony;Casual;Colorful;Combat;Comic Book;Cute;Dog;Family Friendly;Fantasy;Medieval;Procedural Generation;Rogue-like;Rogue-lite;Top-Down;Top-Down Shooter,"Help Marco and Eva dive into the pages of colorful comics to rescue animals imprisoned by the evil Glurks. Marco whistles to call for his pet dogs to charge to his aid. Eva squeezes her pet birds to make them lay explosive eggs. Ann twirls to make her cats pounce. Each character has 4 breeds to find, unlocking new powers. Six secondary animals that attack automatically. Easy to control, with only one action button per character. Four chapters and an infinite mode. The chapters are procedurally g","{""text_match"": 0.006272807, ""cosine_similarity"": 0.43290097, ""reranker_score"": -7.4567146}"
2026-02-10T19:42:36+00:00,CORTEX_DB.RAW.CAT_GAMES_SVC_1_5,default,"cute-but-gory dark comedy apocalypse with cats/dogs, choices matter","cute-but-gory dark comedy apocalypse with cats/dogs, choices matter",[],,False,,,,keyword_focus,0.65,10,100,0,1127,1127,,01c2535e-0005-0846-0001-397a00068fa6,,34,34,,5e-06,5e-06,,5e-06,,,,,[],[],[],[],[],[],,,,,,,True,False,[],[],,,,[],[],,,,10,Bad Rats Show,0.710404665,2016,English,Captions available;Family Sharing;Includes level editor;Partial Controller Support;Single-player;Stats;Steam Achievements;Steam Leaderboards;Steam Workshop,Action;Casual;Indie;Simulation;Strategy,Action;Adventure;Casual;Cold War;Comedy;Cult Classic;Dark;Difficult;Education;Gore;Great Soundtrack;Hentai;Indie;Mature;Memes;Puzzle;Replay Value;Simulation;Singleplayer;Violent,"Bad Rats Show is a physics puzzle game where the rats exact their bloody revenge against their main enemies: the Cats. Solve puzzles in 2D and 3D maps using physics, objects and specially trained Rats. All new Rats and Cats, but with the same classic and questionable Bad Rats humor. With the new map editor you can download, create and share new levels. With unlimited solutions for each puzzle, flex your creativity and enjoy the show! - Comic cartoon violence and cartoon blood - Realistic bad rat","{""text_match"": 0.01875484, ""cosine_similarity"": 0.42080933, ""reranker_score"": -7.0847936}"
2026-02-10T19:42:37+00:00,CORTEX_DB.RAW.CAT_GAMES_SVC_1_5,default,"cute-but-gory dark comedy apocalypse with cats/dogs, choices matter","cute-but-gory dark comedy apocalypse with cats/dogs, choices matter",[],,False,,,,keyword_focus,0.75,10,100,0,1082,1082,,01c2535e-0005-0847-0001-397a0006c29e,,38,38,,6e-06,6e-06,,6e-06,,,,,[],[],[],[],[],[],,,,,,,True,False,[],[],,,,[],[],,,,1,Purrfect Apawcalypse: Love at Furst Bite,0.783659815,2021,English;Japanese;Korean;Polish;Portuguese - Brazil;Simplified Chinese;Spanish - Spain;Ukrainian,Family Sharing;Single-player;Steam Achievements,Adventure;Indie;RPG,Adventure;Cartoon;Cats;Choices Matter;Choose Your Own Adventure;Cute;Dark Comedy;Dating Sim;Demons;Dog;Horror;Interactive Fiction;LGBTQ+;Magic;Multiple Endings;Post-apocalyptic;RPG;Story Rich;Supernatural;Visual Novel,"Olive the mutt finds themself trapped in Hachiko High School during the apocalypse! Demons have been slaughtering their classmates and they're certain it's inevitable that they too will meet their untimely end... Which means there's only so many dogs left to spend their last moments with! Join Olive in their grisly search for a special someone! Will it be Brownie the snack-loving corgi, Sparky the sporty husky or Patches the dalmatian bookworm? It's all up to you! This game contains cartoon gore","{""text_match"": 0.10909046, ""cosine_similarity"": 0.56731963, ""reranker_score"": 0.4787268}"
2026-02-10T19:42:37+00:00,CORTEX_DB.RAW.CAT_GAMES_SVC_1_5,default,"cute-but-gory dark comedy apocalypse with cats/dogs, choices matter","cute-but-gory dark comedy apocalypse with cats/dogs, choices matter",[],,False,,,,keyword_focus,0.75,10,100,0,1082,1082,,01c2535e-0005-0847-0001-397a0006c29e,,38,38,,6e-06,6e-06,,6e-06,,,,,[],[],[],[],[],[],,,,,,,True,False,[],[],,,,[],[],,,,2,Purrfect Apawcalypse: Patches' Infurno,0.7681422250000001,2021,English;Japanese;Portuguese - Brazil;Russian;Simplified Chinese,Family Sharing;Single-player;Steam Achievements,Adventure;Indie;RPG,Cats;Choices Matter;Choose Your Own Adventure;Cute;Dark Humor;Dating Sim;Dog;Funny;Horror;Interactive Fiction;LGBTQ+;Magic;Multiple Endings;Point & Click;Post-apocalyptic;Puzzle;RPG;Romance;Story Rich;Visual Novel,"Patches is dragged to school for the first ever cat-and-dog school day! With Coco and Brownie distracted with home ec class, Olive and Angel busy with literature, and Sparky and Ginger occupied by gym, Patches has free reign over the school... Almost. All he needs to do is get this damn collar off and wreak some havoc! Will he prove cats and dogs can get along, or will he make this the Purrfect Apawcalypse? This game contains cartoon gore, bifurcated dogs, headless dogs, generally dogs not havin","{""text_match"": 0.08750561, ""cosine_similarity"": 0.53628445, ""reranker_score"": 0.54800826}"
2026-02-10T19:42:39+00:00,CORTEX_DB.RAW.CAT_GAMES_SVC_1_5,default,"cute-but-gory dark comedy apocalypse with cats/dogs, choices matter","cute-but-gory dark comedy apocalypse with cats/dogs, choices matter",[],,False,,,,semantic_focus,0.3,10,100,0,1041,1041,,01c2535e-0005-0847-0001-397a0006c2a6,,36,36,,5e-06,5e-06,,5e-06,,,,,[],[],[],[],[],[],,,,,,,True,False,[],[],,,,[],[],,,,1,Purrfect Apawcalypse: Love at Furst Bite,0.783659815,2021,English;Japanese;Korean;Polish;Portuguese - Brazil;Simplified Chinese;Spanish - Spain;Ukrainian,Family Sharing;Single-player;Steam Achievements,Adventure;Indie;RPG,Adventure;Cartoon;Cats;Choices Matter;Choose Your Own Adventure;Cute;Dark Comedy;Dating Sim;Demons;Dog;Horror;Interactive Fiction;LGBTQ+;Magic;Multiple Endings;Post-apocalyptic;RPG;Story Rich;Supernatural;Visual Novel,"Olive the mutt finds themself trapped in Hachiko High School during the apocalypse! Demons have been slaughtering their classmates and they're certain it's inevitable that they too will meet their untimely end... Which means there's only so many dogs left to spend their last moments with! Join Olive in their grisly search for a special someone! Will it be Brownie the snack-loving corgi, Sparky the sporty husky or Patches the dalmatian bookworm? It's all up to you! This game contains cartoon gore","{""text_match"": 0.10909046, ""cosine_similarity"": 0.56731963, ""reranker_score"": 0.4787268}"
2026-02-10T19:42:39+00:00,CORTEX_DB.RAW.CAT_GAMES_SVC_1_5,default,"cute-but-gory dark comedy apocalypse with cats/dogs, choices matter","cute-but-gory dark comedy apocalypse with cats/dogs, choices matter",[],,False,,,,semantic_focus,0.3,10,100,0,1041,1041,,01c2535e-0005-0847-0001-397a0006c2a6,,36,36,,5e-06,5e-06,,5e-06,,,,,[],[],[],[],[],[],,,,,,,True,False,[],[],,,,[],[],,,,2,Purrfect Apawcalypse: Patches' Infurno,0.7681422250000001,2021,English;Japanese;Portuguese - Brazil;Russian;Simplified Chinese,Family Sharing;Single-player;Steam Achievements,Adventure;Indie;RPG,Cats;Choices Matter;Choose Your Own Adventure;Cute;Dark Humor;Dating Sim;Dog;Funny;Horror;Interactive Fiction;LGBTQ+;Magic;Multiple Endings;Point & Click;Post-apocalyptic;Puzzle;RPG;Romance;Story Rich;Visual Novel,"Patches is dragged to school for the first ever cat-and-dog school day! With Coco and Brownie distracted with home ec class, Olive and Angel busy with literature, and Sparky and Ginger occupied by gym, Patches has free reign over the school... Almost. All he needs to do is get this damn collar off and wreak some havoc! Will he prove cats and dogs can get along, or will he make this the Purrfect Apawcalypse? This game contains cartoon gore, bifurcated dogs, headless dogs, generally dogs not havin","{""text_match"": 0.08750561, ""cosine_similarity"": 0.53628445, ""reranker_score"": 0.54800826}"
2026-02-10T19:42:39+00:00,CORTEX_DB.RAW.CAT_GAMES_SVC_1_5,default,"cute-but-gory dark comedy apocalypse with cats/dogs, choices matter","cute-but-gory dark comedy apocalypse with cats/dogs, choices matter",[],,False,,,,semantic_focus,0.3,10,100,0,1041,1041,,01c2535e-0005-0847-0001-397a0006c2a6,,36,36,,5e-06,5e-06,,5e-06,,,,,[],[],[],[],[],[],,,,,,,True,False,[],[],,,,[],[],,,,3,Gori: Cuddly Carnage,0.74829179,2024,English;French;German;Italian;Japanese;Korean;Polish;Portuguese - Brazil;Simplified Chinese;Spanish - Spain;Traditional Chinese,Adjustable Difficulty;Adjustable Text Size;Custom Volume Controls;Family Sharing;Full controller support;Single-player;Steam Achievements;Steam Cloud;Steam Trading Cards;Stereo Sound;Surround Sound,Action;Adventure;Indie,3D Platformer;Action;Action-Adventure;Adventure;Blood;Cats;Character Customization;Combat;Comedy;Controller;Cyberpunk;Destruction;Difficult;Gore;Hack and Slash;Horror;Metroidvania;Singleplayer;Stylized;Third Person,"Humanity has been destroyed - and it's up to Gori, along with his deadly but wise-cracking sentient hoverboard, F.R.A.N.K, and morose A.I companion, CH1-P, to slay the evil Adorable Army with lethal combos. Fuelled by insatiable demand, 'Cool-Toyz Inc.' created 'Ultra Pets'. The ultimate companions that never hunger, never require bathroom breaks and are impervious to the ravages of time. Little did anyone expect the mutation that transformed these perfect pets into twisted toys straight from yo","{""text_match"": 0.00963187, ""cosine_similarity"": 0.49658358, ""reranker_score"": -5.6995664}"
2026-02-10T19:42:39+00:00,CORTEX_DB.RAW.CAT_GAMES_SVC_1_5,default,"cute-but-gory dark comedy apocalypse with cats/dogs, choices matter","cute-but-gory dark comedy apocalypse with cats/dogs, choices matter",[],,False,,,,semantic_focus,0.3,10,100,0,1041,1041,,01c2535e-0005-0847-0001-397a0006c2a6,,36,36,,5e-06,5e-06,,5e-06,,,,,[],[],[],[],[],[],,,,,,,True,False,[],[],,,,[],[],,,,4,Cat's Menace,0.720884085,2021,English;Russian,Family Sharing;Single-player,Adventure;Casual;Indie;Simulation;Strategy,Atmospheric;Choices Matter;Comedy;Creature Collector;Cute;Dark;Dark Humor;Detective;Experimental;Hand-drawn;Idler;Investigation;Narration;Noir;Puzzle;Satire;Story Rich;Stylized;Surreal;Visual Novel,"The dark story from the life of cats and people. Who will own the city? After one dramatic incident the whole city turned against the cats. In the city cats are now banned. Having cats was punishable by a fine or even a prison. People began to exterminate cats. Someone took the cats out of town, someone killed them. But the cats still returned. People were amazed that the number of cats did not decrease, but they did not stop and continued to get rid of them. But the townspeople didn’t know that","{""text_match"": 0.025956146, ""cosine_similarity"": 0.44176817, ""reranker_score"": -4.6160564}"
2026-02-10T19:42:39+00:00,CORTEX_DB.RAW.CAT_GAMES_SVC_1_5,default,"cute-but-gory dark comedy apocalypse with cats/dogs, choices matter","cute-but-gory dark comedy apocalypse with cats/dogs, choices matter",[],,False,,,,semantic_focus,0.3,10,100,0,1041,1041,,01c2535e-0005-0847-0001-397a0006c2a6,,36,36,,5e-06,5e-06,,5e-06,,,,,[],[],[],[],[],[],,,,,,,True,False,[],[],,,,[],[],,,,5,Bear's Restaurant,0.73045662,2021,English;French;German;Indonesian;Italian;Japanese;Korean;Portuguese - Brazil;Russian;Simplified Chinese;Spanish - Latin America;Spanish - Spain;Traditional Chinese;Turkish;Vietnamese,Family Sharing;Full controller support;Single-player;Steam Achievements;Steam Cloud,Adventure;Indie;RPG,2D;Adventure;Atmospheric;Cats;Choices Matter;Cute;Dark;Emotional;Exploration;Indie;Interactive Fiction;JRPG;Linear;Philosophical;Pixel Graphics;RPG;Retro;Singleplayer;Soundtrack;Story Rich,"Where do we go after we die? And more importantly, what do we eat? In Bear’s Restaurant, you play as a little cat who just landed a job at the afterlife’s coziest eatery. As the lone waiter assisting the friendly bear who owns the joint, it’s your job to greet the newly deceased, take their orders, and deliver them each a final meal to help their souls rest in peace. The only problem is, the clientele here come from all walks of death, and in many cases, they’re awfully indecisive. In order to h","{""text_match"": 0.021099625, ""cosine_similarity"": 0.46091324, ""reranker_score"": -5.807658}"
2026-02-10T19:42:39+00:00,CORTEX_DB.RAW.CAT_GAMES_SVC_1_5,default,"cute-but-gory dark comedy apocalypse with cats/dogs, choices matter","cute-but-gory dark comedy apocalypse with cats/dogs, choices matter",[],,False,,,,semantic_focus,0.3,10,100,0,1041,1041,,01c2535e-0005-0847-0001-397a0006c2a6,,36,36,,5e-06,5e-06,,5e-06,,,,,[],[],[],[],[],[],,,,,,,True,False,[],[],,,,[],[],,,,6,Postal III,0.72793755,2012,English;French;German;Japanese;Polish;Portuguese - Brazil;Russian,Family Sharing;Single-player;Steam Achievements,Action,Action;Adventure;Anime;Comedy;Dark Humor;Funny;Gore;Great Soundtrack;Hentai;Mature;Nudity;Open World;Psychological Horror;Sandbox;Sexual Content;Shooter;Singleplayer;Third Person;Third-Person Shooter;Violent,"Good or Insane? The choice is yours. Following the Apocalyptic end to the Postal Dude’s week in Paradise, we follow him and his insane pitbull Champ as they emigrate to its appropriately named sister city, Catharsis. Unfortunately, due to the Global Economic Meltdown, psychotic left-wing “Green” extremism and hypocritical Government corruption, it turns out Catharsis isn’t a much better place to live. What path will you choose when faced with the antics of a hypocritical scheming Mayor? A berser","{""text_match"": 0.01511847, ""cosine_similarity"": 0.4558751, ""reranker_score"": -6.66167}"
2026-02-10T19:42:39+00:00,CORTEX_DB.RAW.CAT_GAMES_SVC_1_5,default,"cute-but-gory dark comedy apocalypse with cats/dogs, choices matter","cute-but-gory dark comedy apocalypse with cats/dogs, choices matter",[],,False,,,,semantic_focus,0.3,10,100,0,1041,1041,,01c2535e-0005-0847-0001-397a0006c2a6,,36,36,,5e-06,5e-06,,5e-06,,,,,[],[],[],[],[],[],,,,,,,True,False,[],[],,,,[],[],,,,7,"Cats, Guns & Robots",0.7249146399999999,2024,English;French;German;Italian;Japanese;Portuguese - Brazil;Russian;Simplified Chinese;Spanish - Spain;Traditional Chinese;Turkish,Family Sharing;Single-player,Action;Casual;Early Access;Indie;RPG,Action;Action RPG;Action Roguelike;Arena Shooter;Bullet Hell;Dark Fantasy;Difficult;Dungeon Crawler;Early Access;Hack and Slash;Isometric;Perma Death;RPG;Replay Value;Rogue-like;Rogue-lite;Sci-fi;Shooter;Singleplayer;Survival,"In this action rogue-like game, survive evil robot attacks, gain XP by killing them and upgrade your weapons and character for the next room. It's all about strategy, reflexes, and smart choices. Exciting Action-Packed Roguelike Gameplay! Buy and upgrade your weapons and equipment! Gain XP by killing evil robots and upgrade your character! Careful choice of weapons and character abilities will be the key to winning! THE STORY Humans and advanced robots have been living in peace and harmony for c","{""text_match"": 0.0047929413, ""cosine_similarity"": 0.44982928, ""reranker_score"": -7.9096055}"
2026-02-10T19:42:39+00:00,CORTEX_DB.RAW.CAT_GAMES_SVC_1_5,default,"cute-but-gory dark comedy apocalypse with cats/dogs, choices matter","cute-but-gory dark comedy apocalypse with cats/dogs, choices matter",[],,False,,,,semantic_focus,0.3,10,100,0,1041,1041,,01c2535e-0005-0847-0001-397a0006c2a6,,36,36,,5e-06,5e-06,,5e-06,,,,,[],[],[],[],[],[],,,,,,,True,False,[],[],,,,[],[],,,,8,Messy Up,0.72118637,2024,English;French;German;Italian;Japanese;Korean;Portuguese - Brazil;Russian;Simplified Chinese;Traditional Chinese,Co-op;Custom Volume Controls;Family Sharing;LAN Co-op;LAN PvP;Multi-player;Online Co-op;Online PvP;Partial Controller Support;Playable without Timed Input;PvP;Remote Play Together;Save Anytime;Shared/Split Screen;Shared/Split Screen Co-op;Shared/Split Screen PvP;Single-player;Steam Achievements;Steam Cloud;Steam Trading Cards,Action;Casual;Indie;RPG;Simulation,3D;Cartoony;Casual;Co-op;Cute;Family Friendly;Funny;Indie;Local Multiplayer;Online Co-Op;Party;Party Game;Physics;PvP;RPG;Relaxing;Simulation;Singleplayer;Stylized;Top-Down,"'Messy UP' is a cute pet collaboration game featuring cats and dogs~ Due to the owner's busy life after graduation and starting work, there is less time to spend with the pets. The pets plan to create a big mess at home to grab the owner's attention and encourage them to spend more time together. After all, what mischief could a little dog possibly have in mind? Take on the role of cats and dogs and go wild, wreaking havoc at home! Each pet possesses unique abilities and skills, with various typ","{""text_match"": 0.010782332, ""cosine_similarity"": 0.44237274, ""reranker_score"": -7.873347}"
2026-02-10T19:42:39+00:00,CORTEX_DB.RAW.CAT_GAMES_SVC_1_5,default,"cute-but-gory dark comedy apocalypse with cats/dogs, choices matter","cute-but-gory dark comedy apocalypse with cats/dogs, choices matter",[],,False,,,,semantic_focus,0.3,10,100,0,1041,1041,,01c2535e-0005-0847-0001-397a0006c2a6,,36,36,,5e-06,5e-06,,5e-06,,,,,[],[],[],[],[],[],,,,,,,True,False,[],[],,,,[],[],,,,9,Little Survivors,0.716450485,2024,English;French;German;Italian;Japanese;Korean;Portuguese - Brazil;Portuguese - Portugal;Russian;Simplified Chinese;Spanish - Latin America;Spanish - Spain;Traditional Chinese,Family Sharing;Full controller support;Single-player;Steam Achievements;Steam Cloud,Action;Casual;Indie,2.5D;Action;Action Roguelike;Arcade;Cartoon;Cartoony;Casual;Colorful;Combat;Comic Book;Cute;Dog;Family Friendly;Fantasy;Medieval;Procedural Generation;Rogue-like;Rogue-lite;Top-Down;Top-Down Shooter,"Help Marco and Eva dive into the pages of colorful comics to rescue animals imprisoned by the evil Glurks. Marco whistles to call for his pet dogs to charge to his aid. Eva squeezes her pet birds to make them lay explosive eggs. Ann twirls to make her cats pounce. Each character has 4 breeds to find, unlocking new powers. Six secondary animals that attack automatically. Easy to control, with only one action button per character. Four chapters and an infinite mode. The chapters are procedurally g","{""text_match"": 0.006272807, ""cosine_similarity"": 0.43290097, ""reranker_score"": -7.4567146}"
2026-02-10T19:42:39+00:00,CORTEX_DB.RAW.CAT_GAMES_SVC_1_5,default,"cute-but-gory dark comedy apocalypse with cats/dogs, choices matter","cute-but-gory dark comedy apocalypse with cats/dogs, choices matter",[],,False,,,,semantic_focus,0.3,10,100,0,1041,1041,,01c2535e-0005-0847-0001-397a0006c2a6,,36,36,,5e-06,5e-06,,5e-06,,,,,[],[],[],[],[],[],,,,,,,True,False,[],[],,,,[],[],,,,10,Bad Rats Show,0.710404665,2016,English,Captions available;Family Sharing;Includes level editor;Partial Controller Support;Single-player;Stats;Steam Achievements;Steam Leaderboards;Steam Workshop,Action;Casual;Indie;Simulation;Strategy,Action;Adventure;Casual;Cold War;Comedy;Cult Classic;Dark;Difficult;Education;Gore;Great Soundtrack;Hentai;Indie;Mature;Memes;Puzzle;Replay Value;Simulation;Singleplayer;Violent,"Bad Rats Show is a physics puzzle game where the rats exact their bloody revenge against their main enemies: the Cats. Solve puzzles in 2D and 3D maps using physics, objects and specially trained Rats. All new Rats and Cats, but with the same classic and questionable Bad Rats humor. With the new map editor you can download, create and share new levels. With unlimited solutions for each puzzle, flex your creativity and enjoy the show! - Comic cartoon violence and cartoon blood - Realistic bad rat","{""text_match"": 0.01875484, ""cosine_similarity"": 0.42080933, ""reranker_score"": -7.0847936}"
2026-02-10T19:42:40+00:00,CORTEX_DB.RAW.CAT_GAMES_SVC_1_5,default,"cute-but-gory dark comedy apocalypse with cats/dogs, choices matter","cute-but-gory dark comedy apocalypse with cats/dogs, choices matter",[],,False,,,,semantic_focus,0.65,10,100,0,1108,1108,,01c2535e-0005-0847-0001-397a0006c2ae,,37,37,,6e-06,6e-06,,6e-06,,,,,[],[],[],[],[],[],,,,,,,True,False,[],[],,,,[],[],,,,1,Purrfect Apawcalypse: Love at Furst Bite,0.783659815,2021,English;Japanese;Korean;Polish;Portuguese - Brazil;Simplified Chinese;Spanish - Spain;Ukrainian,Family Sharing;Single-player;Steam Achievements,Adventure;Indie;RPG,Adventure;Cartoon;Cats;Choices Matter;Choose Your Own Adventure;Cute;Dark Comedy;Dating Sim;Demons;Dog;Horror;Interactive Fiction;LGBTQ+;Magic;Multiple Endings;Post-apocalyptic;RPG;Story Rich;Supernatural;Visual Novel,"Olive the mutt finds themself trapped in Hachiko High School during the apocalypse! Demons have been slaughtering their classmates and they're certain it's inevitable that they too will meet their untimely end... Which means there's only so many dogs left to spend their last moments with! Join Olive in their grisly search for a special someone! Will it be Brownie the snack-loving corgi, Sparky the sporty husky or Patches the dalmatian bookworm? It's all up to you! This game contains cartoon gore","{""text_match"": 0.10909046, ""cosine_similarity"": 0.56731963, ""reranker_score"": 0.4787268}"
2026-02-10T19:42:40+00:00,CORTEX_DB.RAW.CAT_GAMES_SVC_1_5,default,"cute-but-gory dark comedy apocalypse with cats/dogs, choices matter","cute-but-gory dark comedy apocalypse with cats/dogs, choices matter",[],,False,,,,semantic_focus,0.65,10,100,0,1108,1108,,01c2535e-0005-0847-0001-397a0006c2ae,,37,37,,6e-06,6e-06,,6e-06,,,,,[],[],[],[],[],[],,,,,,,True,False,[],[],,,,[],[],,,,2,Purrfect Apawcalypse: Patches' Infurno,0.7681422250000001,2021,English;Japanese;Portuguese - Brazil;Russian;Simplified Chinese,Family Sharing;Single-player;Steam Achievements,Adventure;Indie;RPG,Cats;Choices Matter;Choose Your Own Adventure;Cute;Dark Humor;Dating Sim;Dog;Funny;Horror;Interactive Fiction;LGBTQ+;Magic;Multiple Endings;Point & Click;Post-apocalyptic;Puzzle;RPG;Romance;Story Rich;Visual Novel,"Patches is dragged to school for the first ever cat-and-dog school day! With Coco and Brownie distracted with home ec class, Olive and Angel busy with literature, and Sparky and Ginger occupied by gym, Patches has free reign over the school... Almost. All he needs to do is get this damn collar off and wreak some havoc! Will he prove cats and dogs can get along, or will he make this the Purrfect Apawcalypse? This game contains cartoon gore, bifurcated dogs, headless dogs, generally dogs not havin","{""text_match"": 0.08750561, ""cosine_similarity"": 0.53628445, ""reranker_score"": 0.54800826}"
2026-02-10T19:42:40+00:00,CORTEX_DB.RAW.CAT_GAMES_SVC_1_5,default,"cute-but-gory dark comedy apocalypse with cats/dogs, choices matter","cute-but-gory dark comedy apocalypse with cats/dogs, choices matter",[],,False,,,,semantic_focus,0.65,10,100,0,1108,1108,,01c2535e-0005-0847-0001-397a0006c2ae,,37,37,,6e-06,6e-06,,6e-06,,,,,[],[],[],[],[],[],,,,,,,True,False,[],[],,,,[],[],,,,3,Gori: Cuddly Carnage,0.74829179,2024,English;French;German;Italian;Japanese;Korean;Polish;Portuguese - Brazil;Simplified Chinese;Spanish - Spain;Traditional Chinese,Adjustable Difficulty;Adjustable Text Size;Custom Volume Controls;Family Sharing;Full controller support;Single-player;Steam Achievements;Steam Cloud;Steam Trading Cards;Stereo Sound;Surround Sound,Action;Adventure;Indie,3D Platformer;Action;Action-Adventure;Adventure;Blood;Cats;Character Customization;Combat;Comedy;Controller;Cyberpunk;Destruction;Difficult;Gore;Hack and Slash;Horror;Metroidvania;Singleplayer;Stylized;Third Person,"Humanity has been destroyed - and it's up to Gori, along with his deadly but wise-cracking sentient hoverboard, F.R.A.N.K, and morose A.I companion, CH1-P, to slay the evil Adorable Army with lethal combos. Fuelled by insatiable demand, 'Cool-Toyz Inc.' created 'Ultra Pets'. The ultimate companions that never hunger, never require bathroom breaks and are impervious to the ravages of time. Little did anyone expect the mutation that transformed these perfect pets into twisted toys straight from yo","{""text_match"": 0.00963187, ""cosine_similarity"": 0.49658358, ""reranker_score"": -5.6995664}"
2026-02-10T19:42:40+00:00,CORTEX_DB.RAW.CAT_GAMES_SVC_1_5,default,"cute-but-gory dark comedy apocalypse with cats/dogs, choices matter","cute-but-gory dark comedy apocalypse with cats/dogs, choices matter",[],,False,,,,semantic_focus,0.65,10,100,0,1108,1108,,01c2535e-0005-0847-0001-397a0006c2ae,,37,37,,6e-06,6e-06,,6e-06,,,,,[],[],[],[],[],[],,,,,,,True,False,[],[],,,,[],[],,,,4,Cat's Menace,0.720884085,2021,English;Russian,Family Sharing;Single-player,Adventure;Casual;Indie;Simulation;Strategy,Atmospheric;Choices Matter;Comedy;Creature Collector;Cute;Dark;Dark Humor;Detective;Experimental;Hand-drawn;Idler;Investigation;Narration;Noir;Puzzle;Satire;Story Rich;Stylized;Surreal;Visual Novel,"The dark story from the life of cats and people. Who will own the city? After one dramatic incident the whole city turned against the cats. In the city cats are now banned. Having cats was punishable by a fine or even a prison. People began to exterminate cats. Someone took the cats out of town, someone killed them. But the cats still returned. People were amazed that the number of cats did not decrease, but they did not stop and continued to get rid of them. But the townspeople didn’t know that","{""text_match"": 0.025956146, ""cosine_similarity"": 0.44176817, ""reranker_score"": -4.6160564}"
2026-02-10T19:42:40+00:00,CORTEX_DB.RAW.CAT_GAMES_SVC_1_5,default,"cute-but-gory dark comedy apocalypse with cats/dogs, choices matter","cute-but-gory dark comedy apocalypse with cats/dogs, choices matter",[],,False,,,,semantic_focus,0.65,10,100,0,1108,1108,,01c2535e-0005-0847-0001-397a0006c2ae,,37,37,,6e-06,6e-06,,6e-06,,,,,[],[],[],[],[],[],,,,,,,True,False,[],[],,,,[],[],,,,5,Bear's Restaurant,0.73045662,2021,English;French;German;Indonesian;Italian;Japanese;Korean;Portuguese - Brazil;Russian;Simplified Chinese;Spanish - Latin America;Spanish - Spain;Traditional Chinese;Turkish;Vietnamese,Family Sharing;Full controller support;Single-player;Steam Achievements;Steam Cloud,Adventure;Indie;RPG,2D;Adventure;Atmospheric;Cats;Choices Matter;Cute;Dark;Emotional;Exploration;Indie;Interactive Fiction;JRPG;Linear;Philosophical;Pixel Graphics;RPG;Retro;Singleplayer;Soundtrack;Story Rich,"Where do we go after we die? And more importantly, what do we eat? In Bear’s Restaurant, you play as a little cat who just landed a job at the afterlife’s coziest eatery. As the lone waiter assisting the friendly bear who owns the joint, it’s your job to greet the newly deceased, take their orders, and deliver them each a final meal to help their souls rest in peace. The only problem is, the clientele here come from all walks of death, and in many cases, they’re awfully indecisive. In order to h","{""text_match"": 0.021099625, ""cosine_similarity"": 0.46091324, ""reranker_score"": -5.807658}"
2026-02-10T19:42:40+00:00,CORTEX_DB.RAW.CAT_GAMES_SVC_1_5,default,"cute-but-gory dark comedy apocalypse with cats/dogs, choices matter","cute-but-gory dark comedy apocalypse with cats/dogs, choices matter",[],,False,,,,semantic_focus,0.65,10,100,0,1108,1108,,01c2535e-0005-0847-0001-397a0006c2ae,,37,37,,6e-06,6e-06,,6e-06,,,,,[],[],[],[],[],[],,,,,,,True,False,[],[],,,,[],[],,,,6,Postal III,0.72793755,2012,English;French;German;Japanese;Polish;Portuguese - Brazil;Russian,Family Sharing;Single-player;Steam Achievements,Action,Action;Adventure;Anime;Comedy;Dark Humor;Funny;Gore;Great Soundtrack;Hentai;Mature;Nudity;Open World;Psychological Horror;Sandbox;Sexual Content;Shooter;Singleplayer;Third Person;Third-Person Shooter;Violent,"Good or Insane? The choice is yours. Following the Apocalyptic end to the Postal Dude’s week in Paradise, we follow him and his insane pitbull Champ as they emigrate to its appropriately named sister city, Catharsis. Unfortunately, due to the Global Economic Meltdown, psychotic left-wing “Green” extremism and hypocritical Government corruption, it turns out Catharsis isn’t a much better place to live. What path will you choose when faced with the antics of a hypocritical scheming Mayor? A berser","{""text_match"": 0.01511847, ""cosine_similarity"": 0.4558751, ""reranker_score"": -6.66167}"
2026-02-10T19:42:40+00:00,CORTEX_DB.RAW.CAT_GAMES_SVC_1_5,default,"cute-but-gory dark comedy apocalypse with cats/dogs, choices matter","cute-but-gory dark comedy apocalypse with cats/dogs, choices matter",[],,False,,,,semantic_focus,0.65,10,100,0,1108,1108,,01c2535e-0005-0847-0001-397a0006c2ae,,37,37,,6e-06,6e-06,,6e-06,,,,,[],[],[],[],[],[],,,,,,,True,False,[],[],,,,[],[],,,,7,"Cats, Guns & Robots",0.7249146399999999,2024,English;French;German;Italian;Japanese;Portuguese - Brazil;Russian;Simplified Chinese;Spanish - Spain;Traditional Chinese;Turkish,Family Sharing;Single-player,Action;Casual;Early Access;Indie;RPG,Action;Action RPG;Action Roguelike;Arena Shooter;Bullet Hell;Dark Fantasy;Difficult;Dungeon Crawler;Early Access;Hack and Slash;Isometric;Perma Death;RPG;Replay Value;Rogue-like;Rogue-lite;Sci-fi;Shooter;Singleplayer;Survival,"In this action rogue-like game, survive evil robot attacks, gain XP by killing them and upgrade your weapons and character for the next room. It's all about strategy, reflexes, and smart choices. Exciting Action-Packed Roguelike Gameplay! Buy and upgrade your weapons and equipment! Gain XP by killing evil robots and upgrade your character! Careful choice of weapons and character abilities will be the key to winning! THE STORY Humans and advanced robots have been living in peace and harmony for c","{""text_match"": 0.0047929413, ""cosine_similarity"": 0.44982928, ""reranker_score"": -7.9096055}"
2026-02-10T19:42:40+00:00,CORTEX_DB.RAW.CAT_GAMES_SVC_1_5,default,"cute-but-gory dark comedy apocalypse with cats/dogs, choices matter","cute-but-gory dark comedy apocalypse with cats/dogs, choices matter",[],,False,,,,semantic_focus,0.65,10,100,0,1108,1108,,01c2535e-0005-0847-0001-397a0006c2ae,,37,37,,6e-06,6e-06,,6e-06,,,,,[],[],[],[],[],[],,,,,,,True,False,[],[],,,,[],[],,,,8,Messy Up,0.72118637,2024,English;French;German;Italian;Japanese;Korean;Portuguese - Brazil;Russian;Simplified Chinese;Traditional Chinese,Co-op;Custom Volume Controls;Family Sharing;LAN Co-op;LAN PvP;Multi-player;Online Co-op;Online PvP;Partial Controller Support;Playable without Timed Input;PvP;Remote Play Together;Save Anytime;Shared/Split Screen;Shared/Split Screen Co-op;Shared/Split Screen PvP;Single-player;Steam Achievements;Steam Cloud;Steam Trading Cards,Action;Casual;Indie;RPG;Simulation,3D;Cartoony;Casual;Co-op;Cute;Family Friendly;Funny;Indie;Local Multiplayer;Online Co-Op;Party;Party Game;Physics;PvP;RPG;Relaxing;Simulation;Singleplayer;Stylized;Top-Down,"'Messy UP' is a cute pet collaboration game featuring cats and dogs~ Due to the owner's busy life after graduation and starting work, there is less time to spend with the pets. The pets plan to create a big mess at home to grab the owner's attention and encourage them to spend more time together. After all, what mischief could a little dog possibly have in mind? Take on the role of cats and dogs and go wild, wreaking havoc at home! Each pet possesses unique abilities and skills, with various typ","{""text_match"": 0.010782332, ""cosine_similarity"": 0.44237274, ""reranker_score"": -7.873347}"
2026-02-10T19:42:40+00:00,CORTEX_DB.RAW.CAT_GAMES_SVC_1_5,default,"cute-but-gory dark comedy apocalypse with cats/dogs, choices matter","cute-but-gory dark comedy apocalypse with cats/dogs, choices matter",[],,False,,,,semantic_focus,0.65,10,100,0,1108,1108,,01c2535e-0005-0847-0001-397a0006c2ae,,37,37,,6e-06,6e-06,,6e-06,,,,,[],[],[],[],[],[],,,,,,,True,False,[],[],,,,[],[],,,,9,Little Survivors,0.716450485,2024,English;French;German;Italian;Japanese;Korean;Portuguese - Brazil;Portuguese - Portugal;Russian;Simplified Chinese;Spanish - Latin America;Spanish - Spain;Traditional Chinese,Family Sharing;Full controller support;Single-player;Steam Achievements;Steam Cloud,Action;Casual;Indie,2.5D;Action;Action Roguelike;Arcade;Cartoon;Cartoony;Casual;Colorful;Combat;Comic Book;Cute;Dog;Family Friendly;Fantasy;Medieval;Procedural Generation;Rogue-like;Rogue-lite;Top-Down;Top-Down Shooter,"Help Marco and Eva dive into the pages of colorful comics to rescue animals imprisoned by the evil Glurks. Marco whistles to call for his pet dogs to charge to his aid. Eva squeezes her pet birds to make them lay explosive eggs. Ann twirls to make her cats pounce. Each character has 4 breeds to find, unlocking new powers. Six secondary animals that attack automatically. Easy to control, with only one action button per character. Four chapters and an infinite mode. The chapters are procedurally g","{""text_match"": 0.006272807, ""cosine_similarity"": 0.43290097, ""reranker_score"": -7.4567146}"
2026-02-10T19:42:40+00:00,CORTEX_DB.RAW.CAT_GAMES_SVC_1_5,default,"cute-but-gory dark comedy apocalypse with cats/dogs, choices matter","cute-but-gory dark comedy apocalypse with cats/dogs, choices matter",[],,False,,,,semantic_focus,0.65,10,100,0,1108,1108,,01c2535e-0005-0847-0001-397a0006c2ae,,37,37,,6e-06,6e-06,,6e-06,,,,,[],[],[],[],[],[],,,,,,,True,False,[],[],,,,[],[],,,,10,Bad Rats Show,0.710404665,2016,English,Captions available;Family Sharing;Includes level editor;Partial Controller Support;Single-player;Stats;Steam Achievements;Steam Leaderboards;Steam Workshop,Action;Casual;Indie;Simulation;Strategy,Action;Adventure;Casual;Cold War;Comedy;Cult Classic;Dark;Difficult;Education;Gore;Great Soundtrack;Hentai;Indie;Mature;Memes;Puzzle;Replay Value;Simulation;Singleplayer;Violent,"Bad Rats Show is a physics puzzle game where the rats exact their bloody revenge against their main enemies: the Cats. Solve puzzles in 2D and 3D maps using physics, objects and specially trained Rats. All new Rats and Cats, but with the same classic and questionable Bad Rats humor. With the new map editor you can download, create and share new levels. With unlimited solutions for each puzzle, flex your creativity and enjoy the show! - Comic cartoon violence and cartoon blood - Realistic bad rat","{""text_match"": 0.01875484, ""cosine_similarity"": 0.42080933, ""reranker_score"": -7.0847936}"
2026-02-10T19:42:41+00:00,CORTEX_DB.RAW.CAT_GAMES_SVC_1_5,default,"cute-but-gory dark comedy apocalypse with cats/dogs, choices matter","cute-but-gory dark comedy apocalypse with cats/dogs, choices matter",[],,False,,,,semantic_focus,0.75,10,100,0,1125,1125,,01c2535e-0005-0847-0001-397a0006c2b6,,36,36,,5e-06,5e-06,,5e-06,,,,,[],[],[],[],[],[],,,,,,,True,False,[],[],,,,[],[],,,,1,Purrfect Apawcalypse: Love at Furst Bite,0.783659815,2021,English;Japanese;Korean;Polish;Portuguese - Brazil;Simplified Chinese;Spanish - Spain;Ukrainian,Family Sharing;Single-player;Steam Achievements,Adventure;Indie;RPG,Adventure;Cartoon;Cats;Choices Matter;Choose Your Own Adventure;Cute;Dark Comedy;Dating Sim;Demons;Dog;Horror;Interactive Fiction;LGBTQ+;Magic;Multiple Endings;Post-apocalyptic;RPG;Story Rich;Supernatural;Visual Novel,"Olive the mutt finds themself trapped in Hachiko High School during the apocalypse! Demons have been slaughtering their classmates and they're certain it's inevitable that they too will meet their untimely end... Which means there's only so many dogs left to spend their last moments with! Join Olive in their grisly search for a special someone! Will it be Brownie the snack-loving corgi, Sparky the sporty husky or Patches the dalmatian bookworm? It's all up to you! This game contains cartoon gore","{""text_match"": 0.10909046, ""cosine_similarity"": 0.56731963, ""reranker_score"": 0.4787268}"
2026-02-10T19:42:41+00:00,CORTEX_DB.RAW.CAT_GAMES_SVC_1_5,default,"cute-but-gory dark comedy apocalypse with cats/dogs, choices matter","cute-but-gory dark comedy apocalypse with cats/dogs, choices matter",[],,False,,,,semantic_focus,0.75,10,100,0,1125,1125,,01c2535e-0005-0847-0001-397a0006c2b6,,36,36,,5e-06,5e-06,,5e-06,,,,,[],[],[],[],[],[],,,,,,,True,False,[],[],,,,[],[],,,,2,Purrfect Apawcalypse: Patches' Infurno,0.7681422250000001,2021,English;Japanese;Portuguese - Brazil;Russian;Simplified Chinese,Family Sharing;Single-player;Steam Achievements,Adventure;Indie;RPG,Cats;Choices Matter;Choose Your Own Adventure;Cute;Dark Humor;Dating Sim;Dog;Funny;Horror;Interactive Fiction;LGBTQ+;Magic;Multiple Endings;Point & Click;Post-apocalyptic;Puzzle;RPG;Romance;Story Rich;Visual Novel,"Patches is dragged to school for the first ever cat-and-dog school day! With Coco and Brownie distracted with home ec class, Olive and Angel busy with literature, and Sparky and Ginger occupied by gym, Patches has free reign over the school... Almost. All he needs to do is get this damn collar off and wreak some havoc! Will he prove cats and dogs can get along, or will he make this the Purrfect Apawcalypse? This game contains cartoon gore, bifurcated dogs, headless dogs, generally dogs not havin","{""text_match"": 0.08750561, ""cosine_similarity"": 0.53628445, ""reranker_score"": 0.54800826}"
2026-02-10T19:42:44+00:00,CORTEX_DB.RAW.CAT_GAMES_SVC_1_5,default,"cute-but-gory dark comedy apocalypse with cats/dogs, choices matter","cute-but-gory dark comedy apocalypse with cats/dogs, choices matter",[],,False,,,,keyword_extreme,0.3,10,100,0,1168,1168,,01c2535e-0005-0843-0001-397a0006d276,,60,60,,9e-06,9e-06,,9e-06,,,,,[],[],[],[],[],[],,,,,,,True,False,[],[],,,,[],[],,,,1,Purrfect Apawcalypse: Love at Furst Bite,0.783659815,2021,English;Japanese;Korean;Polish;Portuguese - Brazil;Simplified Chinese;Spanish - Spain;Ukrainian,Family Sharing;Single-player;Steam Achievements,Adventure;Indie;RPG,Adventure;Cartoon;Cats;Choices Matter;Choose Your Own Adventure;Cute;Dark Comedy;Dating Sim;Demons;Dog;Horror;Interactive Fiction;LGBTQ+;Magic;Multiple Endings;Post-apocalyptic;RPG;Story Rich;Supernatural;Visual Novel,"Olive the mutt finds themself trapped in Hachiko High School during the apocalypse! Demons have been slaughtering their classmates and they're certain it's inevitable that they too will meet their untimely end... Which means there's only so many dogs left to spend their last moments with! Join Olive in their grisly search for a special someone! Will it be Brownie the snack-loving corgi, Sparky the sporty husky or Patches the dalmatian bookworm? It's all up to you! This game contains cartoon gore","{""text_match"": 0.10909046, ""cosine_similarity"": 0.56731963, ""reranker_score"": 0.4787268}"
2026-02-10T19:42:44+00:00,CORTEX_DB.RAW.CAT_GAMES_SVC_1_5,default,"cute-but-gory dark comedy apocalypse with cats/dogs, choices matter","cute-but-gory dark comedy apocalypse with cats/dogs, choices matter",[],,False,,,,keyword_extreme,0.3,10,100,0,1168,1168,,01c2535e-0005-0843-0001-397a0006d276,,60,60,,9e-06,9e-06,,9e-06,,,,,[],[],[],[],[],[],,,,,,,True,False,[],[],,,,[],[],,,,2,Purrfect Apawcalypse: Patches' Infurno,0.7681422250000001,2021,English;Japanese;Portuguese - Brazil;Russian;Simplified Chinese,Family Sharing;Single-player;Steam Achievements,Adventure;Indie;RPG,Cats;Choices Matter;Choose Your Own Adventure;Cute;Dark Humor;Dating Sim;Dog;Funny;Horror;Interactive Fiction;LGBTQ+;Magic;Multiple Endings;Point & Click;Post-apocalyptic;Puzzle;RPG;Romance;Story Rich;Visual Novel,"Patches is dragged to school for the first ever cat-and-dog school day! With Coco and Brownie distracted with home ec class, Olive and Angel busy with literature, and Sparky and Ginger occupied by gym, Patches has free reign over the school... Almost. All he needs to do is get this damn collar off and wreak some havoc! Will he prove cats and dogs can get along, or will he make this the Purrfect Apawcalypse? This game contains cartoon gore, bifurcated dogs, headless dogs, generally dogs not havin","{""text_match"": 0.08750561, ""cosine_similarity"": 0.53628445, ""reranker_score"": 0.54800826}"
2026-02-10T19:42:44+00:00,CORTEX_DB.RAW.CAT_GAMES_SVC_1_5,default,"cute-but-gory dark comedy apocalypse with cats/dogs, choices matter","cute-but-gory dark comedy apocalypse with cats/dogs, choices matter",[],,False,,,,keyword_extreme,0.3,10,100,0,1168,1168,,01c2535e-0005-0843-0001-397a0006d276,,60,60,,9e-06,9e-06,,9e-06,,,,,[],[],[],[],[],[],,,,,,,True,False,[],[],,,,[],[],,,,3,Gori: Cuddly Carnage,0.74829179,2024,English;French;German;Italian;Japanese;Korean;Polish;Portuguese - Brazil;Simplified Chinese;Spanish - Spain;Traditional Chinese,Adjustable Difficulty;Adjustable Text Size;Custom Volume Controls;Family Sharing;Full controller support;Single-player;Steam Achievements;Steam Cloud;Steam Trading Cards;Stereo Sound;Surround Sound,Action;Adventure;Indie,3D Platformer;Action;Action-Adventure;Adventure;Blood;Cats;Character Customization;Combat;Comedy;Controller;Cyberpunk;Destruction;Difficult;Gore;Hack and Slash;Horror;Metroidvania;Singleplayer;Stylized;Third Person,"Humanity has been destroyed - and it's up to Gori, along with his deadly but wise-cracking sentient hoverboard, F.R.A.N.K, and morose A.I companion, CH1-P, to slay the evil Adorable Army with lethal combos. Fuelled by insatiable demand, 'Cool-Toyz Inc.' created 'Ultra Pets'. The ultimate companions that never hunger, never require bathroom breaks and are impervious to the ravages of time. Little did anyone expect the mutation that transformed these perfect pets into twisted toys straight from yo","{""text_match"": 0.00963187, ""cosine_similarity"": 0.49658358, ""reranker_score"": -5.6995664}"
2026-02-10T19:42:44+00:00,CORTEX_DB.RAW.CAT_GAMES_SVC_1_5,default,"cute-but-gory dark comedy apocalypse with cats/dogs, choices matter","cute-but-gory dark comedy apocalypse with cats/dogs, choices matter",[],,False,,,,keyword_extreme,0.3,10,100,0,1168,1168,,01c2535e-0005-0843-0001-397a0006d276,,60,60,,9e-06,9e-06,,9e-06,,,,,[],[],[],[],[],[],,,,,,,True,False,[],[],,,,[],[],,,,4,Cat's Menace,0.720884085,2021,English;Russian,Family Sharing;Single-player,Adventure;Casual;Indie;Simulation;Strategy,Atmospheric;Choices Matter;Comedy;Creature Collector;Cute;Dark;Dark Humor;Detective;Experimental;Hand-drawn;Idler;Investigation;Narration;Noir;Puzzle;Satire;Story Rich;Stylized;Surreal;Visual Novel,"The dark story from the life of cats and people. Who will own the city? After one dramatic incident the whole city turned against the cats. In the city cats are now banned. Having cats was punishable by a fine or even a prison. People began to exterminate cats. Someone took the cats out of town, someone killed them. But the cats still returned. People were amazed that the number of cats did not decrease, but they did not stop and continued to get rid of them. But the townspeople didn’t know that","{""text_match"": 0.025956146, ""cosine_similarity"": 0.44176817, ""reranker_score"": -4.6160564}"
2026-02-10T19:42:44+00:00,CORTEX_DB.RAW.CAT_GAMES_SVC_1_5,default,"cute-but-gory dark comedy apocalypse with cats/dogs, choices matter","cute-but-gory dark comedy apocalypse with cats/dogs, choices matter",[],,False,,,,keyword_extreme,0.3,10,100,0,1168,1168,,01c2535e-0005-0843-0001-397a0006d276,,60,60,,9e-06,9e-06,,9e-06,,,,,[],[],[],[],[],[],,,,,,,True,False,[],[],,,,[],[],,,,5,Bear's Restaurant,0.73045662,2021,English;French;German;Indonesian;Italian;Japanese;Korean;Portuguese - Brazil;Russian;Simplified Chinese;Spanish - Latin America;Spanish - Spain;Traditional Chinese;Turkish;Vietnamese,Family Sharing;Full controller support;Single-player;Steam Achievements;Steam Cloud,Adventure;Indie;RPG,2D;Adventure;Atmospheric;Cats;Choices Matter;Cute;Dark;Emotional;Exploration;Indie;Interactive Fiction;JRPG;Linear;Philosophical;Pixel Graphics;RPG;Retro;Singleplayer;Soundtrack;Story Rich,"Where do we go after we die? And more importantly, what do we eat? In Bear’s Restaurant, you play as a little cat who just landed a job at the afterlife’s coziest eatery. As the lone waiter assisting the friendly bear who owns the joint, it’s your job to greet the newly deceased, take their orders, and deliver them each a final meal to help their souls rest in peace. The only problem is, the clientele here come from all walks of death, and in many cases, they’re awfully indecisive. In order to h","{""text_match"": 0.021099625, ""cosine_similarity"": 0.46091324, ""reranker_score"": -5.807658}"
2026-02-10T19:42:44+00:00,CORTEX_DB.RAW.CAT_GAMES_SVC_1_5,default,"cute-but-gory dark comedy apocalypse with cats/dogs, choices matter","cute-but-gory dark comedy apocalypse with cats/dogs, choices matter",[],,False,,,,keyword_extreme,0.3,10,100,0,1168,1168,,01c2535e-0005-0843-0001-397a0006d276,,60,60,,9e-06,9e-06,,9e-06,,,,,[],[],[],[],[],[],,,,,,,True,False,[],[],,,,[],[],,,,6,Postal III,0.72793755,2012,English;French;German;Japanese;Polish;Portuguese - Brazil;Russian,Family Sharing;Single-player;Steam Achievements,Action,Action;Adventure;Anime;Comedy;Dark Humor;Funny;Gore;Great Soundtrack;Hentai;Mature;Nudity;Open World;Psychological Horror;Sandbox;Sexual Content;Shooter;Singleplayer;Third Person;Third-Person Shooter;Violent,"Good or Insane? The choice is yours. Following the Apocalyptic end to the Postal Dude’s week in Paradise, we follow him and his insane pitbull Champ as they emigrate to its appropriately named sister city, Catharsis. Unfortunately, due to the Global Economic Meltdown, psychotic left-wing “Green” extremism and hypocritical Government corruption, it turns out Catharsis isn’t a much better place to live. What path will you choose when faced with the antics of a hypocritical scheming Mayor? A berser","{""text_match"": 0.01511847, ""cosine_similarity"": 0.4558751, ""reranker_score"": -6.66167}"
2026-02-10T19:42:44+00:00,CORTEX_DB.RAW.CAT_GAMES_SVC_1_5,default,"cute-but-gory dark comedy apocalypse with cats/dogs, choices matter","cute-but-gory dark comedy apocalypse with cats/dogs, choices matter",[],,False,,,,keyword_extreme,0.3,10,100,0,1168,1168,,01c2535e-0005-0843-0001-397a0006d276,,60,60,,9e-06,9e-06,,9e-06,,,,,[],[],[],[],[],[],,,,,,,True,False,[],[],,,,[],[],,,,7,"Cats, Guns & Robots",0.7249146399999999,2024,English;French;German;Italian;Japanese;Portuguese - Brazil;Russian;Simplified Chinese;Spanish - Spain;Traditional Chinese;Turkish,Family Sharing;Single-player,Action;Casual;Early Access;Indie;RPG,Action;Action RPG;Action Roguelike;Arena Shooter;Bullet Hell;Dark Fantasy;Difficult;Dungeon Crawler;Early Access;Hack and Slash;Isometric;Perma Death;RPG;Replay Value;Rogue-like;Rogue-lite;Sci-fi;Shooter;Singleplayer;Survival,"In this action rogue-like game, survive evil robot attacks, gain XP by killing them and upgrade your weapons and character for the next room. It's all about strategy, reflexes, and smart choices. Exciting Action-Packed Roguelike Gameplay! Buy and upgrade your weapons and equipment! Gain XP by killing evil robots and upgrade your character! Careful choice of weapons and character abilities will be the key to winning! THE STORY Humans and advanced robots have been living in peace and harmony for c","{""text_match"": 0.0047929413, ""cosine_similarity"": 0.44982928, ""reranker_score"": -7.9096055}"
2026-02-10T19:42:44+00:00,CORTEX_DB.RAW.CAT_GAMES_SVC_1_5,default,"cute-but-gory dark comedy apocalypse with cats/dogs, choices matter","cute-but-gory dark comedy apocalypse with cats/dogs, choices matter",[],,False,,,,keyword_extreme,0.3,10,100,0,1168,1168,,01c2535e-0005-0843-0001-397a0006d276,,60,60,,9e-06,9e-06,,9e-06,,,,,[],[],[],[],[],[],,,,,,,True,False,[],[],,,,[],[],,,,8,Messy Up,0.72118637,2024,English;French;German;Italian;Japanese;Korean;Portuguese - Brazil;Russian;Simplified Chinese;Traditional Chinese,Co-op;Custom Volume Controls;Family Sharing;LAN Co-op;LAN PvP;Multi-player;Online Co-op;Online PvP;Partial Controller Support;Playable without Timed Input;PvP;Remote Play Together;Save Anytime;Shared/Split Screen;Shared/Split Screen Co-op;Shared/Split Screen PvP;Single-player;Steam Achievements;Steam Cloud;Steam Trading Cards,Action;Casual;Indie;RPG;Simulation,3D;Cartoony;Casual;Co-op;Cute;Family Friendly;Funny;Indie;Local Multiplayer;Online Co-Op;Party;Party Game;Physics;PvP;RPG;Relaxing;Simulation;Singleplayer;Stylized;Top-Down,"'Messy UP' is a cute pet collaboration game featuring cats and dogs~ Due to the owner's busy life after graduation and starting work, there is less time to spend with the pets. The pets plan to create a big mess at home to grab the owner's attention and encourage them to spend more time together. After all, what mischief could a little dog possibly have in mind? Take on the role of cats and dogs and go wild, wreaking havoc at home! Each pet possesses unique abilities and skills, with various typ","{""text_match"": 0.010782332, ""cosine_similarity"": 0.44237274, ""reranker_score"": -7.873347}"
2026-02-10T19:42:44+00:00,CORTEX_DB.RAW.CAT_GAMES_SVC_1_5,default,"cute-but-gory dark comedy apocalypse with cats/dogs, choices matter","cute-but-gory dark comedy apocalypse with cats/dogs, choices matter",[],,False,,,,keyword_extreme,0.3,10,100,0,1168,1168,,01c2535e-0005-0843-0001-397a0006d276,,60,60,,9e-06,9e-06,,9e-06,,,,,[],[],[],[],[],[],,,,,,,True,False,[],[],,,,[],[],,,,9,Little Survivors,0.716450485,2024,English;French;German;Italian;Japanese;Korean;Portuguese - Brazil;Portuguese - Portugal;Russian;Simplified Chinese;Spanish - Latin America;Spanish - Spain;Traditional Chinese,Family Sharing;Full controller support;Single-player;Steam Achievements;Steam Cloud,Action;Casual;Indie,2.5D;Action;Action Roguelike;Arcade;Cartoon;Cartoony;Casual;Colorful;Combat;Comic Book;Cute;Dog;Family Friendly;Fantasy;Medieval;Procedural Generation;Rogue-like;Rogue-lite;Top-Down;Top-Down Shooter,"Help Marco and Eva dive into the pages of colorful comics to rescue animals imprisoned by the evil Glurks. Marco whistles to call for his pet dogs to charge to his aid. Eva squeezes her pet birds to make them lay explosive eggs. Ann twirls to make her cats pounce. Each character has 4 breeds to find, unlocking new powers. Six secondary animals that attack automatically. Easy to control, with only one action button per character. Four chapters and an infinite mode. The chapters are procedurally g","{""text_match"": 0.006272807, ""cosine_similarity"": 0.43290097, ""reranker_score"": -7.4567146}"
2026-02-10T19:42:44+00:00,CORTEX_DB.RAW.CAT_GAMES_SVC_1_5,default,"cute-but-gory dark comedy apocalypse with cats/dogs, choices matter","cute-but-gory dark comedy apocalypse with cats/dogs, choices matter",[],,False,,,,keyword_extreme,0.3,10,100,0,1168,1168,,01c2535e-0005-0843-0001-397a0006d276,,60,60,,9e-06,9e-06,,9e-06,,,,,[],[],[],[],[],[],,,,,,,True,False,[],[],,,,[],[],,,,10,Bad Rats Show,0.710404665,2016,English,Captions available;Family Sharing;Includes level editor;Partial Controller Support;Single-player;Stats;Steam Achievements;Steam Leaderboards;Steam Workshop,Action;Casual;Indie;Simulation;Strategy,Action;Adventure;Casual;Cold War;Comedy;Cult Classic;Dark;Difficult;Education;Gore;Great Soundtrack;Hentai;Indie;Mature;Memes;Puzzle;Replay Value;Simulation;Singleplayer;Violent,"Bad Rats Show is a physics puzzle game where the rats exact their bloody revenge against their main enemies: the Cats. Solve puzzles in 2D and 3D maps using physics, objects and specially trained Rats. All new Rats and Cats, but with the same classic and questionable Bad Rats humor. With the new map editor you can download, create and share new levels. With unlimited solutions for each puzzle, flex your creativity and enjoy the show! - Comic cartoon violence and cartoon blood - Realistic bad rat","{""text_match"": 0.01875484, ""cosine_similarity"": 0.42080933, ""reranker_score"": -7.0847936}"
2026-02-10T19:42:45+00:00,CORTEX_DB.RAW.CAT_GAMES_SVC_1_5,default,"cute-but-gory dark comedy apocalypse with cats/dogs, choices matter","cute-but-gory dark comedy apocalypse with cats/dogs, choices matter",[],,False,,,,keyword_extreme,0.65,10,100,0,1229,1229,,01c2535e-0005-0847-0001-397a0006c2c2,,40,40,,6e-06,6e-06,,6e-06,,,,,[],[],[],[],[],[],,,,,,,True,False,[],[],,,,[],[],,,,1,Purrfect Apawcalypse: Love at Furst Bite,0.783659815,2021,English;Japanese;Korean;Polish;Portuguese - Brazil;Simplified Chinese;Spanish - Spain;Ukrainian,Family Sharing;Single-player;Steam Achievements,Adventure;Indie;RPG,Adventure;Cartoon;Cats;Choices Matter;Choose Your Own Adventure;Cute;Dark Comedy;Dating Sim;Demons;Dog;Horror;Interactive Fiction;LGBTQ+;Magic;Multiple Endings;Post-apocalyptic;RPG;Story Rich;Supernatural;Visual Novel,"Olive the mutt finds themself trapped in Hachiko High School during the apocalypse! Demons have been slaughtering their classmates and they're certain it's inevitable that they too will meet their untimely end... Which means there's only so many dogs left to spend their last moments with! Join Olive in their grisly search for a special someone! Will it be Brownie the snack-loving corgi, Sparky the sporty husky or Patches the dalmatian bookworm? It's all up to you! This game contains cartoon gore","{""text_match"": 0.10909046, ""cosine_similarity"": 0.56731963, ""reranker_score"": 0.4787268}"
2026-02-10T19:42:45+00:00,CORTEX_DB.RAW.CAT_GAMES_SVC_1_5,default,"cute-but-gory dark comedy apocalypse with cats/dogs, choices matter","cute-but-gory dark comedy apocalypse with cats/dogs, choices matter",[],,False,,,,keyword_extreme,0.65,10,100,0,1229,1229,,01c2535e-0005-0847-0001-397a0006c2c2,,40,40,,6e-06,6e-06,,6e-06,,,,,[],[],[],[],[],[],,,,,,,True,False,[],[],,,,[],[],,,,2,Purrfect Apawcalypse: Patches' Infurno,0.7681422250000001,2021,English;Japanese;Portuguese - Brazil;Russian;Simplified Chinese,Family Sharing;Single-player;Steam Achievements,Adventure;Indie;RPG,Cats;Choices Matter;Choose Your Own Adventure;Cute;Dark Humor;Dating Sim;Dog;Funny;Horror;Interactive Fiction;LGBTQ+;Magic;Multiple Endings;Point & Click;Post-apocalyptic;Puzzle;RPG;Romance;Story Rich;Visual Novel,"Patches is dragged to school for the first ever cat-and-dog school day! With Coco and Brownie distracted with home ec class, Olive and Angel busy with literature, and Sparky and Ginger occupied by gym, Patches has free reign over the school... Almost. All he needs to do is get this damn collar off and wreak some havoc! Will he prove cats and dogs can get along, or will he make this the Purrfect Apawcalypse? This game contains cartoon gore, bifurcated dogs, headless dogs, generally dogs not havin","{""text_match"": 0.08750561, ""cosine_similarity"": 0.53628445, ""reranker_score"": 0.54800826}"
2026-02-10T19:42:45+00:00,CORTEX_DB.RAW.CAT_GAMES_SVC_1_5,default,"cute-but-gory dark comedy apocalypse with cats/dogs, choices matter","cute-but-gory dark comedy apocalypse with cats/dogs, choices matter",[],,False,,,,keyword_extreme,0.65,10,100,0,1229,1229,,01c2535e-0005-0847-0001-397a0006c2c2,,40,40,,6e-06,6e-06,,6e-06,,,,,[],[],[],[],[],[],,,,,,,True,False,[],[],,,,[],[],,,,3,Gori: Cuddly Carnage,0.74829179,2024,English;French;German;Italian;Japanese;Korean;Polish;Portuguese - Brazil;Simplified Chinese;Spanish - Spain;Traditional Chinese,Adjustable Difficulty;Adjustable Text Size;Custom Volume Controls;Family Sharing;Full controller support;Single-player;Steam Achievements;Steam Cloud;Steam Trading Cards;Stereo Sound;Surround Sound,Action;Adventure;Indie,3D Platformer;Action;Action-Adventure;Adventure;Blood;Cats;Character Customization;Combat;Comedy;Controller;Cyberpunk;Destruction;Difficult;Gore;Hack and Slash;Horror;Metroidvania;Singleplayer;Stylized;Third Person,"Humanity has been destroyed - and it's up to Gori, along with his deadly but wise-cracking sentient hoverboard, F.R.A.N.K, and morose A.I companion, CH1-P, to slay the evil Adorable Army with lethal combos. Fuelled by insatiable demand, 'Cool-Toyz Inc.' created 'Ultra Pets'. The ultimate companions that never hunger, never require bathroom breaks and are impervious to the ravages of time. Little did anyone expect the mutation that transformed these perfect pets into twisted toys straight from yo","{""text_match"": 0.00963187, ""cosine_similarity"": 0.49658358, ""reranker_score"": -5.6995664}"
2026-02-10T19:42:45+00:00,CORTEX_DB.RAW.CAT_GAMES_SVC_1_5,default,"cute-but-gory dark comedy apocalypse with cats/dogs, choices matter","cute-but-gory dark comedy apocalypse with cats/dogs, choices matter",[],,False,,,,keyword_extreme,0.65,10,100,0,1229,1229,,01c2535e-0005-0847-0001-397a0006c2c2,,40,40,,6e-06,6e-06,,6e-06,,,,,[],[],[],[],[],[],,,,,,,True,False,[],[],,,,[],[],,,,4,Cat's Menace,0.720884085,2021,English;Russian,Family Sharing;Single-player,Adventure;Casual;Indie;Simulation;Strategy,Atmospheric;Choices Matter;Comedy;Creature Collector;Cute;Dark;Dark Humor;Detective;Experimental;Hand-drawn;Idler;Investigation;Narration;Noir;Puzzle;Satire;Story Rich;Stylized;Surreal;Visual Novel,"The dark story from the life of cats and people. Who will own the city? After one dramatic incident the whole city turned against the cats. In the city cats are now banned. Having cats was punishable by a fine or even a prison. People began to exterminate cats. Someone took the cats out of town, someone killed them. But the cats still returned. People were amazed that the number of cats did not decrease, but they did not stop and continued to get rid of them. But the townspeople didn’t know that","{""text_match"": 0.025956146, ""cosine_similarity"": 0.44176817, ""reranker_score"": -4.6160564}"
2026-02-10T19:42:45+00:00,CORTEX_DB.RAW.CAT_GAMES_SVC_1_5,default,"cute-but-gory dark comedy apocalypse with cats/dogs, choices matter","cute-but-gory dark comedy apocalypse with cats/dogs, choices matter",[],,False,,,,keyword_extreme,0.65,10,100,0,1229,1229,,01c2535e-0005-0847-0001-397a0006c2c2,,40,40,,6e-06,6e-06,,6e-06,,,,,[],[],[],[],[],[],,,,,,,True,False,[],[],,,,[],[],,,,5,Bear's Restaurant,0.73045662,2021,English;French;German;Indonesian;Italian;Japanese;Korean;Portuguese - Brazil;Russian;Simplified Chinese;Spanish - Latin America;Spanish - Spain;Traditional Chinese;Turkish;Vietnamese,Family Sharing;Full controller support;Single-player;Steam Achievements;Steam Cloud,Adventure;Indie;RPG,2D;Adventure;Atmospheric;Cats;Choices Matter;Cute;Dark;Emotional;Exploration;Indie;Interactive Fiction;JRPG;Linear;Philosophical;Pixel Graphics;RPG;Retro;Singleplayer;Soundtrack;Story Rich,"Where do we go after we die? And more importantly, what do we eat? In Bear’s Restaurant, you play as a little cat who just landed a job at the afterlife’s coziest eatery. As the lone waiter assisting the friendly bear who owns the joint, it’s your job to greet the newly deceased, take their orders, and deliver them each a final meal to help their souls rest in peace. The only problem is, the clientele here come from all walks of death, and in many cases, they’re awfully indecisive. In order to h","{""text_match"": 0.021099625, ""cosine_similarity"": 0.46091324, ""reranker_score"": -5.807658}"
2026-02-10T19:42:45+00:00,CORTEX_DB.RAW.CAT_GAMES_SVC_1_5,default,"cute-but-gory dark comedy apocalypse with cats/dogs, choices matter","cute-but-gory dark comedy apocalypse with cats/dogs, choices matter",[],,False,,,,keyword_extreme,0.65,10,100,0,1229,1229,,01c2535e-0005-0847-0001-397a0006c2c2,,40,40,,6e-06,6e-06,,6e-06,,,,,[],[],[],[],[],[],,,,,,,True,False,[],[],,,,[],[],,,,6,Postal III,0.72793755,2012,English;French;German;Japanese;Polish;Portuguese - Brazil;Russian,Family Sharing;Single-player;Steam Achievements,Action,Action;Adventure;Anime;Comedy;Dark Humor;Funny;Gore;Great Soundtrack;Hentai;Mature;Nudity;Open World;Psychological Horror;Sandbox;Sexual Content;Shooter;Singleplayer;Third Person;Third-Person Shooter;Violent,"Good or Insane? The choice is yours. Following the Apocalyptic end to the Postal Dude’s week in Paradise, we follow him and his insane pitbull Champ as they emigrate to its appropriately named sister city, Catharsis. Unfortunately, due to the Global Economic Meltdown, psychotic left-wing “Green” extremism and hypocritical Government corruption, it turns out Catharsis isn’t a much better place to live. What path will you choose when faced with the antics of a hypocritical scheming Mayor? A berser","{""text_match"": 0.01511847, ""cosine_similarity"": 0.4558751, ""reranker_score"": -6.66167}"
2026-02-10T19:42:45+00:00,CORTEX_DB.RAW.CAT_GAMES_SVC_1_5,default,"cute-but-gory dark comedy apocalypse with cats/dogs, choices matter","cute-but-gory dark comedy apocalypse with cats/dogs, choices matter",[],,False,,,,keyword_extreme,0.65,10,100,0,1229,1229,,01c2535e-0005-0847-0001-397a0006c2c2,,40,40,,6e-06,6e-06,,6e-06,,,,,[],[],[],[],[],[],,,,,,,True,False,[],[],,,,[],[],,,,7,"Cats, Guns & Robots",0.7249146399999999,2024,English;French;German;Italian;Japanese;Portuguese - Brazil;Russian;Simplified Chinese;Spanish - Spain;Traditional Chinese;Turkish,Family Sharing;Single-player,Action;Casual;Early Access;Indie;RPG,Action;Action RPG;Action Roguelike;Arena Shooter;Bullet Hell;Dark Fantasy;Difficult;Dungeon Crawler;Early Access;Hack and Slash;Isometric;Perma Death;RPG;Replay Value;Rogue-like;Rogue-lite;Sci-fi;Shooter;Singleplayer;Survival,"In this action rogue-like game, survive evil robot attacks, gain XP by killing them and upgrade your weapons and character for the next room. It's all about strategy, reflexes, and smart choices. Exciting Action-Packed Roguelike Gameplay! Buy and upgrade your weapons and equipment! Gain XP by killing evil robots and upgrade your character! Careful choice of weapons and character abilities will be the key to winning! THE STORY Humans and advanced robots have been living in peace and harmony for c","{""text_match"": 0.0047929413, ""cosine_similarity"": 0.44982928, ""reranker_score"": -7.9096055}"
2026-02-10T19:42:45+00:00,CORTEX_DB.RAW.CAT_GAMES_SVC_1_5,default,"cute-but-gory dark comedy apocalypse with cats/dogs, choices matter","cute-but-gory dark comedy apocalypse with cats/dogs, choices matter",[],,False,,,,keyword_extreme,0.65,10,100,0,1229,1229,,01c2535e-0005-0847-0001-397a0006c2c2,,40,40,,6e-06,6e-06,,6e-06,,,,,[],[],[],[],[],[],,,,,,,True,False,[],[],,,,[],[],,,,8,Messy Up,0.72118637,2024,English;French;German;Italian;Japanese;Korean;Portuguese - Brazil;Russian;Simplified Chinese;Traditional Chinese,Co-op;Custom Volume Controls;Family Sharing;LAN Co-op;LAN PvP;Multi-player;Online Co-op;Online PvP;Partial Controller Support;Playable without Timed Input;PvP;Remote Play Together;Save Anytime;Shared/Split Screen;Shared/Split Screen Co-op;Shared/Split Screen PvP;Single-player;Steam Achievements;Steam Cloud;Steam Trading Cards,Action;Casual;Indie;RPG;Simulation,3D;Cartoony;Casual;Co-op;Cute;Family Friendly;Funny;Indie;Local Multiplayer;Online Co-Op;Party;Party Game;Physics;PvP;RPG;Relaxing;Simulation;Singleplayer;Stylized;Top-Down,"'Messy UP' is a cute pet collaboration game featuring cats and dogs~ Due to the owner's busy life after graduation and starting work, there is less time to spend with the pets. The pets plan to create a big mess at home to grab the owner's attention and encourage them to spend more time together. After all, what mischief could a little dog possibly have in mind? Take on the role of cats and dogs and go wild, wreaking havoc at home! Each pet possesses unique abilities and skills, with various typ","{""text_match"": 0.010782332, ""cosine_similarity"": 0.44237274, ""reranker_score"": -7.873347}"
2026-02-10T19:42:45+00:00,CORTEX_DB.RAW.CAT_GAMES_SVC_1_5,default,"cute-but-gory dark comedy apocalypse with cats/dogs, choices matter","cute-but-gory dark comedy apocalypse with cats/dogs, choices matter",[],,False,,,,keyword_extreme,0.65,10,100,0,1229,1229,,01c2535e-0005-0847-0001-397a0006c2c2,,40,40,,6e-06,6e-06,,6e-06,,,,,[],[],[],[],[],[],,,,,,,True,False,[],[],,,,[],[],,,,9,Little Survivors,0.716450485,2024,English;French;German;Italian;Japanese;Korean;Portuguese - Brazil;Portuguese - Portugal;Russian;Simplified Chinese;Spanish - Latin America;Spanish - Spain;Traditional Chinese,Family Sharing;Full controller support;Single-player;Steam Achievements;Steam Cloud,Action;Casual;Indie,2.5D;Action;Action Roguelike;Arcade;Cartoon;Cartoony;Casual;Colorful;Combat;Comic Book;Cute;Dog;Family Friendly;Fantasy;Medieval;Procedural Generation;Rogue-like;Rogue-lite;Top-Down;Top-Down Shooter,"Help Marco and Eva dive into the pages of colorful comics to rescue animals imprisoned by the evil Glurks. Marco whistles to call for his pet dogs to charge to his aid. Eva squeezes her pet birds to make them lay explosive eggs. Ann twirls to make her cats pounce. Each character has 4 breeds to find, unlocking new powers. Six secondary animals that attack automatically. Easy to control, with only one action button per character. Four chapters and an infinite mode. The chapters are procedurally g","{""text_match"": 0.006272807, ""cosine_similarity"": 0.43290097, ""reranker_score"": -7.4567146}"
2026-02-10T19:42:45+00:00,CORTEX_DB.RAW.CAT_GAMES_SVC_1_5,default,"cute-but-gory dark comedy apocalypse with cats/dogs, choices matter","cute-but-gory dark comedy apocalypse with cats/dogs, choices matter",[],,False,,,,keyword_extreme,0.65,10,100,0,1229,1229,,01c2535e-0005-0847-0001-397a0006c2c2,,40,40,,6e-06,6e-06,,6e-06,,,,,[],[],[],[],[],[],,,,,,,True,False,[],[],,,,[],[],,,,10,Bad Rats Show,0.710404665,2016,English,Captions available;Family Sharing;Includes level editor;Partial Controller Support;Single-player;Stats;Steam Achievements;Steam Leaderboards;Steam Workshop,Action;Casual;Indie;Simulation;Strategy,Action;Adventure;Casual;Cold War;Comedy;Cult Classic;Dark;Difficult;Education;Gore;Great Soundtrack;Hentai;Indie;Mature;Memes;Puzzle;Replay Value;Simulation;Singleplayer;Violent,"Bad Rats Show is a physics puzzle game where the rats exact their bloody revenge against their main enemies: the Cats. Solve puzzles in 2D and 3D maps using physics, objects and specially trained Rats. All new Rats and Cats, but with the same classic and questionable Bad Rats humor. With the new map editor you can download, create and share new levels. With unlimited solutions for each puzzle, flex your creativity and enjoy the show! - Comic cartoon violence and cartoon blood - Realistic bad rat","{""text_match"": 0.01875484, ""cosine_similarity"": 0.42080933, ""reranker_score"": -7.0847936}"
2026-02-10T19:42:46+00:00,CORTEX_DB.RAW.CAT_GAMES_SVC_1_5,default,"cute-but-gory dark comedy apocalypse with cats/dogs, choices matter","cute-but-gory dark comedy apocalypse with cats/dogs, choices matter",[],,False,,,,keyword_extreme,0.75,10,100,0,1125,1125,,01c2535e-0005-0847-0001-397a0006c2ca,,38,38,,6e-06,6e-06,,6e-06,,,,,[],[],[],[],[],[],,,,,,,True,False,[],[],,,,[],[],,,,1,Purrfect Apawcalypse: Love at Furst Bite,0.783659815,2021,English;Japanese;Korean;Polish;Portuguese - Brazil;Simplified Chinese;Spanish - Spain;Ukrainian,Family Sharing;Single-player;Steam Achievements,Adventure;Indie;RPG,Adventure;Cartoon;Cats;Choices Matter;Choose Your Own Adventure;Cute;Dark Comedy;Dating Sim;Demons;Dog;Horror;Interactive Fiction;LGBTQ+;Magic;Multiple Endings;Post-apocalyptic;RPG;Story Rich;Supernatural;Visual Novel,"Olive the mutt finds themself trapped in Hachiko High School during the apocalypse! Demons have been slaughtering their classmates and they're certain it's inevitable that they too will meet their untimely end... Which means there's only so many dogs left to spend their last moments with! Join Olive in their grisly search for a special someone! Will it be Brownie the snack-loving corgi, Sparky the sporty husky or Patches the dalmatian bookworm? It's all up to you! This game contains cartoon gore","{""text_match"": 0.10909046, ""cosine_similarity"": 0.56731963, ""reranker_score"": 0.4787268}"
2026-02-10T19:42:46+00:00,CORTEX_DB.RAW.CAT_GAMES_SVC_1_5,default,"cute-but-gory dark comedy apocalypse with cats/dogs, choices matter","cute-but-gory dark comedy apocalypse with cats/dogs, choices matter",[],,False,,,,keyword_extreme,0.75,10,100,0,1125,1125,,01c2535e-0005-0847-0001-397a0006c2ca,,38,38,,6e-06,6e-06,,6e-06,,,,,[],[],[],[],[],[],,,,,,,True,False,[],[],,,,[],[],,,,2,Purrfect Apawcalypse: Patches' Infurno,0.7681422250000001,2021,English;Japanese;Portuguese - Brazil;Russian;Simplified Chinese,Family Sharing;Single-player;Steam Achievements,Adventure;Indie;RPG,Cats;Choices Matter;Choose Your Own Adventure;Cute;Dark Humor;Dating Sim;Dog;Funny;Horror;Interactive Fiction;LGBTQ+;Magic;Multiple Endings;Point & Click;Post-apocalyptic;Puzzle;RPG;Romance;Story Rich;Visual Novel,"Patches is dragged to school for the first ever cat-and-dog school day! With Coco and Brownie distracted with home ec class, Olive and Angel busy with literature, and Sparky and Ginger occupied by gym, Patches has free reign over the school... Almost. All he needs to do is get this damn collar off and wreak some havoc! Will he prove cats and dogs can get along, or will he make this the Purrfect Apawcalypse? This game contains cartoon gore, bifurcated dogs, headless dogs, generally dogs not havin","{""text_match"": 0.08750561, ""cosine_similarity"": 0.53628445, ""reranker_score"": 0.54800826}"
2026-02-10T19:42:48+00:00,CORTEX_DB.RAW.CAT_GAMES_SVC_1_5,default,"cute-but-gory dark comedy apocalypse with cats/dogs, choices matter","cute-but-gory dark comedy apocalypse with cats/dogs, choices matter",[],,False,,,,no_reranker_balanced,0.3,10,100,0,923,923,,01c2535e-0005-0846-0001-397a00068fc2,,52,52,,8e-06,8e-06,,8e-06,,,,,[],[],[],[],[],[],,,,,,,True,False,[],[],,,,[],[],,,,1,Purrfect Apawcalypse: Love at Furst Bite,0.783659815,2021,English;Japanese;Korean;Polish;Portuguese - Brazil;Simplified Chinese;Spanish - Spain;Ukrainian,Family Sharing;Single-player;Steam Achievements,Adventure;Indie;RPG,Adventure;Cartoon;Cats;Choices Matter;Choose Your Own Adventure;Cute;Dark Comedy;Dating Sim;Demons;Dog;Horror;Interactive Fiction;LGBTQ+;Magic;Multiple Endings;Post-apocalyptic;RPG;Story Rich;Supernatural;Visual Novel,"Olive the mutt finds themself trapped in Hachiko High School during the apocalypse! Demons have been slaughtering their classmates and they're certain it's inevitable that they too will meet their untimely end... Which means there's only so many dogs left to spend their last moments with! Join Olive in their grisly search for a special someone! Will it be Brownie the snack-loving corgi, Sparky the sporty husky or Patches the dalmatian bookworm? It's all up to you! This game contains cartoon gore","{""text_match"": 0.10909046, ""cosine_similarity"": 0.56731963}"
2026-02-10T19:42:48+00:00,CORTEX_DB.RAW.CAT_GAMES_SVC_1_5,default,"cute-but-gory dark comedy apocalypse with cats/dogs, choices matter","cute-but-gory dark comedy apocalypse with cats/dogs, choices matter",[],,False,,,,no_reranker_balanced,0.3,10,100,0,923,923,,01c2535e-0005-0846-0001-397a00068fc2,,52,52,,8e-06,8e-06,,8e-06,,,,,[],[],[],[],[],[],,,,,,,True,False,[],[],,,,[],[],,,,2,Purrfect Apawcalypse: Patches' Infurno,0.7681422250000001,2021,English;Japanese;Portuguese - Brazil;Russian;Simplified Chinese,Family Sharing;Single-player;Steam Achievements,Adventure;Indie;RPG,Cats;Choices Matter;Choose Your Own Adventure;Cute;Dark Humor;Dating Sim;Dog;Funny;Horror;Interactive Fiction;LGBTQ+;Magic;Multiple Endings;Point & Click;Post-apocalyptic;Puzzle;RPG;Romance;Story Rich;Visual Novel,"Patches is dragged to school for the first ever cat-and-dog school day! With Coco and Brownie distracted with home ec class, Olive and Angel busy with literature, and Sparky and Ginger occupied by gym, Patches has free reign over the school... Almost. All he needs to do is get this damn collar off and wreak some havoc! Will he prove cats and dogs can get along, or will he make this the Purrfect Apawcalypse? This game contains cartoon gore, bifurcated dogs, headless dogs, generally dogs not havin","{""text_match"": 0.08750561, ""cosine_similarity"": 0.53628445}"
2026-02-10T19:42:48+00:00,CORTEX_DB.RAW.CAT_GAMES_SVC_1_5,default,"cute-but-gory dark comedy apocalypse with cats/dogs, choices matter","cute-but-gory dark comedy apocalypse with cats/dogs, choices matter",[],,False,,,,no_reranker_balanced,0.3,10,100,0,923,923,,01c2535e-0005-0846-0001-397a00068fc2,,52,52,,8e-06,8e-06,,8e-06,,,,,[],[],[],[],[],[],,,,,,,True,False,[],[],,,,[],[],,,,3,Gori: Cuddly Carnage,0.74829179,2024,English;French;German;Italian;Japanese;Korean;Polish;Portuguese - Brazil;Simplified Chinese;Spanish - Spain;Traditional Chinese,Adjustable Difficulty;Adjustable Text Size;Custom Volume Controls;Family Sharing;Full controller support;Single-player;Steam Achievements;Steam Cloud;Steam Trading Cards;Stereo Sound;Surround Sound,Action;Adventure;Indie,3D Platformer;Action;Action-Adventure;Adventure;Blood;Cats;Character Customization;Combat;Comedy;Controller;Cyberpunk;Destruction;Difficult;Gore;Hack and Slash;Horror;Metroidvania;Singleplayer;Stylized;Third Person,"Humanity has been destroyed - and it's up to Gori, along with his deadly but wise-cracking sentient hoverboard, F.R.A.N.K, and morose A.I companion, CH1-P, to slay the evil Adorable Army with lethal combos. Fuelled by insatiable demand, 'Cool-Toyz Inc.' created 'Ultra Pets'. The ultimate companions that never hunger, never require bathroom breaks and are impervious to the ravages of time. Little did anyone expect the mutation that transformed these perfect pets into twisted toys straight from yo","{""text_match"": 0.00963187, ""cosine_similarity"": 0.49658358}"
2026-02-10T19:42:48+00:00,CORTEX_DB.RAW.CAT_GAMES_SVC_1_5,default,"cute-but-gory dark comedy apocalypse with cats/dogs, choices matter","cute-but-gory dark comedy apocalypse with cats/dogs, choices matter",[],,False,,,,no_reranker_balanced,0.3,10,100,0,923,923,,01c2535e-0005-0846-0001-397a00068fc2,,52,52,,8e-06,8e-06,,8e-06,,,,,[],[],[],[],[],[],,,,,,,True,False,[],[],,,,[],[],,,,4,Bear's Restaurant,0.73045662,2021,English;French;German;Indonesian;Italian;Japanese;Korean;Portuguese - Brazil;Russian;Simplified Chinese;Spanish - Latin America;Spanish - Spain;Traditional Chinese;Turkish;Vietnamese,Family Sharing;Full controller support;Single-player;Steam Achievements;Steam Cloud,Adventure;Indie;RPG,2D;Adventure;Atmospheric;Cats;Choices Matter;Cute;Dark;Emotional;Exploration;Indie;Interactive Fiction;JRPG;Linear;Philosophical;Pixel Graphics;RPG;Retro;Singleplayer;Soundtrack;Story Rich,"Where do we go after we die? And more importantly, what do we eat? In Bear’s Restaurant, you play as a little cat who just landed a job at the afterlife’s coziest eatery. As the lone waiter assisting the friendly bear who owns the joint, it’s your job to greet the newly deceased, take their orders, and deliver them each a final meal to help their souls rest in peace. The only problem is, the clientele here come from all walks of death, and in many cases, they’re awfully indecisive. In order to h","{""text_match"": 0.021099625, ""cosine_similarity"": 0.46091324}"
2026-02-10T19:42:48+00:00,CORTEX_DB.RAW.CAT_GAMES_SVC_1_5,default,"cute-but-gory dark comedy apocalypse with cats/dogs, choices matter","cute-but-gory dark comedy apocalypse with cats/dogs, choices matter",[],,False,,,,no_reranker_balanced,0.3,10,100,0,923,923,,01c2535e-0005-0846-0001-397a00068fc2,,52,52,,8e-06,8e-06,,8e-06,,,,,[],[],[],[],[],[],,,,,,,True,False,[],[],,,,[],[],,,,5,Postal III,0.72793755,2012,English;French;German;Japanese;Polish;Portuguese - Brazil;Russian,Family Sharing;Single-player;Steam Achievements,Action,Action;Adventure;Anime;Comedy;Dark Humor;Funny;Gore;Great Soundtrack;Hentai;Mature;Nudity;Open World;Psychological Horror;Sandbox;Sexual Content;Shooter;Singleplayer;Third Person;Third-Person Shooter;Violent,"Good or Insane? The choice is yours. Following the Apocalyptic end to the Postal Dude’s week in Paradise, we follow him and his insane pitbull Champ as they emigrate to its appropriately named sister city, Catharsis. Unfortunately, due to the Global Economic Meltdown, psychotic left-wing “Green” extremism and hypocritical Government corruption, it turns out Catharsis isn’t a much better place to live. What path will you choose when faced with the antics of a hypocritical scheming Mayor? A berser","{""text_match"": 0.01511847, ""cosine_similarity"": 0.4558751}"
2026-02-10T19:42:48+00:00,CORTEX_DB.RAW.CAT_GAMES_SVC_1_5,default,"cute-but-gory dark comedy apocalypse with cats/dogs, choices matter","cute-but-gory dark comedy apocalypse with cats/dogs, choices matter",[],,False,,,,no_reranker_balanced,0.3,10,100,0,923,923,,01c2535e-0005-0846-0001-397a00068fc2,,52,52,,8e-06,8e-06,,8e-06,,,,,[],[],[],[],[],[],,,,,,,True,False,[],[],,,,[],[],,,,6,Cat's Menace,0.720884085,2021,English;Russian,Family Sharing;Single-player,Adventure;Casual;Indie;Simulation;Strategy,Atmospheric;Choices Matter;Comedy;Creature Collector;Cute;Dark;Dark Humor;Detective;Experimental;Hand-drawn;Idler;Investigation;Narration;Noir;Puzzle;Satire;Story Rich;Stylized;Surreal;Visual Novel,"The dark story from the life of cats and people. Who will own the city? After one dramatic incident the whole city turned against the cats. In the city cats are now banned. Having cats was punishable by a fine or even a prison. People began to exterminate cats. Someone took the cats out of town, someone killed them. But the cats still returned. People were amazed that the number of cats did not decrease, but they did not stop and continued to get rid of them. But the townspeople didn’t know that","{""text_match"": 0.025956146, ""cosine_similarity"": 0.44176817}"
2026-02-10T19:42:48+00:00,CORTEX_DB.RAW.CAT_GAMES_SVC_1_5,default,"cute-but-gory dark comedy apocalypse with cats/dogs, choices matter","cute-but-gory dark comedy apocalypse with cats/dogs, choices matter",[],,False,,,,no_reranker_balanced,0.3,10,100,0,923,923,,01c2535e-0005-0846-0001-397a00068fc2,,52,52,,8e-06,8e-06,,8e-06,,,,,[],[],[],[],[],[],,,,,,,True,False,[],[],,,,[],[],,,,7,"Cats, Guns & Robots",0.7249146399999999,2024,English;French;German;Italian;Japanese;Portuguese - Brazil;Russian;Simplified Chinese;Spanish - Spain;Traditional Chinese;Turkish,Family Sharing;Single-player,Action;Casual;Early Access;Indie;RPG,Action;Action RPG;Action Roguelike;Arena Shooter;Bullet Hell;Dark Fantasy;Difficult;Dungeon Crawler;Early Access;Hack and Slash;Isometric;Perma Death;RPG;Replay Value;Rogue-like;Rogue-lite;Sci-fi;Shooter;Singleplayer;Survival,"In this action rogue-like game, survive evil robot attacks, gain XP by killing them and upgrade your weapons and character for the next room. It's all about strategy, reflexes, and smart choices. Exciting Action-Packed Roguelike Gameplay! Buy and upgrade your weapons and equipment! Gain XP by killing evil robots and upgrade your character! Careful choice of weapons and character abilities will be the key to winning! THE STORY Humans and advanced robots have been living in peace and harmony for c","{""text_match"": 0.0047929413, ""cosine_similarity"": 0.44982928}"
2026-02-10T19:42:48+00:00,CORTEX_DB.RAW.CAT_GAMES_SVC_1_5,default,"cute-but-gory dark comedy apocalypse with cats/dogs, choices matter","cute-but-gory dark comedy apocalypse with cats/dogs, choices matter",[],,False,,,,no_reranker_balanced,0.3,10,100,0,923,923,,01c2535e-0005-0846-0001-397a00068fc2,,52,52,,8e-06,8e-06,,8e-06,,,,,[],[],[],[],[],[],,,,,,,True,False,[],[],,,,[],[],,,,8,Messy Up,0.72118637,2024,English;French;German;Italian;Japanese;Korean;Portuguese - Brazil;Russian;Simplified Chinese;Traditional Chinese,Co-op;Custom Volume Controls;Family Sharing;LAN Co-op;LAN PvP;Multi-player;Online Co-op;Online PvP;Partial Controller Support;Playable without Timed Input;PvP;Remote Play Together;Save Anytime;Shared/Split Screen;Shared/Split Screen Co-op;Shared/Split Screen PvP;Single-player;Steam Achievements;Steam Cloud;Steam Trading Cards,Action;Casual;Indie;RPG;Simulation,3D;Cartoony;Casual;Co-op;Cute;Family Friendly;Funny;Indie;Local Multiplayer;Online Co-Op;Party;Party Game;Physics;PvP;RPG;Relaxing;Simulation;Singleplayer;Stylized;Top-Down,"'Messy UP' is a cute pet collaboration game featuring cats and dogs~ Due to the owner's busy life after graduation and starting work, there is less time to spend with the pets. The pets plan to create a big mess at home to grab the owner's attention and encourage them to spend more time together. After all, what mischief could a little dog possibly have in mind? Take on the role of cats and dogs and go wild, wreaking havoc at home! Each pet possesses unique abilities and skills, with various typ","{""text_match"": 0.010782332, ""cosine_similarity"": 0.44237274}"
2026-02-10T19:42:48+00:00,CORTEX_DB.RAW.CAT_GAMES_SVC_1_5,default,"cute-but-gory dark comedy apocalypse with cats/dogs, choices matter","cute-but-gory dark comedy apocalypse with cats/dogs, choices matter",[],,False,,,,no_reranker_balanced,0.3,10,100,0,923,923,,01c2535e-0005-0846-0001-397a00068fc2,,52,52,,8e-06,8e-06,,8e-06,,,,,[],[],[],[],[],[],,,,,,,True,False,[],[],,,,[],[],,,,9,Little Survivors,0.716450485,2024,English;French;German;Italian;Japanese;Korean;Portuguese - Brazil;Portuguese - Portugal;Russian;Simplified Chinese;Spanish - Latin America;Spanish - Spain;Traditional Chinese,Family Sharing;Full controller support;Single-player;Steam Achievements;Steam Cloud,Action;Casual;Indie,2.5D;Action;Action Roguelike;Arcade;Cartoon;Cartoony;Casual;Colorful;Combat;Comic Book;Cute;Dog;Family Friendly;Fantasy;Medieval;Procedural Generation;Rogue-like;Rogue-lite;Top-Down;Top-Down Shooter,"Help Marco and Eva dive into the pages of colorful comics to rescue animals imprisoned by the evil Glurks. Marco whistles to call for his pet dogs to charge to his aid. Eva squeezes her pet birds to make them lay explosive eggs. Ann twirls to make her cats pounce. Each character has 4 breeds to find, unlocking new powers. Six secondary animals that attack automatically. Easy to control, with only one action button per character. Four chapters and an infinite mode. The chapters are procedurally g","{""text_match"": 0.006272807, ""cosine_similarity"": 0.43290097}"
2026-02-10T19:42:48+00:00,CORTEX_DB.RAW.CAT_GAMES_SVC_1_5,default,"cute-but-gory dark comedy apocalypse with cats/dogs, choices matter","cute-but-gory dark comedy apocalypse with cats/dogs, choices matter",[],,False,,,,no_reranker_balanced,0.3,10,100,0,923,923,,01c2535e-0005-0846-0001-397a00068fc2,,52,52,,8e-06,8e-06,,8e-06,,,,,[],[],[],[],[],[],,,,,,,True,False,[],[],,,,[],[],,,,10,FAMILY BATTLE タッグアリーナ,0.71403215,2022,English;Japanese,Co-op;Family Sharing;Multi-player;Online Co-op;Online PvP;Partial Controller Support;PvP,Action;Casual;Early Access;Indie,3D Fighter;Action;Cartoon;Casual;Co-op;Comic Book;Early Access;Indie;Multiplayer;Online Co-Op;PvP;Shooter;Spectacle fighter;Stylized;Third-Person Shooter,"A big fight by a family of superheroes! A 2v2 tag-team battle action arena! Lemon or mayo for Karaage? What is the end of the endless struggle between the families who have been divided into two sides with everyone having one firm choice... This is a 2v2 3D tag team battle action game that can be played online. The tag team is divided into 'attacker' and 'support' roles, and must cooperate with each other to strategically carry out battles. Attackers use melee weapons and fight opponents on the ","{""text_match"": 0.0054355953, ""cosine_similarity"": 0.4280643}"
2026-02-10T19:42:49+00:00,CORTEX_DB.RAW.CAT_GAMES_SVC_1_5,default,"cute-but-gory dark comedy apocalypse with cats/dogs, choices matter","cute-but-gory dark comedy apocalypse with cats/dogs, choices matter",[],,False,,,,no_reranker_balanced,0.65,10,100,0,844,844,,01c2535e-0005-0843-0001-397a0006d28a,,51,51,,8e-06,8e-06,,8e-06,,,,,[],[],[],[],[],[],,,,,,,True,False,[],[],,,,[],[],,,,1,Purrfect Apawcalypse: Love at Furst Bite,0.783659815,2021,English;Japanese;Korean;Polish;Portuguese - Brazil;Simplified Chinese;Spanish - Spain;Ukrainian,Family Sharing;Single-player;Steam Achievements,Adventure;Indie;RPG,Adventure;Cartoon;Cats;Choices Matter;Choose Your Own Adventure;Cute;Dark Comedy;Dating Sim;Demons;Dog;Horror;Interactive Fiction;LGBTQ+;Magic;Multiple Endings;Post-apocalyptic;RPG;Story Rich;Supernatural;Visual Novel,"Olive the mutt finds themself trapped in Hachiko High School during the apocalypse! Demons have been slaughtering their classmates and they're certain it's inevitable that they too will meet their untimely end... Which means there's only so many dogs left to spend their last moments with! Join Olive in their grisly search for a special someone! Will it be Brownie the snack-loving corgi, Sparky the sporty husky or Patches the dalmatian bookworm? It's all up to you! This game contains cartoon gore","{""text_match"": 0.10909046, ""cosine_similarity"": 0.56731963}"
2026-02-10T19:42:49+00:00,CORTEX_DB.RAW.CAT_GAMES_SVC_1_5,default,"cute-but-gory dark comedy apocalypse with cats/dogs, choices matter","cute-but-gory dark comedy apocalypse with cats/dogs, choices matter",[],,False,,,,no_reranker_balanced,0.65,10,100,0,844,844,,01c2535e-0005-0843-0001-397a0006d28a,,51,51,,8e-06,8e-06,,8e-06,,,,,[],[],[],[],[],[],,,,,,,True,False,[],[],,,,[],[],,,,2,Purrfect Apawcalypse: Patches' Infurno,0.7681422250000001,2021,English;Japanese;Portuguese - Brazil;Russian;Simplified Chinese,Family Sharing;Single-player;Steam Achievements,Adventure;Indie;RPG,Cats;Choices Matter;Choose Your Own Adventure;Cute;Dark Humor;Dating Sim;Dog;Funny;Horror;Interactive Fiction;LGBTQ+;Magic;Multiple Endings;Point & Click;Post-apocalyptic;Puzzle;RPG;Romance;Story Rich;Visual Novel,"Patches is dragged to school for the first ever cat-and-dog school day! With Coco and Brownie distracted with home ec class, Olive and Angel busy with literature, and Sparky and Ginger occupied by gym, Patches has free reign over the school... Almost. All he needs to do is get this damn collar off and wreak some havoc! Will he prove cats and dogs can get along, or will he make this the Purrfect Apawcalypse? This game contains cartoon gore, bifurcated dogs, headless dogs, generally dogs not havin","{""text_match"": 0.08750561, ""cosine_similarity"": 0.53628445}"
2026-02-10T19:42:49+00:00,CORTEX_DB.RAW.CAT_GAMES_SVC_1_5,default,"cute-but-gory dark comedy apocalypse with cats/dogs, choices matter","cute-but-gory dark comedy apocalypse with cats/dogs, choices matter",[],,False,,,,no_reranker_balanced,0.65,10,100,0,844,844,,01c2535e-0005-0843-0001-397a0006d28a,,51,51,,8e-06,8e-06,,8e-06,,,,,[],[],[],[],[],[],,,,,,,True,False,[],[],,,,[],[],,,,3,Gori: Cuddly Carnage,0.74829179,2024,English;French;German;Italian;Japanese;Korean;Polish;Portuguese - Brazil;Simplified Chinese;Spanish - Spain;Traditional Chinese,Adjustable Difficulty;Adjustable Text Size;Custom Volume Controls;Family Sharing;Full controller support;Single-player;Steam Achievements;Steam Cloud;Steam Trading Cards;Stereo Sound;Surround Sound,Action;Adventure;Indie,3D Platformer;Action;Action-Adventure;Adventure;Blood;Cats;Character Customization;Combat;Comedy;Controller;Cyberpunk;Destruction;Difficult;Gore;Hack and Slash;Horror;Metroidvania;Singleplayer;Stylized;Third Person,"Humanity has been destroyed - and it's up to Gori, along with his deadly but wise-cracking sentient hoverboard, F.R.A.N.K, and morose A.I companion, CH1-P, to slay the evil Adorable Army with lethal combos. Fuelled by insatiable demand, 'Cool-Toyz Inc.' created 'Ultra Pets'. The ultimate companions that never hunger, never require bathroom breaks and are impervious to the ravages of time. Little did anyone expect the mutation that transformed these perfect pets into twisted toys straight from yo","{""text_match"": 0.00963187, ""cosine_similarity"": 0.49658358}"
2026-02-10T19:42:49+00:00,CORTEX_DB.RAW.CAT_GAMES_SVC_1_5,default,"cute-but-gory dark comedy apocalypse with cats/dogs, choices matter","cute-but-gory dark comedy apocalypse with cats/dogs, choices matter",[],,False,,,,no_reranker_balanced,0.65,10,100,0,844,844,,01c2535e-0005-0843-0001-397a0006d28a,,51,51,,8e-06,8e-06,,8e-06,,,,,[],[],[],[],[],[],,,,,,,True,False,[],[],,,,[],[],,,,4,Bear's Restaurant,0.73045662,2021,English;French;German;Indonesian;Italian;Japanese;Korean;Portuguese - Brazil;Russian;Simplified Chinese;Spanish - Latin America;Spanish - Spain;Traditional Chinese;Turkish;Vietnamese,Family Sharing;Full controller support;Single-player;Steam Achievements;Steam Cloud,Adventure;Indie;RPG,2D;Adventure;Atmospheric;Cats;Choices Matter;Cute;Dark;Emotional;Exploration;Indie;Interactive Fiction;JRPG;Linear;Philosophical;Pixel Graphics;RPG;Retro;Singleplayer;Soundtrack;Story Rich,"Where do we go after we die? And more importantly, what do we eat? In Bear’s Restaurant, you play as a little cat who just landed a job at the afterlife’s coziest eatery. As the lone waiter assisting the friendly bear who owns the joint, it’s your job to greet the newly deceased, take their orders, and deliver them each a final meal to help their souls rest in peace. The only problem is, the clientele here come from all walks of death, and in many cases, they’re awfully indecisive. In order to h","{""text_match"": 0.021099625, ""cosine_similarity"": 0.46091324}"
2026-02-10T19:42:49+00:00,CORTEX_DB.RAW.CAT_GAMES_SVC_1_5,default,"cute-but-gory dark comedy apocalypse with cats/dogs, choices matter","cute-but-gory dark comedy apocalypse with cats/dogs, choices matter",[],,False,,,,no_reranker_balanced,0.65,10,100,0,844,844,,01c2535e-0005-0843-0001-397a0006d28a,,51,51,,8e-06,8e-06,,8e-06,,,,,[],[],[],[],[],[],,,,,,,True,False,[],[],,,,[],[],,,,5,Postal III,0.72793755,2012,English;French;German;Japanese;Polish;Portuguese - Brazil;Russian,Family Sharing;Single-player;Steam Achievements,Action,Action;Adventure;Anime;Comedy;Dark Humor;Funny;Gore;Great Soundtrack;Hentai;Mature;Nudity;Open World;Psychological Horror;Sandbox;Sexual Content;Shooter;Singleplayer;Third Person;Third-Person Shooter;Violent,"Good or Insane? The choice is yours. Following the Apocalyptic end to the Postal Dude’s week in Paradise, we follow him and his insane pitbull Champ as they emigrate to its appropriately named sister city, Catharsis. Unfortunately, due to the Global Economic Meltdown, psychotic left-wing “Green” extremism and hypocritical Government corruption, it turns out Catharsis isn’t a much better place to live. What path will you choose when faced with the antics of a hypocritical scheming Mayor? A berser","{""text_match"": 0.01511847, ""cosine_similarity"": 0.4558751}"
2026-02-10T19:42:49+00:00,CORTEX_DB.RAW.CAT_GAMES_SVC_1_5,default,"cute-but-gory dark comedy apocalypse with cats/dogs, choices matter","cute-but-gory dark comedy apocalypse with cats/dogs, choices matter",[],,False,,,,no_reranker_balanced,0.65,10,100,0,844,844,,01c2535e-0005-0843-0001-397a0006d28a,,51,51,,8e-06,8e-06,,8e-06,,,,,[],[],[],[],[],[],,,,,,,True,False,[],[],,,,[],[],,,,6,Cat's Menace,0.720884085,2021,English;Russian,Family Sharing;Single-player,Adventure;Casual;Indie;Simulation;Strategy,Atmospheric;Choices Matter;Comedy;Creature Collector;Cute;Dark;Dark Humor;Detective;Experimental;Hand-drawn;Idler;Investigation;Narration;Noir;Puzzle;Satire;Story Rich;Stylized;Surreal;Visual Novel,"The dark story from the life of cats and people. Who will own the city? After one dramatic incident the whole city turned against the cats. In the city cats are now banned. Having cats was punishable by a fine or even a prison. People began to exterminate cats. Someone took the cats out of town, someone killed them. But the cats still returned. People were amazed that the number of cats did not decrease, but they did not stop and continued to get rid of them. But the townspeople didn’t know that","{""text_match"": 0.025956146, ""cosine_similarity"": 0.44176817}"
2026-02-10T19:42:49+00:00,CORTEX_DB.RAW.CAT_GAMES_SVC_1_5,default,"cute-but-gory dark comedy apocalypse with cats/dogs, choices matter","cute-but-gory dark comedy apocalypse with cats/dogs, choices matter",[],,False,,,,no_reranker_balanced,0.65,10,100,0,844,844,,01c2535e-0005-0843-0001-397a0006d28a,,51,51,,8e-06,8e-06,,8e-06,,,,,[],[],[],[],[],[],,,,,,,True,False,[],[],,,,[],[],,,,7,"Cats, Guns & Robots",0.7249146399999999,2024,English;French;German;Italian;Japanese;Portuguese - Brazil;Russian;Simplified Chinese;Spanish - Spain;Traditional Chinese;Turkish,Family Sharing;Single-player,Action;Casual;Early Access;Indie;RPG,Action;Action RPG;Action Roguelike;Arena Shooter;Bullet Hell;Dark Fantasy;Difficult;Dungeon Crawler;Early Access;Hack and Slash;Isometric;Perma Death;RPG;Replay Value;Rogue-like;Rogue-lite;Sci-fi;Shooter;Singleplayer;Survival,"In this action rogue-like game, survive evil robot attacks, gain XP by killing them and upgrade your weapons and character for the next room. It's all about strategy, reflexes, and smart choices. Exciting Action-Packed Roguelike Gameplay! Buy and upgrade your weapons and equipment! Gain XP by killing evil robots and upgrade your character! Careful choice of weapons and character abilities will be the key to winning! THE STORY Humans and advanced robots have been living in peace and harmony for c","{""text_match"": 0.0047929413, ""cosine_similarity"": 0.44982928}"
2026-02-10T19:42:49+00:00,CORTEX_DB.RAW.CAT_GAMES_SVC_1_5,default,"cute-but-gory dark comedy apocalypse with cats/dogs, choices matter","cute-but-gory dark comedy apocalypse with cats/dogs, choices matter",[],,False,,,,no_reranker_balanced,0.65,10,100,0,844,844,,01c2535e-0005-0843-0001-397a0006d28a,,51,51,,8e-06,8e-06,,8e-06,,,,,[],[],[],[],[],[],,,,,,,True,False,[],[],,,,[],[],,,,8,Messy Up,0.72118637,2024,English;French;German;Italian;Japanese;Korean;Portuguese - Brazil;Russian;Simplified Chinese;Traditional Chinese,Co-op;Custom Volume Controls;Family Sharing;LAN Co-op;LAN PvP;Multi-player;Online Co-op;Online PvP;Partial Controller Support;Playable without Timed Input;PvP;Remote Play Together;Save Anytime;Shared/Split Screen;Shared/Split Screen Co-op;Shared/Split Screen PvP;Single-player;Steam Achievements;Steam Cloud;Steam Trading Cards,Action;Casual;Indie;RPG;Simulation,3D;Cartoony;Casual;Co-op;Cute;Family Friendly;Funny;Indie;Local Multiplayer;Online Co-Op;Party;Party Game;Physics;PvP;RPG;Relaxing;Simulation;Singleplayer;Stylized;Top-Down,"'Messy UP' is a cute pet collaboration game featuring cats and dogs~ Due to the owner's busy life after graduation and starting work, there is less time to spend with the pets. The pets plan to create a big mess at home to grab the owner's attention and encourage them to spend more time together. After all, what mischief could a little dog possibly have in mind? Take on the role of cats and dogs and go wild, wreaking havoc at home! Each pet possesses unique abilities and skills, with various typ","{""text_match"": 0.010782332, ""cosine_similarity"": 0.44237274}"
2026-02-10T19:42:49+00:00,CORTEX_DB.RAW.CAT_GAMES_SVC_1_5,default,"cute-but-gory dark comedy apocalypse with cats/dogs, choices matter","cute-but-gory dark comedy apocalypse with cats/dogs, choices matter",[],,False,,,,no_reranker_balanced,0.65,10,100,0,844,844,,01c2535e-0005-0843-0001-397a0006d28a,,51,51,,8e-06,8e-06,,8e-06,,,,,[],[],[],[],[],[],,,,,,,True,False,[],[],,,,[],[],,,,9,Little Survivors,0.716450485,2024,English;French;German;Italian;Japanese;Korean;Portuguese - Brazil;Portuguese - Portugal;Russian;Simplified Chinese;Spanish - Latin America;Spanish - Spain;Traditional Chinese,Family Sharing;Full controller support;Single-player;Steam Achievements;Steam Cloud,Action;Casual;Indie,2.5D;Action;Action Roguelike;Arcade;Cartoon;Cartoony;Casual;Colorful;Combat;Comic Book;Cute;Dog;Family Friendly;Fantasy;Medieval;Procedural Generation;Rogue-like;Rogue-lite;Top-Down;Top-Down Shooter,"Help Marco and Eva dive into the pages of colorful comics to rescue animals imprisoned by the evil Glurks. Marco whistles to call for his pet dogs to charge to his aid. Eva squeezes her pet birds to make them lay explosive eggs. Ann twirls to make her cats pounce. Each character has 4 breeds to find, unlocking new powers. Six secondary animals that attack automatically. Easy to control, with only one action button per character. Four chapters and an infinite mode. The chapters are procedurally g","{""text_match"": 0.006272807, ""cosine_similarity"": 0.43290097}"
2026-02-10T19:42:49+00:00,CORTEX_DB.RAW.CAT_GAMES_SVC_1_5,default,"cute-but-gory dark comedy apocalypse with cats/dogs, choices matter","cute-but-gory dark comedy apocalypse with cats/dogs, choices matter",[],,False,,,,no_reranker_balanced,0.65,10,100,0,844,844,,01c2535e-0005-0843-0001-397a0006d28a,,51,51,,8e-06,8e-06,,8e-06,,,,,[],[],[],[],[],[],,,,,,,True,False,[],[],,,,[],[],,,,10,FAMILY BATTLE タッグアリーナ,0.71403215,2022,English;Japanese,Co-op;Family Sharing;Multi-player;Online Co-op;Online PvP;Partial Controller Support;PvP,Action;Casual;Early Access;Indie,3D Fighter;Action;Cartoon;Casual;Co-op;Comic Book;Early Access;Indie;Multiplayer;Online Co-Op;PvP;Shooter;Spectacle fighter;Stylized;Third-Person Shooter,"A big fight by a family of superheroes! A 2v2 tag-team battle action arena! Lemon or mayo for Karaage? What is the end of the endless struggle between the families who have been divided into two sides with everyone having one firm choice... This is a 2v2 3D tag team battle action game that can be played online. The tag team is divided into 'attacker' and 'support' roles, and must cooperate with each other to strategically carry out battles. Attackers use melee weapons and fight opponents on the ","{""text_match"": 0.0054355953, ""cosine_similarity"": 0.4280643}"
2026-02-10T19:42:50+00:00,CORTEX_DB.RAW.CAT_GAMES_SVC_1_5,default,"cute-but-gory dark comedy apocalypse with cats/dogs, choices matter","cute-but-gory dark comedy apocalypse with cats/dogs, choices matter",[],,False,,,,no_reranker_balanced,0.75,10,100,0,893,893,,01c2535e-0005-0846-0001-397a00068fca,,35,35,,5e-06,5e-06,,5e-06,,,,,[],[],[],[],[],[],,,,,,,True,False,[],[],,,,[],[],,,,1,Purrfect Apawcalypse: Love at Furst Bite,0.783659815,2021,English;Japanese;Korean;Polish;Portuguese - Brazil;Simplified Chinese;Spanish - Spain;Ukrainian,Family Sharing;Single-player;Steam Achievements,Adventure;Indie;RPG,Adventure;Cartoon;Cats;Choices Matter;Choose Your Own Adventure;Cute;Dark Comedy;Dating Sim;Demons;Dog;Horror;Interactive Fiction;LGBTQ+;Magic;Multiple Endings;Post-apocalyptic;RPG;Story Rich;Supernatural;Visual Novel,"Olive the mutt finds themself trapped in Hachiko High School during the apocalypse! Demons have been slaughtering their classmates and they're certain it's inevitable that they too will meet their untimely end... Which means there's only so many dogs left to spend their last moments with! Join Olive in their grisly search for a special someone! Will it be Brownie the snack-loving corgi, Sparky the sporty husky or Patches the dalmatian bookworm? It's all up to you! This game contains cartoon gore","{""text_match"": 0.10909046, ""cosine_similarity"": 0.56731963}"
2026-02-10T19:42:50+00:00,CORTEX_DB.RAW.CAT_GAMES_SVC_1_5,default,"cute-but-gory dark comedy apocalypse with cats/dogs, choices matter","cute-but-gory dark comedy apocalypse with cats/dogs, choices matter",[],,False,,,,no_reranker_balanced,0.75,10,100,0,893,893,,01c2535e-0005-0846-0001-397a00068fca,,35,35,,5e-06,5e-06,,5e-06,,,,,[],[],[],[],[],[],,,,,,,True,False,[],[],,,,[],[],,,,2,Purrfect Apawcalypse: Patches' Infurno,0.7681422250000001,2021,English;Japanese;Portuguese - Brazil;Russian;Simplified Chinese,Family Sharing;Single-player;Steam Achievements,Adventure;Indie;RPG,Cats;Choices Matter;Choose Your Own Adventure;Cute;Dark Humor;Dating Sim;Dog;Funny;Horror;Interactive Fiction;LGBTQ+;Magic;Multiple Endings;Point & Click;Post-apocalyptic;Puzzle;RPG;Romance;Story Rich;Visual Novel,"Patches is dragged to school for the first ever cat-and-dog school day! With Coco and Brownie distracted with home ec class, Olive and Angel busy with literature, and Sparky and Ginger occupied by gym, Patches has free reign over the school... Almost. All he needs to do is get this damn collar off and wreak some havoc! Will he prove cats and dogs can get along, or will he make this the Purrfect Apawcalypse? This game contains cartoon gore, bifurcated dogs, headless dogs, generally dogs not havin","{""text_match"": 0.08750561, ""cosine_similarity"": 0.53628445}"
2026-02-10T19:42:52+00:00,CORTEX_DB.RAW.CAT_GAMES_SVC_1_5,default,"cute-but-gory dark comedy apocalypse with cats/dogs, choices matter","cute-but-gory dark comedy apocalypse with cats/dogs, choices matter",[],,False,,,,low_latency,0.3,10,100,0,861,861,,01c2535e-0005-0847-0001-397a0006c2e6,,39,39,,6e-06,6e-06,,6e-06,,,,,[],[],[],[],[],[],,,,,,,True,False,[],[],,,,[],[],,,,1,Purrfect Apawcalypse: Love at Furst Bite,0.783659815,2021,English;Japanese;Korean;Polish;Portuguese - Brazil;Simplified Chinese;Spanish - Spain;Ukrainian,Family Sharing;Single-player;Steam Achievements,Adventure;Indie;RPG,Adventure;Cartoon;Cats;Choices Matter;Choose Your Own Adventure;Cute;Dark Comedy;Dating Sim;Demons;Dog;Horror;Interactive Fiction;LGBTQ+;Magic;Multiple Endings;Post-apocalyptic;RPG;Story Rich;Supernatural;Visual Novel,"Olive the mutt finds themself trapped in Hachiko High School during the apocalypse! Demons have been slaughtering their classmates and they're certain it's inevitable that they too will meet their untimely end... Which means there's only so many dogs left to spend their last moments with! Join Olive in their grisly search for a special someone! Will it be Brownie the snack-loving corgi, Sparky the sporty husky or Patches the dalmatian bookworm? It's all up to you! This game contains cartoon gore","{""text_match"": 0.10909046, ""cosine_similarity"": 0.56731963}"
2026-02-10T19:42:52+00:00,CORTEX_DB.RAW.CAT_GAMES_SVC_1_5,default,"cute-but-gory dark comedy apocalypse with cats/dogs, choices matter","cute-but-gory dark comedy apocalypse with cats/dogs, choices matter",[],,False,,,,low_latency,0.3,10,100,0,861,861,,01c2535e-0005-0847-0001-397a0006c2e6,,39,39,,6e-06,6e-06,,6e-06,,,,,[],[],[],[],[],[],,,,,,,True,False,[],[],,,,[],[],,,,2,Purrfect Apawcalypse: Patches' Infurno,0.7681422250000001,2021,English;Japanese;Portuguese - Brazil;Russian;Simplified Chinese,Family Sharing;Single-player;Steam Achievements,Adventure;Indie;RPG,Cats;Choices Matter;Choose Your Own Adventure;Cute;Dark Humor;Dating Sim;Dog;Funny;Horror;Interactive Fiction;LGBTQ+;Magic;Multiple Endings;Point & Click;Post-apocalyptic;Puzzle;RPG;Romance;Story Rich;Visual Novel,"Patches is dragged to school for the first ever cat-and-dog school day! With Coco and Brownie distracted with home ec class, Olive and Angel busy with literature, and Sparky and Ginger occupied by gym, Patches has free reign over the school... Almost. All he needs to do is get this damn collar off and wreak some havoc! Will he prove cats and dogs can get along, or will he make this the Purrfect Apawcalypse? This game contains cartoon gore, bifurcated dogs, headless dogs, generally dogs not havin","{""text_match"": 0.08750561, ""cosine_similarity"": 0.53628445}"
2026-02-10T19:42:52+00:00,CORTEX_DB.RAW.CAT_GAMES_SVC_1_5,default,"cute-but-gory dark comedy apocalypse with cats/dogs, choices matter","cute-but-gory dark comedy apocalypse with cats/dogs, choices matter",[],,False,,,,low_latency,0.3,10,100,0,861,861,,01c2535e-0005-0847-0001-397a0006c2e6,,39,39,,6e-06,6e-06,,6e-06,,,,,[],[],[],[],[],[],,,,,,,True,False,[],[],,,,[],[],,,,3,Gori: Cuddly Carnage,0.74829179,2024,English;French;German;Italian;Japanese;Korean;Polish;Portuguese - Brazil;Simplified Chinese;Spanish - Spain;Traditional Chinese,Adjustable Difficulty;Adjustable Text Size;Custom Volume Controls;Family Sharing;Full controller support;Single-player;Steam Achievements;Steam Cloud;Steam Trading Cards;Stereo Sound;Surround Sound,Action;Adventure;Indie,3D Platformer;Action;Action-Adventure;Adventure;Blood;Cats;Character Customization;Combat;Comedy;Controller;Cyberpunk;Destruction;Difficult;Gore;Hack and Slash;Horror;Metroidvania;Singleplayer;Stylized;Third Person,"Humanity has been destroyed - and it's up to Gori, along with his deadly but wise-cracking sentient hoverboard, F.R.A.N.K, and morose A.I companion, CH1-P, to slay the evil Adorable Army with lethal combos. Fuelled by insatiable demand, 'Cool-Toyz Inc.' created 'Ultra Pets'. The ultimate companions that never hunger, never require bathroom breaks and are impervious to the ravages of time. Little did anyone expect the mutation that transformed these perfect pets into twisted toys straight from yo","{""text_match"": 0.00963187, ""cosine_similarity"": 0.49658358}"
2026-02-10T19:42:52+00:00,CORTEX_DB.RAW.CAT_GAMES_SVC_1_5,default,"cute-but-gory dark comedy apocalypse with cats/dogs, choices matter","cute-but-gory dark comedy apocalypse with cats/dogs, choices matter",[],,False,,,,low_latency,0.3,10,100,0,861,861,,01c2535e-0005-0847-0001-397a0006c2e6,,39,39,,6e-06,6e-06,,6e-06,,,,,[],[],[],[],[],[],,,,,,,True,False,[],[],,,,[],[],,,,4,Bear's Restaurant,0.73045662,2021,English;French;German;Indonesian;Italian;Japanese;Korean;Portuguese - Brazil;Russian;Simplified Chinese;Spanish - Latin America;Spanish - Spain;Traditional Chinese;Turkish;Vietnamese,Family Sharing;Full controller support;Single-player;Steam Achievements;Steam Cloud,Adventure;Indie;RPG,2D;Adventure;Atmospheric;Cats;Choices Matter;Cute;Dark;Emotional;Exploration;Indie;Interactive Fiction;JRPG;Linear;Philosophical;Pixel Graphics;RPG;Retro;Singleplayer;Soundtrack;Story Rich,"Where do we go after we die? And more importantly, what do we eat? In Bear’s Restaurant, you play as a little cat who just landed a job at the afterlife’s coziest eatery. As the lone waiter assisting the friendly bear who owns the joint, it’s your job to greet the newly deceased, take their orders, and deliver them each a final meal to help their souls rest in peace. The only problem is, the clientele here come from all walks of death, and in many cases, they’re awfully indecisive. In order to h","{""text_match"": 0.021099625, ""cosine_similarity"": 0.46091324}"
2026-02-10T19:42:52+00:00,CORTEX_DB.RAW.CAT_GAMES_SVC_1_5,default,"cute-but-gory dark comedy apocalypse with cats/dogs, choices matter","cute-but-gory dark comedy apocalypse with cats/dogs, choices matter",[],,False,,,,low_latency,0.3,10,100,0,861,861,,01c2535e-0005-0847-0001-397a0006c2e6,,39,39,,6e-06,6e-06,,6e-06,,,,,[],[],[],[],[],[],,,,,,,True,False,[],[],,,,[],[],,,,5,Postal III,0.72793755,2012,English;French;German;Japanese;Polish;Portuguese - Brazil;Russian,Family Sharing;Single-player;Steam Achievements,Action,Action;Adventure;Anime;Comedy;Dark Humor;Funny;Gore;Great Soundtrack;Hentai;Mature;Nudity;Open World;Psychological Horror;Sandbox;Sexual Content;Shooter;Singleplayer;Third Person;Third-Person Shooter;Violent,"Good or Insane? The choice is yours. Following the Apocalyptic end to the Postal Dude’s week in Paradise, we follow him and his insane pitbull Champ as they emigrate to its appropriately named sister city, Catharsis. Unfortunately, due to the Global Economic Meltdown, psychotic left-wing “Green” extremism and hypocritical Government corruption, it turns out Catharsis isn’t a much better place to live. What path will you choose when faced with the antics of a hypocritical scheming Mayor? A berser","{""text_match"": 0.01511847, ""cosine_similarity"": 0.4558751}"
2026-02-10T19:42:52+00:00,CORTEX_DB.RAW.CAT_GAMES_SVC_1_5,default,"cute-but-gory dark comedy apocalypse with cats/dogs, choices matter","cute-but-gory dark comedy apocalypse with cats/dogs, choices matter",[],,False,,,,low_latency,0.3,10,100,0,861,861,,01c2535e-0005-0847-0001-397a0006c2e6,,39,39,,6e-06,6e-06,,6e-06,,,,,[],[],[],[],[],[],,,,,,,True,False,[],[],,,,[],[],,,,6,Cat's Menace,0.720884085,2021,English;Russian,Family Sharing;Single-player,Adventure;Casual;Indie;Simulation;Strategy,Atmospheric;Choices Matter;Comedy;Creature Collector;Cute;Dark;Dark Humor;Detective;Experimental;Hand-drawn;Idler;Investigation;Narration;Noir;Puzzle;Satire;Story Rich;Stylized;Surreal;Visual Novel,"The dark story from the life of cats and people. Who will own the city? After one dramatic incident the whole city turned against the cats. In the city cats are now banned. Having cats was punishable by a fine or even a prison. People began to exterminate cats. Someone took the cats out of town, someone killed them. But the cats still returned. People were amazed that the number of cats did not decrease, but they did not stop and continued to get rid of them. But the townspeople didn’t know that","{""text_match"": 0.025956146, ""cosine_similarity"": 0.44176817}"
2026-02-10T19:42:52+00:00,CORTEX_DB.RAW.CAT_GAMES_SVC_1_5,default,"cute-but-gory dark comedy apocalypse with cats/dogs, choices matter","cute-but-gory dark comedy apocalypse with cats/dogs, choices matter",[],,False,,,,low_latency,0.3,10,100,0,861,861,,01c2535e-0005-0847-0001-397a0006c2e6,,39,39,,6e-06,6e-06,,6e-06,,,,,[],[],[],[],[],[],,,,,,,True,False,[],[],,,,[],[],,,,7,"Cats, Guns & Robots",0.7249146399999999,2024,English;French;German;Italian;Japanese;Portuguese - Brazil;Russian;Simplified Chinese;Spanish - Spain;Traditional Chinese;Turkish,Family Sharing;Single-player,Action;Casual;Early Access;Indie;RPG,Action;Action RPG;Action Roguelike;Arena Shooter;Bullet Hell;Dark Fantasy;Difficult;Dungeon Crawler;Early Access;Hack and Slash;Isometric;Perma Death;RPG;Replay Value;Rogue-like;Rogue-lite;Sci-fi;Shooter;Singleplayer;Survival,"In this action rogue-like game, survive evil robot attacks, gain XP by killing them and upgrade your weapons and character for the next room. It's all about strategy, reflexes, and smart choices. Exciting Action-Packed Roguelike Gameplay! Buy and upgrade your weapons and equipment! Gain XP by killing evil robots and upgrade your character! Careful choice of weapons and character abilities will be the key to winning! THE STORY Humans and advanced robots have been living in peace and harmony for c","{""text_match"": 0.0047929413, ""cosine_similarity"": 0.44982928}"
2026-02-10T19:42:52+00:00,CORTEX_DB.RAW.CAT_GAMES_SVC_1_5,default,"cute-but-gory dark comedy apocalypse with cats/dogs, choices matter","cute-but-gory dark comedy apocalypse with cats/dogs, choices matter",[],,False,,,,low_latency,0.3,10,100,0,861,861,,01c2535e-0005-0847-0001-397a0006c2e6,,39,39,,6e-06,6e-06,,6e-06,,,,,[],[],[],[],[],[],,,,,,,True,False,[],[],,,,[],[],,,,8,Messy Up,0.72118637,2024,English;French;German;Italian;Japanese;Korean;Portuguese - Brazil;Russian;Simplified Chinese;Traditional Chinese,Co-op;Custom Volume Controls;Family Sharing;LAN Co-op;LAN PvP;Multi-player;Online Co-op;Online PvP;Partial Controller Support;Playable without Timed Input;PvP;Remote Play Together;Save Anytime;Shared/Split Screen;Shared/Split Screen Co-op;Shared/Split Screen PvP;Single-player;Steam Achievements;Steam Cloud;Steam Trading Cards,Action;Casual;Indie;RPG;Simulation,3D;Cartoony;Casual;Co-op;Cute;Family Friendly;Funny;Indie;Local Multiplayer;Online Co-Op;Party;Party Game;Physics;PvP;RPG;Relaxing;Simulation;Singleplayer;Stylized;Top-Down,"'Messy UP' is a cute pet collaboration game featuring cats and dogs~ Due to the owner's busy life after graduation and starting work, there is less time to spend with the pets. The pets plan to create a big mess at home to grab the owner's attention and encourage them to spend more time together. After all, what mischief could a little dog possibly have in mind? Take on the role of cats and dogs and go wild, wreaking havoc at home! Each pet possesses unique abilities and skills, with various typ","{""text_match"": 0.010782332, ""cosine_similarity"": 0.44237274}"
2026-02-10T19:42:52+00:00,CORTEX_DB.RAW.CAT_GAMES_SVC_1_5,default,"cute-but-gory dark comedy apocalypse with cats/dogs, choices matter","cute-but-gory dark comedy apocalypse with cats/dogs, choices matter",[],,False,,,,low_latency,0.3,10,100,0,861,861,,01c2535e-0005-0847-0001-397a0006c2e6,,39,39,,6e-06,6e-06,,6e-06,,,,,[],[],[],[],[],[],,,,,,,True,False,[],[],,,,[],[],,,,9,Little Survivors,0.716450485,2024,English;French;German;Italian;Japanese;Korean;Portuguese - Brazil;Portuguese - Portugal;Russian;Simplified Chinese;Spanish - Latin America;Spanish - Spain;Traditional Chinese,Family Sharing;Full controller support;Single-player;Steam Achievements;Steam Cloud,Action;Casual;Indie,2.5D;Action;Action Roguelike;Arcade;Cartoon;Cartoony;Casual;Colorful;Combat;Comic Book;Cute;Dog;Family Friendly;Fantasy;Medieval;Procedural Generation;Rogue-like;Rogue-lite;Top-Down;Top-Down Shooter,"Help Marco and Eva dive into the pages of colorful comics to rescue animals imprisoned by the evil Glurks. Marco whistles to call for his pet dogs to charge to his aid. Eva squeezes her pet birds to make them lay explosive eggs. Ann twirls to make her cats pounce. Each character has 4 breeds to find, unlocking new powers. Six secondary animals that attack automatically. Easy to control, with only one action button per character. Four chapters and an infinite mode. The chapters are procedurally g","{""text_match"": 0.006272807, ""cosine_similarity"": 0.43290097}"
2026-02-10T19:42:52+00:00,CORTEX_DB.RAW.CAT_GAMES_SVC_1_5,default,"cute-but-gory dark comedy apocalypse with cats/dogs, choices matter","cute-but-gory dark comedy apocalypse with cats/dogs, choices matter",[],,False,,,,low_latency,0.3,10,100,0,861,861,,01c2535e-0005-0847-0001-397a0006c2e6,,39,39,,6e-06,6e-06,,6e-06,,,,,[],[],[],[],[],[],,,,,,,True,False,[],[],,,,[],[],,,,10,FAMILY BATTLE タッグアリーナ,0.71403215,2022,English;Japanese,Co-op;Family Sharing;Multi-player;Online Co-op;Online PvP;Partial Controller Support;PvP,Action;Casual;Early Access;Indie,3D Fighter;Action;Cartoon;Casual;Co-op;Comic Book;Early Access;Indie;Multiplayer;Online Co-Op;PvP;Shooter;Spectacle fighter;Stylized;Third-Person Shooter,"A big fight by a family of superheroes! A 2v2 tag-team battle action arena! Lemon or mayo for Karaage? What is the end of the endless struggle between the families who have been divided into two sides with everyone having one firm choice... This is a 2v2 3D tag team battle action game that can be played online. The tag team is divided into 'attacker' and 'support' roles, and must cooperate with each other to strategically carry out battles. Attackers use melee weapons and fight opponents on the ","{""text_match"": 0.0054355953, ""cosine_similarity"": 0.4280643}"
2026-02-10T19:42:53+00:00,CORTEX_DB.RAW.CAT_GAMES_SVC_1_5,default,"cute-but-gory dark comedy apocalypse with cats/dogs, choices matter","cute-but-gory dark comedy apocalypse with cats/dogs, choices matter",[],,False,,,,low_latency,0.65,10,100,0,930,930,,01c2535e-0005-0847-0001-397a0006c2ee,,39,39,,6e-06,6e-06,,6e-06,,,,,[],[],[],[],[],[],,,,,,,True,False,[],[],,,,[],[],,,,1,Purrfect Apawcalypse: Love at Furst Bite,0.783659815,2021,English;Japanese;Korean;Polish;Portuguese - Brazil;Simplified Chinese;Spanish - Spain;Ukrainian,Family Sharing;Single-player;Steam Achievements,Adventure;Indie;RPG,Adventure;Cartoon;Cats;Choices Matter;Choose Your Own Adventure;Cute;Dark Comedy;Dating Sim;Demons;Dog;Horror;Interactive Fiction;LGBTQ+;Magic;Multiple Endings;Post-apocalyptic;RPG;Story Rich;Supernatural;Visual Novel,"Olive the mutt finds themself trapped in Hachiko High School during the apocalypse! Demons have been slaughtering their classmates and they're certain it's inevitable that they too will meet their untimely end... Which means there's only so many dogs left to spend their last moments with! Join Olive in their grisly search for a special someone! Will it be Brownie the snack-loving corgi, Sparky the sporty husky or Patches the dalmatian bookworm? It's all up to you! This game contains cartoon gore","{""text_match"": 0.10909046, ""cosine_similarity"": 0.56731963}"
2026-02-10T19:42:53+00:00,CORTEX_DB.RAW.CAT_GAMES_SVC_1_5,default,"cute-but-gory dark comedy apocalypse with cats/dogs, choices matter","cute-but-gory dark comedy apocalypse with cats/dogs, choices matter",[],,False,,,,low_latency,0.65,10,100,0,930,930,,01c2535e-0005-0847-0001-397a0006c2ee,,39,39,,6e-06,6e-06,,6e-06,,,,,[],[],[],[],[],[],,,,,,,True,False,[],[],,,,[],[],,,,2,Purrfect Apawcalypse: Patches' Infurno,0.7681422250000001,2021,English;Japanese;Portuguese - Brazil;Russian;Simplified Chinese,Family Sharing;Single-player;Steam Achievements,Adventure;Indie;RPG,Cats;Choices Matter;Choose Your Own Adventure;Cute;Dark Humor;Dating Sim;Dog;Funny;Horror;Interactive Fiction;LGBTQ+;Magic;Multiple Endings;Point & Click;Post-apocalyptic;Puzzle;RPG;Romance;Story Rich;Visual Novel,"Patches is dragged to school for the first ever cat-and-dog school day! With Coco and Brownie distracted with home ec class, Olive and Angel busy with literature, and Sparky and Ginger occupied by gym, Patches has free reign over the school... Almost. All he needs to do is get this damn collar off and wreak some havoc! Will he prove cats and dogs can get along, or will he make this the Purrfect Apawcalypse? This game contains cartoon gore, bifurcated dogs, headless dogs, generally dogs not havin","{""text_match"": 0.08750561, ""cosine_similarity"": 0.53628445}"
2026-02-10T19:42:53+00:00,CORTEX_DB.RAW.CAT_GAMES_SVC_1_5,default,"cute-but-gory dark comedy apocalypse with cats/dogs, choices matter","cute-but-gory dark comedy apocalypse with cats/dogs, choices matter",[],,False,,,,low_latency,0.65,10,100,0,930,930,,01c2535e-0005-0847-0001-397a0006c2ee,,39,39,,6e-06,6e-06,,6e-06,,,,,[],[],[],[],[],[],,,,,,,True,False,[],[],,,,[],[],,,,3,Gori: Cuddly Carnage,0.74829179,2024,English;French;German;Italian;Japanese;Korean;Polish;Portuguese - Brazil;Simplified Chinese;Spanish - Spain;Traditional Chinese,Adjustable Difficulty;Adjustable Text Size;Custom Volume Controls;Family Sharing;Full controller support;Single-player;Steam Achievements;Steam Cloud;Steam Trading Cards;Stereo Sound;Surround Sound,Action;Adventure;Indie,3D Platformer;Action;Action-Adventure;Adventure;Blood;Cats;Character Customization;Combat;Comedy;Controller;Cyberpunk;Destruction;Difficult;Gore;Hack and Slash;Horror;Metroidvania;Singleplayer;Stylized;Third Person,"Humanity has been destroyed - and it's up to Gori, along with his deadly but wise-cracking sentient hoverboard, F.R.A.N.K, and morose A.I companion, CH1-P, to slay the evil Adorable Army with lethal combos. Fuelled by insatiable demand, 'Cool-Toyz Inc.' created 'Ultra Pets'. The ultimate companions that never hunger, never require bathroom breaks and are impervious to the ravages of time. Little did anyone expect the mutation that transformed these perfect pets into twisted toys straight from yo","{""text_match"": 0.00963187, ""cosine_similarity"": 0.49658358}"
2026-02-10T19:42:53+00:00,CORTEX_DB.RAW.CAT_GAMES_SVC_1_5,default,"cute-but-gory dark comedy apocalypse with cats/dogs, choices matter","cute-but-gory dark comedy apocalypse with cats/dogs, choices matter",[],,False,,,,low_latency,0.65,10,100,0,930,930,,01c2535e-0005-0847-0001-397a0006c2ee,,39,39,,6e-06,6e-06,,6e-06,,,,,[],[],[],[],[],[],,,,,,,True,False,[],[],,,,[],[],,,,4,Bear's Restaurant,0.73045662,2021,English;French;German;Indonesian;Italian;Japanese;Korean;Portuguese - Brazil;Russian;Simplified Chinese;Spanish - Latin America;Spanish - Spain;Traditional Chinese;Turkish;Vietnamese,Family Sharing;Full controller support;Single-player;Steam Achievements;Steam Cloud,Adventure;Indie;RPG,2D;Adventure;Atmospheric;Cats;Choices Matter;Cute;Dark;Emotional;Exploration;Indie;Interactive Fiction;JRPG;Linear;Philosophical;Pixel Graphics;RPG;Retro;Singleplayer;Soundtrack;Story Rich,"Where do we go after we die? And more importantly, what do we eat? In Bear’s Restaurant, you play as a little cat who just landed a job at the afterlife’s coziest eatery. As the lone waiter assisting the friendly bear who owns the joint, it’s your job to greet the newly deceased, take their orders, and deliver them each a final meal to help their souls rest in peace. The only problem is, the clientele here come from all walks of death, and in many cases, they’re awfully indecisive. In order to h","{""text_match"": 0.021099625, ""cosine_similarity"": 0.46091324}"
2026-02-10T19:42:53+00:00,CORTEX_DB.RAW.CAT_GAMES_SVC_1_5,default,"cute-but-gory dark comedy apocalypse with cats/dogs, choices matter","cute-but-gory dark comedy apocalypse with cats/dogs, choices matter",[],,False,,,,low_latency,0.65,10,100,0,930,930,,01c2535e-0005-0847-0001-397a0006c2ee,,39,39,,6e-06,6e-06,,6e-06,,,,,[],[],[],[],[],[],,,,,,,True,False,[],[],,,,[],[],,,,5,Postal III,0.72793755,2012,English;French;German;Japanese;Polish;Portuguese - Brazil;Russian,Family Sharing;Single-player;Steam Achievements,Action,Action;Adventure;Anime;Comedy;Dark Humor;Funny;Gore;Great Soundtrack;Hentai;Mature;Nudity;Open World;Psychological Horror;Sandbox;Sexual Content;Shooter;Singleplayer;Third Person;Third-Person Shooter;Violent,"Good or Insane? The choice is yours. Following the Apocalyptic end to the Postal Dude’s week in Paradise, we follow him and his insane pitbull Champ as they emigrate to its appropriately named sister city, Catharsis. Unfortunately, due to the Global Economic Meltdown, psychotic left-wing “Green” extremism and hypocritical Government corruption, it turns out Catharsis isn’t a much better place to live. What path will you choose when faced with the antics of a hypocritical scheming Mayor? A berser","{""text_match"": 0.01511847, ""cosine_similarity"": 0.4558751}"
2026-02-10T19:42:53+00:00,CORTEX_DB.RAW.CAT_GAMES_SVC_1_5,default,"cute-but-gory dark comedy apocalypse with cats/dogs, choices matter","cute-but-gory dark comedy apocalypse with cats/dogs, choices matter",[],,False,,,,low_latency,0.65,10,100,0,930,930,,01c2535e-0005-0847-0001-397a0006c2ee,,39,39,,6e-06,6e-06,,6e-06,,,,,[],[],[],[],[],[],,,,,,,True,False,[],[],,,,[],[],,,,6,Cat's Menace,0.720884085,2021,English;Russian,Family Sharing;Single-player,Adventure;Casual;Indie;Simulation;Strategy,Atmospheric;Choices Matter;Comedy;Creature Collector;Cute;Dark;Dark Humor;Detective;Experimental;Hand-drawn;Idler;Investigation;Narration;Noir;Puzzle;Satire;Story Rich;Stylized;Surreal;Visual Novel,"The dark story from the life of cats and people. Who will own the city? After one dramatic incident the whole city turned against the cats. In the city cats are now banned. Having cats was punishable by a fine or even a prison. People began to exterminate cats. Someone took the cats out of town, someone killed them. But the cats still returned. People were amazed that the number of cats did not decrease, but they did not stop and continued to get rid of them. But the townspeople didn’t know that","{""text_match"": 0.025956146, ""cosine_similarity"": 0.44176817}"
2026-02-10T19:42:53+00:00,CORTEX_DB.RAW.CAT_GAMES_SVC_1_5,default,"cute-but-gory dark comedy apocalypse with cats/dogs, choices matter","cute-but-gory dark comedy apocalypse with cats/dogs, choices matter",[],,False,,,,low_latency,0.65,10,100,0,930,930,,01c2535e-0005-0847-0001-397a0006c2ee,,39,39,,6e-06,6e-06,,6e-06,,,,,[],[],[],[],[],[],,,,,,,True,False,[],[],,,,[],[],,,,7,"Cats, Guns & Robots",0.7249146399999999,2024,English;French;German;Italian;Japanese;Portuguese - Brazil;Russian;Simplified Chinese;Spanish - Spain;Traditional Chinese;Turkish,Family Sharing;Single-player,Action;Casual;Early Access;Indie;RPG,Action;Action RPG;Action Roguelike;Arena Shooter;Bullet Hell;Dark Fantasy;Difficult;Dungeon Crawler;Early Access;Hack and Slash;Isometric;Perma Death;RPG;Replay Value;Rogue-like;Rogue-lite;Sci-fi;Shooter;Singleplayer;Survival,"In this action rogue-like game, survive evil robot attacks, gain XP by killing them and upgrade your weapons and character for the next room. It's all about strategy, reflexes, and smart choices. Exciting Action-Packed Roguelike Gameplay! Buy and upgrade your weapons and equipment! Gain XP by killing evil robots and upgrade your character! Careful choice of weapons and character abilities will be the key to winning! THE STORY Humans and advanced robots have been living in peace and harmony for c","{""text_match"": 0.0047929413, ""cosine_similarity"": 0.44982928}"
2026-02-10T19:42:53+00:00,CORTEX_DB.RAW.CAT_GAMES_SVC_1_5,default,"cute-but-gory dark comedy apocalypse with cats/dogs, choices matter","cute-but-gory dark comedy apocalypse with cats/dogs, choices matter",[],,False,,,,low_latency,0.65,10,100,0,930,930,,01c2535e-0005-0847-0001-397a0006c2ee,,39,39,,6e-06,6e-06,,6e-06,,,,,[],[],[],[],[],[],,,,,,,True,False,[],[],,,,[],[],,,,8,Messy Up,0.72118637,2024,English;French;German;Italian;Japanese;Korean;Portuguese - Brazil;Russian;Simplified Chinese;Traditional Chinese,Co-op;Custom Volume Controls;Family Sharing;LAN Co-op;LAN PvP;Multi-player;Online Co-op;Online PvP;Partial Controller Support;Playable without Timed Input;PvP;Remote Play Together;Save Anytime;Shared/Split Screen;Shared/Split Screen Co-op;Shared/Split Screen PvP;Single-player;Steam Achievements;Steam Cloud;Steam Trading Cards,Action;Casual;Indie;RPG;Simulation,3D;Cartoony;Casual;Co-op;Cute;Family Friendly;Funny;Indie;Local Multiplayer;Online Co-Op;Party;Party Game;Physics;PvP;RPG;Relaxing;Simulation;Singleplayer;Stylized;Top-Down,"'Messy UP' is a cute pet collaboration game featuring cats and dogs~ Due to the owner's busy life after graduation and starting work, there is less time to spend with the pets. The pets plan to create a big mess at home to grab the owner's attention and encourage them to spend more time together. After all, what mischief could a little dog possibly have in mind? Take on the role of cats and dogs and go wild, wreaking havoc at home! Each pet possesses unique abilities and skills, with various typ","{""text_match"": 0.010782332, ""cosine_similarity"": 0.44237274}"
2026-02-10T19:42:53+00:00,CORTEX_DB.RAW.CAT_GAMES_SVC_1_5,default,"cute-but-gory dark comedy apocalypse with cats/dogs, choices matter","cute-but-gory dark comedy apocalypse with cats/dogs, choices matter",[],,False,,,,low_latency,0.65,10,100,0,930,930,,01c2535e-0005-0847-0001-397a0006c2ee,,39,39,,6e-06,6e-06,,6e-06,,,,,[],[],[],[],[],[],,,,,,,True,False,[],[],,,,[],[],,,,9,Little Survivors,0.716450485,2024,English;French;German;Italian;Japanese;Korean;Portuguese - Brazil;Portuguese - Portugal;Russian;Simplified Chinese;Spanish - Latin America;Spanish - Spain;Traditional Chinese,Family Sharing;Full controller support;Single-player;Steam Achievements;Steam Cloud,Action;Casual;Indie,2.5D;Action;Action Roguelike;Arcade;Cartoon;Cartoony;Casual;Colorful;Combat;Comic Book;Cute;Dog;Family Friendly;Fantasy;Medieval;Procedural Generation;Rogue-like;Rogue-lite;Top-Down;Top-Down Shooter,"Help Marco and Eva dive into the pages of colorful comics to rescue animals imprisoned by the evil Glurks. Marco whistles to call for his pet dogs to charge to his aid. Eva squeezes her pet birds to make them lay explosive eggs. Ann twirls to make her cats pounce. Each character has 4 breeds to find, unlocking new powers. Six secondary animals that attack automatically. Easy to control, with only one action button per character. Four chapters and an infinite mode. The chapters are procedurally g","{""text_match"": 0.006272807, ""cosine_similarity"": 0.43290097}"
2026-02-10T19:42:53+00:00,CORTEX_DB.RAW.CAT_GAMES_SVC_1_5,default,"cute-but-gory dark comedy apocalypse with cats/dogs, choices matter","cute-but-gory dark comedy apocalypse with cats/dogs, choices matter",[],,False,,,,low_latency,0.65,10,100,0,930,930,,01c2535e-0005-0847-0001-397a0006c2ee,,39,39,,6e-06,6e-06,,6e-06,,,,,[],[],[],[],[],[],,,,,,,True,False,[],[],,,,[],[],,,,10,FAMILY BATTLE タッグアリーナ,0.71403215,2022,English;Japanese,Co-op;Family Sharing;Multi-player;Online Co-op;Online PvP;Partial Controller Support;PvP,Action;Casual;Early Access;Indie,3D Fighter;Action;Cartoon;Casual;Co-op;Comic Book;Early Access;Indie;Multiplayer;Online Co-Op;PvP;Shooter;Spectacle fighter;Stylized;Third-Person Shooter,"A big fight by a family of superheroes! A 2v2 tag-team battle action arena! Lemon or mayo for Karaage? What is the end of the endless struggle between the families who have been divided into two sides with everyone having one firm choice... This is a 2v2 3D tag team battle action game that can be played online. The tag team is divided into 'attacker' and 'support' roles, and must cooperate with each other to strategically carry out battles. Attackers use melee weapons and fight opponents on the ","{""text_match"": 0.0054355953, ""cosine_similarity"": 0.4280643}"
2026-02-10T19:42:54+00:00,CORTEX_DB.RAW.CAT_GAMES_SVC_1_5,default,"cute-but-gory dark comedy apocalypse with cats/dogs, choices matter","cute-but-gory dark comedy apocalypse with cats/dogs, choices matter",[],,False,,,,low_latency,0.75,10,100,0,970,970,,01c2535e-0005-0847-0001-397a0006c2f6,,37,37,,6e-06,6e-06,,6e-06,,,,,[],[],[],[],[],[],,,,,,,True,False,[],[],,,,[],[],,,,1,Purrfect Apawcalypse: Love at Furst Bite,0.783659815,2021,English;Japanese;Korean;Polish;Portuguese - Brazil;Simplified Chinese;Spanish - Spain;Ukrainian,Family Sharing;Single-player;Steam Achievements,Adventure;Indie;RPG,Adventure;Cartoon;Cats;Choices Matter;Choose Your Own Adventure;Cute;Dark Comedy;Dating Sim;Demons;Dog;Horror;Interactive Fiction;LGBTQ+;Magic;Multiple Endings;Post-apocalyptic;RPG;Story Rich;Supernatural;Visual Novel,"Olive the mutt finds themself trapped in Hachiko High School during the apocalypse! Demons have been slaughtering their classmates and they're certain it's inevitable that they too will meet their untimely end... Which means there's only so many dogs left to spend their last moments with! Join Olive in their grisly search for a special someone! Will it be Brownie the snack-loving corgi, Sparky the sporty husky or Patches the dalmatian bookworm? It's all up to you! This game contains cartoon gore","{""text_match"": 0.10909046, ""cosine_similarity"": 0.56731963}"
2026-02-10T19:42:54+00:00,CORTEX_DB.RAW.CAT_GAMES_SVC_1_5,default,"cute-but-gory dark comedy apocalypse with cats/dogs, choices matter","cute-but-gory dark comedy apocalypse with cats/dogs, choices matter",[],,False,,,,low_latency,0.75,10,100,0,970,970,,01c2535e-0005-0847-0001-397a0006c2f6,,37,37,,6e-06,6e-06,,6e-06,,,,,[],[],[],[],[],[],,,,,,,True,False,[],[],,,,[],[],,,,2,Purrfect Apawcalypse: Patches' Infurno,0.7681422250000001,2021,English;Japanese;Portuguese - Brazil;Russian;Simplified Chinese,Family Sharing;Single-player;Steam Achievements,Adventure;Indie;RPG,Cats;Choices Matter;Choose Your Own Adventure;Cute;Dark Humor;Dating Sim;Dog;Funny;Horror;Interactive Fiction;LGBTQ+;Magic;Multiple Endings;Point & Click;Post-apocalyptic;Puzzle;RPG;Romance;Story Rich;Visual Novel,"Patches is dragged to school for the first ever cat-and-dog school day! With Coco and Brownie distracted with home ec class, Olive and Angel busy with literature, and Sparky and Ginger occupied by gym, Patches has free reign over the school... Almost. All he needs to do is get this damn collar off and wreak some havoc! Will he prove cats and dogs can get along, or will he make this the Purrfect Apawcalypse? This game contains cartoon gore, bifurcated dogs, headless dogs, generally dogs not havin","{""text_match"": 0.08750561, ""cosine_similarity"": 0.53628445}"
2026-02-10T19:42:56+00:00,CORTEX_DB.RAW.CAT_GAMES_SVC_1_5,default,"cute-but-gory dark comedy apocalypse with cats/dogs, choices matter","cute-but-gory dark comedy apocalypse with cats/dogs, choices matter",[],,False,,,,reranker_heavy,0.3,10,100,0,1741,1741,,01c2535e-0005-0843-0001-397a0006d2a6,,35,35,,5e-06,5e-06,,5e-06,,,,,[],[],[],[],[],[],,,,,,,True,False,[],[],,,,[],[],,,,1,Purrfect Apawcalypse: Love at Furst Bite,0.783659815,2021,English;Japanese;Korean;Polish;Portuguese - Brazil;Simplified Chinese;Spanish - Spain;Ukrainian,Family Sharing;Single-player;Steam Achievements,Adventure;Indie;RPG,Adventure;Cartoon;Cats;Choices Matter;Choose Your Own Adventure;Cute;Dark Comedy;Dating Sim;Demons;Dog;Horror;Interactive Fiction;LGBTQ+;Magic;Multiple Endings;Post-apocalyptic;RPG;Story Rich;Supernatural;Visual Novel,"Olive the mutt finds themself trapped in Hachiko High School during the apocalypse! Demons have been slaughtering their classmates and they're certain it's inevitable that they too will meet their untimely end... Which means there's only so many dogs left to spend their last moments with! Join Olive in their grisly search for a special someone! Will it be Brownie the snack-loving corgi, Sparky the sporty husky or Patches the dalmatian bookworm? It's all up to you! This game contains cartoon gore","{""text_match"": 0.10909046, ""cosine_similarity"": 0.56731963, ""reranker_score"": 0.4787268}"
2026-02-10T19:42:56+00:00,CORTEX_DB.RAW.CAT_GAMES_SVC_1_5,default,"cute-but-gory dark comedy apocalypse with cats/dogs, choices matter","cute-but-gory dark comedy apocalypse with cats/dogs, choices matter",[],,False,,,,reranker_heavy,0.3,10,100,0,1741,1741,,01c2535e-0005-0843-0001-397a0006d2a6,,35,35,,5e-06,5e-06,,5e-06,,,,,[],[],[],[],[],[],,,,,,,True,False,[],[],,,,[],[],,,,2,Purrfect Apawcalypse: Patches' Infurno,0.7681422250000001,2021,English;Japanese;Portuguese - Brazil;Russian;Simplified Chinese,Family Sharing;Single-player;Steam Achievements,Adventure;Indie;RPG,Cats;Choices Matter;Choose Your Own Adventure;Cute;Dark Humor;Dating Sim;Dog;Funny;Horror;Interactive Fiction;LGBTQ+;Magic;Multiple Endings;Point & Click;Post-apocalyptic;Puzzle;RPG;Romance;Story Rich;Visual Novel,"Patches is dragged to school for the first ever cat-and-dog school day! With Coco and Brownie distracted with home ec class, Olive and Angel busy with literature, and Sparky and Ginger occupied by gym, Patches has free reign over the school... Almost. All he needs to do is get this damn collar off and wreak some havoc! Will he prove cats and dogs can get along, or will he make this the Purrfect Apawcalypse? This game contains cartoon gore, bifurcated dogs, headless dogs, generally dogs not havin","{""text_match"": 0.08750561, ""cosine_similarity"": 0.53628445, ""reranker_score"": 0.54800826}"
2026-02-10T19:42:56+00:00,CORTEX_DB.RAW.CAT_GAMES_SVC_1_5,default,"cute-but-gory dark comedy apocalypse with cats/dogs, choices matter","cute-but-gory dark comedy apocalypse with cats/dogs, choices matter",[],,False,,,,reranker_heavy,0.3,10,100,0,1741,1741,,01c2535e-0005-0843-0001-397a0006d2a6,,35,35,,5e-06,5e-06,,5e-06,,,,,[],[],[],[],[],[],,,,,,,True,False,[],[],,,,[],[],,,,3,Gori: Cuddly Carnage,0.74829179,2024,English;French;German;Italian;Japanese;Korean;Polish;Portuguese - Brazil;Simplified Chinese;Spanish - Spain;Traditional Chinese,Adjustable Difficulty;Adjustable Text Size;Custom Volume Controls;Family Sharing;Full controller support;Single-player;Steam Achievements;Steam Cloud;Steam Trading Cards;Stereo Sound;Surround Sound,Action;Adventure;Indie,3D Platformer;Action;Action-Adventure;Adventure;Blood;Cats;Character Customization;Combat;Comedy;Controller;Cyberpunk;Destruction;Difficult;Gore;Hack and Slash;Horror;Metroidvania;Singleplayer;Stylized;Third Person,"Humanity has been destroyed - and it's up to Gori, along with his deadly but wise-cracking sentient hoverboard, F.R.A.N.K, and morose A.I companion, CH1-P, to slay the evil Adorable Army with lethal combos. Fuelled by insatiable demand, 'Cool-Toyz Inc.' created 'Ultra Pets'. The ultimate companions that never hunger, never require bathroom breaks and are impervious to the ravages of time. Little did anyone expect the mutation that transformed these perfect pets into twisted toys straight from yo","{""text_match"": 0.00963187, ""cosine_similarity"": 0.49658358, ""reranker_score"": -5.6995664}"
2026-02-10T19:42:56+00:00,CORTEX_DB.RAW.CAT_GAMES_SVC_1_5,default,"cute-but-gory dark comedy apocalypse with cats/dogs, choices matter","cute-but-gory dark comedy apocalypse with cats/dogs, choices matter",[],,False,,,,reranker_heavy,0.3,10,100,0,1741,1741,,01c2535e-0005-0843-0001-397a0006d2a6,,35,35,,5e-06,5e-06,,5e-06,,,,,[],[],[],[],[],[],,,,,,,True,False,[],[],,,,[],[],,,,4,Cat's Menace,0.720884085,2021,English;Russian,Family Sharing;Single-player,Adventure;Casual;Indie;Simulation;Strategy,Atmospheric;Choices Matter;Comedy;Creature Collector;Cute;Dark;Dark Humor;Detective;Experimental;Hand-drawn;Idler;Investigation;Narration;Noir;Puzzle;Satire;Story Rich;Stylized;Surreal;Visual Novel,"The dark story from the life of cats and people. Who will own the city? After one dramatic incident the whole city turned against the cats. In the city cats are now banned. Having cats was punishable by a fine or even a prison. People began to exterminate cats. Someone took the cats out of town, someone killed them. But the cats still returned. People were amazed that the number of cats did not decrease, but they did not stop and continued to get rid of them. But the townspeople didn’t know that","{""text_match"": 0.025956146, ""cosine_similarity"": 0.44176817, ""reranker_score"": -4.6160564}"
2026-02-10T19:42:56+00:00,CORTEX_DB.RAW.CAT_GAMES_SVC_1_5,default,"cute-but-gory dark comedy apocalypse with cats/dogs, choices matter","cute-but-gory dark comedy apocalypse with cats/dogs, choices matter",[],,False,,,,reranker_heavy,0.3,10,100,0,1741,1741,,01c2535e-0005-0843-0001-397a0006d2a6,,35,35,,5e-06,5e-06,,5e-06,,,,,[],[],[],[],[],[],,,,,,,True,False,[],[],,,,[],[],,,,5,Bear's Restaurant,0.73045662,2021,English;French;German;Indonesian;Italian;Japanese;Korean;Portuguese - Brazil;Russian;Simplified Chinese;Spanish - Latin America;Spanish - Spain;Traditional Chinese;Turkish;Vietnamese,Family Sharing;Full controller support;Single-player;Steam Achievements;Steam Cloud,Adventure;Indie;RPG,2D;Adventure;Atmospheric;Cats;Choices Matter;Cute;Dark;Emotional;Exploration;Indie;Interactive Fiction;JRPG;Linear;Philosophical;Pixel Graphics;RPG;Retro;Singleplayer;Soundtrack;Story Rich,"Where do we go after we die? And more importantly, what do we eat? In Bear’s Restaurant, you play as a little cat who just landed a job at the afterlife’s coziest eatery. As the lone waiter assisting the friendly bear who owns the joint, it’s your job to greet the newly deceased, take their orders, and deliver them each a final meal to help their souls rest in peace. The only problem is, the clientele here come from all walks of death, and in many cases, they’re awfully indecisive. In order to h","{""text_match"": 0.021099625, ""cosine_similarity"": 0.46091324, ""reranker_score"": -5.807658}"
2026-02-10T19:42:56+00:00,CORTEX_DB.RAW.CAT_GAMES_SVC_1_5,default,"cute-but-gory dark comedy apocalypse with cats/dogs, choices matter","cute-but-gory dark comedy apocalypse with cats/dogs, choices matter",[],,False,,,,reranker_heavy,0.3,10,100,0,1741,1741,,01c2535e-0005-0843-0001-397a0006d2a6,,35,35,,5e-06,5e-06,,5e-06,,,,,[],[],[],[],[],[],,,,,,,True,False,[],[],,,,[],[],,,,6,Postal III,0.72793755,2012,English;French;German;Japanese;Polish;Portuguese - Brazil;Russian,Family Sharing;Single-player;Steam Achievements,Action,Action;Adventure;Anime;Comedy;Dark Humor;Funny;Gore;Great Soundtrack;Hentai;Mature;Nudity;Open World;Psychological Horror;Sandbox;Sexual Content;Shooter;Singleplayer;Third Person;Third-Person Shooter;Violent,"Good or Insane? The choice is yours. Following the Apocalyptic end to the Postal Dude’s week in Paradise, we follow him and his insane pitbull Champ as they emigrate to its appropriately named sister city, Catharsis. Unfortunately, due to the Global Economic Meltdown, psychotic left-wing “Green” extremism and hypocritical Government corruption, it turns out Catharsis isn’t a much better place to live. What path will you choose when faced with the antics of a hypocritical scheming Mayor? A berser","{""text_match"": 0.01511847, ""cosine_similarity"": 0.4558751, ""reranker_score"": -6.66167}"
2026-02-10T19:42:56+00:00,CORTEX_DB.RAW.CAT_GAMES_SVC_1_5,default,"cute-but-gory dark comedy apocalypse with cats/dogs, choices matter","cute-but-gory dark comedy apocalypse with cats/dogs, choices matter",[],,False,,,,reranker_heavy,0.3,10,100,0,1741,1741,,01c2535e-0005-0843-0001-397a0006d2a6,,35,35,,5e-06,5e-06,,5e-06,,,,,[],[],[],[],[],[],,,,,,,True,False,[],[],,,,[],[],,,,7,"Cats, Guns & Robots",0.7249146399999999,2024,English;French;German;Italian;Japanese;Portuguese - Brazil;Russian;Simplified Chinese;Spanish - Spain;Traditional Chinese;Turkish,Family Sharing;Single-player,Action;Casual;Early Access;Indie;RPG,Action;Action RPG;Action Roguelike;Arena Shooter;Bullet Hell;Dark Fantasy;Difficult;Dungeon Crawler;Early Access;Hack and Slash;Isometric;Perma Death;RPG;Replay Value;Rogue-like;Rogue-lite;Sci-fi;Shooter;Singleplayer;Survival,"In this action rogue-like game, survive evil robot attacks, gain XP by killing them and upgrade your weapons and character for the next room. It's all about strategy, reflexes, and smart choices. Exciting Action-Packed Roguelike Gameplay! Buy and upgrade your weapons and equipment! Gain XP by killing evil robots and upgrade your character! Careful choice of weapons and character abilities will be the key to winning! THE STORY Humans and advanced robots have been living in peace and harmony for c","{""text_match"": 0.0047929413, ""cosine_similarity"": 0.44982928, ""reranker_score"": -7.9096055}"
2026-02-10T19:42:56+00:00,CORTEX_DB.RAW.CAT_GAMES_SVC_1_5,default,"cute-but-gory dark comedy apocalypse with cats/dogs, choices matter","cute-but-gory dark comedy apocalypse with cats/dogs, choices matter",[],,False,,,,reranker_heavy,0.3,10,100,0,1741,1741,,01c2535e-0005-0843-0001-397a0006d2a6,,35,35,,5e-06,5e-06,,5e-06,,,,,[],[],[],[],[],[],,,,,,,True,False,[],[],,,,[],[],,,,8,Messy Up,0.72118637,2024,English;French;German;Italian;Japanese;Korean;Portuguese - Brazil;Russian;Simplified Chinese;Traditional Chinese,Co-op;Custom Volume Controls;Family Sharing;LAN Co-op;LAN PvP;Multi-player;Online Co-op;Online PvP;Partial Controller Support;Playable without Timed Input;PvP;Remote Play Together;Save Anytime;Shared/Split Screen;Shared/Split Screen Co-op;Shared/Split Screen PvP;Single-player;Steam Achievements;Steam Cloud;Steam Trading Cards,Action;Casual;Indie;RPG;Simulation,3D;Cartoony;Casual;Co-op;Cute;Family Friendly;Funny;Indie;Local Multiplayer;Online Co-Op;Party;Party Game;Physics;PvP;RPG;Relaxing;Simulation;Singleplayer;Stylized;Top-Down,"'Messy UP' is a cute pet collaboration game featuring cats and dogs~ Due to the owner's busy life after graduation and starting work, there is less time to spend with the pets. The pets plan to create a big mess at home to grab the owner's attention and encourage them to spend more time together. After all, what mischief could a little dog possibly have in mind? Take on the role of cats and dogs and go wild, wreaking havoc at home! Each pet possesses unique abilities and skills, with various typ","{""text_match"": 0.010782332, ""cosine_similarity"": 0.44237274, ""reranker_score"": -7.873347}"
2026-02-10T19:42:56+00:00,CORTEX_DB.RAW.CAT_GAMES_SVC_1_5,default,"cute-but-gory dark comedy apocalypse with cats/dogs, choices matter","cute-but-gory dark comedy apocalypse with cats/dogs, choices matter",[],,False,,,,reranker_heavy,0.3,10,100,0,1741,1741,,01c2535e-0005-0843-0001-397a0006d2a6,,35,35,,5e-06,5e-06,,5e-06,,,,,[],[],[],[],[],[],,,,,,,True,False,[],[],,,,[],[],,,,9,Little Survivors,0.716450485,2024,English;French;German;Italian;Japanese;Korean;Portuguese - Brazil;Portuguese - Portugal;Russian;Simplified Chinese;Spanish - Latin America;Spanish - Spain;Traditional Chinese,Family Sharing;Full controller support;Single-player;Steam Achievements;Steam Cloud,Action;Casual;Indie,2.5D;Action;Action Roguelike;Arcade;Cartoon;Cartoony;Casual;Colorful;Combat;Comic Book;Cute;Dog;Family Friendly;Fantasy;Medieval;Procedural Generation;Rogue-like;Rogue-lite;Top-Down;Top-Down Shooter,"Help Marco and Eva dive into the pages of colorful comics to rescue animals imprisoned by the evil Glurks. Marco whistles to call for his pet dogs to charge to his aid. Eva squeezes her pet birds to make them lay explosive eggs. Ann twirls to make her cats pounce. Each character has 4 breeds to find, unlocking new powers. Six secondary animals that attack automatically. Easy to control, with only one action button per character. Four chapters and an infinite mode. The chapters are procedurally g","{""text_match"": 0.006272807, ""cosine_similarity"": 0.43290097, ""reranker_score"": -7.4567146}"
2026-02-10T19:42:56+00:00,CORTEX_DB.RAW.CAT_GAMES_SVC_1_5,default,"cute-but-gory dark comedy apocalypse with cats/dogs, choices matter","cute-but-gory dark comedy apocalypse with cats/dogs, choices matter",[],,False,,,,reranker_heavy,0.3,10,100,0,1741,1741,,01c2535e-0005-0843-0001-397a0006d2a6,,35,35,,5e-06,5e-06,,5e-06,,,,,[],[],[],[],[],[],,,,,,,True,False,[],[],,,,[],[],,,,10,Bad Rats Show,0.710404665,2016,English,Captions available;Family Sharing;Includes level editor;Partial Controller Support;Single-player;Stats;Steam Achievements;Steam Leaderboards;Steam Workshop,Action;Casual;Indie;Simulation;Strategy,Action;Adventure;Casual;Cold War;Comedy;Cult Classic;Dark;Difficult;Education;Gore;Great Soundtrack;Hentai;Indie;Mature;Memes;Puzzle;Replay Value;Simulation;Singleplayer;Violent,"Bad Rats Show is a physics puzzle game where the rats exact their bloody revenge against their main enemies: the Cats. Solve puzzles in 2D and 3D maps using physics, objects and specially trained Rats. All new Rats and Cats, but with the same classic and questionable Bad Rats humor. With the new map editor you can download, create and share new levels. With unlimited solutions for each puzzle, flex your creativity and enjoy the show! - Comic cartoon violence and cartoon blood - Realistic bad rat","{""text_match"": 0.01875484, ""cosine_similarity"": 0.42080933, ""reranker_score"": -7.0847936}"
2026-02-10T19:42:57+00:00,CORTEX_DB.RAW.CAT_GAMES_SVC_1_5,default,"cute-but-gory dark comedy apocalypse with cats/dogs, choices matter","cute-but-gory dark comedy apocalypse with cats/dogs, choices matter",[],,False,,,,reranker_heavy,0.65,10,100,0,1124,1124,,01c2535e-0005-0843-0001-397a0006d2ae,,33,33,,5e-06,5e-06,,5e-06,,,,,[],[],[],[],[],[],,,,,,,True,False,[],[],,,,[],[],,,,1,Purrfect Apawcalypse: Love at Furst Bite,0.783659815,2021,English;Japanese;Korean;Polish;Portuguese - Brazil;Simplified Chinese;Spanish - Spain;Ukrainian,Family Sharing;Single-player;Steam Achievements,Adventure;Indie;RPG,Adventure;Cartoon;Cats;Choices Matter;Choose Your Own Adventure;Cute;Dark Comedy;Dating Sim;Demons;Dog;Horror;Interactive Fiction;LGBTQ+;Magic;Multiple Endings;Post-apocalyptic;RPG;Story Rich;Supernatural;Visual Novel,"Olive the mutt finds themself trapped in Hachiko High School during the apocalypse! Demons have been slaughtering their classmates and they're certain it's inevitable that they too will meet their untimely end... Which means there's only so many dogs left to spend their last moments with! Join Olive in their grisly search for a special someone! Will it be Brownie the snack-loving corgi, Sparky the sporty husky or Patches the dalmatian bookworm? It's all up to you! This game contains cartoon gore","{""text_match"": 0.10909046, ""cosine_similarity"": 0.56731963, ""reranker_score"": 0.4787268}"
2026-02-10T19:42:57+00:00,CORTEX_DB.RAW.CAT_GAMES_SVC_1_5,default,"cute-but-gory dark comedy apocalypse with cats/dogs, choices matter","cute-but-gory dark comedy apocalypse with cats/dogs, choices matter",[],,False,,,,reranker_heavy,0.65,10,100,0,1124,1124,,01c2535e-0005-0843-0001-397a0006d2ae,,33,33,,5e-06,5e-06,,5e-06,,,,,[],[],[],[],[],[],,,,,,,True,False,[],[],,,,[],[],,,,2,Purrfect Apawcalypse: Patches' Infurno,0.7681422250000001,2021,English;Japanese;Portuguese - Brazil;Russian;Simplified Chinese,Family Sharing;Single-player;Steam Achievements,Adventure;Indie;RPG,Cats;Choices Matter;Choose Your Own Adventure;Cute;Dark Humor;Dating Sim;Dog;Funny;Horror;Interactive Fiction;LGBTQ+;Magic;Multiple Endings;Point & Click;Post-apocalyptic;Puzzle;RPG;Romance;Story Rich;Visual Novel,"Patches is dragged to school for the first ever cat-and-dog school day! With Coco and Brownie distracted with home ec class, Olive and Angel busy with literature, and Sparky and Ginger occupied by gym, Patches has free reign over the school... Almost. All he needs to do is get this damn collar off and wreak some havoc! Will he prove cats and dogs can get along, or will he make this the Purrfect Apawcalypse? This game contains cartoon gore, bifurcated dogs, headless dogs, generally dogs not havin","{""text_match"": 0.08750561, ""cosine_similarity"": 0.53628445, ""reranker_score"": 0.54800826}"
2026-02-10T19:42:57+00:00,CORTEX_DB.RAW.CAT_GAMES_SVC_1_5,default,"cute-but-gory dark comedy apocalypse with cats/dogs, choices matter","cute-but-gory dark comedy apocalypse with cats/dogs, choices matter",[],,False,,,,reranker_heavy,0.65,10,100,0,1124,1124,,01c2535e-0005-0843-0001-397a0006d2ae,,33,33,,5e-06,5e-06,,5e-06,,,,,[],[],[],[],[],[],,,,,,,True,False,[],[],,,,[],[],,,,3,Gori: Cuddly Carnage,0.74829179,2024,English;French;German;Italian;Japanese;Korean;Polish;Portuguese - Brazil;Simplified Chinese;Spanish - Spain;Traditional Chinese,Adjustable Difficulty;Adjustable Text Size;Custom Volume Controls;Family Sharing;Full controller support;Single-player;Steam Achievements;Steam Cloud;Steam Trading Cards;Stereo Sound;Surround Sound,Action;Adventure;Indie,3D Platformer;Action;Action-Adventure;Adventure;Blood;Cats;Character Customization;Combat;Comedy;Controller;Cyberpunk;Destruction;Difficult;Gore;Hack and Slash;Horror;Metroidvania;Singleplayer;Stylized;Third Person,"Humanity has been destroyed - and it's up to Gori, along with his deadly but wise-cracking sentient hoverboard, F.R.A.N.K, and morose A.I companion, CH1-P, to slay the evil Adorable Army with lethal combos. Fuelled by insatiable demand, 'Cool-Toyz Inc.' created 'Ultra Pets'. The ultimate companions that never hunger, never require bathroom breaks and are impervious to the ravages of time. Little did anyone expect the mutation that transformed these perfect pets into twisted toys straight from yo","{""text_match"": 0.00963187, ""cosine_similarity"": 0.49658358, ""reranker_score"": -5.6995664}"
2026-02-10T19:42:57+00:00,CORTEX_DB.RAW.CAT_GAMES_SVC_1_5,default,"cute-but-gory dark comedy apocalypse with cats/dogs, choices matter","cute-but-gory dark comedy apocalypse with cats/dogs, choices matter",[],,False,,,,reranker_heavy,0.65,10,100,0,1124,1124,,01c2535e-0005-0843-0001-397a0006d2ae,,33,33,,5e-06,5e-06,,5e-06,,,,,[],[],[],[],[],[],,,,,,,True,False,[],[],,,,[],[],,,,4,Cat's Menace,0.720884085,2021,English;Russian,Family Sharing;Single-player,Adventure;Casual;Indie;Simulation;Strategy,Atmospheric;Choices Matter;Comedy;Creature Collector;Cute;Dark;Dark Humor;Detective;Experimental;Hand-drawn;Idler;Investigation;Narration;Noir;Puzzle;Satire;Story Rich;Stylized;Surreal;Visual Novel,"The dark story from the life of cats and people. Who will own the city? After one dramatic incident the whole city turned against the cats. In the city cats are now banned. Having cats was punishable by a fine or even a prison. People began to exterminate cats. Someone took the cats out of town, someone killed them. But the cats still returned. People were amazed that the number of cats did not decrease, but they did not stop and continued to get rid of them. But the townspeople didn’t know that","{""text_match"": 0.025956146, ""cosine_similarity"": 0.44176817, ""reranker_score"": -4.6160564}"
2026-02-10T19:42:57+00:00,CORTEX_DB.RAW.CAT_GAMES_SVC_1_5,default,"cute-but-gory dark comedy apocalypse with cats/dogs, choices matter","cute-but-gory dark comedy apocalypse with cats/dogs, choices matter",[],,False,,,,reranker_heavy,0.65,10,100,0,1124,1124,,01c2535e-0005-0843-0001-397a0006d2ae,,33,33,,5e-06,5e-06,,5e-06,,,,,[],[],[],[],[],[],,,,,,,True,False,[],[],,,,[],[],,,,5,Bear's Restaurant,0.73045662,2021,English;French;German;Indonesian;Italian;Japanese;Korean;Portuguese - Brazil;Russian;Simplified Chinese;Spanish - Latin America;Spanish - Spain;Traditional Chinese;Turkish;Vietnamese,Family Sharing;Full controller support;Single-player;Steam Achievements;Steam Cloud,Adventure;Indie;RPG,2D;Adventure;Atmospheric;Cats;Choices Matter;Cute;Dark;Emotional;Exploration;Indie;Interactive Fiction;JRPG;Linear;Philosophical;Pixel Graphics;RPG;Retro;Singleplayer;Soundtrack;Story Rich,"Where do we go after we die? And more importantly, what do we eat? In Bear’s Restaurant, you play as a little cat who just landed a job at the afterlife’s coziest eatery. As the lone waiter assisting the friendly bear who owns the joint, it’s your job to greet the newly deceased, take their orders, and deliver them each a final meal to help their souls rest in peace. The only problem is, the clientele here come from all walks of death, and in many cases, they’re awfully indecisive. In order to h","{""text_match"": 0.021099625, ""cosine_similarity"": 0.46091324, ""reranker_score"": -5.807658}"
2026-02-10T19:42:57+00:00,CORTEX_DB.RAW.CAT_GAMES_SVC_1_5,default,"cute-but-gory dark comedy apocalypse with cats/dogs, choices matter","cute-but-gory dark comedy apocalypse with cats/dogs, choices matter",[],,False,,,,reranker_heavy,0.65,10,100,0,1124,1124,,01c2535e-0005-0843-0001-397a0006d2ae,,33,33,,5e-06,5e-06,,5e-06,,,,,[],[],[],[],[],[],,,,,,,True,False,[],[],,,,[],[],,,,6,Postal III,0.72793755,2012,English;French;German;Japanese;Polish;Portuguese - Brazil;Russian,Family Sharing;Single-player;Steam Achievements,Action,Action;Adventure;Anime;Comedy;Dark Humor;Funny;Gore;Great Soundtrack;Hentai;Mature;Nudity;Open World;Psychological Horror;Sandbox;Sexual Content;Shooter;Singleplayer;Third Person;Third-Person Shooter;Violent,"Good or Insane? The choice is yours. Following the Apocalyptic end to the Postal Dude’s week in Paradise, we follow him and his insane pitbull Champ as they emigrate to its appropriately named sister city, Catharsis. Unfortunately, due to the Global Economic Meltdown, psychotic left-wing “Green” extremism and hypocritical Government corruption, it turns out Catharsis isn’t a much better place to live. What path will you choose when faced with the antics of a hypocritical scheming Mayor? A berser","{""text_match"": 0.01511847, ""cosine_similarity"": 0.4558751, ""reranker_score"": -6.66167}"
2026-02-10T19:42:57+00:00,CORTEX_DB.RAW.CAT_GAMES_SVC_1_5,default,"cute-but-gory dark comedy apocalypse with cats/dogs, choices matter","cute-but-gory dark comedy apocalypse with cats/dogs, choices matter",[],,False,,,,reranker_heavy,0.65,10,100,0,1124,1124,,01c2535e-0005-0843-0001-397a0006d2ae,,33,33,,5e-06,5e-06,,5e-06,,,,,[],[],[],[],[],[],,,,,,,True,False,[],[],,,,[],[],,,,7,"Cats, Guns & Robots",0.7249146399999999,2024,English;French;German;Italian;Japanese;Portuguese - Brazil;Russian;Simplified Chinese;Spanish - Spain;Traditional Chinese;Turkish,Family Sharing;Single-player,Action;Casual;Early Access;Indie;RPG,Action;Action RPG;Action Roguelike;Arena Shooter;Bullet Hell;Dark Fantasy;Difficult;Dungeon Crawler;Early Access;Hack and Slash;Isometric;Perma Death;RPG;Replay Value;Rogue-like;Rogue-lite;Sci-fi;Shooter;Singleplayer;Survival,"In this action rogue-like game, survive evil robot attacks, gain XP by killing them and upgrade your weapons and character for the next room. It's all about strategy, reflexes, and smart choices. Exciting Action-Packed Roguelike Gameplay! Buy and upgrade your weapons and equipment! Gain XP by killing evil robots and upgrade your character! Careful choice of weapons and character abilities will be the key to winning! THE STORY Humans and advanced robots have been living in peace and harmony for c","{""text_match"": 0.0047929413, ""cosine_similarity"": 0.44982928, ""reranker_score"": -7.9096055}"
2026-02-10T19:42:57+00:00,CORTEX_DB.RAW.CAT_GAMES_SVC_1_5,default,"cute-but-gory dark comedy apocalypse with cats/dogs, choices matter","cute-but-gory dark comedy apocalypse with cats/dogs, choices matter",[],,False,,,,reranker_heavy,0.65,10,100,0,1124,1124,,01c2535e-0005-0843-0001-397a0006d2ae,,33,33,,5e-06,5e-06,,5e-06,,,,,[],[],[],[],[],[],,,,,,,True,False,[],[],,,,[],[],,,,8,Messy Up,0.72118637,2024,English;French;German;Italian;Japanese;Korean;Portuguese - Brazil;Russian;Simplified Chinese;Traditional Chinese,Co-op;Custom Volume Controls;Family Sharing;LAN Co-op;LAN PvP;Multi-player;Online Co-op;Online PvP;Partial Controller Support;Playable without Timed Input;PvP;Remote Play Together;Save Anytime;Shared/Split Screen;Shared/Split Screen Co-op;Shared/Split Screen PvP;Single-player;Steam Achievements;Steam Cloud;Steam Trading Cards,Action;Casual;Indie;RPG;Simulation,3D;Cartoony;Casual;Co-op;Cute;Family Friendly;Funny;Indie;Local Multiplayer;Online Co-Op;Party;Party Game;Physics;PvP;RPG;Relaxing;Simulation;Singleplayer;Stylized;Top-Down,"'Messy UP' is a cute pet collaboration game featuring cats and dogs~ Due to the owner's busy life after graduation and starting work, there is less time to spend with the pets. The pets plan to create a big mess at home to grab the owner's attention and encourage them to spend more time together. After all, what mischief could a little dog possibly have in mind? Take on the role of cats and dogs and go wild, wreaking havoc at home! Each pet possesses unique abilities and skills, with various typ","{""text_match"": 0.010782332, ""cosine_similarity"": 0.44237274, ""reranker_score"": -7.873347}"
2026-02-10T19:42:57+00:00,CORTEX_DB.RAW.CAT_GAMES_SVC_1_5,default,"cute-but-gory dark comedy apocalypse with cats/dogs, choices matter","cute-but-gory dark comedy apocalypse with cats/dogs, choices matter",[],,False,,,,reranker_heavy,0.65,10,100,0,1124,1124,,01c2535e-0005-0843-0001-397a0006d2ae,,33,33,,5e-06,5e-06,,5e-06,,,,,[],[],[],[],[],[],,,,,,,True,False,[],[],,,,[],[],,,,9,Little Survivors,0.716450485,2024,English;French;German;Italian;Japanese;Korean;Portuguese - Brazil;Portuguese - Portugal;Russian;Simplified Chinese;Spanish - Latin America;Spanish - Spain;Traditional Chinese,Family Sharing;Full controller support;Single-player;Steam Achievements;Steam Cloud,Action;Casual;Indie,2.5D;Action;Action Roguelike;Arcade;Cartoon;Cartoony;Casual;Colorful;Combat;Comic Book;Cute;Dog;Family Friendly;Fantasy;Medieval;Procedural Generation;Rogue-like;Rogue-lite;Top-Down;Top-Down Shooter,"Help Marco and Eva dive into the pages of colorful comics to rescue animals imprisoned by the evil Glurks. Marco whistles to call for his pet dogs to charge to his aid. Eva squeezes her pet birds to make them lay explosive eggs. Ann twirls to make her cats pounce. Each character has 4 breeds to find, unlocking new powers. Six secondary animals that attack automatically. Easy to control, with only one action button per character. Four chapters and an infinite mode. The chapters are procedurally g","{""text_match"": 0.006272807, ""cosine_similarity"": 0.43290097, ""reranker_score"": -7.4567146}"
2026-02-10T19:42:57+00:00,CORTEX_DB.RAW.CAT_GAMES_SVC_1_5,default,"cute-but-gory dark comedy apocalypse with cats/dogs, choices matter","cute-but-gory dark comedy apocalypse with cats/dogs, choices matter",[],,False,,,,reranker_heavy,0.65,10,100,0,1124,1124,,01c2535e-0005-0843-0001-397a0006d2ae,,33,33,,5e-06,5e-06,,5e-06,,,,,[],[],[],[],[],[],,,,,,,True,False,[],[],,,,[],[],,,,10,Bad Rats Show,0.710404665,2016,English,Captions available;Family Sharing;Includes level editor;Partial Controller Support;Single-player;Stats;Steam Achievements;Steam Leaderboards;Steam Workshop,Action;Casual;Indie;Simulation;Strategy,Action;Adventure;Casual;Cold War;Comedy;Cult Classic;Dark;Difficult;Education;Gore;Great Soundtrack;Hentai;Indie;Mature;Memes;Puzzle;Replay Value;Simulation;Singleplayer;Violent,"Bad Rats Show is a physics puzzle game where the rats exact their bloody revenge against their main enemies: the Cats. Solve puzzles in 2D and 3D maps using physics, objects and specially trained Rats. All new Rats and Cats, but with the same classic and questionable Bad Rats humor. With the new map editor you can download, create and share new levels. With unlimited solutions for each puzzle, flex your creativity and enjoy the show! - Comic cartoon violence and cartoon blood - Realistic bad rat","{""text_match"": 0.01875484, ""cosine_similarity"": 0.42080933, ""reranker_score"": -7.0847936}"
2026-02-10T19:42:59+00:00,CORTEX_DB.RAW.CAT_GAMES_SVC_1_5,default,"cute-but-gory dark comedy apocalypse with cats/dogs, choices matter","cute-but-gory dark comedy apocalypse with cats/dogs, choices matter",[],,False,,,,reranker_heavy,0.75,10,100,0,1127,1127,,01c2535e-0005-0846-0001-397a00068fde,,43,43,,6e-06,6e-06,,6e-06,,,,,[],[],[],[],[],[],,,,,,,True,False,[],[],,,,[],[],,,,1,Purrfect Apawcalypse: Love at Furst Bite,0.783659815,2021,English;Japanese;Korean;Polish;Portuguese - Brazil;Simplified Chinese;Spanish - Spain;Ukrainian,Family Sharing;Single-player;Steam Achievements,Adventure;Indie;RPG,Adventure;Cartoon;Cats;Choices Matter;Choose Your Own Adventure;Cute;Dark Comedy;Dating Sim;Demons;Dog;Horror;Interactive Fiction;LGBTQ+;Magic;Multiple Endings;Post-apocalyptic;RPG;Story Rich;Supernatural;Visual Novel,"Olive the mutt finds themself trapped in Hachiko High School during the apocalypse! Demons have been slaughtering their classmates and they're certain it's inevitable that they too will meet their untimely end... Which means there's only so many dogs left to spend their last moments with! Join Olive in their grisly search for a special someone! Will it be Brownie the snack-loving corgi, Sparky the sporty husky or Patches the dalmatian bookworm? It's all up to you! This game contains cartoon gore","{""text_match"": 0.10909046, ""cosine_similarity"": 0.56731963, ""reranker_score"": 0.4787268}"
2026-02-10T19:42:59+00:00,CORTEX_DB.RAW.CAT_GAMES_SVC_1_5,default,"cute-but-gory dark comedy apocalypse with cats/dogs, choices matter","cute-but-gory dark comedy apocalypse with cats/dogs, choices matter",[],,False,,,,reranker_heavy,0.75,10,100,0,1127,1127,,01c2535e-0005-0846-0001-397a00068fde,,43,43,,6e-06,6e-06,,6e-06,,,,,[],[],[],[],[],[],,,,,,,True,False,[],[],,,,[],[],,,,2,Purrfect Apawcalypse: Patches' Infurno,0.7681422250000001,2021,English;Japanese;Portuguese - Brazil;Russian;Simplified Chinese,Family Sharing;Single-player;Steam Achievements,Adventure;Indie;RPG,Cats;Choices Matter;Choose Your Own Adventure;Cute;Dark Humor;Dating Sim;Dog;Funny;Horror;Interactive Fiction;LGBTQ+;Magic;Multiple Endings;Point & Click;Post-apocalyptic;Puzzle;RPG;Romance;Story Rich;Visual Novel,"Patches is dragged to school for the first ever cat-and-dog school day! With Coco and Brownie distracted with home ec class, Olive and Angel busy with literature, and Sparky and Ginger occupied by gym, Patches has free reign over the school... Almost. All he needs to do is get this damn collar off and wreak some havoc! Will he prove cats and dogs can get along, or will he make this the Purrfect Apawcalypse? This game contains cartoon gore, bifurcated dogs, headless dogs, generally dogs not havin","{""text_match"": 0.08750561, ""cosine_similarity"": 0.53628445, ""reranker_score"": 0.54800826}"
